patient_id,series_uid,scan_idx,nodule_idx,n_readers,cluster_too_big,center_ijk,diameter_mm,slice_thickness,pixel_spacing,contrast_used,patch_file,patch_size,subtlety,internalStructure,calcification,sphericity,margin,lobulation,spiculation,texture,malignancy,mal_mean,mal_median,mal_std
LIDC-IDRI-0001,1.3.6.1.4.1.14519.5.2.1.6279.6001.179049373636438705059720603192,0,0,4,False,"[366.79583147343396, 315.98177387882447, 89.65513259631811]",32.755812386471106,2.5,0.703125,True,patches/LIDC-IDRI-0001_n00.npz,96,"[5, 5, 5, 5]","[1, 1, 1, 1]","[6, 6, 6, 6]","[3, 4, 3, 5]","[3, 4, 2, 4]","[3, 5, 3, 1]","[4, 5, 3, 5]","[5, 5, 5, 4]","[5, 5, 5, 4]",4.75,5.0,0.4330127018922193
LIDC-IDRI-0002,1.3.6.1.4.1.14519.5.2.1.6279.6001.619372068417051974713149104919,0,0,2,False,"[361.16228747673676, 345.2222822164207, 185.04454244527693]",30.781671164152364,1.25,0.681641,False,patches/LIDC-IDRI-0002_n00.npz,96,"[2, 1]","[1, 1]","[6, 6]","[5, 3]","[1, 2]","[1, 1]","[1, 1]","[1, 2]","[5, 4]",4.5,4.5,0.5
LIDC-IDRI-0003,1.3.6.1.4.1.14519.5.2.1.6279.6001.170706757615202213033480003264,0,0,1,False,"[346.3946902654867, 368.9238938053097, 66.14867256637169]",31.66446822927175,2.5,0.820312,True,patches/LIDC-IDRI-0003_n00.npz,96,[1],[1],[6],[5],[2],[1],[1],[1],[2],2.0,2.0,0.0
LIDC-IDRI-0003,1.3.6.1.4.1.14519.5.2.1.6279.6001.170706757615202213033480003264,0,1,4,False,"[350.2551845255777, 366.7038764575679, 75.14257996956574]",31.001964027750965,2.5,0.820312,True,patches/LIDC-IDRI-0003_n01.npz,96,"[5, 5, 5, 5]","[1, 1, 1, 1]","[6, 6, 6, 6]","[3, 4, 4, 5]","[3, 3, 3, 4]","[2, 2, 3, 1]","[2, 2, 3, 5]","[3, 5, 4, 4]","[5, 5, 3, 4]",4.25,4.5,0.82915619758885
LIDC-IDRI-0003,1.3.6.1.4.1.14519.5.2.1.6279.6001.170706757615202213033480003264,0,2,4,False,"[197.9168597013636, 307.8289902621926, 82.59565851652772]",13.30915538551264,2.5,0.820312,True,patches/LIDC-IDRI-0003_n02.npz,96,"[4, 4, 3, 3]","[1, 1, 1, 1]","[6, 6, 6, 6]","[3, 4, 2, 5]","[4, 4, 3, 5]","[1, 2, 3, 1]","[1, 2, 2, 1]","[5, 5, 4, 5]","[4, 4, 3, 2]",3.25,3.5,0.82915619758885
LIDC-IDRI-0003,1.3.6.1.4.1.14519.5.2.1.6279.6001.170706757615202213033480003264,0,3,4,False,"[219.53424260272908, 221.4167253484271, 83.90061337583398]",14.983128350671969,2.5,0.820312,True,patches/LIDC-IDRI-0003_n03.npz,96,"[4, 5, 4, 3]","[1, 1, 1, 1]","[6, 6, 6, 6]","[4, 5, 4, 5]","[5, 5, 5, 5]","[1, 1, 1, 1]","[1, 1, 1, 1]","[5, 5, 5, 5]","[4, 5, 3, 2]",3.5,3.5,1.118033988749895
LIDC-IDRI-0004,1.3.6.1.4.1.14519.5.2.1.6279.6001.323541312620128092852212458228,0,0,4,False,"[322.56632350613415, 142.0400516765575, 75.84977053954537]",6.817327425145711,1.25,0.822266,True,patches/LIDC-IDRI-0004_n00.npz,96,"[3, 2, 2, 5]","[1, 1, 1, 1]","[6, 3, 3, 3]","[4, 3, 2, 5]","[5, 5, 5, 5]","[1, 1, 1, 1]","[1, 1, 1, 1]","[5, 5, 5, 5]","[2, 1, 1, 1]",1.25,1.0,0.4330127018922193
LIDC-IDRI-0005,1.3.6.1.4.1.14519.5.2.1.6279.6001.129007566048223160327836686225,0,0,4,False,"[397.6437723877801, 126.5032245897135, 77.49464404366398]",5.696569523133998,2.5,0.664062,True,patches/LIDC-IDRI-0005_n00.npz,96,"[3, 3, 1, 3]","[1, 1, 1, 1]","[6, 6, 6, 6]","[4, 5, 5, 5]","[5, 2, 4, 5]","[1, 1, 1, 1]","[1, 1, 1, 1]","[5, 4, 5, 5]","[3, 3, 3, 2]",2.75,3.0,0.4330127018922193
LIDC-IDRI-0005,1.3.6.1.4.1.14519.5.2.1.6279.6001.129007566048223160327836686225,0,1,4,False,"[407.0364044012116, 312.56997315858075, 80.12584471754329]",7.903706425240214,2.5,0.664062,True,patches/LIDC-IDRI-0005_n01.npz,96,"[4, 4, 3, 3]","[1, 1, 1, 1]","[6, 6, 6, 6]","[3, 5, 5, 5]","[5, 3, 5, 5]","[1, 2, 1, 1]","[1, 2, 1, 1]","[5, 4, 5, 5]","[3, 3, 3, 2]",2.75,3.0,0.4330127018922193
LIDC-IDRI-0005,1.3.6.1.4.1.14519.5.2.1.6279.6001.129007566048223160327836686225,0,2,1,False,"[376.6, 407.0444444444444, 87.5111111111111]",6.264748378515784,2.5,0.664062,True,patches/LIDC-IDRI-0005_n02.npz,96,[3],[1],[6],[3],[5],[1],[1],[5],[2],2.0,2.0,0.0
LIDC-IDRI-0006,1.3.6.1.4.1.14519.5.2.1.6279.6001.132817748896065918417924920957,0,0,1,False,"[340.2280701754386, 190.9298245614035, 54.43859649122807]",6.987712429686843,2.5,0.625,True,patches/LIDC-IDRI-0006_n00.npz,96,[3],[1],[6],[3],[5],[2],[1],[4],[2],2.0,2.0,0.0
LIDC-IDRI-0006,1.3.6.1.4.1.14519.5.2.1.6279.6001.132817748896065918417924920957,0,1,2,False,"[333.3461538461538, 391.5, 68.0]",6.628323788493612,2.5,0.625,True,patches/LIDC-IDRI-0006_n01.npz,96,"[2, 1]","[1, 1]","[6, 6]","[3, 3]","[3, 4]","[2, 1]","[1, 3]","[4, 4]","[3, 3]",3.0,3.0,0.0
LIDC-IDRI-0006,1.3.6.1.4.1.14519.5.2.1.6279.6001.132817748896065918417924920957,0,2,1,False,"[355.281914893617, 363.18617021276594, 70.5372340425532]",15.051993223490369,2.5,0.625,True,patches/LIDC-IDRI-0006_n02.npz,96,[1],[1],[6],[5],[2],[1],[1],[1],[2],2.0,2.0,0.0
LIDC-IDRI-0006,1.3.6.1.4.1.14519.5.2.1.6279.6001.132817748896065918417924920957,0,3,4,False,"[356.6753590971272, 371.078165374677, 83.70899208520618]",8.763416161900523,2.5,0.625,True,patches/LIDC-IDRI-0006_n03.npz,96,"[3, 4, 3, 3]","[1, 1, 1, 1]","[6, 6, 6, 6]","[3, 3, 3, 5]","[4, 3, 4, 5]","[2, 2, 2, 1]","[1, 4, 2, 1]","[5, 4, 4, 5]","[3, 4, 3, 2]",3.0,3.0,0.7071067811865476
LIDC-IDRI-0007,1.3.6.1.4.1.14519.5.2.1.6279.6001.272348349298439120568330857680,0,0,4,False,"[289.42450146556746, 194.17126585911325, 107.42816204895823]",34.442065596612395,2.5,0.78125,True,patches/LIDC-IDRI-0007_n00.npz,96,"[5, 5, 5, 5]","[1, 1, 1, 1]","[6, 6, 6, 6]","[3, 4, 4, 5]","[3, 3, 2, 4]","[3, 4, 5, 1]","[5, 5, 5, 5]","[5, 5, 5, 4]","[5, 5, 5, 4]",4.75,5.0,0.4330127018922193
LIDC-IDRI-0007,1.3.6.1.4.1.14519.5.2.1.6279.6001.272348349298439120568330857680,0,1,1,False,"[265.4989517819707, 293.22641509433964, 124.39412997903564]",20.684691085740198,2.5,0.78125,True,patches/LIDC-IDRI-0007_n01.npz,96,[4],[1],[6],[5],[2],[4],[4],[5],[5],5.0,5.0,0.0
LIDC-IDRI-0008,1.3.6.1.4.1.14519.5.2.1.6279.6001.774060103415303828812229821954,0,0,3,False,"[289.5985140709452, 122.03547262900064, 70.52535213725935]",9.095609242035335,2.5,0.78125,True,patches/LIDC-IDRI-0008_n00.npz,96,"[3, 3, 1]","[1, 1, 1]","[6, 6, 6]","[4, 3, 5]","[4, 2, 2]","[1, 1, 1]","[1, 2, 1]","[5, 1, 3]","[3, 3, 2]",2.6666666666666665,3.0,0.4714045207910317
LIDC-IDRI-0008,1.3.6.1.4.1.14519.5.2.1.6279.6001.774060103415303828812229821954,0,1,4,False,"[269.8673567181528, 368.73661063549184, 88.34473003330577]",8.397048493288045,2.5,0.78125,True,patches/LIDC-IDRI-0008_n01.npz,96,"[3, 3, 3, 2]","[1, 1, 1, 1]","[6, 6, 6, 6]","[3, 3, 2, 5]","[4, 3, 4, 2]","[1, 2, 2, 1]","[1, 1, 1, 1]","[5, 4, 5, 3]","[3, 3, 3, 2]",2.75,3.0,0.4330127018922193
LIDC-IDRI-0009,1.3.6.1.4.1.14519.5.2.1.6279.6001.286061375572911414226912429210,0,0,1,False,"[334.5, 201.83870967741936, 102.93548387096774]",7.370297759419222,1.25,0.78125,False,patches/LIDC-IDRI-0009_n00.npz,96,[3],[1],[6],[3],[5],[1],[1],[5],[2],2.0,2.0,0.0
LIDC-IDRI-0009,1.3.6.1.4.1.14519.5.2.1.6279.6001.286061375572911414226912429210,0,1,1,False,"[324.25714285714287, 303.72857142857146, 166.61428571428573]",6.2986388658582415,1.25,0.78125,False,patches/LIDC-IDRI-0009_n01.npz,96,[3],[1],[6],[4],[5],[1],[1],[5],[2],2.0,2.0,0.0
LIDC-IDRI-0010,1.3.6.1.4.1.14519.5.2.1.6279.6001.416701701108520592702405866796,0,0,1,False,"[355.1929824561403, 279.3333333333333, 68.36842105263158]",5.558689618375904,1.25,0.878906,True,patches/LIDC-IDRI-0010_n00.npz,96,[4],[1],[6],[4],[4],[1],[1],[5],[2],2.0,2.0,0.0
LIDC-IDRI-0010,1.3.6.1.4.1.14519.5.2.1.6279.6001.416701701108520592702405866796,0,1,2,False,"[194.9797231665857, 345.55482030111705, 94.31240893637688]",8.45176711342133,1.25,0.878906,True,patches/LIDC-IDRI-0010_n01.npz,96,"[3, 5]","[1, 1]","[6, 6]","[4, 2]","[3, 5]","[2, 2]","[1, 1]","[4, 5]","[2, 2]",2.0,2.0,0.0
LIDC-IDRI-0010,1.3.6.1.4.1.14519.5.2.1.6279.6001.416701701108520592702405866796,0,2,4,False,"[319.79248743355186, 299.77780359298526, 209.53662995107334]",10.026450675531887,1.25,0.878906,True,patches/LIDC-IDRI-0010_n02.npz,96,"[4, 2, 5, 5]","[1, 1, 1, 1]","[6, 6, 6, 6]","[3, 3, 3, 4]","[5, 4, 4, 5]","[1, 2, 3, 3]","[1, 2, 2, 1]","[5, 5, 5, 5]","[4, 3, 4, 2]",3.25,3.5,0.82915619758885
LIDC-IDRI-0011,1.3.6.1.4.1.14519.5.2.1.6279.6001.140253591510022414496468423138,0,0,4,False,"[331.2085565066522, 110.57447412691963, 28.58957923912576]",9.346321891099844,2.5,0.742188,True,patches/LIDC-IDRI-0011_n00.npz,96,"[4, 4, 5, 3]","[1, 1, 1, 1]","[6, 6, 6, 6]","[4, 3, 4, 5]","[4, 4, 5, 5]","[1, 3, 1, 1]","[1, 2, 1, 1]","[5, 5, 5, 5]","[3, 3, 4, 2]",3.0,3.0,0.7071067811865476
LIDC-IDRI-0011,1.3.6.1.4.1.14519.5.2.1.6279.6001.140253591510022414496468423138,0,1,2,False,"[272.39048625792816, 356.884778012685, 34.91712473572939]",5.5684322784138125,2.5,0.742188,True,patches/LIDC-IDRI-0011_n01.npz,96,"[5, 5]","[1, 1]","[3, 3]","[2, 5]","[5, 5]","[1, 1]","[1, 1]","[5, 5]","[1, 1]",1.0,1.0,0.0
LIDC-IDRI-0011,1.3.6.1.4.1.14519.5.2.1.6279.6001.140253591510022414496468423138,0,2,1,False,"[141.94117647058823, 361.52941176470586, 44.588235294117645]",5.248061677152805,2.5,0.742188,True,patches/LIDC-IDRI-0011_n02.npz,96,[3],[1],[6],[5],[5],[1],[1],[5],[2],2.0,2.0,0.0
LIDC-IDRI-0011,1.3.6.1.4.1.14519.5.2.1.6279.6001.140253591510022414496468423138,0,3,1,False,"[284.83870967741933, 68.64516129032258, 47.58064516129032]",4.752321971531809,2.5,0.742188,True,patches/LIDC-IDRI-0011_n03.npz,96,[5],[1],[3],[5],[5],[1],[1],[5],[1],1.0,1.0,0.0
LIDC-IDRI-0011,1.3.6.1.4.1.14519.5.2.1.6279.6001.140253591510022414496468423138,0,4,2,False,"[147.8346622889306, 144.4345684803002, 58.29901500938087]",5.761724617318588,2.5,0.742188,True,patches/LIDC-IDRI-0011_n04.npz,96,"[4, 3]","[1, 1]","[6, 6]","[4, 5]","[5, 5]","[1, 1]","[1, 1]","[5, 5]","[2, 2]",2.0,2.0,0.0
LIDC-IDRI-0011,1.3.6.1.4.1.14519.5.2.1.6279.6001.140253591510022414496468423138,0,5,4,False,"[188.42493073155356, 399.64879666592253, 58.54156763357977]",6.203326721609065,2.5,0.742188,True,patches/LIDC-IDRI-0011_n05.npz,96,"[3, 3, 5, 5]","[1, 1, 1, 1]","[6, 3, 3, 3]","[4, 5, 5, 5]","[5, 5, 5, 5]","[1, 1, 1, 1]","[1, 1, 1, 1]","[5, 5, 5, 5]","[2, 1, 1, 1]",1.25,1.0,0.4330127018922193
LIDC-IDRI-0011,1.3.6.1.4.1.14519.5.2.1.6279.6001.140253591510022414496468423138,0,6,2,False,"[330.2954954954955, 306.1045045045045, 61.254354354354355]",5.000191824342304,2.5,0.742188,True,patches/LIDC-IDRI-0011_n06.npz,96,"[5, 5]","[1, 1]","[3, 3]","[4, 5]","[5, 5]","[1, 1]","[1, 1]","[5, 5]","[1, 1]",1.0,1.0,0.0
LIDC-IDRI-0011,1.3.6.1.4.1.14519.5.2.1.6279.6001.140253591510022414496468423138,0,7,1,False,"[360.968253968254, 329.1746031746032, 94.15873015873017]",6.720798184903922,2.5,0.742188,True,patches/LIDC-IDRI-0011_n07.npz,96,[3],[1],[6],[3],[5],[1],[1],[5],[2],2.0,2.0,0.0
LIDC-IDRI-0011,1.3.6.1.4.1.14519.5.2.1.6279.6001.140253591510022414496468423138,0,8,2,False,"[198.0135204081633, 188.8966836734694, 104.0625]",4.8398281524998,2.5,0.742188,True,patches/LIDC-IDRI-0011_n08.npz,96,"[5, 5]","[1, 1]","[3, 3]","[5, 5]","[5, 5]","[1, 1]","[1, 1]","[5, 5]","[1, 1]",1.0,1.0,0.0
LIDC-IDRI-0011,1.3.6.1.4.1.14519.5.2.1.6279.6001.140253591510022414496468423138,0,9,4,False,"[317.2367451446403, 157.7842828701109, 104.37286490441497]",15.267015577693435,2.5,0.742188,True,patches/LIDC-IDRI-0011_n09.npz,96,"[5, 4, 4, 5]","[1, 1, 1, 1]","[6, 5, 6, 6]","[2, 3, 3, 5]","[3, 4, 3, 4]","[3, 1, 4, 1]","[3, 5, 4, 5]","[5, 5, 5, 4]","[5, 2, 4, 4]",3.75,4.0,1.0897247358851685
LIDC-IDRI-0012,1.3.6.1.4.1.14519.5.2.1.6279.6001.328789598898469177563438457842,0,0,3,False,"[205.3713266545234, 135.112598664238, 44.7641621129326]",5.896404468361894,2.5,0.742188,True,patches/LIDC-IDRI-0012_n00.npz,96,"[3, 4, 3]","[1, 1, 1]","[6, 6, 6]","[5, 4, 5]","[5, 4, 5]","[1, 1, 1]","[1, 1, 1]","[5, 4, 5]","[3, 3, 2]",2.6666666666666665,3.0,0.4714045207910317
LIDC-IDRI-0012,1.3.6.1.4.1.14519.5.2.1.6279.6001.328789598898469177563438457842,0,1,4,False,"[215.80175388337153, 389.66143684746623, 52.89449325184619]",6.961291060999994,2.5,0.742188,True,patches/LIDC-IDRI-0012_n01.npz,96,"[4, 3, 3, 3]","[1, 1, 1, 1]","[6, 6, 6, 6]","[4, 5, 3, 5]","[5, 4, 2, 5]","[1, 1, 2, 1]","[1, 1, 1, 1]","[5, 5, 3, 5]","[2, 3, 3, 2]",2.5,2.5,0.5
LIDC-IDRI-0012,1.3.6.1.4.1.14519.5.2.1.6279.6001.328789598898469177563438457842,0,2,3,False,"[366.20562024507086, 164.3708207825683, 57.20277040966696]",6.091459214642522,2.5,0.742188,True,patches/LIDC-IDRI-0012_n02.npz,96,"[3, 4, 3]","[1, 1, 1]","[6, 6, 6]","[5, 4, 5]","[5, 3, 5]","[1, 1, 1]","[1, 1, 1]","[5, 4, 5]","[3, 3, 2]",2.6666666666666665,3.0,0.4714045207910317
LIDC-IDRI-0012,1.3.6.1.4.1.14519.5.2.1.6279.6001.328789598898469177563438457842,0,3,4,False,"[295.85593382414777, 386.31792773309405, 63.71108937801742]",12.69586769323868,2.5,0.742188,True,patches/LIDC-IDRI-0012_n03.npz,96,"[4, 5, 5, 3]","[1, 1, 1, 1]","[6, 6, 6, 6]","[4, 5, 5, 5]","[4, 5, 5, 5]","[2, 1, 1, 1]","[2, 1, 1, 1]","[5, 5, 5, 5]","[4, 3, 5, 2]",3.5,3.5,1.118033988749895
LIDC-IDRI-0012,1.3.6.1.4.1.14519.5.2.1.6279.6001.328789598898469177563438457842,0,4,2,False,"[171.17705278592376, 157.60410557184753, 65.99853372434018]",6.018438997595373,2.5,0.742188,True,patches/LIDC-IDRI-0012_n04.npz,96,"[4, 3]","[1, 1]","[6, 6]","[5, 5]","[5, 5]","[1, 1]","[1, 1]","[5, 5]","[3, 2]",2.5,2.5,0.5
LIDC-IDRI-0012,1.3.6.1.4.1.14519.5.2.1.6279.6001.328789598898469177563438457842,0,5,4,False,"[215.8575953056574, 365.01257927285576, 66.74843179832567]",7.501931459222398,2.5,0.742188,True,patches/LIDC-IDRI-0012_n05.npz,96,"[4, 4, 4, 3]","[1, 1, 1, 1]","[6, 6, 6, 6]","[4, 5, 3, 5]","[4, 5, 3, 5]","[1, 1, 1, 1]","[1, 1, 1, 1]","[5, 5, 4, 5]","[3, 3, 3, 2]",2.75,3.0,0.4330127018922193
LIDC-IDRI-0012,1.3.6.1.4.1.14519.5.2.1.6279.6001.328789598898469177563438457842,0,6,4,False,"[199.57691847972063, 313.56440975020143, 71.00255774912705]",7.871139801495211,2.5,0.742188,True,patches/LIDC-IDRI-0012_n06.npz,96,"[4, 4, 4, 3]","[1, 1, 1, 1]","[6, 6, 6, 6]","[3, 5, 4, 5]","[4, 5, 4, 5]","[1, 1, 2, 1]","[1, 1, 1, 1]","[5, 5, 4, 5]","[3, 3, 4, 2]",3.0,3.0,0.7071067811865476
LIDC-IDRI-0012,1.3.6.1.4.1.14519.5.2.1.6279.6001.328789598898469177563438457842,0,7,1,False,"[213.6909090909091, 371.3636363636364, 77.10909090909091]",5.40321019850532,2.5,0.742188,True,patches/LIDC-IDRI-0012_n07.npz,96,[3],[1],[6],[5],[5],[1],[1],[5],[2],2.0,2.0,0.0
LIDC-IDRI-0012,1.3.6.1.4.1.14519.5.2.1.6279.6001.328789598898469177563438457842,0,8,4,False,"[188.37058718371836, 361.070753968254, 77.85657590759075]",8.251650495904371,2.5,0.742188,True,patches/LIDC-IDRI-0012_n08.npz,96,"[4, 4, 5, 3]","[1, 1, 1, 1]","[6, 6, 6, 6]","[4, 5, 3, 5]","[5, 5, 5, 5]","[1, 1, 1, 1]","[1, 1, 1, 1]","[5, 5, 5, 5]","[2, 3, 3, 2]",2.5,2.5,0.5
LIDC-IDRI-0012,1.3.6.1.4.1.14519.5.2.1.6279.6001.328789598898469177563438457842,0,9,3,False,"[194.45468025949955, 334.8549891875193, 79.00383070744516]",7.1134021111009575,2.5,0.742188,True,patches/LIDC-IDRI-0012_n09.npz,96,"[4, 3, 3]","[1, 1, 1]","[6, 6, 6]","[5, 4, 5]","[5, 3, 5]","[1, 2, 1]","[1, 1, 1]","[5, 3, 5]","[3, 3, 2]",2.6666666666666665,3.0,0.4714045207910317
LIDC-IDRI-0012,1.3.6.1.4.1.14519.5.2.1.6279.6001.328789598898469177563438457842,0,10,3,False,"[170.19011402707054, 325.80136658397527, 79.11136136136136]",6.8406600460476215,2.5,0.742188,True,patches/LIDC-IDRI-0012_n10.npz,96,"[4, 4, 3]","[1, 1, 1]","[6, 6, 6]","[4, 3, 5]","[4, 2, 5]","[1, 1, 1]","[1, 1, 1]","[5, 3, 5]","[3, 3, 2]",2.6666666666666665,3.0,0.4714045207910317
LIDC-IDRI-0012,1.3.6.1.4.1.14519.5.2.1.6279.6001.328789598898469177563438457842,0,11,1,False,"[374.36, 162.02, 83.04]",5.652335409894913,2.5,0.742188,True,patches/LIDC-IDRI-0012_n11.npz,96,[3],[1],[6],[5],[5],[1],[1],[5],[2],2.0,2.0,0.0
LIDC-IDRI-0013,1.3.6.1.4.1.14519.5.2.1.6279.6001.174907798609768549012640380786,0,0,2,False,"[292.74375, 312.375, 38.30852272727273]",6.2084621996092455,2.5,0.585938,True,patches/LIDC-IDRI-0013_n00.npz,96,"[1, 3]","[1, 1]","[6, 6]","[5, 5]","[5, 5]","[1, 1]","[1, 1]","[5, 5]","[3, 2]",2.5,2.5,0.5
LIDC-IDRI-0013,1.3.6.1.4.1.14519.5.2.1.6279.6001.174907798609768549012640380786,0,1,4,False,"[182.2705965142526, 178.2571704770972, 83.74081671080332]",10.722210292715644,2.5,0.585938,True,patches/LIDC-IDRI-0013_n01.npz,96,"[4, 4, 4, 3]","[1, 1, 1, 1]","[6, 6, 6, 6]","[3, 4, 5, 5]","[4, 3, 5, 5]","[2, 4, 1, 1]","[1, 2, 1, 1]","[5, 5, 5, 5]","[4, 4, 3, 2]",3.25,3.5,0.82915619758885
LIDC-IDRI-0013,1.3.6.1.4.1.14519.5.2.1.6279.6001.174907798609768549012640380786,0,2,4,False,"[144.77738595652977, 191.63761089438466, 90.53912226495505]",21.96984973564483,2.5,0.585938,True,patches/LIDC-IDRI-0013_n02.npz,96,"[5, 5, 5, 5]","[1, 1, 1, 1]","[6, 6, 6, 6]","[2, 3, 2, 5]","[3, 3, 4, 4]","[3, 5, 2, 1]","[3, 2, 2, 5]","[5, 5, 5, 4]","[5, 5, 5, 4]",4.75,5.0,0.4330127018922193
LIDC-IDRI-0014,1.3.6.1.4.1.14519.5.2.1.6279.6001.747803439040091794717626507402,0,0,4,False,"[275.83432626405556, 356.8898055869876, 73.82342518758921]",17.784388422049286,2.5,0.664062,True,patches/LIDC-IDRI-0014_n00.npz,96,"[5, 5, 5, 3]","[1, 1, 1, 1]","[6, 6, 6, 6]","[3, 3, 5, 5]","[4, 4, 5, 5]","[2, 1, 1, 1]","[2, 1, 1, 1]","[5, 4, 5, 5]","[4, 3, 5, 2]",3.5,3.5,1.118033988749895
LIDC-IDRI-0015,1.3.6.1.4.1.14519.5.2.1.6279.6001.227962600322799211676960828223,0,0,4,False,"[254.64692049705909, 314.89089399202516, 178.12514250995102]",23.470773711989402,1.25,0.693359,False,patches/LIDC-IDRI-0015_n00.npz,96,"[5, 5, 5, 5]","[1, 1, 1, 1]","[6, 6, 6, 6]","[3, 4, 2, 5]","[3, 4, 3, 4]","[3, 3, 3, 1]","[3, 3, 3, 5]","[4, 5, 4, 4]","[5, 5, 3, 4]",4.25,4.5,0.82915619758885
LIDC-IDRI-0016,1.3.6.1.4.1.14519.5.2.1.6279.6001.153536305742006952753134773630,0,0,4,False,"[181.87614566007662, 438.0818132148979, 74.22962608558285]",17.77130594143522,2.5,0.585938,False,patches/LIDC-IDRI-0016_n00.npz,96,"[5, 5, 5, 5]","[1, 1, 1, 1]","[6, 6, 6, 6]","[3, 3, 4, 5]","[4, 4, 3, 5]","[2, 3, 3, 4]","[2, 2, 1, 1]","[5, 4, 4, 5]","[4, 4, 5, 3]",4.0,4.0,0.7071067811865476
LIDC-IDRI-0016,1.3.6.1.4.1.14519.5.2.1.6279.6001.153536305742006952753134773630,0,1,4,False,"[239.19793581725938, 424.5368931982955, 80.57008154175875]",12.370181590063408,2.5,0.585938,False,patches/LIDC-IDRI-0016_n01.npz,96,"[4, 5, 5, 5]","[1, 1, 1, 1]","[6, 6, 6, 6]","[4, 5, 4, 5]","[4, 4, 3, 5]","[2, 3, 4, 4]","[1, 2, 2, 1]","[5, 5, 5, 5]","[3, 4, 5, 3]",3.75,3.5,0.82915619758885
LIDC-IDRI-0016,1.3.6.1.4.1.14519.5.2.1.6279.6001.153536305742006952753134773630,0,2,1,False,"[341.8888888888889, 429.9111111111111, 90.44444444444444]",5.8593800000000105,2.5,0.585938,False,patches/LIDC-IDRI-0016_n02.npz,96,[3],[1],[6],[5],[2],[1],[1],[1],[3],3.0,3.0,0.0
LIDC-IDRI-0016,1.3.6.1.4.1.14519.5.2.1.6279.6001.153536305742006952753134773630,0,3,4,False,"[193.69793800539082, 378.56832210242584, 96.19332659478886]",8.012347435968932,2.5,0.585938,False,patches/LIDC-IDRI-0016_n03.npz,96,"[3, 3, 4, 5]","[1, 1, 1, 1]","[6, 6, 6, 6]","[4, 4, 4, 5]","[5, 3, 1, 5]","[1, 3, 3, 4]","[1, 2, 1, 1]","[5, 4, 4, 5]","[2, 3, 3, 3]",2.75,3.0,0.4330127018922193
LIDC-IDRI-0016,1.3.6.1.4.1.14519.5.2.1.6279.6001.153536305742006952753134773630,0,4,4,False,"[282.95483839480426, 140.7673479177975, 108.54717452789762]",6.903777018451885,2.5,0.585938,False,patches/LIDC-IDRI-0016_n04.npz,96,"[3, 3, 5, 5]","[1, 1, 1, 1]","[6, 6, 6, 6]","[4, 3, 4, 5]","[5, 3, 1, 5]","[1, 2, 1, 4]","[2, 2, 1, 1]","[5, 4, 4, 5]","[2, 3, 3, 3]",2.75,3.0,0.4330127018922193
LIDC-IDRI-0016,1.3.6.1.4.1.14519.5.2.1.6279.6001.153536305742006952753134773630,0,5,4,False,"[276.0403574095915, 340.9756205105592, 128.5720815167466]",18.62291349209224,2.5,0.585938,False,patches/LIDC-IDRI-0016_n05.npz,96,"[5, 5, 5, 5]","[1, 1, 1, 1]","[6, 6, 6, 6]","[3, 3, 4, 5]","[4, 2, 2, 4]","[2, 5, 2, 1]","[3, 5, 3, 5]","[5, 4, 4, 4]","[5, 5, 4, 4]",4.5,4.5,0.5
LIDC-IDRI-0017,1.3.6.1.4.1.14519.5.2.1.6279.6001.108231420525711026834210228428,0,0,4,False,"[337.1610903948402, 313.2688623844987, 162.21911957650323]",7.817360901635803,1.25,0.728516,False,patches/LIDC-IDRI-0017_n00.npz,96,"[3, 3, 5, 3]","[1, 1, 1, 1]","[6, 6, 6, 6]","[4, 5, 5, 5]","[5, 5, 5, 5]","[1, 1, 1, 1]","[1, 1, 1, 1]","[5, 5, 4, 5]","[2, 3, 3, 2]",2.5,2.5,0.5
LIDC-IDRI-0018,1.3.6.1.4.1.14519.5.2.1.6279.6001.882070241245008756731854510592,0,0,3,False,"[295.089136527497, 90.38715060492284, 60.37182161462513]",5.829439380033636,2.5,0.664062,True,patches/LIDC-IDRI-0018_n00.npz,96,"[3, 2, 3]","[1, 1, 1]","[6, 6, 6]","[4, 5, 5]","[5, 4, 5]","[1, 1, 1]","[1, 1, 1]","[5, 5, 5]","[2, 3, 2]",2.3333333333333335,2.0,0.4714045207910317
LIDC-IDRI-0018,1.3.6.1.4.1.14519.5.2.1.6279.6001.882070241245008756731854510592,0,1,4,False,"[281.17717345745655, 438.92373977726163, 76.48147410730029]",11.562617089904565,2.5,0.664062,True,patches/LIDC-IDRI-0018_n01.npz,96,"[4, 4, 4, 5]","[1, 1, 1, 1]","[6, 6, 6, 3]","[4, 4, 3, 5]","[4, 4, 5, 5]","[2, 3, 1, 1]","[1, 1, 1, 1]","[5, 5, 5, 5]","[4, 4, 3, 1]",3.0,3.5,1.224744871391589
LIDC-IDRI-0018,1.3.6.1.4.1.14519.5.2.1.6279.6001.882070241245008756731854510592,0,2,3,False,"[227.40709199102525, 378.9794361525705, 80.48984977075408]",8.114038859855265,2.5,0.664062,True,patches/LIDC-IDRI-0018_n02.npz,96,"[3, 3, 3]","[1, 1, 1]","[6, 6, 6]","[4, 5, 5]","[4, 4, 5]","[1, 3, 1]","[1, 1, 1]","[4, 5, 5]","[3, 3, 2]",2.6666666666666665,3.0,0.4714045207910317
LIDC-IDRI-0018,1.3.6.1.4.1.14519.5.2.1.6279.6001.882070241245008756731854510592,0,3,4,False,"[309.7345171603379, 364.60078934679694, 109.39959014756937]",21.796444929269107,2.5,0.664062,True,patches/LIDC-IDRI-0018_n03.npz,96,"[5, 5, 5, 5]","[1, 1, 1, 1]","[6, 6, 6, 6]","[3, 5, 4, 5]","[3, 4, 4, 5]","[2, 5, 1, 4]","[3, 3, 3, 1]","[5, 5, 5, 5]","[5, 5, 5, 3]",4.5,5.0,0.8660254037844386
LIDC-IDRI-0019,1.3.6.1.4.1.14519.5.2.1.6279.6001.330425234131526435132846006585,0,0,2,False,"[265.69671108097816, 180.17337572142728, 264.2056323606965]",31.71283255128429,1.25,0.806641,True,patches/LIDC-IDRI-0019_n00.npz,96,"[5, 5]","[1, 1]","[6, 6]","[2, 5]","[3, 4]","[3, 1]","[3, 5]","[5, 4]","[2, 4]",3.0,3.0,1.0
LIDC-IDRI-0020,1.3.6.1.4.1.14519.5.2.1.6279.6001.315214756157389122376518747372,0,0,1,False,"[275.2101063829787, 316.01418439716315, 159.8945035460993]",33.62840146015902,1.25,0.828125,True,patches/LIDC-IDRI-0020_n00.npz,96,[5],[1],[6],[3],[2],[3],[4],[5],[5],5.0,5.0,0.0
LIDC-IDRI-0020,1.3.6.1.4.1.14519.5.2.1.6279.6001.315214756157389122376518747372,0,1,4,False,"[218.54042931078823, 309.8696332133213, 191.33695110582485]",7.211083302823991,1.25,0.828125,True,patches/LIDC-IDRI-0020_n01.npz,96,"[4, 3, 2, 5]","[1, 1, 1, 1]","[6, 6, 6, 6]","[4, 4, 4, 5]","[5, 4, 4, 5]","[1, 1, 2, 1]","[1, 1, 1, 1]","[5, 5, 5, 5]","[3, 3, 3, 2]",2.75,3.0,0.4330127018922193
LIDC-IDRI-0021,1.3.6.1.4.1.14519.5.2.1.6279.6001.188265424231150847356515802868,0,0,1,False,"[285.87931034482756, 390.3448275862069, 49.51724137931034]",8.687087817337188,2.5,0.742188,True,patches/LIDC-IDRI-0021_n00.npz,96,[3],[1],[6],[5],[5],[1],[1],[5],[2],2.0,2.0,0.0
LIDC-IDRI-0021,1.3.6.1.4.1.14519.5.2.1.6279.6001.188265424231150847356515802868,0,1,1,False,"[360.30645161290323, 352.31451612903226, 61.54032258064516]",9.676947589425128,2.5,0.742188,True,patches/LIDC-IDRI-0021_n01.npz,96,[3],[1],[6],[4],[5],[1],[1],[5],[2],2.0,2.0,0.0
LIDC-IDRI-0021,1.3.6.1.4.1.14519.5.2.1.6279.6001.188265424231150847356515802868,0,2,4,False,"[288.66119206652974, 180.04265450992062, 126.65587223292289]",9.585359215919883,2.5,0.742188,True,patches/LIDC-IDRI-0021_n02.npz,96,"[4, 5, 5, 5]","[1, 1, 1, 1]","[6, 3, 3, 3]","[4, 4, 4, 5]","[4, 5, 5, 5]","[1, 2, 2, 1]","[1, 1, 1, 1]","[5, 5, 5, 5]","[3, 1, 1, 1]",1.5,1.0,0.8660254037844386
LIDC-IDRI-0022,1.3.6.1.4.1.14519.5.2.1.6279.6001.296863826932699509516219450076,0,0,1,False,"[390.9807692307692, 201.00801282051282, 104.9423076923077]",40.87811771366803,2.5,0.703125,True,patches/LIDC-IDRI-0022_n00.npz,96,[5],[1],[6],[3],[3],[3],[2],[5],[2],2.0,2.0,0.0
LIDC-IDRI-0023,1.3.6.1.4.1.14519.5.2.1.6279.6001.487745546557477250336016826588,0,0,4,False,"[234.950787414728, 316.9342557868061, 117.73795188843967]",37.48782414749885,2.5,0.742188,True,patches/LIDC-IDRI-0023_n00.npz,96,"[5, 5, 5, 5]","[1, 1, 1, 1]","[6, 6, 6, 6]","[3, 3, 4, 5]","[3, 4, 2, 4]","[3, 4, 4, 1]","[5, 5, 5, 5]","[5, 5, 5, 4]","[5, 5, 5, 4]",4.75,5.0,0.4330127018922193
LIDC-IDRI-0024,1.3.6.1.4.1.14519.5.2.1.6279.6001.206028343897359374907954580114,0,0,3,False,"[134.26576604111904, 364.3182142347739, 52.47942009495282]",6.1167397213721655,2.5,0.78125,True,patches/LIDC-IDRI-0024_n00.npz,96,"[3, 1, 3]","[1, 1, 1]","[6, 6, 6]","[3, 5, 5]","[4, 4, 5]","[1, 1, 1]","[1, 1, 1]","[5, 5, 5]","[3, 3, 2]",2.6666666666666665,3.0,0.4714045207910317
LIDC-IDRI-0024,1.3.6.1.4.1.14519.5.2.1.6279.6001.206028343897359374907954580114,0,1,4,False,"[166.9747644232573, 166.63962236978185, 71.77958056420815]",15.102328938660438,2.5,0.78125,True,patches/LIDC-IDRI-0024_n01.npz,96,"[4, 4, 5, 3]","[1, 1, 1, 1]","[6, 6, 6, 6]","[3, 5, 5, 5]","[4, 4, 4, 5]","[2, 2, 2, 1]","[2, 2, 1, 1]","[5, 5, 4, 5]","[4, 4, 3, 2]",3.25,3.5,0.82915619758885
LIDC-IDRI-0024,1.3.6.1.4.1.14519.5.2.1.6279.6001.206028343897359374907954580114,0,2,3,False,"[271.6904841997961, 352.73946069062185, 84.17266182466871]",14.469358127584158,2.5,0.78125,True,patches/LIDC-IDRI-0024_n02.npz,96,"[4, 3, 3]","[1, 2, 1]","[6, 6, 6]","[3, 3, 5]","[4, 4, 5]","[2, 2, 1]","[1, 1, 1]","[4, 4, 5]","[3, 1, 2]",2.0,2.0,0.816496580927726
LIDC-IDRI-0024,1.3.6.1.4.1.14519.5.2.1.6279.6001.206028343897359374907954580114,0,3,2,False,"[364.51244343891403, 330.4570135746606, 87.42307692307692]",4.941058844013093,2.5,0.78125,True,patches/LIDC-IDRI-0024_n03.npz,96,"[3, 3]","[1, 1]","[3, 6]","[5, 5]","[5, 5]","[1, 1]","[1, 1]","[5, 5]","[1, 2]",1.5,1.5,0.5
LIDC-IDRI-0025,1.3.6.1.4.1.14519.5.2.1.6279.6001.564534197011295112247542153557,0,0,1,False,"[300.58024691358025, 194.5185185185185, 224.2469135802469]",10.160287374587181,1.25,0.943359,True,patches/LIDC-IDRI-0025_n00.npz,96,[2],[1],[6],[2],[3],[3],[1],[5],[2],2.0,2.0,0.0
LIDC-IDRI-0026,1.3.6.1.4.1.14519.5.2.1.6279.6001.101228986346984399347858840086,0,0,2,False,"[305.6769736842105, 95.66776315789474, 89.46118421052631]",6.227651129407423,1.25,0.787109,False,patches/LIDC-IDRI-0026_n00.npz,96,"[3, 2]","[1, 1]","[6, 6]","[4, 4]","[5, 4]","[1, 2]","[1, 1]","[5, 5]","[2, 1]",1.5,1.5,0.5
LIDC-IDRI-0026,1.3.6.1.4.1.14519.5.2.1.6279.6001.101228986346984399347858840086,0,1,1,False,"[195.1012658227848, 384.8987341772152, 161.0126582278481]",8.367083440515776,1.25,0.787109,False,patches/LIDC-IDRI-0026_n01.npz,96,[1],[1],[6],[4],[1],[1],[1],[1],[3],3.0,3.0,0.0
LIDC-IDRI-0027,1.3.6.1.4.1.14519.5.2.1.6279.6001.183843376225716802567192412456,0,0,4,False,"[281.87228346429424, 357.4305985526988, 77.0909261454807]",10.431100415176955,2.5,0.859375,True,patches/LIDC-IDRI-0027_n00.npz,96,"[4, 5, 4, 3]","[1, 1, 1, 1]","[6, 6, 6, 6]","[4, 5, 5, 5]","[5, 5, 5, 5]","[1, 1, 1, 1]","[1, 1, 1, 1]","[5, 5, 5, 5]","[3, 3, 3, 2]",2.75,3.0,0.4330127018922193
LIDC-IDRI-0027,1.3.6.1.4.1.14519.5.2.1.6279.6001.183843376225716802567192412456,0,1,3,False,"[365.1628485588929, 291.2184581575652, 82.77084591564663]",9.844516054640179,2.5,0.859375,True,patches/LIDC-IDRI-0027_n01.npz,96,"[3, 3, 2]","[1, 1, 1]","[6, 6, 6]","[2, 3, 3]","[5, 4, 4]","[1, 1, 1]","[1, 1, 1]","[5, 5, 4]","[2, 3, 3]",2.6666666666666665,3.0,0.4714045207910317
LIDC-IDRI-0027,1.3.6.1.4.1.14519.5.2.1.6279.6001.183843376225716802567192412456,0,2,2,False,"[203.91011904761905, 112.3202380952381, 82.775]",7.562237410859548,2.5,0.859375,True,patches/LIDC-IDRI-0027_n02.npz,96,"[2, 1]","[1, 1]","[6, 6]","[3, 2]","[4, 3]","[1, 2]","[1, 1]","[5, 3]","[2, 3]",2.5,2.5,0.5
LIDC-IDRI-0027,1.3.6.1.4.1.14519.5.2.1.6279.6001.183843376225716802567192412456,0,3,4,False,"[262.69315780531196, 328.99958685300237, 91.26004129824747]",8.370248830267908,2.5,0.859375,True,patches/LIDC-IDRI-0027_n03.npz,96,"[4, 3, 1, 3]","[1, 1, 1, 1]","[6, 6, 6, 6]","[4, 5, 5, 5]","[5, 5, 5, 5]","[1, 1, 1, 1]","[1, 1, 1, 1]","[5, 5, 5, 5]","[2, 3, 3, 2]",2.5,2.5,0.5
LIDC-IDRI-0027,1.3.6.1.4.1.14519.5.2.1.6279.6001.183843376225716802567192412456,0,4,3,False,"[237.4615435173654, 296.9817307122102, 108.45296754235109]",9.068960554776583,2.5,0.859375,True,patches/LIDC-IDRI-0027_n04.npz,96,"[2, 2, 3]","[1, 1, 1]","[6, 6, 6]","[4, 3, 5]","[5, 4, 5]","[5, 1, 1]","[5, 1, 1]","[5, 4, 5]","[3, 3, 2]",2.6666666666666665,3.0,0.4714045207910317
LIDC-IDRI-0027,1.3.6.1.4.1.14519.5.2.1.6279.6001.183843376225716802567192412456,0,5,2,False,"[334.6682630906769, 321.6596424010217, 111.51660280970626]",10.56891504990135,2.5,0.859375,True,patches/LIDC-IDRI-0027_n05.npz,96,"[3, 1]","[1, 1]","[6, 6]","[3, 2]","[5, 4]","[1, 1]","[1, 1]","[5, 4]","[3, 3]",3.0,3.0,0.0
LIDC-IDRI-0027,1.3.6.1.4.1.14519.5.2.1.6279.6001.183843376225716802567192412456,0,6,1,False,"[292.875, 158.25, 117.70833333333333]",6.076698900821893,2.5,0.859375,True,patches/LIDC-IDRI-0027_n06.npz,96,[2],[1],[6],[2],[3],[1],[1],[5],[2],2.0,2.0,0.0
LIDC-IDRI-0029,1.3.6.1.4.1.14519.5.2.1.6279.6001.264090899378396711987322794314,0,0,1,False,"[282.5142101784534, 316.911434236616, 178.02313284864508]",31.50605255398175,1.25,0.878906,True,patches/LIDC-IDRI-0029_n00.npz,96,[5],[1],[6],[4],[4],[4],[3],[5],[5],5.0,5.0,0.0
LIDC-IDRI-0030,1.3.6.1.4.1.14519.5.2.1.6279.6001.986011151772797848993829243183,0,0,2,False,"[306.12, 412.27088607594936, 50.09729957805907]",7.785353819401234,2.5,0.703125,True,patches/LIDC-IDRI-0030_n00.npz,96,"[3, 4]","[1, 1]","[6, 6]","[4, 3]","[4, 2]","[1, 2]","[1, 1]","[5, 2]","[3, 2]",2.5,2.5,0.5
LIDC-IDRI-0030,1.3.6.1.4.1.14519.5.2.1.6279.6001.986011151772797848993829243183,0,1,2,False,"[365.3852272727273, 227.5772727272727, 81.71136363636364]",6.482492196534062,2.5,0.703125,True,patches/LIDC-IDRI-0030_n01.npz,96,"[3, 3]","[1, 1]","[6, 6]","[3, 3]","[4, 1]","[2, 1]","[1, 1]","[5, 3]","[3, 3]",3.0,3.0,0.0
LIDC-IDRI-0031,1.3.6.1.4.1.14519.5.2.1.6279.6001.124663713663969377020085460568,0,0,1,False,"[392.02702702702703, 172.43243243243242, 54.45945945945946]",6.076698900821893,2.5,0.859375,True,patches/LIDC-IDRI-0031_n00.npz,96,[2],[1],[6],[5],[4],[1],[1],[5],[2],2.0,2.0,0.0
LIDC-IDRI-0031,1.3.6.1.4.1.14519.5.2.1.6279.6001.124663713663969377020085460568,0,1,1,False,"[334.04545454545456, 366.90909090909093, 56.0]",8.463862173418528,2.5,0.859375,True,patches/LIDC-IDRI-0031_n01.npz,96,[1],[1],[6],[3],[3],[1],[1],[5],[2],2.0,2.0,0.0
LIDC-IDRI-0031,1.3.6.1.4.1.14519.5.2.1.6279.6001.124663713663969377020085460568,0,2,4,False,"[355.7354636535635, 155.16399806892454, 88.9613972542765]",14.006934977202182,2.5,0.859375,True,patches/LIDC-IDRI-0031_n02.npz,96,"[4, 5, 4, 3]","[1, 1, 1, 1]","[6, 6, 6, 6]","[4, 4, 3, 5]","[4, 4, 4, 5]","[2, 2, 2, 1]","[2, 1, 1, 1]","[5, 4, 5, 5]","[4, 4, 4, 2]",3.5,4.0,0.8660254037844386
LIDC-IDRI-0031,1.3.6.1.4.1.14519.5.2.1.6279.6001.124663713663969377020085460568,0,3,4,False,"[355.8661516524578, 185.739567712817, 113.0358168797228]",8.776028352426358,2.5,0.859375,True,patches/LIDC-IDRI-0031_n03.npz,96,"[3, 4, 3, 3]","[1, 1, 1, 1]","[6, 6, 6, 6]","[4, 4, 3, 5]","[5, 4, 4, 5]","[1, 1, 1, 1]","[1, 1, 2, 1]","[5, 5, 5, 5]","[2, 3, 3, 2]",2.5,2.5,0.5
LIDC-IDRI-0031,1.3.6.1.4.1.14519.5.2.1.6279.6001.124663713663969377020085460568,0,4,4,False,"[315.5481306036397, 347.80415604954277, 113.3137568867703]",18.7050589643358,2.5,0.859375,True,patches/LIDC-IDRI-0031_n04.npz,96,"[5, 5, 3, 5]","[1, 1, 1, 1]","[6, 6, 6, 6]","[4, 5, 3, 5]","[4, 3, 5, 4]","[2, 2, 1, 1]","[2, 1, 2, 5]","[5, 4, 5, 4]","[4, 5, 5, 4]",4.5,4.5,0.5
LIDC-IDRI-0033,1.3.6.1.4.1.14519.5.2.1.6279.6001.513023675145166449943177283490,0,0,4,False,"[321.7463290255843, 382.7912490877917, 105.91520979020979]",10.139131648461492,2.5,0.78125,False,patches/LIDC-IDRI-0033_n00.npz,96,"[4, 4, 4, 3]","[1, 1, 1, 1]","[6, 6, 6, 6]","[4, 3, 3, 5]","[4, 3, 1, 5]","[2, 2, 1, 1]","[1, 2, 1, 1]","[5, 4, 2, 5]","[4, 4, 2, 2]",3.0,3.0,1.0
LIDC-IDRI-0033,1.3.6.1.4.1.14519.5.2.1.6279.6001.513023675145166449943177283490,0,1,1,False,"[335.0096618357488, 280.4492753623188, 109.17391304347827]",15.819106821341084,2.5,0.78125,False,patches/LIDC-IDRI-0033_n01.npz,96,[4],[1],[6],[4],[1],[1],[1],[3],[3],3.0,3.0,0.0
LIDC-IDRI-0034,1.3.6.1.4.1.14519.5.2.1.6279.6001.338447145504282422142824032832,0,0,3,False,"[265.80989217065166, 454.85523757108786, 97.33460527120405]",5.729700603895561,1.25,0.669922,False,patches/LIDC-IDRI-0034_n00.npz,96,"[3, 5, 5]","[1, 1, 1]","[6, 5, 6]","[5, 3, 3]","[5, 5, 5]","[1, 1, 2]","[1, 1, 1]","[5, 4, 5]","[2, 2, 2]",2.0,2.0,0.0
LIDC-IDRI-0035,1.3.6.1.4.1.14519.5.2.1.6279.6001.161002239822118346732951898613,0,0,2,False,"[339.81027164685906, 299.23323429541597, 115.27185908319186]",9.615430182628767,2.5,0.820312,True,patches/LIDC-IDRI-0035_n00.npz,96,"[3, 5]","[1, 1]","[6, 6]","[4, 5]","[3, 5]","[4, 4]","[4, 1]","[4, 5]","[3, 3]",3.0,3.0,0.0
LIDC-IDRI-0036,1.3.6.1.4.1.14519.5.2.1.6279.6001.177685820605315926524514718990,0,0,1,False,"[347.6212121212121, 181.92424242424244, 190.4090909090909]",6.104125939346914,1.25,0.740234,False,patches/LIDC-IDRI-0036_n00.npz,96,[4],[1],[6],[4],[4],[2],[2],[4],[3],3.0,3.0,0.0
LIDC-IDRI-0036,1.3.6.1.4.1.14519.5.2.1.6279.6001.177685820605315926524514718990,0,1,4,False,"[312.85141733537193, 140.78524847686893, 201.30782702851164]",11.16524419824512,1.25,0.740234,False,patches/LIDC-IDRI-0036_n01.npz,96,"[4, 3, 4, 4]","[1, 1, 1, 1]","[6, 6, 6, 6]","[3, 4, 3, 4]","[4, 2, 3, 4]","[2, 4, 2, 2]","[1, 3, 1, 2]","[5, 4, 5, 4]","[4, 5, 3, 3]",3.75,3.5,0.82915619758885
LIDC-IDRI-0037,1.3.6.1.4.1.14519.5.2.1.6279.6001.219909753224298157409438012179,0,0,4,False,"[288.4546742704447, 407.3280162162082, 82.11737444384028]",18.53994128243076,2.5,0.625,True,patches/LIDC-IDRI-0037_n00.npz,96,"[5, 5, 5, 5]","[1, 1, 1, 1]","[6, 6, 6, 6]","[3, 3, 4, 5]","[4, 5, 3, 4]","[2, 4, 3, 1]","[2, 5, 3, 5]","[5, 5, 4, 4]","[4, 5, 3, 4]",4.0,4.0,0.7071067811865476
LIDC-IDRI-0037,1.3.6.1.4.1.14519.5.2.1.6279.6001.219909753224298157409438012179,0,1,3,False,"[362.3523532138249, 376.78618950981496, 107.58126761622007]",9.620805027439166,2.5,0.625,True,patches/LIDC-IDRI-0037_n01.npz,96,"[4, 3, 5]","[1, 1, 1]","[6, 6, 6]","[2, 3, 5]","[4, 4, 4]","[1, 2, 1]","[2, 3, 5]","[5, 5, 4]","[4, 3, 4]",3.6666666666666665,4.0,0.4714045207910317
LIDC-IDRI-0038,1.3.6.1.4.1.14519.5.2.1.6279.6001.117383608379722740629083782428,0,0,1,False,"[261.45714285714286, 424.48571428571427, 52.542857142857144]",5.0573455202262085,2.5,0.664062,True,patches/LIDC-IDRI-0038_n00.npz,96,[1],[1],[6],[3],[4],[1],[1],[4],[3],3.0,3.0,0.0
LIDC-IDRI-0039,1.3.6.1.4.1.14519.5.2.1.6279.6001.332829333783605240302521201463,0,0,4,False,"[301.5342142852247, 150.82731405992772, 118.96720429691736]",8.161888526427742,1.25,0.816406,False,patches/LIDC-IDRI-0039_n00.npz,96,"[4, 4, 4, 5]","[1, 1, 1, 1]","[6, 3, 3, 3]","[4, 5, 4, 5]","[5, 5, 5, 5]","[1, 1, 1, 1]","[1, 1, 1, 1]","[5, 5, 5, 5]","[3, 1, 1, 1]",1.5,1.0,0.8660254037844386
LIDC-IDRI-0039,1.3.6.1.4.1.14519.5.2.1.6279.6001.332829333783605240302521201463,0,1,4,False,"[266.9338225351029, 145.0638547412221, 123.09495904761195]",6.630991719297576,1.25,0.816406,False,patches/LIDC-IDRI-0039_n01.npz,96,"[4, 4, 1, 5]","[1, 1, 1, 1]","[5, 5, 6, 5]","[5, 5, 4, 3]","[5, 5, 4, 5]","[1, 1, 1, 3]","[1, 1, 1, 3]","[5, 5, 5, 5]","[1, 1, 3, 1]",1.5,1.0,0.8660254037844386
LIDC-IDRI-0039,1.3.6.1.4.1.14519.5.2.1.6279.6001.332829333783605240302521201463,0,2,4,False,"[298.7260562143171, 251.72549681598593, 132.91522178304788]",6.344833413196427,1.25,0.816406,False,patches/LIDC-IDRI-0039_n02.npz,96,"[3, 4, 2, 5]","[1, 1, 1, 1]","[6, 3, 3, 5]","[5, 5, 3, 4]","[5, 5, 5, 5]","[1, 1, 1, 2]","[1, 1, 1, 3]","[5, 5, 5, 5]","[2, 1, 1, 1]",1.25,1.0,0.4330127018922193
LIDC-IDRI-0039,1.3.6.1.4.1.14519.5.2.1.6279.6001.332829333783605240302521201463,0,3,4,False,"[366.52507704160246, 238.0349212463619, 163.77828282828284]",8.141289403707411,1.25,0.816406,False,patches/LIDC-IDRI-0039_n03.npz,96,"[4, 4, 2, 5]","[1, 1, 1, 1]","[3, 5, 5, 5]","[3, 3, 3, 3]","[5, 5, 5, 5]","[1, 1, 1, 3]","[1, 1, 1, 5]","[5, 5, 5, 5]","[1, 1, 1, 1]",1.0,1.0,0.0
LIDC-IDRI-0039,1.3.6.1.4.1.14519.5.2.1.6279.6001.332829333783605240302521201463,0,4,4,False,"[206.87238432270482, 207.08769993064865, 174.68720601573165]",9.491374637071617,1.25,0.816406,False,patches/LIDC-IDRI-0039_n04.npz,96,"[4, 4, 3, 3]","[1, 1, 1, 1]","[6, 6, 6, 6]","[4, 5, 5, 5]","[5, 5, 5, 5]","[1, 1, 2, 1]","[1, 1, 1, 1]","[5, 5, 5, 5]","[3, 3, 3, 2]",2.75,3.0,0.4330127018922193
LIDC-IDRI-0040,1.3.6.1.4.1.14519.5.2.1.6279.6001.272961322147784625028175033640,0,0,1,False,"[432.5238095238095, 170.11904761904762, 33.904761904761905]",5.057345520226195,2.5,0.664062,True,patches/LIDC-IDRI-0040_n00.npz,96,[1],[1],[3],[2],[5],[1],[1],[5],[1],1.0,1.0,0.0
LIDC-IDRI-0040,1.3.6.1.4.1.14519.5.2.1.6279.6001.272961322147784625028175033640,0,1,4,False,"[387.4969896127238, 100.18190685050175, 42.646083195362564]",7.471763933037472,2.5,0.664062,True,patches/LIDC-IDRI-0040_n01.npz,96,"[4, 4, 2, 3]","[1, 1, 1, 1]","[6, 6, 6, 6]","[3, 3, 3, 5]","[5, 3, 4, 5]","[1, 1, 2, 1]","[1, 1, 1, 1]","[5, 4, 2, 5]","[3, 3, 3, 2]",2.75,3.0,0.4330127018922193
LIDC-IDRI-0040,1.3.6.1.4.1.14519.5.2.1.6279.6001.272961322147784625028175033640,0,2,1,False,"[370.6842105263158, 127.28947368421052, 43.5]",5.3538390048506415,2.5,0.664062,True,patches/LIDC-IDRI-0040_n02.npz,96,[1],[1],[6],[2],[4],[1],[1],[4],[3],3.0,3.0,0.0
LIDC-IDRI-0040,1.3.6.1.4.1.14519.5.2.1.6279.6001.272961322147784625028175033640,0,3,1,False,"[231.2, 119.7, 67.0]",5.475995535917827,2.5,0.664062,True,patches/LIDC-IDRI-0040_n03.npz,96,[2],[1],[6],[3],[4],[1],[1],[5],[3],3.0,3.0,0.0
LIDC-IDRI-0041,1.3.6.1.4.1.14519.5.2.1.6279.6001.138813197521718693188313387015,0,0,4,False,"[336.7420432402121, 320.8484466554349, 48.254963578851225]",24.049692690127316,2.5,0.820312,True,patches/LIDC-IDRI-0041_n00.npz,96,"[5, 5, 4, 5]","[1, 1, 1, 1]","[6, 6, 6, 6]","[3, 4, 4, 5]","[4, 4, 3, 5]","[2, 5, 3, 4]","[2, 5, 3, 1]","[5, 5, 4, 5]","[4, 5, 3, 3]",3.75,3.5,0.82915619758885
LIDC-IDRI-0041,1.3.6.1.4.1.14519.5.2.1.6279.6001.138813197521718693188313387015,0,1,1,False,"[379.1714285714286, 320.48571428571427, 55.51428571428571]",6.61356677802229,2.5,0.820312,True,patches/LIDC-IDRI-0041_n01.npz,96,[1],[1],[6],[1],[4],[1],[1],[4],[3],3.0,3.0,0.0
LIDC-IDRI-0041,1.3.6.1.4.1.14519.5.2.1.6279.6001.138813197521718693188313387015,0,2,2,False,"[382.20798957881027, 313.1502388189318, 124.05188884064265]",5.345464404106252,2.5,0.820312,True,patches/LIDC-IDRI-0041_n02.npz,96,"[2, 5]","[1, 1]","[3, 3]","[5, 5]","[5, 5]","[1, 1]","[1, 1]","[5, 5]","[1, 1]",1.0,1.0,0.0
LIDC-IDRI-0042,1.3.6.1.4.1.14519.5.2.1.6279.6001.280125803152924778388346920341,0,0,2,False,"[359.4518047579984, 161.17555373256766, 38.55619360131256]",6.651848711447487,2.5,0.703125,True,patches/LIDC-IDRI-0042_n00.npz,96,"[4, 3]","[1, 1]","[6, 6]","[4, 5]","[2, 5]","[1, 1]","[1, 1]","[3, 5]","[4, 2]",3.0,3.0,1.0
LIDC-IDRI-0042,1.3.6.1.4.1.14519.5.2.1.6279.6001.280125803152924778388346920341,0,1,2,False,"[335.8124324324324, 413.0756756756757, 40.81081081081081]",6.536910714763508,2.5,0.703125,True,patches/LIDC-IDRI-0042_n01.npz,96,"[3, 4]","[1, 1]","[6, 6]","[4, 3]","[3, 1]","[1, 1]","[1, 1]","[4, 3]","[3, 3]",3.0,3.0,0.0
LIDC-IDRI-0042,1.3.6.1.4.1.14519.5.2.1.6279.6001.280125803152924778388346920341,0,2,3,False,"[347.52857018687524, 301.0688396349413, 41.942511951325514]",6.762085457000405,2.5,0.703125,True,patches/LIDC-IDRI-0042_n02.npz,96,"[3, 4, 3]","[1, 1, 1]","[6, 6, 6]","[4, 4, 5]","[4, 2, 5]","[2, 1, 1]","[2, 1, 1]","[5, 4, 5]","[3, 4, 2]",3.0,3.0,0.816496580927726
LIDC-IDRI-0042,1.3.6.1.4.1.14519.5.2.1.6279.6001.280125803152924778388346920341,0,3,4,False,"[267.0619163837012, 177.66113936555095, 48.488398731203006]",9.251339511067872,2.5,0.703125,True,patches/LIDC-IDRI-0042_n03.npz,96,"[3, 2, 4, 5]","[1, 1, 1, 1]","[6, 6, 6, 6]","[3, 3, 4, 5]","[4, 3, 2, 4]","[1, 2, 1, 1]","[1, 2, 3, 5]","[5, 4, 3, 4]","[3, 3, 3, 4]",3.25,3.0,0.4330127018922193
LIDC-IDRI-0042,1.3.6.1.4.1.14519.5.2.1.6279.6001.280125803152924778388346920341,0,4,1,False,"[377.375, 357.6041666666667, 48.5]",7.340840514077731,2.5,0.703125,True,patches/LIDC-IDRI-0042_n04.npz,96,[4],[1],[6],[3],[2],[1],[1],[4],[3],3.0,3.0,0.0
LIDC-IDRI-0042,1.3.6.1.4.1.14519.5.2.1.6279.6001.280125803152924778388346920341,0,5,1,False,"[184.76470588235293, 157.86274509803923, 60.372549019607845]",8.199776102126204,2.5,0.703125,True,patches/LIDC-IDRI-0042_n05.npz,96,[2],[1],[6],[4],[2],[1],[1],[2],[2],2.0,2.0,0.0
LIDC-IDRI-0042,1.3.6.1.4.1.14519.5.2.1.6279.6001.280125803152924778388346920341,0,6,1,False,"[375.2325581395349, 318.4418604651163, 66.48837209302326]",6.367067675252871,2.5,0.703125,True,patches/LIDC-IDRI-0042_n06.npz,96,[4],[1],[6],[4],[4],[1],[1],[4],[3],3.0,3.0,0.0
LIDC-IDRI-0042,1.3.6.1.4.1.14519.5.2.1.6279.6001.280125803152924778388346920341,0,7,2,False,"[375.90869565217395, 157.63478260869567, 77.0]",6.38571669162611,2.5,0.703125,True,patches/LIDC-IDRI-0042_n07.npz,96,"[2, 3]","[1, 1]","[6, 6]","[4, 4]","[3, 1]","[2, 1]","[1, 1]","[4, 3]","[3, 2]",2.5,2.5,0.5
LIDC-IDRI-0042,1.3.6.1.4.1.14519.5.2.1.6279.6001.280125803152924778388346920341,0,8,4,False,"[366.20679916929913, 288.3168548418548, 78.21224893724894]",6.6444866870440915,2.5,0.703125,True,patches/LIDC-IDRI-0042_n08.npz,96,"[4, 3, 5, 3]","[1, 1, 1, 1]","[6, 6, 6, 6]","[4, 5, 5, 5]","[5, 5, 5, 5]","[1, 1, 1, 1]","[1, 1, 1, 1]","[5, 5, 5, 5]","[2, 3, 4, 2]",2.75,2.5,0.82915619758885
LIDC-IDRI-0042,1.3.6.1.4.1.14519.5.2.1.6279.6001.280125803152924778388346920341,0,9,2,False,"[278.1412776412776, 398.73669123669123, 85.44021294021294]",5.03577317754959,2.5,0.703125,True,patches/LIDC-IDRI-0042_n09.npz,96,"[3, 1]","[1, 1]","[6, 6]","[4, 5]","[4, 2]","[1, 1]","[1, 1]","[4, 1]","[3, 2]",2.5,2.5,0.5
LIDC-IDRI-0043,1.3.6.1.4.1.14519.5.2.1.6279.6001.503980049263254396021509831276,0,0,3,False,"[324.1404047902982, 401.04083707197606, 55.94330134064921]",11.426785033609677,2.5,0.742188,True,patches/LIDC-IDRI-0043_n00.npz,96,"[4, 5, 3]","[1, 1, 1]","[6, 6, 6]","[3, 3, 5]","[5, 2, 5]","[1, 2, 1]","[1, 1, 1]","[5, 4, 5]","[2, 5, 2]",3.0,2.0,1.4142135623730951
LIDC-IDRI-0043,1.3.6.1.4.1.14519.5.2.1.6279.6001.503980049263254396021509831276,0,1,3,False,"[218.42914102228028, 136.07011508513526, 85.07383296103697]",19.45837918865746,2.5,0.742188,True,patches/LIDC-IDRI-0043_n01.npz,96,"[4, 5, 3]","[1, 1, 1]","[6, 6, 6]","[3, 4, 5]","[5, 5, 5]","[1, 4, 1]","[1, 1, 1]","[5, 5, 5]","[2, 5, 2]",3.0,2.0,1.4142135623730951
LIDC-IDRI-0043,1.3.6.1.4.1.14519.5.2.1.6279.6001.503980049263254396021509831276,0,2,4,False,"[306.5024871215871, 139.40151712429167, 91.18371952800848]",20.25775981902453,2.5,0.742188,True,patches/LIDC-IDRI-0043_n02.npz,96,"[5, 5, 5, 5]","[1, 1, 1, 1]","[6, 6, 6, 6]","[3, 5, 4, 5]","[4, 2, 4, 5]","[2, 5, 5, 4]","[2, 2, 2, 1]","[5, 5, 5, 5]","[5, 5, 5, 3]",4.5,5.0,0.8660254037844386
LIDC-IDRI-0044,1.3.6.1.4.1.14519.5.2.1.6279.6001.511347030803753100045216493273,0,0,1,False,"[379.45226130653265, 146.19597989949747, 51.25125628140704]",10.70968093012112,2.5,0.703125,True,patches/LIDC-IDRI-0044_n00.npz,96,[1],[1],[6],[5],[2],[1],[1],[1],[2],2.0,2.0,0.0
LIDC-IDRI-0044,1.3.6.1.4.1.14519.5.2.1.6279.6001.511347030803753100045216493273,0,1,4,False,"[313.87024781991806, 137.8156859797544, 64.81814721916302]",12.465228277220113,2.5,0.703125,True,patches/LIDC-IDRI-0044_n01.npz,96,"[3, 4, 4, 5]","[1, 1, 1, 1]","[6, 3, 3, 3]","[4, 4, 5, 5]","[5, 5, 5, 5]","[1, 1, 1, 1]","[1, 1, 1, 1]","[5, 5, 5, 5]","[3, 1, 1, 1]",1.5,1.0,0.8660254037844386
LIDC-IDRI-0044,1.3.6.1.4.1.14519.5.2.1.6279.6001.511347030803753100045216493273,0,2,4,False,"[383.6749837682498, 345.2266939217254, 66.95737920593984]",31.086422592000407,2.5,0.703125,True,patches/LIDC-IDRI-0044_n02.npz,96,"[5, 5, 5, 5]","[1, 1, 1, 1]","[6, 6, 6, 6]","[3, 5, 4, 5]","[4, 4, 2, 5]","[2, 5, 4, 4]","[3, 4, 3, 1]","[5, 5, 3, 5]","[5, 5, 3, 3]",4.0,4.0,1.0
LIDC-IDRI-0044,1.3.6.1.4.1.14519.5.2.1.6279.6001.511347030803753100045216493273,0,3,4,False,"[223.10160546985583, 104.9018981504764, 73.2281798166363]",12.51948402279579,2.5,0.703125,True,patches/LIDC-IDRI-0044_n03.npz,96,"[4, 5, 4, 3]","[1, 1, 1, 1]","[6, 6, 6, 6]","[4, 4, 4, 5]","[4, 4, 4, 5]","[2, 4, 2, 1]","[1, 1, 1, 1]","[5, 5, 4, 5]","[4, 3, 3, 2]",3.0,3.0,0.7071067811865476
LIDC-IDRI-0045,1.3.6.1.4.1.14519.5.2.1.6279.6001.910435939545691201820711078950,0,0,4,False,"[362.0707173012776, 358.8101484649152, 25.070039957751128]",8.397258724047575,2.5,0.664062,True,patches/LIDC-IDRI-0045_n00.npz,96,"[4, 4, 5, 3]","[1, 1, 1, 1]","[6, 6, 6, 6]","[3, 3, 3, 4]","[5, 3, 4, 5]","[1, 1, 1, 1]","[1, 1, 1, 1]","[5, 4, 5, 5]","[3, 3, 4, 2]",3.0,3.0,0.7071067811865476
LIDC-IDRI-0045,1.3.6.1.4.1.14519.5.2.1.6279.6001.910435939545691201820711078950,0,1,1,False,"[269.8888888888889, 171.86111111111111, 40.486111111111114]",9.249313376123444,2.5,0.664062,True,patches/LIDC-IDRI-0045_n01.npz,96,[2],[1],[6],[4],[3],[1],[1],[2],[3],3.0,3.0,0.0
LIDC-IDRI-0045,1.3.6.1.4.1.14519.5.2.1.6279.6001.910435939545691201820711078950,0,2,3,False,"[366.5551167582418, 336.89269064269064, 46.04342792624042]",12.616147790203934,2.5,0.664062,True,patches/LIDC-IDRI-0045_n02.npz,96,"[4, 3, 5]","[1, 1, 1]","[6, 6, 6]","[3, 3, 4]","[4, 4, 3]","[2, 5, 4]","[1, 5, 4]","[5, 5, 4]","[4, 4, 4]",4.0,4.0,0.0
LIDC-IDRI-0045,1.3.6.1.4.1.14519.5.2.1.6279.6001.910435939545691201820711078950,0,3,2,False,"[326.0298484985392, 333.1424957079606, 50.03493870666546]",13.905244865504736,2.5,0.664062,True,patches/LIDC-IDRI-0045_n03.npz,96,"[3, 5]","[1, 1]","[6, 6]","[3, 4]","[4, 2]","[2, 1]","[1, 4]","[5, 5]","[4, 4]",4.0,4.0,0.0
LIDC-IDRI-0045,1.3.6.1.4.1.14519.5.2.1.6279.6001.910435939545691201820711078950,0,4,4,False,"[226.24667248147642, 118.41413106682714, 56.13042897552702]",7.371434226554557,2.5,0.664062,True,patches/LIDC-IDRI-0045_n04.npz,96,"[3, 3, 3, 1]","[1, 1, 1, 1]","[6, 6, 6, 6]","[3, 5, 4, 5]","[4, 2, 1, 2]","[1, 2, 1, 3]","[1, 2, 1, 1]","[3, 3, 3, 1]","[4, 4, 3, 2]",3.25,3.5,0.82915619758885
LIDC-IDRI-0045,1.3.6.1.4.1.14519.5.2.1.6279.6001.910435939545691201820711078950,0,5,4,False,"[327.67330254286776, 84.77014718373414, 62.000681504485854]",7.265242366041631,2.5,0.664062,True,patches/LIDC-IDRI-0045_n05.npz,96,"[4, 5, 5, 5]","[1, 1, 1, 1]","[6, 3, 3, 3]","[4, 5, 5, 5]","[5, 5, 5, 5]","[1, 1, 1, 1]","[1, 1, 1, 1]","[5, 5, 5, 5]","[3, 1, 1, 1]",1.5,1.0,0.8660254037844386
LIDC-IDRI-0045,1.3.6.1.4.1.14519.5.2.1.6279.6001.910435939545691201820711078950,0,6,1,False,"[365.67785234899327, 111.35570469798658, 68.93959731543625]",11.823287771620372,2.5,0.664062,True,patches/LIDC-IDRI-0045_n06.npz,96,[2],[1],[6],[3],[2],[1],[1],[1],[3],3.0,3.0,0.0
LIDC-IDRI-0045,1.3.6.1.4.1.14519.5.2.1.6279.6001.910435939545691201820711078950,0,7,1,False,"[360.4308943089431, 392.5284552845528, 70.83739837398375]",13.04674822244162,2.5,0.664062,True,patches/LIDC-IDRI-0045_n07.npz,96,[3],[1],[6],[2],[3],[3],[3],[3],[3],3.0,3.0,0.0
LIDC-IDRI-0045,1.3.6.1.4.1.14519.5.2.1.6279.6001.910435939545691201820711078950,0,8,1,False,"[231.21428571428572, 209.21428571428572, 71.07142857142857]",5.712477321482871,2.5,0.664062,True,patches/LIDC-IDRI-0045_n08.npz,96,[3],[1],[6],[4],[2],[1],[1],[3],[3],3.0,3.0,0.0
LIDC-IDRI-0045,1.3.6.1.4.1.14519.5.2.1.6279.6001.910435939545691201820711078950,0,9,4,False,"[202.59854687384228, 302.3966563026532, 83.19629176159728]",18.297308778531267,2.5,0.664062,True,patches/LIDC-IDRI-0045_n09.npz,96,"[4, 5, 5, 5]","[1, 1, 1, 1]","[6, 6, 6, 6]","[3, 4, 4, 5]","[4, 3, 4, 5]","[2, 4, 1, 4]","[2, 4, 3, 1]","[5, 5, 5, 5]","[5, 5, 5, 3]",4.5,5.0,0.8660254037844386
LIDC-IDRI-0045,1.3.6.1.4.1.14519.5.2.1.6279.6001.910435939545691201820711078950,0,10,4,False,"[361.50562780588365, 159.57670699846486, 84.498558789545]",8.78272639969489,2.5,0.664062,True,patches/LIDC-IDRI-0045_n10.npz,96,"[4, 4, 4, 3]","[1, 1, 1, 1]","[6, 6, 6, 6]","[4, 4, 4, 5]","[5, 3, 4, 5]","[1, 2, 1, 1]","[1, 2, 1, 1]","[5, 4, 4, 5]","[2, 3, 4, 2]",2.75,2.5,0.82915619758885
LIDC-IDRI-0045,1.3.6.1.4.1.14519.5.2.1.6279.6001.910435939545691201820711078950,0,11,4,False,"[192.5369957837344, 280.27125292987483, 86.75527419022437]",10.751415333616306,2.5,0.664062,True,patches/LIDC-IDRI-0045_n11.npz,96,"[4, 4, 5, 3]","[1, 1, 1, 1]","[6, 6, 6, 6]","[4, 4, 4, 4]","[4, 3, 3, 3]","[1, 3, 1, 2]","[1, 2, 3, 1]","[5, 4, 5, 5]","[4, 3, 4, 3]",3.5,3.5,0.5
LIDC-IDRI-0046,1.3.6.1.4.1.14519.5.2.1.6279.6001.122914038048856168343065566972,0,0,1,False,"[275.3333333333333, 60.76190476190476, 20.0]",6.384542585295828,2.5,0.742188,True,patches/LIDC-IDRI-0046_n00.npz,96,[3],[1],[6],[5],[5],[1],[1],[5],[3],3.0,3.0,0.0
LIDC-IDRI-0046,1.3.6.1.4.1.14519.5.2.1.6279.6001.122914038048856168343065566972,0,1,3,False,"[345.6761025122501, 83.22101060382153, 33.80503098182572]",9.010207288804251,2.5,0.742188,True,patches/LIDC-IDRI-0046_n01.npz,96,"[3, 4, 3]","[1, 1, 1]","[6, 6, 6]","[4, 4, 5]","[5, 2, 5]","[2, 1, 1]","[1, 1, 1]","[5, 4, 5]","[3, 3, 2]",2.6666666666666665,3.0,0.4714045207910317
LIDC-IDRI-0046,1.3.6.1.4.1.14519.5.2.1.6279.6001.122914038048856168343065566972,0,2,3,False,"[235.07642595499738, 147.27268445839874, 36.9010989010989]",6.381654528653719,2.5,0.742188,True,patches/LIDC-IDRI-0046_n02.npz,96,"[3, 2, 5]","[1, 1, 1]","[6, 6, 6]","[4, 3, 4]","[5, 5, 4]","[2, 1, 1]","[1, 1, 1]","[5, 1, 4]","[3, 3, 2]",2.6666666666666665,3.0,0.4714045207910317
LIDC-IDRI-0046,1.3.6.1.4.1.14519.5.2.1.6279.6001.122914038048856168343065566972,0,3,3,False,"[338.6529174335626, 82.44617520746554, 37.51023927152959]",5.763234003008622,2.5,0.742188,True,patches/LIDC-IDRI-0046_n03.npz,96,"[3, 2, 2]","[1, 1, 1]","[6, 6, 6]","[4, 5, 2]","[5, 3, 2]","[2, 1, 1]","[1, 1, 1]","[5, 2, 1]","[3, 3, 2]",2.6666666666666665,3.0,0.4714045207910317
LIDC-IDRI-0046,1.3.6.1.4.1.14519.5.2.1.6279.6001.122914038048856168343065566972,0,4,4,False,"[329.93711942270767, 429.6593544002368, 40.40998647616295]",7.791156404460091,2.5,0.742188,True,patches/LIDC-IDRI-0046_n04.npz,96,"[4, 3, 4, 3]","[1, 1, 1, 1]","[4, 6, 6, 6]","[4, 3, 3, 5]","[4, 4, 4, 5]","[1, 4, 1, 1]","[1, 1, 1, 1]","[5, 5, 4, 5]","[2, 3, 2, 2]",2.25,2.0,0.4330127018922193
LIDC-IDRI-0046,1.3.6.1.4.1.14519.5.2.1.6279.6001.122914038048856168343065566972,0,5,3,False,"[219.9131680411759, 79.05208092878411, 41.61213082707104]",8.2993344028691,2.5,0.742188,True,patches/LIDC-IDRI-0046_n05.npz,96,"[3, 3, 4]","[1, 1, 1]","[6, 6, 6]","[4, 3, 4]","[5, 4, 2]","[2, 3, 1]","[1, 3, 1]","[5, 5, 4]","[2, 3, 3]",2.6666666666666665,3.0,0.4714045207910317
LIDC-IDRI-0046,1.3.6.1.4.1.14519.5.2.1.6279.6001.122914038048856168343065566972,0,6,4,False,"[366.38300768490564, 375.85133889948264, 47.98759920634921]",7.6084622811732565,2.5,0.742188,True,patches/LIDC-IDRI-0046_n06.npz,96,"[3, 3, 4, 3]","[1, 1, 1, 1]","[6, 6, 6, 6]","[4, 4, 4, 5]","[5, 5, 2, 5]","[2, 2, 1, 1]","[1, 1, 2, 1]","[5, 5, 4, 5]","[3, 3, 3, 2]",2.75,3.0,0.4330127018922193
LIDC-IDRI-0047,1.3.6.1.4.1.14519.5.2.1.6279.6001.338114620394879648539943280992,0,0,4,False,"[283.99863330251856, 142.2989917021104, 76.51213243642769]",18.84252539993499,2.5,0.78125,True,patches/LIDC-IDRI-0047_n00.npz,96,"[4, 5, 5, 5]","[1, 1, 1, 1]","[6, 6, 6, 6]","[3, 3, 3, 5]","[4, 4, 4, 5]","[2, 3, 2, 4]","[2, 4, 2, 1]","[5, 5, 5, 5]","[4, 5, 5, 3]",4.25,4.5,0.82915619758885
LIDC-IDRI-0048,1.3.6.1.4.1.14519.5.2.1.6279.6001.250863365157630276148828903732,0,0,2,False,"[324.9646073538691, 353.9951098491367, 162.54708025010038]",13.836315606411409,1.25,0.949219,False,patches/LIDC-IDRI-0048_n00.npz,96,"[4, 1]","[1, 1]","[6, 6]","[4, 5]","[5, 2]","[1, 1]","[1, 1]","[5, 1]","[2, 2]",2.0,2.0,0.0
LIDC-IDRI-0048,1.3.6.1.4.1.14519.5.2.1.6279.6001.250863365157630276148828903732,0,1,2,False,"[174.3617230527144, 174.65932336742722, 164.9697088906373]",8.895151549236305,1.25,0.949219,False,patches/LIDC-IDRI-0048_n01.npz,96,"[2, 1]","[1, 1]","[6, 6]","[5, 5]","[2, 2]","[3, 1]","[1, 1]","[1, 1]","[3, 2]",2.5,2.5,0.5
LIDC-IDRI-0048,1.3.6.1.4.1.14519.5.2.1.6279.6001.250863365157630276148828903732,0,2,3,False,"[216.02345760950104, 169.1064328375886, 188.7926057451989]",21.207683649109427,1.25,0.949219,False,patches/LIDC-IDRI-0048_n02.npz,96,"[5, 4, 1]","[1, 1, 1]","[6, 6, 6]","[3, 5, 5]","[4, 2, 2]","[3, 4, 1]","[2, 2, 1]","[5, 3, 1]","[5, 4, 2]",3.6666666666666665,4.0,1.247219128924647
LIDC-IDRI-0049,1.3.6.1.4.1.14519.5.2.1.6279.6001.239358021703233250639913775427,0,0,2,False,"[345.6028708133971, 122.37001594896333, 37.0518341307815]",9.046161420190348,2.5,0.644531,True,patches/LIDC-IDRI-0049_n00.npz,96,"[4, 5]","[1, 1]","[6, 6]","[4, 3]","[4, 5]","[1, 2]","[1, 2]","[5, 5]","[3, 2]",2.5,2.5,0.5
LIDC-IDRI-0049,1.3.6.1.4.1.14519.5.2.1.6279.6001.239358021703233250639913775427,0,1,2,False,"[144.4959677419355, 355.0250896057348, 52.28360215053763]",6.071364034186866,2.5,0.644531,True,patches/LIDC-IDRI-0049_n01.npz,96,"[2, 2]","[1, 1]","[6, 6]","[4, 3]","[4, 1]","[1, 1]","[1, 1]","[5, 1]","[2, 1]",1.5,1.5,0.5
LIDC-IDRI-0049,1.3.6.1.4.1.14519.5.2.1.6279.6001.239358021703233250639913775427,0,2,2,False,"[127.47970779220779, 319.5909090909091, 60.502435064935064]",6.335691701549033,2.5,0.644531,True,patches/LIDC-IDRI-0049_n02.npz,96,"[1, 2]","[1, 1]","[6, 6]","[5, 3]","[2, 1]","[1, 1]","[1, 1]","[5, 1]","[2, 2]",2.0,2.0,0.0
LIDC-IDRI-0049,1.3.6.1.4.1.14519.5.2.1.6279.6001.239358021703233250639913775427,0,3,1,False,"[272.6666666666667, 425.6190476190476, 61.0]",5.314938783969958,2.5,0.644531,True,patches/LIDC-IDRI-0049_n03.npz,96,[2],[1],[6],[4],[3],[1],[1],[3],[3],3.0,3.0,0.0
LIDC-IDRI-0049,1.3.6.1.4.1.14519.5.2.1.6279.6001.239358021703233250639913775427,0,4,3,False,"[145.07555555555555, 361.5488888888888, 63.69333333333333]",7.29529606664918,2.5,0.644531,True,patches/LIDC-IDRI-0049_n04.npz,96,"[4, 3, 4]","[1, 1, 1]","[6, 6, 6]","[4, 3, 3]","[5, 4, 4]","[1, 1, 2]","[1, 1, 2]","[5, 5, 5]","[2, 3, 2]",2.3333333333333335,2.0,0.4714045207910317
LIDC-IDRI-0049,1.3.6.1.4.1.14519.5.2.1.6279.6001.239358021703233250639913775427,0,5,3,False,"[361.96139443212616, 326.00197870878236, 65.63026153706512]",7.638828353096021,2.5,0.644531,True,patches/LIDC-IDRI-0049_n05.npz,96,"[2, 4, 5]","[1, 1, 1]","[6, 6, 6]","[4, 2, 4]","[4, 1, 4]","[1, 1, 2]","[1, 1, 2]","[5, 3, 5]","[3, 2, 2]",2.3333333333333335,2.0,0.4714045207910317
LIDC-IDRI-0049,1.3.6.1.4.1.14519.5.2.1.6279.6001.239358021703233250639913775427,0,6,1,False,"[215.65168539325842, 138.07303370786516, 66.07865168539325]",11.088930613384502,2.5,0.644531,True,patches/LIDC-IDRI-0049_n06.npz,96,[4],[1],[6],[4],[4],[1],[2],[5],[3],3.0,3.0,0.0
LIDC-IDRI-0049,1.3.6.1.4.1.14519.5.2.1.6279.6001.239358021703233250639913775427,0,7,3,False,"[367.6160111215649, 342.34029211270723, 66.64180541318142]",7.301630644931283,2.5,0.644531,True,patches/LIDC-IDRI-0049_n07.npz,96,"[3, 2, 5]","[1, 1, 1]","[6, 6, 6]","[4, 4, 4]","[3, 1, 4]","[1, 1, 3]","[1, 1, 2]","[5, 3, 5]","[3, 2, 2]",2.3333333333333335,2.0,0.4714045207910317
LIDC-IDRI-0049,1.3.6.1.4.1.14519.5.2.1.6279.6001.239358021703233250639913775427,0,8,4,False,"[227.29272346912734, 117.7245559495507, 66.78184161394742]",6.960838402147672,2.5,0.644531,True,patches/LIDC-IDRI-0049_n08.npz,96,"[4, 3, 3, 4]","[1, 1, 1, 1]","[6, 6, 6, 6]","[4, 5, 5, 4]","[5, 4, 1, 4]","[1, 1, 1, 2]","[1, 1, 2, 1]","[5, 5, 3, 5]","[3, 3, 2, 2]",2.5,2.5,0.5
LIDC-IDRI-0049,1.3.6.1.4.1.14519.5.2.1.6279.6001.239358021703233250639913775427,0,9,4,False,"[365.4348404335637, 178.2880544748061, 67.71222203906805]",11.566282571330039,2.5,0.644531,True,patches/LIDC-IDRI-0049_n09.npz,96,"[3, 3, 4, 5]","[1, 1, 1, 1]","[6, 6, 6, 6]","[3, 4, 4, 2]","[4, 5, 2, 3]","[1, 1, 2, 3]","[1, 2, 2, 2]","[5, 5, 4, 5]","[3, 4, 3, 4]",3.5,3.5,0.5
LIDC-IDRI-0049,1.3.6.1.4.1.14519.5.2.1.6279.6001.239358021703233250639913775427,0,10,4,False,"[145.73707503673305, 336.96013451892384, 69.0521625446044]",7.655062752172956,2.5,0.644531,True,patches/LIDC-IDRI-0049_n10.npz,96,"[4, 2, 4, 4]","[1, 1, 1, 1]","[6, 6, 6, 6]","[4, 4, 3, 4]","[5, 3, 2, 4]","[1, 1, 1, 2]","[1, 1, 2, 1]","[5, 5, 2, 5]","[2, 2, 3, 3]",2.5,2.5,0.5
LIDC-IDRI-0049,1.3.6.1.4.1.14519.5.2.1.6279.6001.239358021703233250639913775427,0,11,3,False,"[169.05761330219684, 361.2204527763363, 69.50538762036557]",6.056806055478056,2.5,0.644531,True,patches/LIDC-IDRI-0049_n11.npz,96,"[1, 3, 4]","[1, 1, 1]","[6, 6, 6]","[4, 2, 5]","[4, 2, 4]","[1, 1, 1]","[1, 1, 1]","[5, 1, 5]","[2, 1, 2]",1.6666666666666667,2.0,0.4714045207910317
LIDC-IDRI-0049,1.3.6.1.4.1.14519.5.2.1.6279.6001.239358021703233250639913775427,0,12,2,False,"[175.3518779342723, 345.3, 70.068779342723]",4.678796711339776,2.5,0.644531,True,patches/LIDC-IDRI-0049_n12.npz,96,"[2, 4]","[1, 1]","[6, 6]","[5, 3]","[5, 2]","[1, 1]","[1, 4]","[5, 3]","[2, 1]",1.5,1.5,0.5
LIDC-IDRI-0049,1.3.6.1.4.1.14519.5.2.1.6279.6001.239358021703233250639913775427,0,13,1,False,"[357.8333333333333, 331.10714285714283, 70.8452380952381]",9.68942554804905,2.5,0.644531,True,patches/LIDC-IDRI-0049_n13.npz,96,[3],[1],[6],[2],[1],[1],[1],[2],[2],2.0,2.0,0.0
LIDC-IDRI-0049,1.3.6.1.4.1.14519.5.2.1.6279.6001.239358021703233250639913775427,0,14,4,False,"[200.5777762923351, 170.04899286987524, 72.487192513369]",8.437585136701497,2.5,0.644531,True,patches/LIDC-IDRI-0049_n14.npz,96,"[4, 2, 4, 4]","[1, 1, 1, 1]","[6, 6, 6, 6]","[5, 4, 2, 4]","[5, 3, 2, 4]","[1, 1, 1, 2]","[1, 1, 1, 2]","[5, 5, 3, 5]","[2, 2, 2, 3]",2.25,2.0,0.4330127018922193
LIDC-IDRI-0050,1.3.6.1.4.1.14519.5.2.1.6279.6001.183982839679953938397312236359,0,0,4,False,"[325.8285776509458, 172.7138319372217, 93.55708615004278]",32.72064289205031,2.5,0.78125,True,patches/LIDC-IDRI-0050_n00.npz,96,"[5, 5, 5, 5]","[1, 1, 1, 1]","[6, 6, 6, 6]","[3, 4, 4, 5]","[3, 4, 3, 5]","[3, 5, 2, 4]","[5, 5, 3, 1]","[5, 5, 5, 5]","[5, 5, 3, 3]",4.0,4.0,1.0
LIDC-IDRI-0051,1.3.6.1.4.1.14519.5.2.1.6279.6001.779493719385047675154892222907,0,0,1,False,"[291.13157894736844, 101.0, 41.44736842105263]",7.7308230480331135,2.5,0.9375,True,patches/LIDC-IDRI-0051_n00.npz,96,[2],[1],[6],[3],[3],[1],[1],[4],[2],2.0,2.0,0.0
LIDC-IDRI-0051,1.3.6.1.4.1.14519.5.2.1.6279.6001.779493719385047675154892222907,0,1,4,False,"[191.5950453090455, 163.67391093641118, 79.08486491891361]",15.322426360220854,2.5,0.9375,True,patches/LIDC-IDRI-0051_n01.npz,96,"[4, 5, 5, 3]","[1, 1, 1, 1]","[6, 6, 6, 6]","[4, 5, 3, 5]","[4, 5, 5, 5]","[2, 1, 2, 1]","[1, 1, 1, 1]","[5, 5, 5, 5]","[4, 5, 4, 2]",3.75,4.0,1.0897247358851685
LIDC-IDRI-0051,1.3.6.1.4.1.14519.5.2.1.6279.6001.779493719385047675154892222907,0,2,4,False,"[243.42207150113043, 338.1935285281319, 94.51567066291045]",14.962905733419689,2.5,0.9375,True,patches/LIDC-IDRI-0051_n02.npz,96,"[4, 5, 2, 3]","[1, 1, 1, 1]","[6, 6, 6, 6]","[4, 5, 3, 5]","[4, 5, 3, 5]","[2, 1, 1, 1]","[2, 1, 2, 1]","[5, 5, 5, 5]","[4, 5, 3, 2]",3.5,3.5,1.118033988749895
LIDC-IDRI-0052,1.3.6.1.4.1.14519.5.2.1.6279.6001.126631670596873065041988320084,0,0,4,False,"[232.06970635515717, 348.08207861447977, 83.5900635512376]",11.461238877374216,1.25,0.742188,True,patches/LIDC-IDRI-0052_n00.npz,96,"[3, 3, 3, 3]","[1, 1, 1, 1]","[6, 6, 6, 6]","[3, 3, 3, 5]","[5, 5, 5, 5]","[1, 1, 1, 1]","[1, 1, 1, 1]","[5, 5, 5, 5]","[1, 2, 3, 2]",2.0,2.0,0.7071067811865476
LIDC-IDRI-0052,1.3.6.1.4.1.14519.5.2.1.6279.6001.126631670596873065041988320084,0,1,4,False,"[307.9015552148083, 158.61453621322437, 228.81023031455027]",28.78252019434365,1.25,0.742188,True,patches/LIDC-IDRI-0052_n01.npz,96,"[5, 5, 5, 5]","[1, 1, 1, 1]","[6, 6, 6, 6]","[3, 4, 3, 3]","[3, 3, 3, 5]","[3, 3, 5, 1]","[5, 5, 3, 3]","[5, 5, 5, 5]","[5, 5, 5, 4]",4.75,5.0,0.4330127018922193
LIDC-IDRI-0053,1.3.6.1.4.1.14519.5.2.1.6279.6001.300136985030081433029390459071,0,0,4,False,"[240.7051403049787, 412.319809748001, 35.81367620076202]",25.56026919328538,2.5,0.703125,True,patches/LIDC-IDRI-0053_n00.npz,96,"[5, 5, 5, 5]","[1, 1, 1, 1]","[6, 6, 6, 6]","[4, 5, 4, 4]","[4, 5, 5, 5]","[2, 3, 1, 3]","[2, 1, 1, 2]","[5, 5, 5, 5]","[4, 4, 5, 3]",4.0,4.0,0.7071067811865476
LIDC-IDRI-0053,1.3.6.1.4.1.14519.5.2.1.6279.6001.300136985030081433029390459071,0,1,4,False,"[172.65622490353374, 197.21366920861385, 46.709655624947374]",12.596769618268171,2.5,0.703125,True,patches/LIDC-IDRI-0053_n01.npz,96,"[4, 4, 5, 5]","[1, 1, 1, 1]","[6, 6, 6, 6]","[4, 4, 3, 3]","[5, 4, 4, 4]","[1, 2, 1, 2]","[1, 1, 2, 2]","[5, 5, 5, 4]","[3, 4, 4, 2]",3.25,3.5,0.82915619758885
LIDC-IDRI-0054,1.3.6.1.4.1.14519.5.2.1.6279.6001.174449669706458092793093760291,0,0,4,False,"[288.8623080947118, 402.3511216289538, 85.26923558792265]",20.01522705521207,2.5,0.78125,True,patches/LIDC-IDRI-0054_n00.npz,96,"[5, 5, 5, 3]","[1, 1, 1, 1]","[6, 6, 6, 6]","[3, 4, 3, 5]","[4, 4, 5, 5]","[2, 2, 2, 1]","[2, 3, 1, 1]","[5, 5, 5, 5]","[5, 4, 5, 2]",4.0,4.5,1.224744871391589
LIDC-IDRI-0055,1.3.6.1.4.1.14519.5.2.1.6279.6001.214252223927572015414741039150,0,0,6,True,"[207.88875653292178, 342.08649790962454, 90.81402252444506]",13.426131445372198,2.5,0.703125,True,patches/LIDC-IDRI-0055_n00.npz,96,"[4, 3, 4, 4, 4, 3]","[1, 1, 1, 1, 1, 1]","[6, 6, 6, 6, 6, 6]","[4, 3, 3, 4, 4, 3]","[5, 3, 3, 3, 1, 5]","[1, 2, 3, 3, 1, 3]","[1, 2, 4, 2, 2, 1]","[5, 4, 5, 4, 4, 5]","[2, 3, 4, 4, 4, 2]",3.1666666666666665,3.5,0.8975274678557507
LIDC-IDRI-0055,1.3.6.1.4.1.14519.5.2.1.6279.6001.214252223927572015414741039150,0,1,4,False,"[328.9943132948059, 410.4212808948031, 91.00570580896935]",9.186081627499757,2.5,0.703125,True,patches/LIDC-IDRI-0055_n01.npz,96,"[4, 4, 4, 1]","[1, 1, 1, 1]","[6, 6, 6, 6]","[4, 5, 4, 5]","[4, 3, 1, 2]","[2, 2, 1, 1]","[2, 1, 1, 1]","[5, 3, 4, 1]","[4, 4, 4, 2]",3.5,4.0,0.8660254037844386
LIDC-IDRI-0055,1.3.6.1.4.1.14519.5.2.1.6279.6001.214252223927572015414741039150,0,2,2,False,"[252.2092574734812, 381.83100289296044, 93.25675024108003]",6.234273362721256,2.5,0.703125,True,patches/LIDC-IDRI-0055_n02.npz,96,"[2, 3]","[1, 1]","[6, 6]","[4, 4]","[2, 1]","[1, 1]","[1, 1]","[1, 2]","[3, 3]",3.0,3.0,0.0
LIDC-IDRI-0055,1.3.6.1.4.1.14519.5.2.1.6279.6001.214252223927572015414741039150,0,3,1,False,"[336.42424242424244, 230.78787878787878, 100.48484848484848]",4.716705890038619,2.5,0.703125,True,patches/LIDC-IDRI-0055_n03.npz,96,[1],[1],[6],[5],[1],[1],[1],[1],[3],3.0,3.0,0.0
LIDC-IDRI-0055,1.3.6.1.4.1.14519.5.2.1.6279.6001.214252223927572015414741039150,0,4,4,False,"[290.3477299222028, 186.22052086424097, 121.371998987571]",15.315359968164623,2.5,0.703125,True,patches/LIDC-IDRI-0055_n04.npz,96,"[5, 4, 5, 5]","[1, 1, 1, 1]","[6, 6, 6, 6]","[4, 3, 3, 5]","[4, 3, 4, 5]","[2, 4, 1, 4]","[3, 4, 4, 1]","[5, 3, 4, 5]","[5, 4, 5, 3]",4.25,4.5,0.82915619758885
LIDC-IDRI-0055,1.3.6.1.4.1.14519.5.2.1.6279.6001.214252223927572015414741039150,0,5,1,False,"[283.4102564102564, 313.15384615384613, 121.94871794871794]",4.099888051063102,2.5,0.703125,True,patches/LIDC-IDRI-0055_n05.npz,96,[1],[1],[6],[5],[1],[1],[2],[1],[3],3.0,3.0,0.0
LIDC-IDRI-0055,1.3.6.1.4.1.14519.5.2.1.6279.6001.214252223927572015414741039150,0,6,2,False,"[286.2191780821918, 374.8983417447729, 122.75234318673395]",12.621421607981876,2.5,0.703125,True,patches/LIDC-IDRI-0055_n06.npz,96,"[2, 5]","[1, 1]","[6, 6]","[4, 5]","[1, 4]","[1, 1]","[2, 4]","[1, 4]","[3, 3]",3.0,3.0,0.0
LIDC-IDRI-0056,1.3.6.1.4.1.14519.5.2.1.6279.6001.161067514225109999586362698069,0,0,4,False,"[303.86391361093666, 305.58133578237545, 79.53109204211538]",12.94819895725476,1.25,0.826172,True,patches/LIDC-IDRI-0056_n00.npz,96,"[4, 3, 2, 5]","[1, 1, 1, 1]","[6, 6, 6, 6]","[3, 4, 4, 5]","[4, 4, 4, 5]","[2, 2, 2, 4]","[2, 2, 1, 1]","[5, 5, 5, 5]","[4, 3, 3, 3]",3.25,3.0,0.4330127018922193
LIDC-IDRI-0056,1.3.6.1.4.1.14519.5.2.1.6279.6001.161067514225109999586362698069,0,1,3,False,"[295.9590802785442, 148.91150965707527, 118.03846800683222]",6.014622947446676,1.25,0.826172,True,patches/LIDC-IDRI-0056_n01.npz,96,"[3, 2, 3]","[1, 1, 1]","[6, 6, 6]","[4, 5, 5]","[5, 3, 5]","[2, 1, 1]","[1, 1, 1]","[5, 5, 5]","[3, 2, 2]",2.3333333333333335,2.0,0.4714045207910317
LIDC-IDRI-0056,1.3.6.1.4.1.14519.5.2.1.6279.6001.161067514225109999586362698069,0,2,3,False,"[277.4939544700739, 362.66010208696775, 172.68658008658008]",6.231379452015504,1.25,0.826172,True,patches/LIDC-IDRI-0056_n02.npz,96,"[1, 1, 3]","[1, 1, 1]","[6, 6, 6]","[5, 3, 4]","[4, 4, 5]","[1, 1, 1]","[1, 1, 1]","[5, 5, 5]","[2, 3, 2]",2.3333333333333335,2.0,0.4714045207910317
LIDC-IDRI-0057,1.3.6.1.4.1.14519.5.2.1.6279.6001.252634638822000832774167856951,0,0,4,False,"[349.27661125070506, 343.62872702155255, 162.64069163588042]",30.851935468563035,1.25,0.730469,False,patches/LIDC-IDRI-0057_n00.npz,96,"[5, 5, 5, 5]","[1, 1, 1, 1]","[6, 6, 6, 6]","[2, 4, 2, 3]","[3, 4, 4, 1]","[3, 4, 4, 4]","[5, 4, 4, 5]","[5, 5, 5, 5]","[5, 5, 5, 4]",4.75,5.0,0.4330127018922193
LIDC-IDRI-0058,1.3.6.1.4.1.14519.5.2.1.6279.6001.323408652979949774528873200770,0,0,3,False,"[265.07646327774, 365.4574552161607, 68.39443616354804]",37.15508208607756,2.5,0.703125,True,patches/LIDC-IDRI-0058_n00.npz,96,"[5, 5, 5]","[1, 1, 1]","[6, 6, 6]","[3, 3, 3]","[3, 4, 4]","[3, 5, 2]","[5, 2, 5]","[5, 5, 5]","[5, 5, 5]",5.0,5.0,0.0
LIDC-IDRI-0058,1.3.6.1.4.1.14519.5.2.1.6279.6001.323408652979949774528873200770,0,1,2,False,"[198.8345908868202, 164.36065654091132, 87.5187163155316]",10.198196849197075,2.5,0.703125,True,patches/LIDC-IDRI-0058_n01.npz,96,"[2, 1]","[1, 1]","[6, 6]","[3, 5]","[1, 2]","[2, 1]","[3, 1]","[1, 1]","[3, 2]",2.5,2.5,0.5
LIDC-IDRI-0058,1.3.6.1.4.1.14519.5.2.1.6279.6001.323408652979949774528873200770,0,2,4,False,"[329.3763664834474, 370.22570544828295, 106.21584386912534]",29.761583388436105,2.5,0.703125,True,patches/LIDC-IDRI-0058_n02.npz,96,"[5, 5, 5, 5]","[1, 1, 1, 1]","[6, 6, 6, 6]","[3, 3, 3, 5]","[3, 4, 2, 5]","[3, 2, 5, 4]","[2, 5, 2, 1]","[5, 5, 5, 5]","[5, 5, 3, 3]",4.0,4.0,1.0
LIDC-IDRI-0059,1.3.6.1.4.1.14519.5.2.1.6279.6001.128023902651233986592378348912,0,0,4,False,"[381.93096096983226, 323.4008302957077, 100.55229699358537]",13.40390112095652,2.5,0.703125,True,patches/LIDC-IDRI-0059_n00.npz,96,"[4, 4, 4, 5]","[1, 1, 1, 1]","[6, 6, 6, 6]","[2, 4, 3, 5]","[3, 2, 2, 4]","[2, 5, 3, 1]","[3, 2, 2, 5]","[5, 4, 5, 4]","[5, 4, 4, 4]",4.25,4.0,0.4330127018922193
LIDC-IDRI-0060,1.3.6.1.4.1.14519.5.2.1.6279.6001.463214953282361219537913355115,0,0,4,False,"[303.3925341095623, 383.53882895960993, 40.49672928162395]",13.906047066969784,2.5,0.703125,True,patches/LIDC-IDRI-0060_n00.npz,96,"[4, 4, 4, 5]","[1, 1, 1, 1]","[6, 6, 6, 6]","[3, 5, 5, 4]","[3, 3, 3, 4]","[2, 4, 3, 2]","[3, 4, 3, 5]","[3, 5, 4, 5]","[5, 5, 3, 4]",4.25,4.5,0.82915619758885
LIDC-IDRI-0060,1.3.6.1.4.1.14519.5.2.1.6279.6001.463214953282361219537913355115,0,1,2,False,"[234.02772887323943, 397.868691314554, 62.814774061032864]",20.414841928417008,2.5,0.703125,True,patches/LIDC-IDRI-0060_n01.npz,96,"[4, 5]","[1, 1]","[6, 6]","[3, 3]","[4, 3]","[2, 3]","[3, 3]","[5, 5]","[5, 5]",5.0,5.0,0.0
LIDC-IDRI-0060,1.3.6.1.4.1.14519.5.2.1.6279.6001.463214953282361219537913355115,0,2,1,False,"[250.7912087912088, 387.7362637362637, 77.53846153846153]",13.867792680456576,2.5,0.703125,True,patches/LIDC-IDRI-0060_n02.npz,96,[4],[1],[6],[3],[2],[5],[4],[4],[5],5.0,5.0,0.0
LIDC-IDRI-0060,1.3.6.1.4.1.14519.5.2.1.6279.6001.463214953282361219537913355115,0,3,3,False,"[225.19634589587722, 343.45275044425875, 86.62372825449626]",15.442491831312287,2.5,0.703125,True,patches/LIDC-IDRI-0060_n03.npz,96,"[4, 4, 5]","[1, 1, 1]","[6, 6, 6]","[3, 3, 4]","[3, 1, 3]","[2, 2, 5]","[3, 3, 4]","[4, 5, 5]","[5, 4, 5]",4.666666666666667,5.0,0.4714045207910317
LIDC-IDRI-0060,1.3.6.1.4.1.14519.5.2.1.6279.6001.463214953282361219537913355115,0,4,1,False,"[334.21311475409834, 184.4262295081967, 92.45901639344262]",11.337549958544836,2.5,0.703125,True,patches/LIDC-IDRI-0060_n04.npz,96,[5],[1],[6],[3],[1],[4],[4],[2],[4],4.0,4.0,0.0
LIDC-IDRI-0060,1.3.6.1.4.1.14519.5.2.1.6279.6001.463214953282361219537913355115,0,5,2,False,"[246.86043091655267, 171.9499316005472, 94.66456908344733]",25.87264359276909,2.5,0.703125,True,patches/LIDC-IDRI-0060_n05.npz,96,"[5, 4]","[1, 4]","[6, 6]","[3, 3]","[3, 2]","[3, 2]","[3, 2]","[3, 5]","[5, 4]",4.5,4.5,0.5
LIDC-IDRI-0061,1.3.6.1.4.1.14519.5.2.1.6279.6001.287966244644280690737019247886,0,0,4,False,"[336.2803016410588, 383.3818082408482, 38.79239443182601]",23.580196468599585,2.5,0.820312,True,patches/LIDC-IDRI-0061_n00.npz,96,"[4, 5, 5, 3]","[1, 1, 1, 1]","[6, 6, 6, 6]","[3, 5, 4, 5]","[4, 5, 5, 5]","[2, 1, 1, 1]","[1, 1, 1, 1]","[5, 5, 5, 5]","[4, 5, 5, 2]",4.0,4.5,1.224744871391589
LIDC-IDRI-0061,1.3.6.1.4.1.14519.5.2.1.6279.6001.287966244644280690737019247886,0,1,1,False,"[310.73514137334104, 241.38257357184074, 57.190421234852856]",32.03420766071171,2.5,0.820312,True,patches/LIDC-IDRI-0061_n01.npz,96,[3],[1],[6],[5],[5],[1],[1],[5],[2],2.0,2.0,0.0
LIDC-IDRI-0061,1.3.6.1.4.1.14519.5.2.1.6279.6001.287966244644280690737019247886,0,2,3,False,"[241.65742365742366, 397.5325845325845, 68.88288288288288]",8.234042169031257,2.5,0.820312,True,patches/LIDC-IDRI-0061_n02.npz,96,"[3, 3, 3]","[1, 1, 1]","[6, 6, 6]","[3, 3, 5]","[5, 2, 5]","[1, 1, 1]","[1, 1, 1]","[5, 2, 5]","[3, 3, 2]",2.6666666666666665,3.0,0.4714045207910317
LIDC-IDRI-0061,1.3.6.1.4.1.14519.5.2.1.6279.6001.287966244644280690737019247886,0,3,4,False,"[298.3858779371997, 286.147364117467, 88.3704777104474]",12.752605761779737,2.5,0.820312,True,patches/LIDC-IDRI-0061_n03.npz,96,"[3, 4, 3, 3]","[1, 1, 1, 1]","[6, 6, 6, 6]","[4, 3, 4, 5]","[5, 5, 5, 5]","[1, 1, 1, 1]","[1, 1, 1, 1]","[5, 5, 5, 5]","[3, 3, 3, 2]",2.75,3.0,0.4330127018922193
LIDC-IDRI-0061,1.3.6.1.4.1.14519.5.2.1.6279.6001.287966244644280690737019247886,0,4,4,False,"[201.29641347771363, 332.22350358191704, 90.07806757439943]",11.750609288870839,2.5,0.820312,True,patches/LIDC-IDRI-0061_n04.npz,96,"[4, 4, 4, 3]","[1, 1, 1, 1]","[6, 6, 6, 6]","[3, 3, 3, 5]","[5, 5, 4, 5]","[1, 1, 1, 1]","[1, 1, 1, 1]","[5, 5, 5, 5]","[2, 3, 3, 2]",2.5,2.5,0.5
LIDC-IDRI-0061,1.3.6.1.4.1.14519.5.2.1.6279.6001.287966244644280690737019247886,0,5,3,False,"[360.4155821353316, 340.92876581697914, 91.62067159758118]",37.90469369897283,2.5,0.820312,True,patches/LIDC-IDRI-0061_n05.npz,96,"[5, 5, 3]","[1, 1, 1]","[6, 6, 6]","[5, 4, 5]","[5, 4, 5]","[1, 2, 1]","[1, 1, 1]","[5, 5, 5]","[5, 5, 2]",4.0,5.0,1.4142135623730951
LIDC-IDRI-0063,1.3.6.1.4.1.14519.5.2.1.6279.6001.272190966764020277652079081128,0,0,1,False,"[307.7027027027027, 121.91891891891892, 59.513513513513516]",6.2986388658582415,2.5,0.78125,False,patches/LIDC-IDRI-0063_n00.npz,96,[2],[1],[3],[2],[5],[1],[1],[5],[1],1.0,1.0,0.0
LIDC-IDRI-0063,1.3.6.1.4.1.14519.5.2.1.6279.6001.272190966764020277652079081128,0,1,3,False,"[332.7946309011877, 187.3907758894145, 66.68214193690682]",10.481181049385377,2.5,0.78125,False,patches/LIDC-IDRI-0063_n01.npz,96,"[4, 3, 3]","[1, 4, 4]","[6, 6, 6]","[4, 5, 4]","[5, 4, 5]","[1, 1, 2]","[1, 2, 1]","[3, 2, 5]","[4, 3, 3]",3.3333333333333335,3.0,0.4714045207910317
LIDC-IDRI-0063,1.3.6.1.4.1.14519.5.2.1.6279.6001.272190966764020277652079081128,0,2,2,False,"[300.57329395858534, 219.0030331601793, 90.39608980288907]",13.125420014741513,2.5,0.78125,False,patches/LIDC-IDRI-0063_n02.npz,96,"[5, 4]","[1, 1]","[6, 6]","[3, 4]","[3, 4]","[3, 3]","[3, 4]","[5, 5]","[5, 4]",4.5,4.5,0.5
LIDC-IDRI-0063,1.3.6.1.4.1.14519.5.2.1.6279.6001.272190966764020277652079081128,0,3,4,False,"[281.95917826813417, 132.84196602791815, 105.78843183097261]",8.534012638112312,2.5,0.78125,False,patches/LIDC-IDRI-0063_n03.npz,96,"[4, 4, 4, 3]","[1, 1, 1, 1]","[6, 6, 6, 6]","[4, 5, 5, 5]","[5, 4, 4, 5]","[1, 1, 1, 1]","[1, 1, 1, 1]","[5, 4, 4, 5]","[3, 3, 3, 2]",2.75,3.0,0.4330127018922193
LIDC-IDRI-0064,1.3.6.1.4.1.14519.5.2.1.6279.6001.487268565754493433372433148666,0,0,4,False,"[252.30155938554762, 397.5462004898649, 77.50797601472597]",29.790759554522907,2.5,0.78125,True,patches/LIDC-IDRI-0064_n00.npz,96,"[5, 5, 5, 3]","[1, 1, 1, 1]","[6, 6, 6, 6]","[4, 5, 5, 5]","[4, 5, 4, 5]","[1, 3, 2, 1]","[1, 1, 1, 1]","[5, 5, 5, 5]","[3, 4, 3, 2]",3.0,3.0,0.7071067811865476
LIDC-IDRI-0064,1.3.6.1.4.1.14519.5.2.1.6279.6001.487268565754493433372433148666,0,1,4,False,"[307.66309635629375, 196.16630062257985, 111.40146368523446]",23.55997380778714,2.5,0.78125,True,patches/LIDC-IDRI-0064_n01.npz,96,"[4, 5, 5, 5]","[1, 1, 1, 1]","[6, 6, 6, 6]","[3, 4, 4, 5]","[4, 4, 3, 5]","[2, 5, 5, 4]","[2, 1, 2, 1]","[5, 5, 4, 5]","[5, 5, 3, 3]",4.0,4.0,1.0
LIDC-IDRI-0065,1.3.6.1.4.1.14519.5.2.1.6279.6001.163217526257871051722166468085,0,0,2,False,"[376.4558823529412, 295.02941176470586, 89.52941176470588]",6.09256812013474,1.25,0.871094,False,patches/LIDC-IDRI-0065_n00.npz,96,"[1, 1]","[1, 1]","[6, 6]","[5, 4]","[3, 4]","[1, 1]","[1, 1]","[4, 5]","[3, 3]",3.0,3.0,0.0
LIDC-IDRI-0066,1.3.6.1.4.1.14519.5.2.1.6279.6001.430109407146633213496148200410,0,0,4,False,"[369.8284564324453, 417.8566750388122, 449.05363905128456]",11.536296924432145,0.6,0.63671875,False,patches/LIDC-IDRI-0066_n00.npz,96,"[5, 4, 4, 5]","[1, 1, 1, 1]","[6, 6, 6, 6]","[3, 3, 3, 5]","[3, 4, 3, 5]","[3, 3, 3, 4]","[4, 2, 3, 1]","[5, 5, 5, 5]","[3, 4, 4, 3]",3.5,3.5,0.5
LIDC-IDRI-0066,1.3.6.1.4.1.14519.5.2.1.6279.6001.430109407146633213496148200410,0,1,4,False,"[355.31846857650737, 194.54041394156164, 582.5311358368543]",22.00835902353065,0.6,0.63671875,False,patches/LIDC-IDRI-0066_n01.npz,96,"[5, 4, 5, 5]","[1, 1, 1, 1]","[6, 6, 6, 6]","[3, 2, 3, 5]","[1, 3, 3, 4]","[4, 4, 5, 1]","[3, 4, 4, 5]","[5, 5, 5, 4]","[4, 4, 5, 4]",4.25,4.0,0.4330127018922193
LIDC-IDRI-0066,1.3.6.1.4.1.14519.5.2.1.6279.6001.430109407146633213496148200410,0,2,3,False,"[332.010162908728, 317.2279914818262, 662.5354288902038]",9.716586808558034,0.6,0.63671875,False,patches/LIDC-IDRI-0066_n02.npz,96,"[4, 4, 5]","[1, 1, 1]","[6, 6, 6]","[2, 3, 5]","[2, 3, 4]","[3, 2, 1]","[3, 3, 5]","[3, 5, 4]","[3, 4, 4]",3.6666666666666665,4.0,0.4714045207910317
LIDC-IDRI-0067,1.3.6.1.4.1.14519.5.2.1.6279.6001.228511122591230092662900221600,0,0,4,False,"[280.391870648195, 428.163664141027, 114.31165643337141]",11.605210960735686,1.25,0.78125,True,patches/LIDC-IDRI-0067_n00.npz,96,"[4, 5, 5, 5]","[1, 1, 1, 1]","[6, 6, 6, 6]","[4, 5, 3, 5]","[5, 5, 5, 5]","[1, 1, 2, 1]","[2, 1, 1, 1]","[5, 5, 4, 5]","[4, 4, 4, 2]",3.5,4.0,0.8660254037844386
LIDC-IDRI-0067,1.3.6.1.4.1.14519.5.2.1.6279.6001.228511122591230092662900221600,0,1,4,False,"[304.9357585517442, 420.3481608447603, 129.5684697775617]",7.867990807029553,1.25,0.78125,True,patches/LIDC-IDRI-0067_n01.npz,96,"[4, 4, 4, 5]","[1, 1, 1, 1]","[6, 6, 2, 6]","[4, 5, 5, 4]","[5, 5, 3, 3]","[1, 1, 1, 1]","[1, 1, 1, 1]","[5, 5, 3, 5]","[3, 2, 3, 2]",2.5,2.5,0.5
LIDC-IDRI-0067,1.3.6.1.4.1.14519.5.2.1.6279.6001.228511122591230092662900221600,0,2,4,False,"[223.68904273231232, 256.19995265259325, 138.89124218345646]",9.072718576134061,1.25,0.78125,True,patches/LIDC-IDRI-0067_n02.npz,96,"[4, 3, 3, 3]","[1, 1, 1, 1]","[6, 6, 6, 6]","[4, 4, 4, 5]","[4, 5, 3, 5]","[1, 1, 4, 1]","[2, 2, 2, 1]","[5, 5, 4, 5]","[4, 3, 3, 2]",3.0,3.0,0.7071067811865476
LIDC-IDRI-0067,1.3.6.1.4.1.14519.5.2.1.6279.6001.228511122591230092662900221600,0,3,2,False,"[312.9049445865303, 418.2340153452685, 173.11935208866154]",7.727524656832866,1.25,0.78125,True,patches/LIDC-IDRI-0067_n03.npz,96,"[3, 4]","[1, 1]","[6, 6]","[3, 3]","[5, 1]","[2, 1]","[2, 3]","[5, 4]","[2, 2]",2.0,2.0,0.0
LIDC-IDRI-0068,1.3.6.1.4.1.14519.5.2.1.6279.6001.187108608022306504546286626125,0,0,4,False,"[341.713497033619, 324.0340035157109, 118.82613711272248]",6.0462729426363,1.25,0.683594,True,patches/LIDC-IDRI-0068_n00.npz,96,"[3, 4, 4, 3]","[1, 1, 1, 1]","[6, 6, 6, 6]","[5, 3, 4, 4]","[5, 5, 5, 5]","[1, 2, 2, 1]","[1, 1, 1, 1]","[5, 5, 5, 5]","[2, 3, 3, 3]",2.75,3.0,0.4330127018922193
LIDC-IDRI-0068,1.3.6.1.4.1.14519.5.2.1.6279.6001.187108608022306504546286626125,0,1,4,False,"[216.4042481674212, 411.8744920923361, 149.39263485423749]",7.677836996690582,1.25,0.683594,True,patches/LIDC-IDRI-0068_n01.npz,96,"[3, 4, 4, 3]","[1, 1, 1, 1]","[6, 6, 6, 6]","[5, 3, 4, 4]","[5, 5, 5, 5]","[1, 1, 1, 1]","[1, 2, 1, 1]","[5, 5, 5, 5]","[2, 3, 3, 4]",3.0,3.0,0.7071067811865476
LIDC-IDRI-0068,1.3.6.1.4.1.14519.5.2.1.6279.6001.187108608022306504546286626125,0,2,4,False,"[346.06201188927884, 177.87022191454614, 156.26641849264294]",10.1593916565712,1.25,0.683594,True,patches/LIDC-IDRI-0068_n02.npz,96,"[3, 5, 5, 4]","[1, 1, 1, 1]","[6, 6, 6, 6]","[5, 3, 4, 4]","[5, 5, 5, 4]","[1, 1, 2, 1]","[1, 3, 1, 1]","[5, 5, 5, 5]","[2, 4, 5, 3]",3.5,3.5,1.118033988749895
LIDC-IDRI-0068,1.3.6.1.4.1.14519.5.2.1.6279.6001.187108608022306504546286626125,0,3,2,False,"[282.9766505636071, 101.87117552334944, 166.96296296296296]",5.358703911860161,1.25,0.683594,True,patches/LIDC-IDRI-0068_n03.npz,96,"[4, 3]","[1, 1]","[6, 6]","[3, 4]","[5, 5]","[1, 2]","[2, 1]","[5, 5]","[3, 2]",2.5,2.5,0.5
LIDC-IDRI-0068,1.3.6.1.4.1.14519.5.2.1.6279.6001.187108608022306504546286626125,0,4,4,False,"[222.35589707504505, 410.66284463453667, 207.06259595454043]",12.510066792112974,1.25,0.683594,True,patches/LIDC-IDRI-0068_n04.npz,96,"[3, 5, 5, 4]","[1, 1, 1, 1]","[6, 6, 6, 6]","[5, 4, 3, 4]","[5, 5, 5, 5]","[1, 1, 1, 1]","[1, 2, 1, 1]","[5, 5, 5, 5]","[2, 4, 5, 3]",3.5,3.5,1.118033988749895
LIDC-IDRI-0068,1.3.6.1.4.1.14519.5.2.1.6279.6001.187108608022306504546286626125,0,5,4,False,"[204.04346687997895, 157.6148454832587, 214.68846645407797]",14.026190438869529,1.25,0.683594,True,patches/LIDC-IDRI-0068_n05.npz,96,"[3, 5, 5, 4]","[1, 1, 1, 1]","[6, 6, 6, 6]","[5, 5, 4, 4]","[5, 5, 5, 5]","[1, 2, 3, 1]","[1, 3, 2, 2]","[5, 5, 5, 5]","[2, 4, 5, 4]",3.75,4.0,1.0897247358851685
LIDC-IDRI-0069,1.3.6.1.4.1.14519.5.2.1.6279.6001.131939324905446238286154504249,0,0,4,False,"[369.0607414821925, 168.08922689352136, 39.95884566665198]",12.648800245016739,2.0,0.741,True,patches/LIDC-IDRI-0069_n00.npz,96,"[3, 2, 2, 3]","[1, 1, 1, 1]","[6, 6, 6, 6]","[5, 4, 4, 5]","[5, 4, 5, 3]","[5, 2, 4, 5]","[5, 1, 5, 5]","[5, 5, 5, 4]","[5, 2, 3, 3]",3.25,3.0,1.0897247358851685
LIDC-IDRI-0069,1.3.6.1.4.1.14519.5.2.1.6279.6001.131939324905446238286154504249,0,1,1,False,"[339.4375, 226.1875, 52.0]",4.686495492369536,2.0,0.741,True,patches/LIDC-IDRI-0069_n01.npz,96,[2],[1],[6],[4],[4],[5],[5],[5],[2],2.0,2.0,0.0
LIDC-IDRI-0069,1.3.6.1.4.1.14519.5.2.1.6279.6001.131939324905446238286154504249,0,2,4,False,"[372.2893897222484, 123.45349492279499, 82.6412806092635]",24.299615255500765,2.0,0.741,True,patches/LIDC-IDRI-0069_n02.npz,96,"[5, 4, 5, 5]","[1, 1, 1, 1]","[6, 6, 6, 6]","[4, 3, 4, 4]","[5, 3, 3, 3]","[5, 4, 5, 3]","[4, 2, 3, 5]","[5, 5, 5, 4]","[5, 3, 4, 2]",3.5,3.5,1.118033988749895
LIDC-IDRI-0070,1.3.6.1.4.1.14519.5.2.1.6279.6001.178391668569567816549737454720,0,0,2,False,"[186.89285714285714, 130.32142857142858, 69.35714285714286]",5.403210198505334,2.5,0.742188,True,patches/LIDC-IDRI-0070_n00.npz,96,"[2, 2]","[1, 1]","[6, 6]","[4, 2]","[5, 4]","[1, 1]","[1, 1]","[5, 5]","[2, 3]",2.5,2.5,0.5
LIDC-IDRI-0070,1.3.6.1.4.1.14519.5.2.1.6279.6001.178391668569567816549737454720,0,1,3,False,"[227.35704133265108, 375.48510432656775, 79.45286826994145]",7.292419417853163,2.5,0.742188,True,patches/LIDC-IDRI-0070_n01.npz,96,"[4, 2, 1]","[1, 1, 1]","[6, 6, 6]","[4, 5, 5]","[5, 3, 4]","[1, 1, 2]","[1, 1, 1]","[5, 5, 4]","[3, 2, 3]",2.6666666666666665,3.0,0.4714045207910317
LIDC-IDRI-0070,1.3.6.1.4.1.14519.5.2.1.6279.6001.178391668569567816549737454720,0,2,2,False,"[207.97222222222223, 181.36111111111111, 84.0]",4.978748460253833,2.5,0.742188,True,patches/LIDC-IDRI-0070_n02.npz,96,"[1, 2]","[1, 1]","[6, 6]","[5, 4]","[5, 4]","[1, 1]","[1, 1]","[5, 5]","[2, 1]",1.5,1.5,0.5
LIDC-IDRI-0072,1.3.6.1.4.1.14519.5.2.1.6279.6001.153985109349433321657655488650,0,0,3,False,"[266.4284392379115, 178.79433137072297, 256.69410086765293]",43.473965282864306,1.25,0.732422,True,patches/LIDC-IDRI-0072_n00.npz,96,"[5, 5, 5]","[1, 1, 1]","[6, 6, 6]","[3, 3, 2]","[1, 4, 3]","[3, 3, 2]","[5, 4, 4]","[3, 4, 5]","[5, 5, 5]",5.0,5.0,0.0
LIDC-IDRI-0073,1.3.6.1.4.1.14519.5.2.1.6279.6001.279300249795483097365868125932,0,0,1,False,"[329.8618421052632, 305.89473684210526, 55.96052631578947]",15.047532111819864,2.5,0.703125,True,patches/LIDC-IDRI-0073_n00.npz,96,[3],[1],[6],[2],[1],[1],[1],[3],[1],1.0,1.0,0.0
LIDC-IDRI-0073,1.3.6.1.4.1.14519.5.2.1.6279.6001.279300249795483097365868125932,0,1,2,False,"[366.12928427419354, 324.2726814516129, 61.62651209677419]",10.274571146939932,2.5,0.703125,True,patches/LIDC-IDRI-0073_n01.npz,96,"[3, 4]","[1, 1]","[6, 6]","[3, 4]","[4, 2]","[2, 2]","[1, 1]","[5, 3]","[4, 2]",3.0,3.0,1.0
LIDC-IDRI-0073,1.3.6.1.4.1.14519.5.2.1.6279.6001.279300249795483097365868125932,0,2,4,False,"[270.0034980652734, 338.7997545236258, 109.94376659252634]",21.662939739215172,2.5,0.703125,True,patches/LIDC-IDRI-0073_n02.npz,96,"[5, 4, 5, 3]","[1, 1, 1, 1]","[6, 6, 6, 6]","[3, 5, 5, 5]","[4, 3, 5, 5]","[2, 2, 4, 1]","[1, 2, 2, 1]","[5, 5, 5, 5]","[5, 4, 5, 2]",4.0,4.5,1.224744871391589
LIDC-IDRI-0074,1.3.6.1.4.1.14519.5.2.1.6279.6001.339546614783708685476232944897,0,0,3,False,"[241.55905198510513, 179.7102847368009, 79.93384438376467]",24.748218155472955,2.5,0.703125,True,patches/LIDC-IDRI-0074_n00.npz,96,"[5, 5, 5]","[1, 1, 1]","[6, 6, 6]","[3, 4, 3]","[4, 4, 5]","[2, 4, 2]","[3, 2, 2]","[5, 5, 5]","[5, 5, 2]",4.0,5.0,1.4142135623730951
LIDC-IDRI-0075,1.3.6.1.4.1.14519.5.2.1.6279.6001.177086402277715068525592995222,0,0,1,False,"[362.35897435897436, 311.79487179487177, 86.15384615384616]",5.830449435935449,1.25,0.921875,False,patches/LIDC-IDRI-0075_n00.npz,96,[1],[1],[6],[3],[2],[1],[1],[1],[3],3.0,3.0,0.0
LIDC-IDRI-0075,1.3.6.1.4.1.14519.5.2.1.6279.6001.177086402277715068525592995222,0,1,3,False,"[319.5347958862796, 183.61982951650657, 160.41543826330076]",44.93582368135128,1.25,0.921875,False,patches/LIDC-IDRI-0075_n01.npz,96,"[5, 5, 5]","[1, 1, 1]","[6, 6, 6]","[3, 3, 2]","[3, 4, 4]","[5, 3, 2]","[5, 4, 5]","[4, 5, 5]","[5, 5, 5]",5.0,5.0,0.0
LIDC-IDRI-0075,1.3.6.1.4.1.14519.5.2.1.6279.6001.177086402277715068525592995222,0,2,1,False,"[312.1521739130435, 347.95108695652175, 178.83152173913044]",16.619337910341827,1.25,0.921875,False,patches/LIDC-IDRI-0075_n02.npz,96,[2],[1],[6],[2],[1],[2],[2],[3],[3],3.0,3.0,0.0
LIDC-IDRI-0075,1.3.6.1.4.1.14519.5.2.1.6279.6001.177086402277715068525592995222,0,3,4,False,"[253.34234212071382, 194.2666127065263, 219.57186672071143]",14.810061679797219,1.25,0.921875,False,patches/LIDC-IDRI-0075_n03.npz,96,"[3, 3, 3, 3]","[1, 1, 1, 1]","[6, 6, 6, 6]","[2, 3, 3, 3]","[3, 5, 3, 3]","[1, 1, 1, 3]","[3, 1, 2, 3]","[1, 2, 4, 2]","[3, 3, 3, 3]",3.0,3.0,0.0
LIDC-IDRI-0076,1.3.6.1.4.1.14519.5.2.1.6279.6001.479402560265137632920333093071,0,0,4,False,"[285.7195532185206, 73.70836815358555, 75.46085191981932]",10.519987979517683,1.25,0.787109,False,patches/LIDC-IDRI-0076_n00.npz,96,"[4, 5, 3, 5]","[1, 1, 1, 1]","[6, 6, 6, 6]","[3, 4, 4, 4]","[4, 5, 3, 5]","[1, 1, 4, 1]","[2, 1, 1, 1]","[5, 5, 4, 5]","[4, 3, 3, 1]",2.75,3.0,1.0897247358851685
LIDC-IDRI-0076,1.3.6.1.4.1.14519.5.2.1.6279.6001.479402560265137632920333093071,0,1,4,False,"[288.90287934011855, 88.37213078427777, 130.56619444953847]",8.801275848300419,1.25,0.787109,False,patches/LIDC-IDRI-0076_n01.npz,96,"[4, 3, 3, 1]","[1, 1, 1, 1]","[6, 6, 6, 6]","[4, 3, 3, 5]","[5, 3, 1, 2]","[1, 1, 1, 1]","[1, 1, 1, 1]","[2, 1, 3, 1]","[4, 3, 3, 2]",3.0,3.0,0.7071067811865476
LIDC-IDRI-0077,1.3.6.1.4.1.14519.5.2.1.6279.6001.669435869708883155232318480131,0,0,4,False,"[289.66003755760823, 221.47111510156932, 71.59100815852167]",23.488189715600278,2.5,0.664062,True,patches/LIDC-IDRI-0077_n00.npz,96,"[5, 5, 5, 5]","[1, 1, 1, 1]","[6, 6, 6, 6]","[4, 5, 5, 4]","[4, 5, 5, 5]","[2, 1, 4, 1]","[2, 1, 1, 2]","[5, 5, 5, 5]","[5, 5, 5, 2]",4.25,5.0,1.299038105676658
LIDC-IDRI-0077,1.3.6.1.4.1.14519.5.2.1.6279.6001.669435869708883155232318480131,0,1,1,False,"[279.2717391304348, 382.2717391304348, 107.56521739130434]",7.571471731421852,2.5,0.664062,True,patches/LIDC-IDRI-0077_n01.npz,96,[2],[1],[6],[4],[1],[2],[2],[3],[3],3.0,3.0,0.0
LIDC-IDRI-0078,1.3.6.1.4.1.14519.5.2.1.6279.6001.303494235102183795724852353824,0,0,4,False,"[311.49780802004307, 330.2463850494521, 25.42844535712659]",23.945243013406692,3.0,0.65,True,patches/LIDC-IDRI-0078_n00.npz,96,"[4, 4, 5, 5]","[1, 1, 1, 1]","[6, 6, 6, 6]","[4, 4, 4, 4]","[4, 2, 4, 3]","[1, 2, 4, 2]","[2, 1, 4, 2]","[5, 5, 5, 4]","[3, 4, 5, 3]",3.75,3.5,0.82915619758885
LIDC-IDRI-0078,1.3.6.1.4.1.14519.5.2.1.6279.6001.303494235102183795724852353824,0,1,4,False,"[169.56776244048638, 360.9852520746882, 46.283423903804604]",20.694394667693725,3.0,0.65,True,patches/LIDC-IDRI-0078_n01.npz,96,"[5, 4, 5, 5]","[1, 1, 1, 1]","[6, 6, 6, 6]","[3, 4, 5, 4]","[4, 2, 2, 3]","[1, 3, 4, 4]","[1, 1, 3, 4]","[5, 4, 5, 4]","[3, 4, 5, 3]",3.75,3.5,0.82915619758885
LIDC-IDRI-0078,1.3.6.1.4.1.14519.5.2.1.6279.6001.303494235102183795724852353824,0,2,1,False,"[348.8333333333333, 336.4166666666667, 47.416666666666664]",5.07666228933933,3.0,0.65,True,patches/LIDC-IDRI-0078_n02.npz,96,[4],[1],[5],[5],[5],[1],[1],[5],[1],1.0,1.0,0.0
LIDC-IDRI-0078,1.3.6.1.4.1.14519.5.2.1.6279.6001.303494235102183795724852353824,0,3,4,False,"[244.8374771188408, 341.27902357159314, 67.62568535420317]",27.69434990672441,3.0,0.65,True,patches/LIDC-IDRI-0078_n03.npz,96,"[5, 5, 5, 5]","[1, 1, 1, 1]","[4, 6, 4, 6]","[3, 4, 4, 4]","[5, 2, 4, 2]","[2, 4, 4, 3]","[3, 1, 4, 3]","[5, 5, 5, 4]","[4, 5, 5, 3]",4.25,4.5,0.82915619758885
LIDC-IDRI-0079,1.3.6.1.4.1.14519.5.2.1.6279.6001.213233719488315954975724605159,0,0,4,False,"[386.07707925949387, 360.41775931791784, 68.95851888220182]",16.145066017886315,3.0,0.698,True,patches/LIDC-IDRI-0079_n00.npz,96,"[3, 5, 5, 5]","[1, 1, 1, 1]","[6, 6, 5, 6]","[3, 4, 4, 4]","[3, 4, 4, 4]","[1, 3, 3, 2]","[1, 1, 2, 2]","[5, 5, 5, 4]","[3, 3, 1, 3]",2.5,3.0,0.8660254037844386
LIDC-IDRI-0080,1.3.6.1.4.1.14519.5.2.1.6279.6001.613212850444255764524630781782,0,0,3,False,"[297.9905040480507, 211.61170661253496, 81.91660105160315]",30.048481726469902,1.25,0.78125,False,patches/LIDC-IDRI-0080_n00.npz,96,"[5, 5, 5]","[1, 1, 1]","[6, 6, 6]","[4, 4, 4]","[5, 5, 5]","[2, 1, 2]","[1, 1, 1]","[5, 5, 5]","[4, 5, 2]",3.6666666666666665,4.0,1.247219128924647
LIDC-IDRI-0080,1.3.6.1.4.1.14519.5.2.1.6279.6001.613212850444255764524630781782,0,1,4,False,"[284.9999734131736, 208.03449124751455, 97.58820224020016]",35.04495685148284,1.25,0.78125,False,patches/LIDC-IDRI-0080_n01.npz,96,"[5, 5, 5, 5]","[1, 1, 1, 1]","[6, 6, 6, 6]","[3, 4, 4, 3]","[4, 5, 1, 5]","[2, 4, 5, 2]","[5, 3, 5, 5]","[5, 5, 5, 5]","[5, 5, 5, 5]",5.0,5.0,0.0
LIDC-IDRI-0081,1.3.6.1.4.1.14519.5.2.1.6279.6001.172243743899615313644757844726,0,0,4,False,"[297.7264640352265, 161.0719089476876, 67.34156663634447]",14.086320133212812,2.5,0.859375,True,patches/LIDC-IDRI-0081_n00.npz,96,"[4, 4, 5, 3]","[1, 1, 1, 1]","[6, 6, 6, 6]","[4, 4, 5, 5]","[4, 5, 5, 5]","[2, 1, 1, 1]","[1, 1, 1, 1]","[5, 5, 5, 5]","[4, 4, 5, 2]",3.75,4.0,1.0897247358851685
LIDC-IDRI-0081,1.3.6.1.4.1.14519.5.2.1.6279.6001.172243743899615313644757844726,0,1,3,False,"[328.04662131649775, 135.95669316518845, 97.79800567133515]",23.97523324693516,2.5,0.859375,True,patches/LIDC-IDRI-0081_n01.npz,96,"[5, 5, 5]","[1, 1, 1]","[6, 3, 3]","[3, 4, 2]","[4, 5, 5]","[3, 1, 5]","[3, 3, 3]","[5, 5, 5]","[5, 1, 5]",3.6666666666666665,5.0,1.8856180831641267
LIDC-IDRI-0082,1.3.6.1.4.1.14519.5.2.1.6279.6001.652347820272212119124022644822,0,0,3,False,"[331.93796782371373, 107.76419935188845, 172.82017861552973]",26.9830641053009,1.25,0.703125,True,patches/LIDC-IDRI-0082_n00.npz,96,"[4, 5, 5]","[1, 1, 1]","[6, 6, 6]","[3, 4, 4]","[4, 3, 5]","[2, 4, 1]","[5, 5, 5]","[5, 5, 5]","[5, 5, 4]",4.666666666666667,5.0,0.4714045207910317
LIDC-IDRI-0083,1.3.6.1.4.1.14519.5.2.1.6279.6001.204287915902811325371247860532,0,0,3,False,"[328.1481228323334, 311.4034454823928, 50.89773676615781]",7.0456826218458355,1.25,0.820312,True,patches/LIDC-IDRI-0083_n00.npz,96,"[2, 1, 3]","[1, 1, 1]","[6, 6, 6]","[5, 5, 5]","[4, 4, 5]","[1, 1, 1]","[1, 1, 1]","[5, 5, 5]","[3, 3, 2]",2.6666666666666665,3.0,0.4714045207910317
LIDC-IDRI-0083,1.3.6.1.4.1.14519.5.2.1.6279.6001.204287915902811325371247860532,0,1,4,False,"[351.5374322417921, 343.5290121979024, 115.68608983128135]",7.367912071266442,1.25,0.820312,True,patches/LIDC-IDRI-0083_n01.npz,96,"[3, 2, 2, 3]","[1, 1, 1, 1]","[6, 6, 6, 6]","[4, 4, 5, 5]","[5, 4, 4, 5]","[1, 1, 1, 1]","[1, 2, 2, 1]","[5, 5, 5, 5]","[3, 3, 3, 2]",2.75,3.0,0.4330127018922193
LIDC-IDRI-0084,1.3.6.1.4.1.14519.5.2.1.6279.6001.288701997968615460794642979503,0,0,1,False,"[165.1, 79.92, 39.08]",6.305711696549407,2.0,0.705,True,patches/LIDC-IDRI-0084_n00.npz,96,[2],[1],[6],[2],[3],[1],[1],[5],[1],1.0,1.0,0.0
LIDC-IDRI-0084,1.3.6.1.4.1.14519.5.2.1.6279.6001.288701997968615460794642979503,0,1,3,False,"[360.7536434579913, 81.1334802878281, 55.644207965947096]",9.190535013862705,2.0,0.705,True,patches/LIDC-IDRI-0084_n01.npz,96,"[2, 3, 4]","[1, 1, 1]","[6, 6, 6]","[2, 2, 4]","[3, 3, 4]","[2, 1, 1]","[1, 4, 1]","[5, 5, 4]","[1, 3, 2]",2.0,2.0,0.816496580927726
LIDC-IDRI-0084,1.3.6.1.4.1.14519.5.2.1.6279.6001.288701997968615460794642979503,0,2,3,False,"[291.4922916666667, 441.6461111111111, 55.805138888888884]",6.556831020427729,2.0,0.705,True,patches/LIDC-IDRI-0084_n02.npz,96,"[3, 3, 5]","[1, 1, 1]","[6, 6, 6]","[4, 4, 3]","[5, 3, 2]","[1, 1, 1]","[1, 1, 4]","[5, 5, 4]","[1, 3, 2]",2.0,2.0,0.816496580927726
LIDC-IDRI-0084,1.3.6.1.4.1.14519.5.2.1.6279.6001.288701997968615460794642979503,0,3,1,False,"[301.57142857142856, 88.65079365079364, 115.01587301587301]",5.813578932120887,2.0,0.705,True,patches/LIDC-IDRI-0084_n03.npz,96,[5],[1],[6],[4],[3],[1],[1],[4],[3],3.0,3.0,0.0
LIDC-IDRI-0084,1.3.6.1.4.1.14519.5.2.1.6279.6001.288701997968615460794642979503,0,4,2,False,"[250.14681555004137, 87.85545905707195, 116.6275847808106]",10.621792947523595,2.0,0.705,True,patches/LIDC-IDRI-0084_n04.npz,96,"[5, 5]","[1, 1]","[6, 6]","[3, 4]","[3, 2]","[1, 1]","[1, 4]","[3, 4]","[3, 2]",2.5,2.5,0.5
LIDC-IDRI-0084,1.3.6.1.4.1.14519.5.2.1.6279.6001.288701997968615460794642979503,0,5,3,False,"[338.94016759496213, 199.77150520712166, 123.86450718231542]",8.231529887484939,2.0,0.705,True,patches/LIDC-IDRI-0084_n05.npz,96,"[5, 3, 5]","[1, 1, 1]","[6, 6, 6]","[4, 2, 3]","[3, 4, 4]","[1, 1, 1]","[1, 2, 1]","[5, 5, 4]","[2, 3, 3]",2.6666666666666665,3.0,0.4714045207910317
LIDC-IDRI-0085,1.3.6.1.4.1.14519.5.2.1.6279.6001.156990013635454707781600846659,0,0,4,False,"[202.2972098572098, 145.3093926484007, 141.36970702113493]",6.994217756238932,1.25,0.804688,False,patches/LIDC-IDRI-0085_n00.npz,96,"[3, 3, 1, 4]","[1, 1, 1, 1]","[6, 6, 6, 6]","[1, 4, 3, 4]","[3, 5, 4, 4]","[3, 1, 1, 2]","[1, 1, 1, 1]","[3, 5, 4, 5]","[2, 2, 3, 2]",2.25,2.0,0.4330127018922193
LIDC-IDRI-0085,1.3.6.1.4.1.14519.5.2.1.6279.6001.156990013635454707781600846659,0,1,1,False,"[314.8103448275862, 232.60344827586206, 181.93103448275863]",6.1283212290114335,1.25,0.804688,False,patches/LIDC-IDRI-0085_n01.npz,96,[4],[1],[6],[5],[5],[1],[1],[5],[2],2.0,2.0,0.0
LIDC-IDRI-0086,1.3.6.1.4.1.14519.5.2.1.6279.6001.145580766024236783540879444879,0,0,2,False,"[286.6022252274404, 428.57855913449714, 100.00006147037128]",6.104129031676146,3.0,0.740234375,True,patches/LIDC-IDRI-0086_n00.npz,96,"[3, 2]","[1, 1]","[6, 6]","[4, 5]","[4, 5]","[2, 1]","[2, 1]","[5, 5]","[3, 2]",2.5,2.5,0.5
LIDC-IDRI-0087,1.3.6.1.4.1.14519.5.2.1.6279.6001.194632613233275988184244485809,0,0,3,False,"[240.62246114912634, 186.15045777591425, 106.72803419761844]",30.173643692612444,2.5,0.703125,True,patches/LIDC-IDRI-0087_n00.npz,96,"[5, 5, 5]","[1, 1, 1]","[6, 6, 6]","[3, 5, 4]","[3, 4, 5]","[3, 4, 1]","[5, 5, 5]","[4, 5, 5]","[5, 5, 4]",4.666666666666667,5.0,0.4714045207910317
LIDC-IDRI-0087,1.3.6.1.4.1.14519.5.2.1.6279.6001.194632613233275988184244485809,0,1,1,False,"[320.375, 344.21875, 119.5]",4.716705890038619,2.5,0.703125,True,patches/LIDC-IDRI-0087_n01.npz,96,[4],[1],[3],[5],[5],[1],[1],[5],[1],1.0,1.0,0.0
LIDC-IDRI-0088,1.3.6.1.4.1.14519.5.2.1.6279.6001.113679818447732724990336702075,0,0,4,False,"[373.0998637015782, 390.1499713055954, 74.01598278335725]",7.867003819042097,1.25,0.609375,True,patches/LIDC-IDRI-0088_n00.npz,96,"[4, 1, 3, 2]","[1, 1, 1, 1]","[6, 6, 6, 6]","[3, 5, 4, 4]","[3, 2, 4, 2]","[4, 1, 1, 2]","[2, 1, 1, 1]","[2, 1, 3, 1]","[3, 2, 4, 3]",3.0,3.0,0.7071067811865476
LIDC-IDRI-0088,1.3.6.1.4.1.14519.5.2.1.6279.6001.113679818447732724990336702075,0,1,3,False,"[271.54036709023234, 154.65248363496343, 153.83731228340392]",7.826398954997527,1.25,0.609375,True,patches/LIDC-IDRI-0088_n01.npz,96,"[5, 3, 4]","[1, 1, 1]","[3, 6, 3]","[3, 4, 4]","[4, 4, 5]","[4, 1, 1]","[2, 1, 1]","[5, 5, 5]","[1, 2, 1]",1.3333333333333333,1.0,0.4714045207910317
LIDC-IDRI-0088,1.3.6.1.4.1.14519.5.2.1.6279.6001.113679818447732724990336702075,0,2,3,False,"[312.7069954867827, 400.4058188265635, 182.38833010960673]",5.8348092696087335,1.25,0.609375,True,patches/LIDC-IDRI-0088_n02.npz,96,"[5, 3, 2]","[1, 1, 1]","[6, 6, 6]","[3, 4, 4]","[3, 5, 2]","[2, 1, 1]","[3, 1, 1]","[2, 5, 2]","[3, 2, 2]",2.3333333333333335,2.0,0.4714045207910317
LIDC-IDRI-0089,1.3.6.1.4.1.14519.5.2.1.6279.6001.146987333806092287055399155268,0,0,4,False,"[227.91996466248435, 367.3250121060738, 49.298672501359576]",30.531885774843712,2.5,0.820312,True,patches/LIDC-IDRI-0089_n00.npz,96,"[5, 5, 5, 5]","[1, 1, 1, 1]","[6, 6, 6, 6]","[3, 5, 4, 4]","[4, 5, 5, 5]","[2, 3, 2, 2]","[3, 3, 3, 2]","[5, 5, 5, 5]","[5, 5, 5, 3]",4.5,5.0,0.8660254037844386
LIDC-IDRI-0090,1.3.6.1.4.1.14519.5.2.1.6279.6001.733642690503782454656013446707,0,0,4,False,"[283.84968728870865, 118.77810175794455, 100.25852208699573]",7.955320614849357,2.5,0.703125,True,patches/LIDC-IDRI-0090_n00.npz,96,"[3, 5, 4, 3]","[1, 1, 1, 1]","[6, 6, 6, 6]","[5, 3, 4, 4]","[5, 3, 5, 4]","[1, 3, 3, 1]","[1, 2, 2, 2]","[5, 5, 5, 5]","[2, 3, 2, 4]",2.75,2.5,0.82915619758885
LIDC-IDRI-0091,1.3.6.1.4.1.14519.5.2.1.6279.6001.134996872583497382954024478441,0,0,2,False,"[334.51251008878126, 304.19370460048424, 32.466908797417275]",4.8099963989185355,1.25,0.859375,False,patches/LIDC-IDRI-0091_n00.npz,96,"[3, 2]","[1, 1]","[6, 6]","[2, 3]","[4, 5]","[2, 2]","[2, 1]","[5, 5]","[3, 3]",3.0,3.0,0.0
LIDC-IDRI-0091,1.3.6.1.4.1.14519.5.2.1.6279.6001.134996872583497382954024478441,0,1,3,False,"[226.30842433183454, 392.9225506874004, 59.05011446870287]",9.76118068086589,1.25,0.859375,False,patches/LIDC-IDRI-0091_n01.npz,96,"[3, 3, 4]","[1, 1, 1]","[6, 6, 6]","[5, 4, 4]","[5, 4, 4]","[1, 2, 3]","[1, 2, 1]","[5, 5, 5]","[2, 3, 3]",2.6666666666666665,3.0,0.4714045207910317
LIDC-IDRI-0091,1.3.6.1.4.1.14519.5.2.1.6279.6001.134996872583497382954024478441,0,2,4,False,"[207.16132622773878, 179.1194719046918, 101.09364053377816]",9.896275292613208,1.25,0.859375,False,patches/LIDC-IDRI-0091_n02.npz,96,"[5, 5, 3, 4]","[1, 1, 1, 1]","[6, 6, 6, 6]","[5, 3, 4, 3]","[5, 3, 5, 5]","[4, 2, 3, 1]","[1, 3, 1, 1]","[5, 5, 5, 5]","[3, 3, 4, 2]",3.0,3.0,0.7071067811865476
LIDC-IDRI-0091,1.3.6.1.4.1.14519.5.2.1.6279.6001.134996872583497382954024478441,0,3,4,False,"[321.59311713876855, 195.3656581823302, 152.6974387193418]",11.049792302198217,1.25,0.859375,False,patches/LIDC-IDRI-0091_n03.npz,96,"[5, 5, 3, 4]","[1, 1, 1, 1]","[6, 6, 6, 6]","[5, 3, 4, 3]","[4, 3, 3, 5]","[1, 2, 2, 1]","[5, 2, 1, 1]","[4, 5, 5, 5]","[4, 3, 3, 2]",3.0,3.0,0.7071067811865476
LIDC-IDRI-0091,1.3.6.1.4.1.14519.5.2.1.6279.6001.134996872583497382954024478441,0,4,4,False,"[273.50281275039566, 175.84146440491088, 160.97582378104906]",11.912944042347608,1.25,0.859375,False,patches/LIDC-IDRI-0091_n04.npz,96,"[3, 5, 4, 4]","[1, 4, 1, 1]","[6, 6, 6, 6]","[5, 4, 5, 4]","[5, 2, 4, 5]","[1, 2, 2, 1]","[1, 2, 1, 1]","[5, 5, 5, 3]","[2, 2, 4, 4]",3.0,3.0,1.0
LIDC-IDRI-0092,1.3.6.1.4.1.14519.5.2.1.6279.6001.286217539434358186648717203667,0,0,3,False,"[229.10849833201334, 213.04576816718802, 161.31436948504412]",6.705645444154503,1.25,0.773438,False,patches/LIDC-IDRI-0092_n00.npz,96,"[4, 5, 5]","[1, 1, 1]","[3, 3, 5]","[3, 3, 5]","[5, 5, 5]","[1, 1, 1]","[1, 1, 1]","[5, 5, 5]","[1, 1, 1]",1.0,1.0,0.0
LIDC-IDRI-0092,1.3.6.1.4.1.14519.5.2.1.6279.6001.286217539434358186648717203667,0,1,5,True,"[303.9586363594822, 203.82862388216796, 178.39487321379983]",10.250993905067435,1.25,0.773438,False,patches/LIDC-IDRI-0092_n01.npz,96,"[4, 4, 5, 5, 5]","[1, 1, 1, 1, 1]","[6, 6, 4, 4, 6]","[4, 4, 3, 4, 3]","[5, 4, 5, 4, 4]","[1, 1, 3, 4, 2]","[1, 1, 1, 1, 1]","[5, 5, 5, 4, 5]","[2, 3, 3, 3, 2]",2.6,3.0,0.4898979485566356
LIDC-IDRI-0092,1.3.6.1.4.1.14519.5.2.1.6279.6001.286217539434358186648717203667,0,2,2,False,"[289.1986605122636, 173.33030138474072, 198.85365191420038]",9.669222075856817,1.25,0.773438,False,patches/LIDC-IDRI-0092_n02.npz,96,"[3, 5]","[1, 1]","[6, 3]","[3, 2]","[5, 5]","[1, 1]","[1, 1]","[5, 5]","[2, 1]",1.5,1.5,0.5
LIDC-IDRI-0092,1.3.6.1.4.1.14519.5.2.1.6279.6001.286217539434358186648717203667,0,3,3,False,"[259.90232558139536, 348.4227144087609, 211.75597391411347]",5.980614687672639,1.25,0.773438,False,patches/LIDC-IDRI-0092_n03.npz,96,"[4, 5, 5]","[1, 1, 1]","[3, 3, 5]","[3, 3, 5]","[5, 5, 5]","[1, 1, 1]","[1, 1, 1]","[5, 5, 5]","[1, 1, 1]",1.0,1.0,0.0
LIDC-IDRI-0093,1.3.6.1.4.1.14519.5.2.1.6279.6001.227707494413800460340110762069,0,0,1,False,"[394.92, 370.88, 55.06]",6.299845282700161,2.5,0.664062,True,patches/LIDC-IDRI-0093_n00.npz,96,[2],[1],[6],[4],[2],[1],[1],[3],[2],2.0,2.0,0.0
LIDC-IDRI-0093,1.3.6.1.4.1.14519.5.2.1.6279.6001.227707494413800460340110762069,0,1,4,False,"[356.25849282616974, 200.52428349670473, 55.97205790962671]",9.021667754353764,2.5,0.664062,True,patches/LIDC-IDRI-0093_n01.npz,96,"[3, 2, 5, 3]","[1, 1, 1, 1]","[6, 6, 6, 6]","[4, 5, 5, 5]","[5, 4, 5, 5]","[1, 2, 1, 1]","[1, 1, 1, 1]","[5, 5, 5, 5]","[4, 3, 5, 2]",3.5,3.5,1.118033988749895
LIDC-IDRI-0094,1.3.6.1.4.1.14519.5.2.1.6279.6001.143622857676008763729469324839,0,0,4,False,"[279.7676433841377, 146.8048135323488, 303.0940923361961]",31.420372465854868,2.0,0.736328125,False,patches/LIDC-IDRI-0094_n00.npz,96,"[5, 5, 5, 5]","[1, 1, 1, 1]","[4, 4, 6, 6]","[2, 3, 3, 3]","[4, 4, 5, 5]","[5, 5, 3, 3]","[2, 2, 1, 2]","[5, 5, 5, 5]","[3, 4, 5, 4]",4.0,4.0,0.7071067811865476
LIDC-IDRI-0095,1.3.6.1.4.1.14519.5.2.1.6279.6001.137773550852881583165286615668,0,0,4,False,"[196.565425150392, 418.64519489531835, 193.4068100129963]",26.793530933462776,2.0,0.599609375,False,patches/LIDC-IDRI-0095_n00.npz,96,"[5, 5, 5, 3]","[1, 1, 1, 1]","[6, 6, 6, 6]","[4, 5, 3, 5]","[3, 5, 4, 5]","[5, 2, 2, 1]","[2, 1, 2, 1]","[5, 5, 5, 5]","[4, 5, 5, 2]",4.0,4.5,1.224744871391589
LIDC-IDRI-0095,1.3.6.1.4.1.14519.5.2.1.6279.6001.137773550852881583165286615668,0,1,1,False,"[170.35714285714286, 400.7857142857143, 201.875]",5.123064745727504,2.0,0.599609375,False,patches/LIDC-IDRI-0095_n01.npz,96,[2],[1],[6],[2],[4],[1],[1],[5],[3],3.0,3.0,0.0
LIDC-IDRI-0095,1.3.6.1.4.1.14519.5.2.1.6279.6001.137773550852881583165286615668,0,2,4,False,"[234.01658676839614, 365.6951211798908, 207.09112186201315]",18.833078147983546,2.0,0.599609375,False,patches/LIDC-IDRI-0095_n02.npz,96,"[4, 3, 2, 5]","[1, 1, 1, 1]","[6, 6, 6, 6]","[2, 3, 3, 5]","[3, 4, 5, 4]","[2, 1, 1, 1]","[2, 1, 1, 2]","[5, 5, 5, 4]","[3, 5, 4, 4]",4.0,4.0,0.7071067811865476
LIDC-IDRI-0096,1.3.6.1.4.1.14519.5.2.1.6279.6001.310548927038333190233889983845,0,0,3,False,"[339.06646033941, 218.48497373632998, 109.22954751520861]",13.219037128049285,2.5,0.703125,True,patches/LIDC-IDRI-0096_n00.npz,96,"[4, 4, 5]","[1, 1, 1]","[6, 6, 6]","[3, 3, 5]","[3, 3, 4]","[3, 2, 1]","[3, 2, 1]","[5, 5, 4]","[4, 4, 2]",3.3333333333333335,4.0,0.9428090415820634
LIDC-IDRI-0097,1.3.6.1.4.1.14519.5.2.1.6279.6001.461155505515403114280165935891,0,0,3,False,"[278.8320702316799, 147.52281785247905, 113.41619598153731]",15.003023144967138,1.25,0.833984,False,patches/LIDC-IDRI-0097_n00.npz,96,"[4, 5, 4]","[1, 1, 1]","[6, 6, 6]","[3, 3, 3]","[4, 5, 5]","[1, 2, 1]","[1, 1, 1]","[5, 5, 5]","[2, 3, 3]",2.6666666666666665,3.0,0.4714045207910317
LIDC-IDRI-0098,1.3.6.1.4.1.14519.5.2.1.6279.6001.286524966129599998397777745271,0,0,3,False,"[190.58432093899182, 282.654368676915, 73.98471510533001]",14.37353122832709,3.0,0.63671875,False,patches/LIDC-IDRI-0098_n00.npz,96,"[5, 5, 4]","[1, 1, 1]","[6, 6, 6]","[4, 4, 3]","[4, 3, 2]","[5, 5, 4]","[2, 3, 4]","[5, 4, 5]","[1, 5, 4]",3.3333333333333335,4.0,1.699673171197595
LIDC-IDRI-0099,1.3.6.1.4.1.14519.5.2.1.6279.6001.931383239747372227838946053237,0,0,3,False,"[338.3191315590086, 295.65983327130476, 43.91497943829798]",9.297485374771936,1.25,0.78125,True,patches/LIDC-IDRI-0099_n00.npz,96,"[3, 3, 3]","[1, 1, 1]","[6, 6, 6]","[3, 3, 3]","[5, 3, 3]","[1, 1, 1]","[1, 1, 1]","[5, 2, 5]","[2, 3, 1]",2.0,2.0,0.816496580927726
LIDC-IDRI-0099,1.3.6.1.4.1.14519.5.2.1.6279.6001.931383239747372227838946053237,0,1,1,False,"[330.31284916201116, 125.28491620111731, 50.96648044692738]",9.144296805249708,1.25,0.78125,True,patches/LIDC-IDRI-0099_n01.npz,96,[4],[1],[6],[3],[4],[1],[2],[5],[4],4.0,4.0,0.0
LIDC-IDRI-0099,1.3.6.1.4.1.14519.5.2.1.6279.6001.931383239747372227838946053237,0,2,4,False,"[286.36090837669445, 154.18817660327252, 79.6301374800344]",8.603210267613727,1.25,0.78125,True,patches/LIDC-IDRI-0099_n02.npz,96,"[4, 3, 4, 3]","[1, 1, 1, 1]","[6, 6, 6, 6]","[3, 3, 3, 2]","[4, 4, 5, 3]","[1, 1, 1, 1]","[1, 1, 1, 1]","[5, 5, 5, 5]","[3, 3, 3, 2]",2.75,3.0,0.4330127018922193
LIDC-IDRI-0099,1.3.6.1.4.1.14519.5.2.1.6279.6001.931383239747372227838946053237,0,3,1,False,"[175.95555555555555, 183.33333333333334, 96.6]",9.536371574791955,1.25,0.78125,True,patches/LIDC-IDRI-0099_n03.npz,96,[1],[1],[6],[3],[3],[1],[1],[1],[3],3.0,3.0,0.0
LIDC-IDRI-0101,1.3.6.1.4.1.14519.5.2.1.6279.6001.340202188094259402036602717327,0,0,2,False,"[310.66016333938296, 48.39019963702359, 69.41538112522687]",11.666655349109195,3.0,0.626953125,False,patches/LIDC-IDRI-0101_n00.npz,96,"[3, 4]","[1, 1]","[6, 6]","[2, 3]","[4, 2]","[1, 1]","[1, 1]","[5, 4]","[1, 3]",2.0,2.0,1.0
LIDC-IDRI-0102,1.3.6.1.4.1.14519.5.2.1.6279.6001.234400932423244218697302970157,0,0,2,False,"[338.00824175824175, 438.37087912087907, 42.54212454212454]",8.806785724858582,2.5,0.976562,False,patches/LIDC-IDRI-0102_n00.npz,96,"[2, 1]","[1, 1]","[6, 6]","[4, 3]","[3, 3]","[1, 2]","[1, 1]","[5, 5]","[2, 3]",2.5,2.5,0.5
LIDC-IDRI-0102,1.3.6.1.4.1.14519.5.2.1.6279.6001.234400932423244218697302970157,0,1,1,False,"[365.8125, 405.875, 43.0]",6.176320392738713,2.5,0.976562,False,patches/LIDC-IDRI-0102_n01.npz,96,[1],[1],[6],[5],[3],[1],[1],[5],[3],3.0,3.0,0.0
LIDC-IDRI-0103,1.3.6.1.4.1.14519.5.2.1.6279.6001.266485463235825902797310439568,0,0,4,False,"[358.29054258150995, 418.7881593842262, 69.49478940512375]",6.030066657722257,3.0,0.6328125,False,patches/LIDC-IDRI-0103_n00.npz,96,"[4, 2, 1, 3]","[1, 1, 1, 1]","[6, 6, 6, 6]","[4, 4, 4, 5]","[5, 5, 3, 5]","[1, 1, 1, 1]","[1, 1, 1, 1]","[4, 4, 2, 5]","[3, 3, 3, 2]",2.75,3.0,0.4330127018922193
LIDC-IDRI-0103,1.3.6.1.4.1.14519.5.2.1.6279.6001.266485463235825902797310439568,0,1,1,False,"[349.1, 376.6, 80.0]",5.101897481345176,3.0,0.6328125,False,patches/LIDC-IDRI-0103_n01.npz,96,[1],[1],[6],[5],[5],[1],[1],[5],[2],2.0,2.0,0.0
LIDC-IDRI-0104,1.3.6.1.4.1.14519.5.2.1.6279.6001.130794651720796841292503408531,0,0,4,False,"[221.7272152105099, 149.5487174239003, 37.27270140267]",16.543989295467,3.0,0.644,True,patches/LIDC-IDRI-0104_n00.npz,96,"[5, 5, 5, 3]","[1, 1, 1, 1]","[6, 6, 6, 6]","[4, 5, 5, 5]","[3, 5, 4, 5]","[2, 1, 1, 1]","[3, 1, 1, 1]","[5, 5, 5, 5]","[3, 5, 5, 2]",3.75,4.0,1.299038105676658
LIDC-IDRI-0105,1.3.6.1.4.1.14519.5.2.1.6279.6001.745109871503276594185453478952,0,0,2,False,"[199.71731601731602, 133.83506493506493, 94.54415584415585]",5.094141669072995,2.5,0.664062,True,patches/LIDC-IDRI-0105_n00.npz,96,"[3, 3]","[1, 1]","[6, 6]","[4, 5]","[5, 5]","[1, 1]","[1, 1]","[5, 5]","[3, 2]",2.5,2.5,0.5
LIDC-IDRI-0105,1.3.6.1.4.1.14519.5.2.1.6279.6001.745109871503276594185453478952,0,1,1,False,"[297.8301886792453, 232.96226415094338, 121.93396226415095]",9.032219708971892,2.5,0.664062,True,patches/LIDC-IDRI-0105_n01.npz,96,[3],[1],[6],[4],[4],[3],[2],[5],[3],3.0,3.0,0.0
LIDC-IDRI-0106,1.3.6.1.4.1.14519.5.2.1.6279.6001.712472578497712558367294720243,0,0,1,False,"[414.65714285714284, 159.65714285714284, 22.542857142857144]",4.6823263448845465,2.0,0.698,True,patches/LIDC-IDRI-0106_n00.npz,96,[2],[1],[6],[4],[3],[2],[1],[3],[2],2.0,2.0,0.0
LIDC-IDRI-0106,1.3.6.1.4.1.14519.5.2.1.6279.6001.712472578497712558367294720243,0,1,4,False,"[336.1927152610536, 91.15440960102343, 64.25678370803689]",11.112191314168816,2.0,0.698,True,patches/LIDC-IDRI-0106_n01.npz,96,"[4, 4, 4, 5]","[1, 1, 1, 1]","[6, 6, 6, 6]","[4, 4, 4, 3]","[3, 2, 1, 3]","[3, 4, 3, 3]","[3, 4, 3, 5]","[5, 3, 4, 3]","[4, 4, 3, 4]",3.75,4.0,0.4330127018922193
LIDC-IDRI-0106,1.3.6.1.4.1.14519.5.2.1.6279.6001.712472578497712558367294720243,0,2,1,False,"[404.6545454545454, 95.96363636363637, 67.9090909090909]",5.9637146142316375,2.0,0.698,True,patches/LIDC-IDRI-0106_n02.npz,96,[4],[1],[6],[4],[4],[2],[1],[5],[3],3.0,3.0,0.0
LIDC-IDRI-0106,1.3.6.1.4.1.14519.5.2.1.6279.6001.712472578497712558367294720243,0,3,2,False,"[356.87142857142857, 136.37142857142857, 68.45714285714286]",6.282000000000011,2.0,0.698,True,patches/LIDC-IDRI-0106_n03.npz,96,"[2, 2]","[1, 1]","[6, 6]","[4, 4]","[3, 5]","[2, 2]","[2, 1]","[3, 5]","[3, 3]",3.0,3.0,0.0
LIDC-IDRI-0106,1.3.6.1.4.1.14519.5.2.1.6279.6001.712472578497712558367294720243,0,4,1,False,"[188.3181818181818, 141.9318181818182, 79.45454545454545]",6.435242031190436,2.0,0.698,True,patches/LIDC-IDRI-0106_n04.npz,96,[4],[1],[6],[4],[4],[2],[2],[4],[1],1.0,1.0,0.0
LIDC-IDRI-0106,1.3.6.1.4.1.14519.5.2.1.6279.6001.712472578497712558367294720243,0,5,1,False,"[228.79245283018867, 98.98113207547169, 79.52830188679245]",8.140008845204036,2.0,0.698,True,patches/LIDC-IDRI-0106_n05.npz,96,[4],[1],[6],[2],[3],[1],[3],[4],[1],1.0,1.0,0.0
LIDC-IDRI-0107,1.3.6.1.4.1.14519.5.2.1.6279.6001.696727502904070993160975844791,0,0,1,False,"[240.57142857142858, 86.2063492063492, 50.04761904761905]",6.440000000000004,2.0,0.644,True,patches/LIDC-IDRI-0107_n00.npz,96,[1],[1],[6],[5],[2],[1],[1],[1],[2],2.0,2.0,0.0
LIDC-IDRI-0107,1.3.6.1.4.1.14519.5.2.1.6279.6001.696727502904070993160975844791,0,1,1,False,"[247.55, 104.5125, 86.9625]",9.376781537393304,2.0,0.644,True,patches/LIDC-IDRI-0107_n01.npz,96,[1],[1],[6],[5],[2],[1],[1],[1],[2],2.0,2.0,0.0
LIDC-IDRI-0107,1.3.6.1.4.1.14519.5.2.1.6279.6001.696727502904070993160975844791,0,2,4,False,"[345.6496843072961, 137.11719702022026, 90.39020099850873]",10.44065071247775,2.0,0.644,True,patches/LIDC-IDRI-0107_n02.npz,96,"[5, 4, 3, 3]","[1, 1, 1, 1]","[6, 6, 6, 6]","[4, 4, 3, 5]","[4, 3, 3, 5]","[2, 1, 2, 1]","[2, 4, 2, 1]","[5, 4, 4, 5]","[3, 4, 3, 2]",3.0,3.0,0.7071067811865476
LIDC-IDRI-0108,1.3.6.1.4.1.14519.5.2.1.6279.6001.251215764736737018371915284679,0,0,4,False,"[179.64286888851643, 139.7526676964224, 43.82067551528781]",23.932305526406957,2.5,0.703125,False,patches/LIDC-IDRI-0108_n00.npz,96,"[5, 5, 5, 5]","[1, 1, 1, 1]","[6, 6, 6, 6]","[2, 3, 4, 5]","[4, 5, 4, 4]","[3, 5, 5, 1]","[2, 5, 4, 5]","[5, 5, 5, 4]","[5, 5, 5, 4]",4.75,5.0,0.4330127018922193
LIDC-IDRI-0108,1.3.6.1.4.1.14519.5.2.1.6279.6001.251215764736737018371915284679,0,1,2,False,"[259.9072134387352, 98.30454545454546, 115.54249011857708]",8.779139133560907,2.5,0.703125,False,patches/LIDC-IDRI-0108_n01.npz,96,"[4, 3]","[1, 1]","[6, 6]","[3, 4]","[4, 1]","[2, 1]","[1, 1]","[5, 2]","[4, 1]",2.5,2.5,1.5
LIDC-IDRI-0109,1.3.6.1.4.1.14519.5.2.1.6279.6001.276710697414087561012670296643,0,0,4,False,"[367.5253215881604, 336.3978306940045, 111.91737126591424]",15.303940259392615,1.25,0.78125,True,patches/LIDC-IDRI-0109_n00.npz,96,"[5, 4, 5, 3]","[1, 1, 1, 1]","[6, 6, 6, 6]","[5, 5, 5, 5]","[5, 5, 5, 5]","[1, 2, 1, 1]","[1, 1, 1, 1]","[5, 5, 5, 5]","[3, 3, 5, 2]",3.25,3.0,1.0897247358851685
LIDC-IDRI-0110,1.3.6.1.4.1.14519.5.2.1.6279.6001.311102747717834916358933873912,0,0,3,False,"[367.44417840375587, 196.6667370892019, 45.49462441314554]",11.402077631301593,3.0,0.73046875,False,patches/LIDC-IDRI-0110_n00.npz,96,"[5, 4, 3]","[1, 1, 1]","[6, 6, 6]","[5, 5, 4]","[3, 2, 2]","[1, 4, 3]","[1, 3, 2]","[5, 3, 2]","[3, 4, 3]",3.3333333333333335,3.0,0.4714045207910317
LIDC-IDRI-0110,1.3.6.1.4.1.14519.5.2.1.6279.6001.311102747717834916358933873912,0,1,3,False,"[378.4426042604261, 94.95151515151515, 48.34377437743774]",8.919828816498173,3.0,0.73046875,False,patches/LIDC-IDRI-0110_n01.npz,96,"[5, 4, 4]","[1, 1, 1]","[6, 6, 6]","[3, 3, 4]","[4, 3, 3]","[1, 3, 2]","[1, 2, 2]","[5, 5, 4]","[2, 3, 3]",2.6666666666666665,3.0,0.4714045207910317
LIDC-IDRI-0111,1.3.6.1.4.1.14519.5.2.1.6279.6001.257383535269991165447822992959,0,0,4,False,"[354.4726363008972, 231.35767195767198, 69.16664366229584]",6.608962523249476,2.5,0.703125,True,patches/LIDC-IDRI-0111_n00.npz,96,"[4, 3, 2, 4]","[1, 1, 1, 1]","[6, 6, 6, 6]","[4, 4, 3, 5]","[5, 5, 5, 3]","[2, 2, 1, 1]","[1, 2, 1, 1]","[5, 5, 5, 5]","[3, 3, 3, 2]",2.75,3.0,0.4330127018922193
LIDC-IDRI-0111,1.3.6.1.4.1.14519.5.2.1.6279.6001.257383535269991165447822992959,0,1,4,False,"[333.08748676803526, 227.8864825814451, 72.99406578727519]",23.753422289503007,2.5,0.703125,True,patches/LIDC-IDRI-0111_n01.npz,96,"[5, 5, 4, 5]","[1, 1, 1, 1]","[6, 6, 6, 6]","[3, 4, 3, 5]","[4, 4, 3, 4]","[2, 4, 3, 1]","[4, 4, 3, 5]","[5, 5, 5, 4]","[5, 5, 3, 4]",4.25,4.5,0.82915619758885
LIDC-IDRI-0111,1.3.6.1.4.1.14519.5.2.1.6279.6001.257383535269991165447822992959,0,2,4,False,"[334.3803465453525, 181.22874999012376, 87.33212962161802]",20.06080710456995,2.5,0.703125,True,patches/LIDC-IDRI-0111_n02.npz,96,"[5, 5, 5, 5]","[1, 1, 1, 1]","[6, 6, 6, 6]","[3, 4, 3, 5]","[4, 3, 4, 4]","[3, 4, 5, 1]","[4, 3, 3, 5]","[5, 5, 5, 4]","[5, 5, 5, 4]",4.75,5.0,0.4330127018922193
LIDC-IDRI-0111,1.3.6.1.4.1.14519.5.2.1.6279.6001.257383535269991165447822992959,0,3,4,False,"[370.7681319625067, 186.0066087582405, 93.90626727846755]",10.913656318752448,2.5,0.703125,True,patches/LIDC-IDRI-0111_n03.npz,96,"[3, 1, 1, 1]","[1, 1, 1, 1]","[6, 6, 6, 6]","[4, 4, 3, 5]","[4, 1, 3, 2]","[1, 1, 1, 1]","[1, 1, 1, 1]","[1, 1, 1, 1]","[4, 3, 3, 2]",3.0,3.0,0.7071067811865476
LIDC-IDRI-0111,1.3.6.1.4.1.14519.5.2.1.6279.6001.257383535269991165447822992959,0,4,1,False,"[253.59677419354838, 328.9193548387097, 112.54838709677419]",9.140625,2.5,0.703125,True,patches/LIDC-IDRI-0111_n04.npz,96,[1],[1],[6],[4],[1],[1],[1],[1],[3],3.0,3.0,0.0
LIDC-IDRI-0111,1.3.6.1.4.1.14519.5.2.1.6279.6001.257383535269991165447822992959,0,5,1,False,"[272.1478260869565, 216.02608695652174, 120.93913043478261]",7.170496190989853,2.5,0.703125,True,patches/LIDC-IDRI-0111_n05.npz,96,[1],[1],[6],[4],[1],[1],[1],[1],[2],2.0,2.0,0.0
LIDC-IDRI-0112,1.3.6.1.4.1.14519.5.2.1.6279.6001.313334055029671473836954456733,0,0,4,False,"[286.4811837339588, 352.5825086926795, 33.33081453976661]",16.17675334483427,2.5,0.703125,True,patches/LIDC-IDRI-0112_n00.npz,96,"[4, 5, 2, 5]","[1, 1, 1, 1]","[6, 6, 6, 6]","[3, 5, 2, 5]","[4, 4, 5, 5]","[2, 1, 1, 1]","[1, 1, 1, 1]","[5, 5, 5, 5]","[4, 5, 3, 2]",3.5,3.5,1.118033988749895
LIDC-IDRI-0113,1.3.6.1.4.1.14519.5.2.1.6279.6001.336225579776978874775723463327,0,0,3,False,"[315.9633400368694, 344.87034942182004, 41.273273839450304]",9.199046595093199,2.5,0.820312,True,patches/LIDC-IDRI-0113_n00.npz,96,"[3, 3, 4]","[1, 1, 1]","[6, 6, 6]","[3, 3, 4]","[4, 3, 4]","[2, 2, 1]","[1, 1, 1]","[5, 5, 5]","[4, 3, 2]",3.0,3.0,0.816496580927726
LIDC-IDRI-0114,1.3.6.1.4.1.14519.5.2.1.6279.6001.105495028985881418176186711228,0,0,4,False,"[281.2512257284409, 124.55683974306442, 88.69029085175566]",13.802975476345681,1.25,0.878906,True,patches/LIDC-IDRI-0114_n00.npz,96,"[4, 4, 4, 5]","[1, 1, 1, 1]","[6, 6, 6, 6]","[4, 4, 5, 5]","[4, 3, 2, 5]","[1, 2, 2, 4]","[1, 1, 3, 1]","[4, 5, 5, 5]","[5, 3, 3, 3]",3.5,3.0,0.8660254037844386
LIDC-IDRI-0115,1.3.6.1.4.1.14519.5.2.1.6279.6001.166112018536246672777968137997,0,0,4,False,"[287.4018510428975, 136.33053952171716, 91.58872192756917]",17.205589841667987,3.0,0.573,True,patches/LIDC-IDRI-0115_n00.npz,96,"[5, 5, 5, 5]","[1, 1, 1, 1]","[6, 6, 6, 6]","[5, 4, 4, 5]","[5, 4, 4, 5]","[1, 2, 2, 2]","[1, 2, 2, 1]","[5, 5, 5, 5]","[3, 5, 3, 3]",3.5,3.0,0.8660254037844386
LIDC-IDRI-0116,1.3.6.1.4.1.14519.5.2.1.6279.6001.202811684116768680758082619196,0,0,1,False,"[298.375, 357.6666666666667, 85.0]",9.61802027263762,2.5,0.976562,True,patches/LIDC-IDRI-0116_n00.npz,96,[4],[1],[6],[4],[5],[1],[1],[5],[2],2.0,2.0,0.0
LIDC-IDRI-0116,1.3.6.1.4.1.14519.5.2.1.6279.6001.202811684116768680758082619196,0,1,4,False,"[233.7353267541951, 157.37277422999608, 100.99805666609342]",27.555149278567374,2.5,0.976562,True,patches/LIDC-IDRI-0116_n01.npz,96,"[5, 5, 5, 5]","[1, 1, 1, 1]","[6, 6, 6, 6]","[3, 3, 4, 5]","[4, 5, 5, 4]","[2, 2, 4, 1]","[2, 4, 4, 5]","[5, 5, 5, 4]","[5, 5, 5, 4]",4.75,5.0,0.4330127018922193
LIDC-IDRI-0117,1.3.6.1.4.1.14519.5.2.1.6279.6001.295958572786158575287945391206,0,0,4,False,"[349.6202116376774, 345.8918144070542, 58.63184743338853]",11.055575846834799,3.0,0.65,True,patches/LIDC-IDRI-0117_n00.npz,96,"[4, 4, 3, 3]","[1, 1, 1, 1]","[6, 6, 6, 6]","[3, 4, 2, 3]","[3, 5, 4, 4]","[5, 5, 3, 3]","[4, 5, 5, 1]","[5, 5, 5, 4]","[1, 5, 3, 2]",2.75,2.5,1.479019945774904
LIDC-IDRI-0118,1.3.6.1.4.1.14519.5.2.1.6279.6001.129982010889624423230394257528,0,0,4,False,"[336.05149127626277, 133.35130668764359, 66.64178258082775]",6.341610906092351,1.25,0.882812,True,patches/LIDC-IDRI-0118_n00.npz,96,"[5, 5, 3, 4]","[1, 1, 1, 1]","[3, 3, 6, 3]","[5, 3, 3, 4]","[5, 5, 5, 5]","[1, 1, 1, 1]","[1, 1, 1, 1]","[5, 5, 5, 5]","[1, 1, 2, 1]",1.25,1.0,0.4330127018922193
LIDC-IDRI-0118,1.3.6.1.4.1.14519.5.2.1.6279.6001.129982010889624423230394257528,0,1,2,False,"[334.6425226807141, 204.95800409716125, 69.55531167690958]",6.243696821094295,1.25,0.882812,True,patches/LIDC-IDRI-0118_n01.npz,96,"[5, 4]","[1, 1]","[3, 3]","[4, 5]","[5, 5]","[1, 1]","[1, 1]","[5, 5]","[1, 1]",1.0,1.0,0.0
LIDC-IDRI-0118,1.3.6.1.4.1.14519.5.2.1.6279.6001.129982010889624423230394257528,0,2,3,False,"[221.8074074074074, 203.64708994708994, 93.55661375661377]",6.949379802573447,1.25,0.882812,True,patches/LIDC-IDRI-0118_n02.npz,96,"[5, 5, 4]","[1, 1, 1]","[3, 3, 3]","[5, 4, 5]","[5, 5, 5]","[1, 1, 1]","[1, 1, 1]","[5, 5, 5]","[1, 1, 1]",1.0,1.0,0.0
LIDC-IDRI-0118,1.3.6.1.4.1.14519.5.2.1.6279.6001.129982010889624423230394257528,0,3,3,False,"[275.0192800031509, 391.8844381425027, 142.13709677419354]",7.800087788028093,1.25,0.882812,True,patches/LIDC-IDRI-0118_n03.npz,96,"[5, 5, 4]","[1, 1, 1]","[3, 3, 3]","[5, 3, 4]","[5, 5, 5]","[1, 1, 1]","[1, 1, 1]","[5, 5, 5]","[1, 1, 1]",1.0,1.0,0.0
LIDC-IDRI-0118,1.3.6.1.4.1.14519.5.2.1.6279.6001.129982010889624423230394257528,0,4,1,False,"[244.95945945945945, 378.6216216216216, 157.17567567567568]",5.583393331457134,1.25,0.882812,True,patches/LIDC-IDRI-0118_n04.npz,96,[5],[1],[3],[4],[5],[3],[1],[5],[1],1.0,1.0,0.0
LIDC-IDRI-0118,1.3.6.1.4.1.14519.5.2.1.6279.6001.129982010889624423230394257528,0,5,3,False,"[313.2528255995722, 221.94015333826977, 159.14661236579045]",7.004437644233448,1.25,0.882812,True,patches/LIDC-IDRI-0118_n05.npz,96,"[5, 3, 4]","[1, 1, 1]","[3, 6, 3]","[4, 5, 5]","[5, 5, 5]","[1, 1, 1]","[1, 1, 1]","[5, 5, 5]","[1, 1, 1]",1.0,1.0,0.0
LIDC-IDRI-0119,1.3.6.1.4.1.14519.5.2.1.6279.6001.185154482385982570363528682299,0,0,4,False,"[402.24925017621086, 170.4772546752567, 163.21349226835994]",13.782496583330438,2.0,0.541015625,False,patches/LIDC-IDRI-0119_n00.npz,96,"[5, 5, 5, 5]","[1, 1, 1, 1]","[2, 2, 3, 3]","[3, 5, 3, 5]","[5, 5, 5, 5]","[1, 1, 1, 1]","[3, 1, 1, 1]","[5, 5, 5, 5]","[1, 1, 1, 1]",1.0,1.0,0.0
LIDC-IDRI-0119,1.3.6.1.4.1.14519.5.2.1.6279.6001.185154482385982570363528682299,0,1,4,False,"[343.12226726639017, 347.29026395066467, 195.59080521781704]",6.810033136386071,2.0,0.541015625,False,patches/LIDC-IDRI-0119_n01.npz,96,"[2, 3, 5, 5]","[1, 1, 1, 1]","[2, 2, 3, 3]","[4, 5, 4, 5]","[5, 5, 5, 5]","[2, 1, 1, 1]","[1, 1, 1, 1]","[5, 5, 5, 5]","[1, 1, 1, 1]",1.0,1.0,0.0
LIDC-IDRI-0120,1.3.6.1.4.1.14519.5.2.1.6279.6001.254254303842550572473665729969,0,0,2,False,"[281.7486697330447, 213.5217352092352, 64.28237734487735]",13.185267187443714,2.0,0.946,True,patches/LIDC-IDRI-0120_n00.npz,96,"[2, 4]","[1, 2]","[6, 6]","[3, 4]","[2, 2]","[1, 1]","[2, 1]","[2, 1]","[3, 3]",3.0,3.0,0.0
LIDC-IDRI-0120,1.3.6.1.4.1.14519.5.2.1.6279.6001.254254303842550572473665729969,0,1,2,False,"[200.62142857142857, 182.03428571428572, 98.72571428571428]",14.201379767178263,2.0,0.946,True,patches/LIDC-IDRI-0120_n01.npz,96,"[2, 4]","[1, 2]","[6, 6]","[4, 4]","[1, 1]","[3, 1]","[1, 1]","[1, 1]","[3, 3]",3.0,3.0,0.0
LIDC-IDRI-0120,1.3.6.1.4.1.14519.5.2.1.6279.6001.254254303842550572473665729969,0,2,3,False,"[203.4343451824674, 211.32380326053098, 99.19655871301713]",26.027896803237855,2.0,0.946,True,patches/LIDC-IDRI-0120_n02.npz,96,"[2, 2, 5]","[1, 1, 2]","[6, 6, 6]","[3, 4, 3]","[3, 2, 2]","[1, 2, 1]","[1, 1, 2]","[1, 1, 1]","[3, 4, 3]",3.3333333333333335,3.0,0.4714045207910317
LIDC-IDRI-0120,1.3.6.1.4.1.14519.5.2.1.6279.6001.254254303842550572473665729969,0,3,3,False,"[292.70403533635675, 235.3192979969766, 149.59888227513227]",16.907351504255562,2.0,0.946,True,patches/LIDC-IDRI-0120_n03.npz,96,"[5, 4, 5]","[1, 1, 1]","[6, 6, 6]","[4, 4, 4]","[3, 3, 4]","[3, 2, 1]","[1, 3, 1]","[5, 5, 5]","[4, 4, 4]",4.0,4.0,0.0
LIDC-IDRI-0121,1.3.6.1.4.1.14519.5.2.1.6279.6001.225515255547637437801620523312,0,0,4,False,"[165.94854399486303, 287.676992901599, 160.4089411005023]",20.737575498149283,1.25,0.917969,True,patches/LIDC-IDRI-0121_n00.npz,96,"[4, 5, 5, 3]","[1, 1, 1, 1]","[6, 6, 6, 6]","[3, 4, 4, 5]","[5, 5, 4, 5]","[1, 1, 3, 1]","[1, 1, 1, 1]","[5, 5, 5, 5]","[4, 5, 5, 2]",4.0,4.5,1.224744871391589
LIDC-IDRI-0121,1.3.6.1.4.1.14519.5.2.1.6279.6001.225515255547637437801620523312,0,1,4,False,"[213.205206999338, 350.1043914612584, 162.87256664350383]",8.418776847524065,1.25,0.917969,True,patches/LIDC-IDRI-0121_n01.npz,96,"[3, 4, 5, 3]","[1, 1, 1, 1]","[6, 6, 6, 6]","[4, 5, 5, 5]","[5, 5, 5, 5]","[2, 1, 1, 1]","[1, 1, 1, 1]","[5, 5, 5, 5]","[3, 3, 5, 2]",3.25,3.0,1.0897247358851685
LIDC-IDRI-0122,1.3.6.1.4.1.14519.5.2.1.6279.6001.108197895896446896160048741492,0,0,4,False,"[346.59235510814455, 110.38406350503874, 32.90889760324745]",6.589714769588703,2.5,0.742188,True,patches/LIDC-IDRI-0122_n00.npz,96,"[4, 3, 1, 3]","[1, 1, 1, 1]","[6, 6, 6, 6]","[4, 5, 3, 5]","[5, 3, 5, 5]","[1, 1, 1, 1]","[1, 1, 1, 1]","[5, 5, 5, 5]","[3, 3, 3, 2]",2.75,3.0,0.4330127018922193
LIDC-IDRI-0123,1.3.6.1.4.1.14519.5.2.1.6279.6001.103115201714075993579787468219,0,0,2,False,"[340.32613585245167, 365.9852676563203, 85.07838506522717]",8.562442749358304,1.25,0.859375,True,patches/LIDC-IDRI-0123_n00.npz,96,"[3, 3]","[1, 1]","[6, 6]","[4, 3]","[4, 4]","[2, 2]","[1, 1]","[5, 5]","[3, 2]",2.5,2.5,0.5
LIDC-IDRI-0124,1.3.6.1.4.1.14519.5.2.1.6279.6001.112767175295249119452142211437,0,0,1,False,"[252.875, 427.46875, 51.5]",4.555431167847891,2.5,0.78125,True,patches/LIDC-IDRI-0124_n00.npz,96,[1],[1],[6],[5],[2],[1],[1],[1],[2],2.0,2.0,0.0
LIDC-IDRI-0124,1.3.6.1.4.1.14519.5.2.1.6279.6001.112767175295249119452142211437,0,1,3,False,"[305.2737670825906, 231.25405313640604, 57.510164671929374]",7.187340855066393,2.5,0.78125,True,patches/LIDC-IDRI-0124_n01.npz,96,"[3, 5, 3]","[1, 1, 1]","[6, 6, 6]","[5, 5, 5]","[5, 4, 5]","[1, 2, 1]","[1, 2, 1]","[5, 5, 5]","[2, 3, 3]",2.6666666666666665,3.0,0.4714045207910317
LIDC-IDRI-0124,1.3.6.1.4.1.14519.5.2.1.6279.6001.112767175295249119452142211437,0,2,1,False,"[348.4117647058824, 134.02941176470588, 57.529411764705884]",5.524271728019903,2.5,0.78125,True,patches/LIDC-IDRI-0124_n02.npz,96,[2],[1],[6],[5],[3],[1],[1],[5],[2],2.0,2.0,0.0
LIDC-IDRI-0124,1.3.6.1.4.1.14519.5.2.1.6279.6001.112767175295249119452142211437,0,3,1,False,"[241.7391304347826, 183.2173913043478, 59.0]",7.202769107260068,2.5,0.78125,True,patches/LIDC-IDRI-0124_n03.npz,96,[1],[1],[6],[5],[3],[1],[1],[5],[3],3.0,3.0,0.0
LIDC-IDRI-0124,1.3.6.1.4.1.14519.5.2.1.6279.6001.112767175295249119452142211437,0,4,3,False,"[228.46944444444443, 89.79305555555555, 63.68472222222223]",5.6331478100069035,2.5,0.78125,True,patches/LIDC-IDRI-0124_n04.npz,96,"[3, 4, 2]","[1, 1, 1]","[6, 6, 6]","[5, 3, 3]","[5, 4, 5]","[1, 2, 1]","[1, 2, 1]","[5, 5, 5]","[2, 2, 2]",2.0,2.0,0.0
LIDC-IDRI-0124,1.3.6.1.4.1.14519.5.2.1.6279.6001.112767175295249119452142211437,0,5,4,False,"[286.7403944996157, 392.9126891654189, 69.07884590600567]",12.266415446902549,2.5,0.78125,True,patches/LIDC-IDRI-0124_n05.npz,96,"[3, 5, 5, 4]","[1, 1, 1, 1]","[6, 6, 6, 6]","[5, 4, 5, 4]","[5, 4, 5, 5]","[1, 2, 1, 2]","[1, 2, 1, 1]","[5, 5, 5, 5]","[2, 3, 5, 2]",3.0,2.5,1.224744871391589
LIDC-IDRI-0124,1.3.6.1.4.1.14519.5.2.1.6279.6001.112767175295249119452142211437,0,6,1,False,"[304.3529411764706, 202.73529411764707, 75.5]",5.524271728019903,2.5,0.78125,True,patches/LIDC-IDRI-0124_n06.npz,96,[3],[1],[6],[5],[5],[1],[1],[5],[2],2.0,2.0,0.0
LIDC-IDRI-0124,1.3.6.1.4.1.14519.5.2.1.6279.6001.112767175295249119452142211437,0,7,2,False,"[216.29341909945572, 371.6672439386442, 81.05813953488372]",5.818704294978291,2.5,0.78125,True,patches/LIDC-IDRI-0124_n07.npz,96,"[3, 3]","[1, 1]","[6, 6]","[5, 5]","[5, 5]","[1, 1]","[1, 1]","[5, 5]","[2, 3]",2.5,2.5,0.5
LIDC-IDRI-0124,1.3.6.1.4.1.14519.5.2.1.6279.6001.112767175295249119452142211437,0,8,4,False,"[233.48684853280616, 129.91012497524207, 82.4930953904518]",7.11151867809541,2.5,0.78125,True,patches/LIDC-IDRI-0124_n08.npz,96,"[3, 4, 3, 3]","[1, 1, 1, 1]","[6, 6, 6, 6]","[5, 5, 5, 4]","[5, 4, 5, 5]","[1, 2, 1, 1]","[1, 2, 1, 1]","[5, 5, 5, 5]","[2, 3, 3, 2]",2.5,2.5,0.5
LIDC-IDRI-0124,1.3.6.1.4.1.14519.5.2.1.6279.6001.112767175295249119452142211437,0,9,1,False,"[274.28205128205127, 170.07692307692307, 84.58974358974359]",6.720566614877052,2.5,0.78125,True,patches/LIDC-IDRI-0124_n09.npz,96,[2],[1],[6],[4],[5],[1],[1],[5],[3],3.0,3.0,0.0
LIDC-IDRI-0124,1.3.6.1.4.1.14519.5.2.1.6279.6001.112767175295249119452142211437,0,10,1,False,"[280.8, 356.0, 86.0]",4.752158226795484,2.5,0.78125,True,patches/LIDC-IDRI-0124_n10.npz,96,[2],[1],[6],[5],[4],[1],[1],[5],[2],2.0,2.0,0.0
LIDC-IDRI-0124,1.3.6.1.4.1.14519.5.2.1.6279.6001.112767175295249119452142211437,0,11,3,False,"[309.5115740740741, 342.150462962963, 86.0162037037037]",4.990738685286289,2.5,0.78125,True,patches/LIDC-IDRI-0124_n11.npz,96,"[3, 3, 2]","[1, 1, 1]","[6, 6, 6]","[5, 5, 5]","[5, 4, 5]","[1, 2, 1]","[1, 2, 1]","[5, 5, 5]","[2, 3, 3]",2.6666666666666665,3.0,0.4714045207910317
LIDC-IDRI-0124,1.3.6.1.4.1.14519.5.2.1.6279.6001.112767175295249119452142211437,0,12,3,False,"[321.07345191040844, 181.46623847167325, 88.1717720685112]",8.088959691977818,2.5,0.78125,True,patches/LIDC-IDRI-0124_n12.npz,96,"[3, 4, 3]","[1, 1, 1]","[6, 6, 6]","[5, 2, 4]","[5, 3, 3]","[1, 2, 3]","[1, 2, 1]","[5, 5, 5]","[2, 3, 3]",2.6666666666666665,3.0,0.4714045207910317
LIDC-IDRI-0124,1.3.6.1.4.1.14519.5.2.1.6279.6001.112767175295249119452142211437,0,13,3,False,"[269.44734524734525, 356.9268842268843, 90.36576016576016]",6.854726704078629,2.5,0.78125,True,patches/LIDC-IDRI-0124_n13.npz,96,"[3, 5, 4]","[1, 1, 1]","[6, 6, 6]","[5, 4, 5]","[5, 4, 5]","[1, 2, 1]","[1, 2, 1]","[5, 5, 5]","[2, 3, 4]",3.0,3.0,0.816496580927726
LIDC-IDRI-0124,1.3.6.1.4.1.14519.5.2.1.6279.6001.112767175295249119452142211437,0,14,4,False,"[328.003078258547, 319.6401041666667, 90.69138621794872]",7.011427314122572,2.5,0.78125,True,patches/LIDC-IDRI-0124_n14.npz,96,"[3, 5, 4, 3]","[1, 1, 1, 1]","[6, 6, 6, 6]","[5, 5, 5, 5]","[5, 4, 5, 5]","[1, 2, 1, 1]","[1, 2, 1, 1]","[5, 5, 5, 5]","[2, 3, 3, 2]",2.5,2.5,0.5
LIDC-IDRI-0125,1.3.6.1.4.1.14519.5.2.1.6279.6001.316393351033132458296975008261,0,0,1,False,"[356.6808510638298, 311.29787234042556, 77.53191489361703]",8.523331249339062,1.25,0.898438,True,patches/LIDC-IDRI-0125_n00.npz,96,[4],[1],[6],[5],[5],[1],[1],[5],[2],2.0,2.0,0.0
LIDC-IDRI-0125,1.3.6.1.4.1.14519.5.2.1.6279.6001.316393351033132458296975008261,0,1,2,False,"[176.4514925373134, 145.12686567164178, 110.6347947761194]",7.6646903634329435,1.25,0.898438,True,patches/LIDC-IDRI-0125_n01.npz,96,"[4, 3]","[1, 1]","[6, 6]","[4, 4]","[5, 3]","[1, 1]","[1, 1]","[5, 5]","[2, 3]",2.5,2.5,0.5
LIDC-IDRI-0125,1.3.6.1.4.1.14519.5.2.1.6279.6001.316393351033132458296975008261,0,2,2,False,"[302.56875, 126.05, 151.96666666666667]",7.682815603512658,1.25,0.898438,True,patches/LIDC-IDRI-0125_n02.npz,96,"[4, 3]","[1, 1]","[6, 6]","[3, 3]","[5, 5]","[1, 1]","[1, 1]","[5, 5]","[2, 2]",2.0,2.0,0.0
LIDC-IDRI-0126,1.3.6.1.4.1.14519.5.2.1.6279.6001.454273545863197752384437758130,0,0,3,False,"[349.190191462649, 275.0121311989956, 88.20251098556183]",7.638727748691042,2.5,0.78125,True,patches/LIDC-IDRI-0126_n00.npz,96,"[3, 2, 3]","[1, 1, 1]","[6, 6, 6]","[4, 4, 3]","[5, 4, 3]","[1, 1, 1]","[1, 1, 1]","[5, 5, 3]","[2, 2, 1]",1.6666666666666667,2.0,0.4714045207910317
LIDC-IDRI-0126,1.3.6.1.4.1.14519.5.2.1.6279.6001.454273545863197752384437758130,0,1,4,False,"[212.34628422425033, 360.58602509778353, 96.89269475228161]",6.489125396984494,2.5,0.78125,True,patches/LIDC-IDRI-0126_n01.npz,96,"[4, 4, 3, 3]","[1, 1, 1, 1]","[6, 6, 6, 6]","[4, 5, 3, 4]","[5, 5, 5, 3]","[1, 1, 2, 3]","[1, 1, 1, 1]","[5, 5, 5, 5]","[2, 3, 3, 1]",2.25,2.5,0.82915619758885
LIDC-IDRI-0127,1.3.6.1.4.1.14519.5.2.1.6279.6001.229343399861261429237689489892,0,0,2,False,"[353.0757601305546, 366.71291445419, 73.74184378805583]",39.40610553081571,3.0,0.779296875,False,patches/LIDC-IDRI-0127_n00.npz,96,"[5, 5]","[1, 1]","[2, 6]","[5, 5]","[5, 5]","[4, 2]","[5, 1]","[5, 5]","[2, 3]",2.5,2.5,0.5
LIDC-IDRI-0128,1.3.6.1.4.1.14519.5.2.1.6279.6001.241717018262666382493757419144,0,0,3,False,"[320.2144988344988, 364.94060606060606, 75.21459207459208]",5.200809589811608,1.25,0.851562,True,patches/LIDC-IDRI-0128_n00.npz,96,"[1, 1, 1]","[1, 1, 1]","[6, 6, 6]","[5, 5, 5]","[3, 3, 2]","[1, 1, 1]","[1, 1, 1]","[1, 1, 1]","[3, 3, 2]",2.6666666666666665,3.0,0.4714045207910317
LIDC-IDRI-0128,1.3.6.1.4.1.14519.5.2.1.6279.6001.241717018262666382493757419144,0,1,1,False,"[305.9240506329114, 164.8227848101266, 155.13924050632912]",7.022160145524408,1.25,0.851562,True,patches/LIDC-IDRI-0128_n01.npz,96,[2],[1],[6],[4],[5],[2],[1],[5],[3],3.0,3.0,0.0
LIDC-IDRI-0128,1.3.6.1.4.1.14519.5.2.1.6279.6001.241717018262666382493757419144,0,2,4,False,"[314.5517770883242, 302.62928179203345, 173.32502551467928]",16.206662712803034,1.25,0.851562,True,patches/LIDC-IDRI-0128_n02.npz,96,"[4, 4, 4, 1]","[1, 1, 1, 1]","[6, 6, 6, 6]","[4, 4, 3, 5]","[4, 3, 4, 2]","[2, 1, 1, 1]","[3, 1, 3, 1]","[5, 1, 5, 1]","[5, 4, 3, 2]",3.5,3.5,1.118033988749895
LIDC-IDRI-0129,1.3.6.1.4.1.14519.5.2.1.6279.6001.176030616406569931557298712518,0,0,4,False,"[337.44121743512966, 357.6617861124797, 50.35121354335963]",7.818802009601049,1.25,0.742188,True,patches/LIDC-IDRI-0129_n00.npz,96,"[3, 4, 2, 3]","[1, 1, 1, 1]","[6, 6, 6, 6]","[5, 5, 5, 4]","[5, 5, 5, 5]","[1, 2, 1, 1]","[1, 1, 1, 1]","[5, 5, 5, 5]","[2, 3, 4, 2]",2.75,2.5,0.82915619758885
LIDC-IDRI-0129,1.3.6.1.4.1.14519.5.2.1.6279.6001.176030616406569931557298712518,0,1,4,False,"[277.47481869005674, 327.4433650543159, 53.8639631043257]",16.341959730418857,1.25,0.742188,True,patches/LIDC-IDRI-0129_n01.npz,96,"[5, 5, 5, 5]","[1, 1, 1, 1]","[6, 6, 6, 6]","[5, 3, 5, 4]","[5, 5, 5, 5]","[4, 2, 3, 1]","[1, 3, 1, 1]","[5, 5, 5, 5]","[3, 4, 5, 3]",3.75,3.5,0.82915619758885
LIDC-IDRI-0129,1.3.6.1.4.1.14519.5.2.1.6279.6001.176030616406569931557298712518,0,2,1,False,"[301.2093023255814, 309.4418604651163, 61.2093023255814]",4.752321971531803,1.25,0.742188,True,patches/LIDC-IDRI-0129_n02.npz,96,[1],[1],[6],[5],[5],[1],[1],[5],[2],2.0,2.0,0.0
LIDC-IDRI-0129,1.3.6.1.4.1.14519.5.2.1.6279.6001.176030616406569931557298712518,0,3,4,False,"[354.5350976244547, 188.17299421512607, 64.70157729377559]",13.893384153307396,1.25,0.742188,True,patches/LIDC-IDRI-0129_n03.npz,96,"[3, 5, 5, 4]","[1, 1, 1, 1]","[6, 6, 6, 6]","[5, 5, 5, 4]","[5, 5, 5, 5]","[1, 1, 2, 1]","[1, 3, 1, 1]","[5, 5, 5, 5]","[2, 4, 5, 3]",3.5,3.5,1.118033988749895
LIDC-IDRI-0129,1.3.6.1.4.1.14519.5.2.1.6279.6001.176030616406569931557298712518,0,4,3,False,"[172.05006587615284, 177.87060536717286, 81.24013591290479]",8.063448865835722,1.25,0.742188,True,patches/LIDC-IDRI-0129_n04.npz,96,"[2, 3, 3]","[1, 1, 1]","[6, 6, 6]","[5, 5, 4]","[5, 5, 5]","[1, 1, 1]","[2, 1, 1]","[5, 5, 5]","[3, 4, 2]",3.0,3.0,0.816496580927726
LIDC-IDRI-0129,1.3.6.1.4.1.14519.5.2.1.6279.6001.176030616406569931557298712518,0,5,1,False,"[315.6388888888889, 344.5462962962963, 87.28703703703704]",6.384542585295816,1.25,0.742188,True,patches/LIDC-IDRI-0129_n05.npz,96,[1],[1],[6],[4],[5],[1],[1],[5],[2],2.0,2.0,0.0
LIDC-IDRI-0129,1.3.6.1.4.1.14519.5.2.1.6279.6001.176030616406569931557298712518,0,6,4,False,"[363.5905690761618, 215.615010145774, 91.62068549928122]",7.927789125434028,1.25,0.742188,True,patches/LIDC-IDRI-0129_n06.npz,96,"[3, 4, 4, 3]","[1, 1, 1, 1]","[6, 6, 6, 6]","[5, 4, 5, 4]","[5, 4, 5, 5]","[1, 1, 1, 1]","[1, 2, 1, 1]","[5, 5, 5, 5]","[2, 3, 4, 2]",2.75,2.5,0.82915619758885
LIDC-IDRI-0129,1.3.6.1.4.1.14519.5.2.1.6279.6001.176030616406569931557298712518,0,7,3,False,"[178.23456790123456, 407.510101010101, 94.96913580246913]",6.607407864579176,1.25,0.742188,True,patches/LIDC-IDRI-0129_n07.npz,96,"[2, 3, 3]","[1, 1, 1]","[6, 6, 6]","[2, 3, 4]","[5, 5, 5]","[2, 1, 1]","[1, 1, 1]","[5, 5, 5]","[3, 2, 2]",2.3333333333333335,2.0,0.4714045207910317
LIDC-IDRI-0129,1.3.6.1.4.1.14519.5.2.1.6279.6001.176030616406569931557298712518,0,8,3,False,"[307.0493115231921, 245.8634290667873, 112.55846399316549]",7.075374412211228,1.25,0.742188,True,patches/LIDC-IDRI-0129_n08.npz,96,"[3, 3, 3]","[1, 1, 1]","[6, 6, 6]","[5, 3, 5]","[5, 5, 5]","[1, 1, 1]","[1, 2, 1]","[5, 5, 5]","[2, 3, 3]",2.6666666666666665,3.0,0.4714045207910317
LIDC-IDRI-0129,1.3.6.1.4.1.14519.5.2.1.6279.6001.176030616406569931557298712518,0,9,2,False,"[185.74970986460346, 161.4247582205029, 113.01663442940038]",6.186566797399424,1.25,0.742188,True,patches/LIDC-IDRI-0129_n09.npz,96,"[2, 2]","[1, 1]","[6, 6]","[2, 5]","[4, 5]","[1, 1]","[1, 1]","[5, 5]","[3, 2]",2.5,2.5,0.5
LIDC-IDRI-0129,1.3.6.1.4.1.14519.5.2.1.6279.6001.176030616406569931557298712518,0,10,4,False,"[214.97784097886822, 203.89019411452267, 118.68851803320918]",9.570934362179306,1.25,0.742188,True,patches/LIDC-IDRI-0129_n10.npz,96,"[3, 5, 4, 3]","[1, 1, 1, 1]","[6, 6, 6, 6]","[5, 3, 5, 4]","[5, 5, 5, 5]","[1, 1, 1, 1]","[1, 2, 1, 1]","[5, 5, 5, 5]","[2, 3, 4, 2]",2.75,2.5,0.82915619758885
LIDC-IDRI-0129,1.3.6.1.4.1.14519.5.2.1.6279.6001.176030616406569931557298712518,0,11,4,False,"[337.3845853088811, 212.27028161384177, 125.6213821747478]",8.880917084600062,1.25,0.742188,True,patches/LIDC-IDRI-0129_n11.npz,96,"[3, 5, 4, 4]","[1, 1, 1, 1]","[6, 6, 6, 6]","[5, 5, 5, 4]","[5, 1, 5, 5]","[1, 1, 1, 1]","[1, 2, 1, 1]","[5, 5, 5, 5]","[2, 3, 4, 2]",2.75,2.5,0.82915619758885
LIDC-IDRI-0129,1.3.6.1.4.1.14519.5.2.1.6279.6001.176030616406569931557298712518,0,12,4,False,"[364.18793730135053, 356.02369999959126, 126.97609344921588]",10.033096697479207,1.25,0.742188,True,patches/LIDC-IDRI-0129_n12.npz,96,"[3, 5, 4, 4]","[1, 1, 1, 1]","[6, 6, 6, 6]","[5, 4, 5, 4]","[5, 5, 5, 4]","[1, 2, 2, 1]","[1, 3, 1, 2]","[5, 5, 5, 5]","[2, 3, 4, 4]",3.25,3.5,0.82915619758885
LIDC-IDRI-0129,1.3.6.1.4.1.14519.5.2.1.6279.6001.176030616406569931557298712518,0,13,4,False,"[218.87171147329767, 405.6306738518329, 146.37609975960987]",6.631734238391909,1.25,0.742188,True,patches/LIDC-IDRI-0129_n13.npz,96,"[3, 3, 2, 3]","[1, 1, 1, 1]","[6, 6, 6, 6]","[5, 2, 5, 4]","[5, 4, 4, 5]","[1, 3, 2, 1]","[1, 3, 2, 1]","[5, 5, 5, 5]","[2, 3, 3, 2]",2.5,2.5,0.5
LIDC-IDRI-0129,1.3.6.1.4.1.14519.5.2.1.6279.6001.176030616406569931557298712518,0,14,3,False,"[201.45182595182595, 214.7329892329892, 163.48364968364967]",5.784406540327866,1.25,0.742188,True,patches/LIDC-IDRI-0129_n14.npz,96,"[3, 3, 2]","[1, 1, 1]","[6, 6, 6]","[5, 3, 5]","[5, 5, 5]","[1, 1, 1]","[1, 2, 1]","[5, 5, 5]","[2, 3, 3]",2.6666666666666665,3.0,0.4714045207910317
LIDC-IDRI-0130,1.3.6.1.4.1.14519.5.2.1.6279.6001.257515388956260258681136624817,0,0,4,False,"[268.019030776028, 185.32387405876565, 112.83060461713953]",19.65984555809633,2.0,0.720703125,False,patches/LIDC-IDRI-0130_n00.npz,96,"[5, 5, 5, 3]","[1, 1, 1, 1]","[6, 6, 6, 6]","[4, 5, 5, 5]","[5, 5, 5, 5]","[4, 1, 2, 1]","[1, 1, 5, 1]","[5, 5, 5, 5]","[3, 4, 5, 2]",3.5,3.5,1.118033988749895
LIDC-IDRI-0130,1.3.6.1.4.1.14519.5.2.1.6279.6001.257515388956260258681136624817,0,1,4,False,"[305.36194840062785, 364.7352566888075, 141.49995222280359]",6.845092936666209,2.0,0.720703125,False,patches/LIDC-IDRI-0130_n01.npz,96,"[5, 3, 5, 5]","[1, 1, 1, 1]","[3, 3, 6, 3]","[4, 5, 3, 5]","[5, 5, 3, 5]","[3, 1, 4, 1]","[1, 1, 5, 1]","[5, 5, 5, 5]","[1, 1, 5, 1]",2.0,1.0,1.7320508075688772
LIDC-IDRI-0131,1.3.6.1.4.1.14519.5.2.1.6279.6001.975426625618184773401026809852,0,0,1,False,"[334.74666666666667, 387.7866666666667, 120.30666666666667]",6.367067675252871,1.25,0.703125,True,patches/LIDC-IDRI-0131_n00.npz,96,[1],[1],[6],[3],[1],[1],[1],[2],[3],3.0,3.0,0.0
LIDC-IDRI-0131,1.3.6.1.4.1.14519.5.2.1.6279.6001.975426625618184773401026809852,0,1,3,False,"[376.96944832944837, 345.25547785547786, 121.81629215229215]",14.166266598843373,1.25,0.703125,True,patches/LIDC-IDRI-0131_n01.npz,96,"[4, 3, 4]","[1, 1, 1]","[6, 6, 6]","[3, 3, 4]","[4, 1, 4]","[2, 4, 1]","[2, 3, 1]","[2, 1, 1]","[4, 4, 2]",3.3333333333333335,4.0,0.9428090415820634
LIDC-IDRI-0132,1.3.6.1.4.1.14519.5.2.1.6279.6001.151647338241909635299641922057,0,0,3,False,"[403.36739692169414, 126.29484809090472, 73.11339817355996]",6.281876926809339,3.0,0.537109375,False,patches/LIDC-IDRI-0132_n00.npz,96,"[3, 4, 2]","[1, 1, 1]","[6, 6, 6]","[4, 4, 4]","[5, 3, 3]","[1, 3, 2]","[1, 2, 2]","[5, 5, 4]","[1, 3, 3]",2.3333333333333335,3.0,0.9428090415820634
LIDC-IDRI-0132,1.3.6.1.4.1.14519.5.2.1.6279.6001.151647338241909635299641922057,0,1,2,False,"[415.04880672926447, 135.04225352112678, 91.91607981220658]",6.71881598371073,3.0,0.537109375,False,patches/LIDC-IDRI-0132_n01.npz,96,"[4, 4]","[1, 1]","[6, 6]","[3, 3]","[5, 4]","[1, 2]","[1, 1]","[5, 5]","[1, 3]",2.0,2.0,1.0
LIDC-IDRI-0132,1.3.6.1.4.1.14519.5.2.1.6279.6001.151647338241909635299641922057,0,2,1,False,"[336.7307692307692, 141.6153846153846, 93.0]",11.38114360862246,3.0,0.537109375,False,patches/LIDC-IDRI-0132_n02.npz,96,[4],[1],[6],[3],[2],[4],[3],[5],[3],3.0,3.0,0.0
LIDC-IDRI-0132,1.3.6.1.4.1.14519.5.2.1.6279.6001.151647338241909635299641922057,0,3,4,False,"[368.44506316358434, 414.5261445432082, 97.38018431422202]",28.072120277184816,3.0,0.537109375,False,patches/LIDC-IDRI-0132_n03.npz,96,"[5, 5, 4, 5]","[1, 1, 1, 1]","[6, 6, 6, 6]","[4, 3, 4, 4]","[5, 4, 2, 3]","[2, 1, 4, 2]","[1, 2, 3, 4]","[5, 5, 5, 4]","[4, 2, 5, 3]",3.5,3.5,1.118033988749895
LIDC-IDRI-0132,1.3.6.1.4.1.14519.5.2.1.6279.6001.151647338241909635299641922057,0,4,1,False,"[341.26190476190476, 229.85714285714286, 110.0]",9.68287696047458,3.0,0.537109375,False,patches/LIDC-IDRI-0132_n04.npz,96,[4],[1],[6],[3],[1],[3],[3],[2],[4],4.0,4.0,0.0
LIDC-IDRI-0132,1.3.6.1.4.1.14519.5.2.1.6279.6001.151647338241909635299641922057,0,5,1,False,"[365.02702702702703, 156.6081081081081, 111.45945945945945]",8.677267511496026,3.0,0.537109375,False,patches/LIDC-IDRI-0132_n05.npz,96,[4],[1],[6],[2],[3],[3],[3],[5],[3],3.0,3.0,0.0
LIDC-IDRI-0132,1.3.6.1.4.1.14519.5.2.1.6279.6001.254176853278710432756285662989,1,0,1,False,"[431.536231884058, 341.6376811594203, 57.44927536231884]",8.902480013492028,3.0,0.546875,False,patches/LIDC-IDRI-0132_s1_n00.npz,96,[4],[1],[6],[4],[4],[1],[1],[4],[4],4.0,4.0,0.0
LIDC-IDRI-0132,1.3.6.1.4.1.14519.5.2.1.6279.6001.254176853278710432756285662989,1,1,2,False,"[395.469298245614, 125.09281650071124, 64.24632527264106]",6.4393592715024806,3.0,0.546875,False,patches/LIDC-IDRI-0132_s1_n01.npz,96,"[3, 5]","[1, 1]","[6, 6]","[5, 3]","[5, 2]","[1, 2]","[1, 1]","[5, 3]","[3, 4]",3.5,3.5,0.5
LIDC-IDRI-0132,1.3.6.1.4.1.14519.5.2.1.6279.6001.254176853278710432756285662989,1,2,1,False,"[425.8048780487805, 366.7560975609756, 69.48780487804878]",4.509646778019317,3.0,0.546875,False,patches/LIDC-IDRI-0132_s1_n02.npz,96,[5],[1],[6],[5],[5],[1],[1],[4],[3],3.0,3.0,0.0
LIDC-IDRI-0132,1.3.6.1.4.1.14519.5.2.1.6279.6001.254176853278710432756285662989,1,3,4,False,"[374.9945333404355, 107.39075381975661, 75.62097199236638]",12.709219677601517,3.0,0.546875,False,patches/LIDC-IDRI-0132_s1_n03.npz,96,"[5, 5, 5, 5]","[1, 4, 1, 1]","[6, 6, 6, 6]","[5, 5, 4, 5]","[5, 4, 5, 5]","[2, 1, 1, 1]","[1, 2, 1, 1]","[5, 5, 5, 5]","[3, 5, 5, 3]",4.0,4.0,1.0
LIDC-IDRI-0132,1.3.6.1.4.1.14519.5.2.1.6279.6001.254176853278710432756285662989,1,4,2,False,"[367.7366071428571, 176.7875, 78.75625]",8.646852977022911,3.0,0.546875,False,patches/LIDC-IDRI-0132_s1_n04.npz,96,"[2, 5]","[1, 1]","[6, 6]","[3, 3]","[4, 4]","[1, 1]","[1, 1]","[5, 5]","[3, 4]",3.5,3.5,0.5
LIDC-IDRI-0132,1.3.6.1.4.1.14519.5.2.1.6279.6001.254176853278710432756285662989,1,5,1,False,"[413.46938775510205, 136.24489795918367, 83.40816326530613]",6.9174823816183295,3.0,0.546875,False,patches/LIDC-IDRI-0132_s1_n05.npz,96,[3],[1],[6],[3],[4],[1],[1],[5],[3],3.0,3.0,0.0
LIDC-IDRI-0132,1.3.6.1.4.1.14519.5.2.1.6279.6001.254176853278710432756285662989,1,6,4,False,"[368.4522872394942, 413.5528535608394, 88.59075168373698]",25.82766983112506,3.0,0.546875,False,patches/LIDC-IDRI-0132_s1_n06.npz,96,"[5, 5, 5, 5]","[1, 4, 1, 1]","[6, 6, 6, 6]","[3, 4, 4, 4]","[5, 4, 4, 3]","[4, 3, 5, 3]","[2, 3, 1, 1]","[3, 5, 5, 5]","[2, 5, 5, 3]",3.75,4.0,1.299038105676658
LIDC-IDRI-0132,1.3.6.1.4.1.14519.5.2.1.6279.6001.254176853278710432756285662989,1,7,2,False,"[353.8408346972177, 308.9034369885434, 102.19148936170212]",5.4274220551786225,3.0,0.546875,False,patches/LIDC-IDRI-0132_s1_n07.npz,96,"[4, 5]","[1, 1]","[6, 6]","[5, 5]","[5, 5]","[1, 1]","[1, 1]","[5, 5]","[1, 3]",2.0,2.0,1.0
LIDC-IDRI-0133,1.3.6.1.4.1.14519.5.2.1.6279.6001.133378195429627807109985347209,0,0,3,False,"[324.0703475151832, 211.22782414347168, 39.6740862379817]",20.912423896844626,1.25,0.742188,True,patches/LIDC-IDRI-0133_n00.npz,96,"[3, 3, 4]","[1, 1, 1]","[6, 6, 6]","[3, 3, 3]","[5, 4, 5]","[1, 2, 1]","[1, 2, 1]","[5, 5, 5]","[3, 3, 3]",3.0,3.0,0.0
LIDC-IDRI-0133,1.3.6.1.4.1.14519.5.2.1.6279.6001.133378195429627807109985347209,0,1,4,False,"[362.75998583288623, 178.8800435609711, 136.09920422426825]",16.75797082336581,1.25,0.742188,True,patches/LIDC-IDRI-0133_n01.npz,96,"[5, 4, 5, 3]","[1, 1, 1, 1]","[6, 6, 6, 6]","[3, 5, 5, 5]","[5, 4, 5, 5]","[1, 1, 1, 1]","[1, 1, 1, 1]","[5, 5, 5, 5]","[3, 3, 4, 2]",3.0,3.0,0.7071067811865476
LIDC-IDRI-0134,1.3.6.1.4.1.14519.5.2.1.6279.6001.102962801900681595502684962582,0,0,4,False,"[356.3854683567798, 343.2381288110796, 64.41416388711471]",9.803070068374215,3.0,0.705,True,patches/LIDC-IDRI-0134_n00.npz,96,"[5, 4, 2, 5]","[1, 1, 1, 1]","[6, 6, 6, 6]","[5, 5, 4, 5]","[5, 5, 4, 5]","[1, 2, 2, 1]","[1, 1, 1, 1]","[5, 5, 3, 5]","[5, 3, 3, 2]",3.25,3.0,1.0897247358851685
LIDC-IDRI-0134,1.3.6.1.4.1.14519.5.2.1.6279.6001.102962801900681595502684962582,0,1,4,False,"[392.2702413942035, 359.2386955330644, 67.19411475342265]",12.349092137406746,3.0,0.705,True,patches/LIDC-IDRI-0134_n01.npz,96,"[5, 4, 4, 5]","[1, 1, 1, 1]","[6, 6, 6, 6]","[5, 5, 5, 5]","[5, 5, 3, 5]","[1, 1, 2, 1]","[1, 1, 2, 1]","[5, 5, 4, 5]","[5, 3, 3, 3]",3.5,3.0,0.8660254037844386
LIDC-IDRI-0134,1.3.6.1.4.1.14519.5.2.1.6279.6001.102962801900681595502684962582,0,2,1,False,"[188.75, 172.90625, 75.5625]",4.288347583860235,3.0,0.705,True,patches/LIDC-IDRI-0134_n02.npz,96,[5],[1],[3],[5],[5],[1],[1],[5],[1],1.0,1.0,0.0
LIDC-IDRI-0135,1.3.6.1.4.1.14519.5.2.1.6279.6001.294120933998772507043263238704,0,0,4,False,"[305.51170995946705, 114.72179363713141, 50.16435653199899]",12.156517010762594,2.5,0.859375,True,patches/LIDC-IDRI-0135_n00.npz,96,"[4, 5, 5, 4]","[1, 1, 1, 1]","[6, 6, 6, 6]","[4, 3, 4, 5]","[4, 4, 4, 5]","[1, 2, 1, 1]","[1, 2, 2, 1]","[5, 5, 5, 5]","[3, 3, 4, 3]",3.25,3.0,0.4330127018922193
LIDC-IDRI-0135,1.3.6.1.4.1.14519.5.2.1.6279.6001.294120933998772507043263238704,0,1,2,False,"[239.7051282051282, 102.6382783882784, 60.01373626373626]",6.076698900821893,2.5,0.859375,True,patches/LIDC-IDRI-0135_n01.npz,96,"[5, 2]","[1, 1]","[6, 6]","[5, 5]","[5, 5]","[1, 1]","[1, 1]","[5, 5]","[2, 2]",2.0,2.0,0.0
LIDC-IDRI-0135,1.3.6.1.4.1.14519.5.2.1.6279.6001.294120933998772507043263238704,0,2,2,False,"[169.56197478991595, 113.69012605042016, 65.56197478991598]",6.425725274261,2.5,0.859375,True,patches/LIDC-IDRI-0135_n02.npz,96,"[4, 3]","[1, 1]","[6, 6]","[2, 4]","[3, 2]","[2, 2]","[3, 1]","[5, 5]","[2, 3]",2.5,2.5,0.5
LIDC-IDRI-0135,1.3.6.1.4.1.14519.5.2.1.6279.6001.294120933998772507043263238704,0,3,4,False,"[339.5980623622778, 191.61407748894078, 66.92876344086021]",7.77791031814762,2.5,0.859375,True,patches/LIDC-IDRI-0135_n03.npz,96,"[4, 4, 4, 3]","[1, 1, 1, 1]","[6, 6, 6, 6]","[4, 3, 5, 4]","[4, 4, 5, 5]","[1, 2, 1, 1]","[1, 1, 1, 1]","[5, 5, 5, 5]","[2, 3, 2, 3]",2.5,2.5,0.5
LIDC-IDRI-0135,1.3.6.1.4.1.14519.5.2.1.6279.6001.294120933998772507043263238704,0,4,4,False,"[275.3786836819095, 373.1241994564575, 90.537841191067]",6.128903312278452,2.5,0.859375,True,patches/LIDC-IDRI-0135_n04.npz,96,"[3, 5, 4, 3]","[1, 1, 1, 1]","[6, 6, 6, 6]","[4, 5, 4, 4]","[4, 4, 5, 4]","[1, 2, 1, 1]","[1, 2, 1, 1]","[5, 5, 5, 5]","[2, 3, 2, 3]",2.5,2.5,0.5
LIDC-IDRI-0135,1.3.6.1.4.1.14519.5.2.1.6279.6001.294120933998772507043263238704,0,5,3,False,"[206.47209848096944, 323.4512800819253, 104.664503328213]",6.9169446742550775,2.5,0.859375,True,patches/LIDC-IDRI-0135_n05.npz,96,"[2, 4, 3]","[1, 1, 1]","[6, 6, 6]","[2, 3, 3]","[3, 4, 2]","[3, 3, 2]","[1, 2, 1]","[5, 5, 4]","[2, 2, 3]",2.3333333333333335,2.0,0.4714045207910317
LIDC-IDRI-0136,1.3.6.1.4.1.14519.5.2.1.6279.6001.207201727479884428632451006739,0,0,3,False,"[316.70354808590105, 414.29493464052285, 76.0]",6.296668275793752,3.0,0.8359375,False,patches/LIDC-IDRI-0136_n00.npz,96,"[5, 4, 5]","[1, 1, 1]","[6, 6, 6]","[2, 4, 4]","[3, 3, 4]","[3, 1, 1]","[2, 1, 1]","[5, 5, 4]","[2, 3, 3]",2.6666666666666665,3.0,0.4714045207910317
LIDC-IDRI-0136,1.3.6.1.4.1.14519.5.2.1.6279.6001.207201727479884428632451006739,0,1,3,False,"[349.18830825353393, 167.86262957896338, 80.26782185742515]",9.019799868468013,3.0,0.8359375,False,patches/LIDC-IDRI-0136_n01.npz,96,"[3, 4, 5]","[1, 1, 1]","[6, 6, 6]","[3, 3, 4]","[4, 3, 3]","[1, 4, 3]","[3, 3, 1]","[5, 4, 4]","[1, 4, 3]",2.6666666666666665,3.0,1.247219128924647
LIDC-IDRI-0136,1.3.6.1.4.1.14519.5.2.1.6279.6001.207201727479884428632451006739,0,2,2,False,"[331.09170653907495, 195.77272727272725, 88.21212121212122]",6.754281730767242,3.0,0.8359375,False,patches/LIDC-IDRI-0136_n02.npz,96,"[2, 4]","[1, 1]","[6, 6]","[3, 4]","[3, 3]","[1, 2]","[1, 2]","[5, 5]","[1, 3]",2.0,2.0,1.0
LIDC-IDRI-0136,1.3.6.1.4.1.14519.5.2.1.6279.6001.207201727479884428632451006739,0,3,2,False,"[326.5043209876543, 181.19074074074075, 99.75462962962962]",11.717578197696643,3.0,0.8359375,False,patches/LIDC-IDRI-0136_n03.npz,96,"[4, 4]","[1, 1]","[6, 6]","[3, 3]","[4, 4]","[1, 1]","[1, 1]","[5, 5]","[1, 3]",2.0,2.0,1.0
LIDC-IDRI-0136,1.3.6.1.4.1.14519.5.2.1.6279.6001.207201727479884428632451006739,0,4,1,False,"[318.9056603773585, 364.83962264150944, 113.0]",14.2109375,3.0,0.8359375,False,patches/LIDC-IDRI-0136_n04.npz,96,[4],[4],[6],[2],[3],[3],[4],[3],[3],3.0,3.0,0.0
LIDC-IDRI-0136,1.3.6.1.4.1.14519.5.2.1.6279.6001.207201727479884428632451006739,0,5,3,False,"[196.70483749055177, 323.88922482573275, 123.37662719408752]",9.236872944625327,3.0,0.8359375,False,patches/LIDC-IDRI-0136_n05.npz,96,"[3, 4, 5]","[1, 1, 1]","[6, 6, 6]","[5, 5, 5]","[5, 4, 5]","[1, 1, 1]","[1, 1, 1]","[5, 5, 5]","[1, 3, 2]",2.0,2.0,0.816496580927726
LIDC-IDRI-0136,1.3.6.1.4.1.14519.5.2.1.6279.6001.207201727479884428632451006739,0,6,3,False,"[195.38830691962275, 350.4724142152795, 124.45007347104645]",23.617779127571282,3.0,0.8359375,False,patches/LIDC-IDRI-0136_n06.npz,96,"[4, 4, 5]","[1, 1, 1]","[6, 6, 6]","[2, 2, 3]","[3, 2, 4]","[3, 4, 2]","[2, 4, 3]","[5, 5, 4]","[2, 3, 2]",2.3333333333333335,2.0,0.4714045207910317
LIDC-IDRI-0136,1.3.6.1.4.1.14519.5.2.1.6279.6001.207201727479884428632451006739,0,7,2,False,"[291.8599238875878, 344.13992974238874, 125.47877634660422]",9.56523147816167,3.0,0.8359375,False,patches/LIDC-IDRI-0136_n07.npz,96,"[4, 4]","[1, 1]","[6, 6]","[3, 2]","[4, 3]","[1, 3]","[2, 3]","[5, 5]","[1, 3]",2.0,2.0,1.0
LIDC-IDRI-0136,1.3.6.1.4.1.14519.5.2.1.6279.6001.207201727479884428632451006739,0,8,2,False,"[255.78581871345028, 306.52631578947364, 136.42032163742692]",6.9792152416536855,3.0,0.8359375,False,patches/LIDC-IDRI-0136_n08.npz,96,"[3, 4]","[1, 1]","[6, 5]","[5, 5]","[5, 3]","[1, 1]","[1, 1]","[5, 5]","[1, 1]",1.0,1.0,0.0
LIDC-IDRI-0137,1.3.6.1.4.1.14519.5.2.1.6279.6001.970428941353693253759289796610,0,0,2,False,"[389.89224137931035, 332.7025862068965, 30.4378078817734]",5.138214977407694,2.5,0.78125,True,patches/LIDC-IDRI-0137_n00.npz,96,"[4, 3]","[1, 1]","[3, 3]","[5, 5]","[5, 5]","[2, 1]","[1, 1]","[5, 5]","[1, 1]",1.0,1.0,0.0
LIDC-IDRI-0137,1.3.6.1.4.1.14519.5.2.1.6279.6001.970428941353693253759289796610,0,1,3,False,"[366.83943764362886, 116.86643610007144, 103.80507797337806]",31.420699855835153,2.5,0.78125,True,patches/LIDC-IDRI-0137_n01.npz,96,"[5, 5, 5]","[1, 1, 1]","[6, 6, 6]","[5, 2, 3]","[4, 2, 4]","[1, 2, 2]","[5, 2, 2]","[4, 5, 5]","[4, 3, 5]",4.0,4.0,0.816496580927726
LIDC-IDRI-0137,1.3.6.1.4.1.14519.5.2.1.6279.6001.970428941353693253759289796610,0,2,5,True,"[271.2758771375994, 115.82400062408183, 108.358936080955]",19.65063079425254,2.5,0.78125,True,patches/LIDC-IDRI-0137_n02.npz,96,"[5, 5, 5, 5, 5]","[1, 1, 1, 1, 1]","[6, 6, 6, 6, 6]","[3, 2, 3, 3, 3]","[4, 4, 3, 4, 4]","[3, 4, 4, 2, 2]","[2, 2, 3, 2, 2]","[4, 4, 5, 5, 5]","[3, 2, 4, 4, 5]",3.6,4.0,1.019803902718557
LIDC-IDRI-0138,1.3.6.1.4.1.14519.5.2.1.6279.6001.104780906131535625872840889059,0,0,1,False,"[285.0103780578206, 315.9555226093403, 182.15937731653077]",33.131375619855504,1.25,0.878906,True,patches/LIDC-IDRI-0138_n00.npz,96,[5],[1],[6],[3],[2],[4],[4],[5],[1],1.0,1.0,0.0
LIDC-IDRI-0139,1.3.6.1.4.1.14519.5.2.1.6279.6001.481278873893653517789960724156,0,0,2,False,"[335.3674962207105, 355.61091017888634, 30.75372984378937]",32.31708023614329,2.5,0.703125,True,patches/LIDC-IDRI-0139_n00.npz,96,"[5, 5]","[1, 1]","[6, 6]","[3, 3]","[4, 4]","[2, 4]","[3, 3]","[5, 5]","[5, 5]",5.0,5.0,0.0
LIDC-IDRI-0139,1.3.6.1.4.1.14519.5.2.1.6279.6001.481278873893653517789960724156,0,1,3,False,"[311.06303100474196, 109.48993459474981, 31.019753967638025]",37.868059765934774,2.5,0.703125,True,patches/LIDC-IDRI-0139_n01.npz,96,"[5, 5, 5]","[1, 1, 1]","[6, 6, 6]","[3, 3, 4]","[4, 4, 5]","[3, 4, 3]","[2, 2, 1]","[5, 5, 5]","[5, 5, 3]",4.333333333333333,5.0,0.9428090415820634
LIDC-IDRI-0139,1.3.6.1.4.1.14519.5.2.1.6279.6001.481278873893653517789960724156,0,2,3,False,"[370.86840590321594, 302.9001969406792, 42.63506398901754]",22.137655502331242,2.5,0.703125,True,patches/LIDC-IDRI-0139_n02.npz,96,"[5, 5, 5]","[1, 1, 1]","[6, 6, 6]","[3, 3, 3]","[4, 4, 5]","[2, 5, 3]","[2, 4, 1]","[5, 5, 5]","[5, 5, 2]",4.0,5.0,1.4142135623730951
LIDC-IDRI-0139,1.3.6.1.4.1.14519.5.2.1.6279.6001.481278873893653517789960724156,0,3,1,False,"[286.02222222222224, 362.5777777777778, 49.644444444444446]",8.81013099806836,2.5,0.703125,True,patches/LIDC-IDRI-0139_n03.npz,96,[2],[1],[6],[4],[5],[1],[1],[5],[3],3.0,3.0,0.0
LIDC-IDRI-0140,1.3.6.1.4.1.14519.5.2.1.6279.6001.139258777898746693365877042411,0,0,4,False,"[203.59293758018333, 95.72904295097291, 286.0371568613535]",11.23421825372607,0.6,0.513671875,False,patches/LIDC-IDRI-0140_n00.npz,96,"[5, 5, 4, 5]","[1, 1, 1, 1]","[6, 6, 6, 6]","[4, 5, 3, 3]","[5, 5, 4, 5]","[3, 1, 2, 2]","[1, 1, 1, 1]","[5, 5, 5, 5]","[2, 3, 3, 3]",2.75,3.0,0.4330127018922193
LIDC-IDRI-0141,1.3.6.1.4.1.14519.5.2.1.6279.6001.267957701183569638795986183786,0,0,4,False,"[192.76752864734746, 118.72616986233494, 174.65524896794284]",31.503130272893593,2.0,0.623046875,False,patches/LIDC-IDRI-0141_n00.npz,96,"[5, 5, 5, 5]","[1, 1, 1, 1]","[1, 4, 2, 6]","[3, 3, 3, 2]","[4, 5, 2, 4]","[3, 1, 2, 3]","[3, 1, 2, 2]","[5, 5, 5, 5]","[1, 2, 5, 4]",3.0,3.0,1.5811388300841898
LIDC-IDRI-0141,1.3.6.1.4.1.14519.5.2.1.6279.6001.267957701183569638795986183786,0,1,4,False,"[194.47964383812152, 155.31375277062762, 204.34601000182596]",12.755251215381863,2.0,0.623046875,False,patches/LIDC-IDRI-0141_n01.npz,96,"[5, 5, 5, 5]","[1, 1, 1, 1]","[4, 6, 3, 6]","[3, 3, 2, 2]","[5, 5, 3, 4]","[1, 3, 1, 4]","[1, 1, 3, 3]","[5, 5, 4, 5]","[2, 3, 4, 4]",3.25,3.5,0.82915619758885
LIDC-IDRI-0141,1.3.6.1.4.1.14519.5.2.1.6279.6001.267957701183569638795986183786,0,2,1,False,"[179.15841584158414, 99.64356435643565, 208.46534653465346]",4.744983634317553,2.0,0.623046875,False,patches/LIDC-IDRI-0141_n02.npz,96,[4],[1],[6],[4],[4],[1],[2],[4],[3],3.0,3.0,0.0
LIDC-IDRI-0141,1.3.6.1.4.1.14519.5.2.1.6279.6001.267957701183569638795986183786,0,3,4,False,"[182.9247409611993, 112.83121199990717, 211.75339564188246]",5.930778319317238,2.0,0.623046875,False,patches/LIDC-IDRI-0141_n03.npz,96,"[5, 3, 4, 4]","[1, 1, 1, 1]","[6, 6, 6, 6]","[3, 3, 3, 3]","[4, 4, 2, 4]","[2, 1, 1, 3]","[1, 1, 2, 3]","[5, 3, 3, 4]","[2, 2, 3, 3]",2.5,2.5,0.5
LIDC-IDRI-0141,1.3.6.1.4.1.14519.5.2.1.6279.6001.267957701183569638795986183786,0,4,3,False,"[353.31472402096824, 164.3272097368087, 317.0022510021585]",6.1747847200320765,2.0,0.623046875,False,patches/LIDC-IDRI-0141_n04.npz,96,"[5, 3, 4]","[1, 1, 1]","[6, 6, 6]","[3, 4, 4]","[3, 5, 4]","[2, 1, 1]","[2, 1, 1]","[5, 5, 5]","[2, 3, 2]",2.3333333333333335,2.0,0.4714045207910317
LIDC-IDRI-0142,1.3.6.1.4.1.14519.5.2.1.6279.6001.233433352108264931671753343044,0,0,4,False,"[351.97444506427263, 160.56291240072068, 98.10775489588303]",7.450726327248109,2.0,0.775390625,False,patches/LIDC-IDRI-0142_n00.npz,96,"[5, 3, 5, 5]","[1, 1, 1, 1]","[3, 3, 3, 5]","[3, 4, 3, 4]","[5, 5, 5, 5]","[1, 1, 1, 1]","[1, 1, 1, 1]","[5, 5, 5, 5]","[1, 1, 1, 1]",1.0,1.0,0.0
LIDC-IDRI-0142,1.3.6.1.4.1.14519.5.2.1.6279.6001.233433352108264931671753343044,0,1,3,False,"[332.6166222494151, 129.92046468485321, 193.12376577890996]",7.6033728146731425,2.0,0.775390625,False,patches/LIDC-IDRI-0142_n01.npz,96,"[2, 3, 5]","[1, 1, 1]","[6, 6, 6]","[3, 3, 3]","[4, 3, 5]","[3, 1, 4]","[1, 3, 2]","[5, 4, 5]","[2, 2, 2]",2.0,2.0,0.0
LIDC-IDRI-0142,1.3.6.1.4.1.14519.5.2.1.6279.6001.233433352108264931671753343044,0,2,4,False,"[216.73983202673483, 97.98448634846127, 201.56201782579194]",11.051000241096862,2.0,0.775390625,False,patches/LIDC-IDRI-0142_n02.npz,96,"[5, 4, 5, 3]","[1, 1, 1, 1]","[6, 6, 6, 4]","[4, 5, 5, 5]","[4, 4, 4, 5]","[2, 2, 1, 1]","[3, 2, 1, 1]","[5, 5, 5, 5]","[3, 4, 4, 1]",3.0,3.5,1.224744871391589
LIDC-IDRI-0142,1.3.6.1.4.1.14519.5.2.1.6279.6001.233433352108264931671753343044,0,3,2,False,"[200.63488051470588, 358.9160845588235, 248.11314338235294]",6.322716985170846,2.0,0.775390625,False,patches/LIDC-IDRI-0142_n03.npz,96,"[3, 3]","[1, 1]","[6, 6]","[4, 5]","[4, 5]","[2, 1]","[2, 1]","[4, 5]","[3, 2]",2.5,2.5,0.5
LIDC-IDRI-0144,1.3.6.1.4.1.14519.5.2.1.6279.6001.249404938669582150398726875826,0,0,4,False,"[358.4065940940941, 117.13546046046046, 23.3991991991992]",8.771967949936792,2.5,0.742188,True,patches/LIDC-IDRI-0144_n00.npz,96,"[4, 3, 5, 5]","[1, 1, 1, 1]","[6, 3, 3, 6]","[4, 3, 3, 4]","[5, 4, 5, 5]","[1, 1, 2, 1]","[1, 1, 2, 1]","[5, 5, 5, 5]","[2, 1, 3, 1]",1.75,1.5,0.82915619758885
LIDC-IDRI-0144,1.3.6.1.4.1.14519.5.2.1.6279.6001.249404938669582150398726875826,0,1,4,False,"[344.2671205040036, 310.62394077715356, 24.055143355288646]",11.436612573436232,2.5,0.742188,True,patches/LIDC-IDRI-0144_n01.npz,96,"[4, 5, 5, 5]","[1, 1, 1, 1]","[6, 3, 6, 3]","[3, 4, 2, 5]","[5, 4, 5, 5]","[2, 4, 1, 1]","[1, 1, 2, 1]","[5, 5, 5, 5]","[3, 1, 3, 1]",2.0,2.0,1.0
LIDC-IDRI-0144,1.3.6.1.4.1.14519.5.2.1.6279.6001.249404938669582150398726875826,0,2,1,False,"[217.90243902439025, 402.5609756097561, 36.5609756097561]",6.842635261669281,2.5,0.742188,True,patches/LIDC-IDRI-0144_n02.npz,96,[4],[1],[3],[5],[5],[1],[1],[5],[1],1.0,1.0,0.0
LIDC-IDRI-0144,1.3.6.1.4.1.14519.5.2.1.6279.6001.249404938669582150398726875826,0,3,4,False,"[370.5157450234127, 333.5602838571998, 64.72846188864392]",10.630282708724478,2.5,0.742188,True,patches/LIDC-IDRI-0144_n03.npz,96,"[4, 3, 4, 5]","[1, 1, 1, 1]","[6, 3, 6, 3]","[3, 3, 3, 5]","[5, 4, 5, 5]","[2, 2, 1, 1]","[1, 1, 2, 1]","[5, 5, 5, 5]","[2, 1, 3, 1]",1.75,1.5,0.82915619758885
LIDC-IDRI-0144,1.3.6.1.4.1.14519.5.2.1.6279.6001.249404938669582150398726875826,0,4,4,False,"[299.7970682319507, 403.070341223879, 67.48754599115975]",13.754899830058191,2.5,0.742188,True,patches/LIDC-IDRI-0144_n04.npz,96,"[4, 5, 5, 3]","[1, 1, 1, 1]","[6, 6, 6, 6]","[4, 4, 5, 5]","[5, 4, 5, 5]","[2, 1, 1, 1]","[1, 1, 1, 1]","[5, 5, 5, 5]","[4, 4, 4, 2]",3.5,4.0,0.8660254037844386
LIDC-IDRI-0145,1.3.6.1.4.1.14519.5.2.1.6279.6001.333145094436144085379032922488,0,0,1,False,"[353.0, 181.46666666666667, 52.43333333333333]",5.687585851000405,2.5,0.78125,True,patches/LIDC-IDRI-0145_n00.npz,96,[1],[1],[6],[3],[4],[1],[1],[5],[2],2.0,2.0,0.0
LIDC-IDRI-0145,1.3.6.1.4.1.14519.5.2.1.6279.6001.333145094436144085379032922488,0,1,4,False,"[361.31063090979507, 186.5694346944347, 60.511635554948626]",9.060708703743092,2.5,0.78125,True,patches/LIDC-IDRI-0145_n01.npz,96,"[4, 4, 3, 5]","[1, 1, 1, 1]","[6, 6, 6, 6]","[4, 5, 5, 5]","[4, 4, 3, 4]","[1, 1, 3, 1]","[2, 2, 3, 5]","[5, 5, 5, 4]","[3, 4, 3, 4]",3.5,3.5,0.5
LIDC-IDRI-0145,1.3.6.1.4.1.14519.5.2.1.6279.6001.333145094436144085379032922488,0,2,1,False,"[241.75, 386.4375, 88.0]",4.941058844013093,2.5,0.78125,True,patches/LIDC-IDRI-0145_n02.npz,96,[2],[1],[6],[4],[4],[2],[1],[5],[3],3.0,3.0,0.0
LIDC-IDRI-0146,1.3.6.1.4.1.14519.5.2.1.6279.6001.410251741986998833890312367579,0,0,4,False,"[282.5014020527408, 190.18627634548585, 172.58305157795084]",19.273769824506203,1.25,0.917969,True,patches/LIDC-IDRI-0146_n00.npz,96,"[4, 4, 4, 4]","[1, 1, 1, 1]","[6, 6, 6, 6]","[3, 4, 3, 4]","[4, 5, 5, 4]","[2, 1, 1, 2]","[3, 1, 1, 1]","[5, 5, 5, 5]","[4, 4, 3, 2]",3.25,3.5,0.82915619758885
LIDC-IDRI-0147,1.3.6.1.4.1.14519.5.2.1.6279.6001.188059920088313909273628445208,0,0,3,False,"[379.72688548853586, 187.47338926891098, 17.019132152230583]",7.39024842957986,2.0,0.65,True,patches/LIDC-IDRI-0147_n00.npz,96,"[5, 4, 4]","[1, 1, 1]","[6, 6, 6]","[4, 5, 4]","[5, 4, 4]","[1, 2, 3]","[1, 1, 1]","[5, 5, 4]","[1, 3, 4]",2.6666666666666665,3.0,1.247219128924647
LIDC-IDRI-0147,1.3.6.1.4.1.14519.5.2.1.6279.6001.188059920088313909273628445208,0,1,2,False,"[310.188679245283, 109.44902031930334, 30.571661828737298]",6.765412493577388,2.0,0.65,True,patches/LIDC-IDRI-0147_n01.npz,96,"[4, 5]","[1, 1]","[6, 6]","[5, 4]","[3, 4]","[2, 1]","[1, 1]","[5, 4]","[3, 3]",3.0,3.0,0.0
LIDC-IDRI-0147,1.3.6.1.4.1.14519.5.2.1.6279.6001.188059920088313909273628445208,0,2,3,False,"[366.7933140933141, 93.09810966810967, 30.74092833092833]",6.787926977088202,2.0,0.65,True,patches/LIDC-IDRI-0147_n02.npz,96,"[5, 4, 5]","[1, 1, 1]","[6, 6, 6]","[4, 5, 5]","[5, 3, 4]","[1, 1, 1]","[1, 1, 1]","[5, 5, 4]","[1, 3, 4]",2.6666666666666665,3.0,1.247219128924647
LIDC-IDRI-0147,1.3.6.1.4.1.14519.5.2.1.6279.6001.188059920088313909273628445208,0,3,2,False,"[318.3157467532468, 72.44967532467533, 36.563311688311686]",6.9555701315722125,2.0,0.65,True,patches/LIDC-IDRI-0147_n03.npz,96,"[4, 5]","[1, 1]","[6, 6]","[3, 3]","[3, 4]","[2, 1]","[2, 1]","[5, 4]","[3, 3]",3.0,3.0,0.0
LIDC-IDRI-0147,1.3.6.1.4.1.14519.5.2.1.6279.6001.188059920088313909273628445208,0,4,2,False,"[388.04768270944743, 115.29567736185383, 40.91800356506239]",6.079572667284356,2.0,0.65,True,patches/LIDC-IDRI-0147_n04.npz,96,"[4, 5]","[1, 1]","[6, 6]","[5, 5]","[3, 5]","[1, 1]","[2, 1]","[5, 4]","[3, 4]",3.5,3.5,0.5
LIDC-IDRI-0147,1.3.6.1.4.1.14519.5.2.1.6279.6001.188059920088313909273628445208,0,5,1,False,"[359.9583333333333, 93.125, 48.0625]",5.553602434456394,2.0,0.65,True,patches/LIDC-IDRI-0147_n05.npz,96,[4],[1],[6],[4],[3],[1],[2],[5],[3],3.0,3.0,0.0
LIDC-IDRI-0147,1.3.6.1.4.1.14519.5.2.1.6279.6001.188059920088313909273628445208,0,6,2,False,"[404.1406015037594, 142.10751879699248, 50.97894736842105]",8.474963126763448,2.0,0.65,True,patches/LIDC-IDRI-0147_n06.npz,96,"[4, 5]","[1, 1]","[6, 6]","[2, 5]","[3, 4]","[2, 1]","[1, 1]","[5, 4]","[3, 3]",3.0,3.0,0.0
LIDC-IDRI-0148,1.3.6.1.4.1.14519.5.2.1.6279.6001.128881800399702510818644205032,0,0,1,False,"[350.2, 400.53333333333336, 62.0]",4.752158226795484,2.5,0.78125,True,patches/LIDC-IDRI-0148_n00.npz,96,[2],[1],[6],[4],[4],[1],[1],[5],[2],2.0,2.0,0.0
LIDC-IDRI-0148,1.3.6.1.4.1.14519.5.2.1.6279.6001.128881800399702510818644205032,0,1,4,False,"[303.9255698558688, 139.60786923674152, 82.70254021340978]",14.668066544616542,2.5,0.78125,True,patches/LIDC-IDRI-0148_n01.npz,96,"[5, 5, 5, 5]","[1, 1, 1, 1]","[6, 6, 6, 6]","[5, 4, 4, 4]","[5, 3, 4, 4]","[4, 4, 4, 2]","[1, 3, 3, 2]","[5, 5, 5, 5]","[3, 4, 5, 5]",4.25,4.5,0.82915619758885
LIDC-IDRI-0148,1.3.6.1.4.1.14519.5.2.1.6279.6001.128881800399702510818644205032,0,2,4,False,"[341.05669500049567, 166.70928419998998, 83.11336088726046]",22.174891409881816,2.5,0.78125,True,patches/LIDC-IDRI-0148_n02.npz,96,"[5, 5, 4, 5]","[1, 1, 1, 1]","[6, 6, 6, 6]","[5, 2, 2, 2]","[4, 3, 4, 4]","[1, 4, 4, 2]","[5, 3, 3, 3]","[4, 5, 5, 5]","[4, 4, 5, 5]",4.5,4.5,0.5
LIDC-IDRI-0149,1.3.6.1.4.1.14519.5.2.1.6279.6001.225154811831720426832024114593,0,0,1,False,"[395.9259259259259, 205.40740740740742, 50.0]",8.450510801868726,2.5,0.78125,True,patches/LIDC-IDRI-0149_n00.npz,96,[2],[1],[6],[4],[4],[4],[1],[5],[2],2.0,2.0,0.0
LIDC-IDRI-0149,1.3.6.1.4.1.14519.5.2.1.6279.6001.225154811831720426832024114593,0,1,3,False,"[407.3058701741566, 329.10339788089146, 52.84999797020257]",10.600182099226798,2.5,0.78125,True,patches/LIDC-IDRI-0149_n01.npz,96,"[5, 3, 3]","[1, 1, 1]","[3, 6, 6]","[5, 3, 2]","[5, 4, 4]","[1, 3, 1]","[1, 1, 3]","[5, 5, 5]","[1, 3, 3]",2.3333333333333335,3.0,0.9428090415820634
LIDC-IDRI-0149,1.3.6.1.4.1.14519.5.2.1.6279.6001.225154811831720426832024114593,0,2,4,False,"[181.06901629072684, 397.0463032581454, 70.59404761904761]",6.7079639450455275,2.5,0.78125,True,patches/LIDC-IDRI-0149_n02.npz,96,"[3, 4, 4, 4]","[1, 1, 1, 1]","[6, 6, 6, 6]","[5, 5, 5, 4]","[5, 5, 5, 5]","[1, 1, 1, 1]","[1, 1, 1, 2]","[5, 5, 5, 5]","[2, 3, 2, 3]",2.5,2.5,0.5
LIDC-IDRI-0149,1.3.6.1.4.1.14519.5.2.1.6279.6001.225154811831720426832024114593,0,3,1,False,"[398.4848484848485, 152.9090909090909, 72.39393939393939]",5.949822738956178,2.5,0.78125,True,patches/LIDC-IDRI-0149_n03.npz,96,[3],[1],[6],[5],[4],[1],[2],[5],[3],3.0,3.0,0.0
LIDC-IDRI-0149,1.3.6.1.4.1.14519.5.2.1.6279.6001.225154811831720426832024114593,0,4,4,False,"[398.5020038909609, 363.3914478323223, 79.92279095692632]",6.961667861068561,2.5,0.78125,True,patches/LIDC-IDRI-0149_n04.npz,96,"[5, 4, 4, 4]","[1, 1, 1, 1]","[3, 6, 6, 6]","[5, 5, 4, 5]","[5, 5, 4, 5]","[1, 1, 1, 1]","[1, 1, 2, 1]","[5, 5, 5, 5]","[1, 2, 3, 3]",2.25,2.5,0.82915619758885
LIDC-IDRI-0149,1.3.6.1.4.1.14519.5.2.1.6279.6001.225154811831720426832024114593,0,5,1,False,"[403.6666666666667, 372.0, 84.0]",4.207160005573831,2.5,0.78125,True,patches/LIDC-IDRI-0149_n05.npz,96,[2],[1],[6],[5],[5],[1],[1],[5],[2],2.0,2.0,0.0
LIDC-IDRI-0149,1.3.6.1.4.1.14519.5.2.1.6279.6001.225154811831720426832024114593,0,6,1,False,"[287.11764705882354, 376.05882352941177, 92.0]",5.524271728019903,2.5,0.78125,True,patches/LIDC-IDRI-0149_n06.npz,96,[2],[1],[6],[5],[5],[1],[1],[5],[2],2.0,2.0,0.0
LIDC-IDRI-0149,1.3.6.1.4.1.14519.5.2.1.6279.6001.225154811831720426832024114593,0,7,1,False,"[369.6666666666667, 226.6060606060606, 97.63636363636364]",6.442352540027595,2.5,0.78125,True,patches/LIDC-IDRI-0149_n07.npz,96,[2],[1],[6],[5],[5],[1],[1],[5],[2],2.0,2.0,0.0
LIDC-IDRI-0150,1.3.6.1.4.1.14519.5.2.1.6279.6001.400871509992541458184881866614,0,0,2,False,"[209.46262458471762, 181.04111295681062, 63.66818936877077]",8.802218390622382,3.0,0.647,True,patches/LIDC-IDRI-0150_n00.npz,96,"[1, 3]","[1, 1]","[6, 6]","[5, 3]","[3, 4]","[1, 1]","[1, 1]","[5, 3]","[1, 3]",2.0,2.0,1.0
LIDC-IDRI-0150,1.3.6.1.4.1.14519.5.2.1.6279.6001.400871509992541458184881866614,0,1,2,False,"[292.20098091198304, 154.48547189819726, 89.55148462354188]",30.508437199242643,3.0,0.647,True,patches/LIDC-IDRI-0150_n01.npz,96,"[3, 5]","[1, 1]","[6, 6]","[3, 4]","[1, 4]","[2, 5]","[2, 3]","[5, 5]","[1, 4]",2.5,2.5,1.5
LIDC-IDRI-0151,1.3.6.1.4.1.14519.5.2.1.6279.6001.453946099750629491201946672998,0,0,3,False,"[316.3764552431219, 416.5410471077137, 74.1257924591258]",10.154294101980325,3.0,0.57421875,False,patches/LIDC-IDRI-0151_n00.npz,96,"[4, 5, 5]","[1, 1, 1]","[6, 6, 6]","[4, 4, 4]","[4, 3, 5]","[4, 4, 1]","[1, 4, 4]","[5, 5, 5]","[2, 4, 5]",3.6666666666666665,4.0,1.247219128924647
LIDC-IDRI-0151,1.3.6.1.4.1.14519.5.2.1.6279.6001.768856069922657732839929586657,1,0,4,False,"[301.85887538602606, 408.99698796211976, 71.50100522269503]",14.403897170931664,3.0,0.613,True,patches/LIDC-IDRI-0151_s1_n00.npz,96,"[5, 5, 4, 5]","[1, 1, 1, 1]","[6, 6, 6, 6]","[3, 4, 3, 3]","[3, 3, 3, 2]","[3, 4, 4, 2]","[4, 2, 3, 1]","[4, 5, 4, 5]","[4, 5, 3, 3]",3.75,3.5,0.82915619758885
LIDC-IDRI-0152,1.3.6.1.4.1.14519.5.2.1.6279.6001.724562063158320418413995627171,0,0,4,False,"[198.22261387581474, 215.57195093738412, 59.35219695077229]",10.847850876335066,2.5,0.78125,True,patches/LIDC-IDRI-0152_n00.npz,96,"[4, 2, 5, 3]","[1, 1, 1, 1]","[6, 6, 6, 6]","[4, 5, 5, 5]","[5, 5, 5, 5]","[1, 1, 1, 1]","[1, 1, 1, 1]","[5, 5, 5, 5]","[2, 3, 4, 2]",2.75,2.5,0.82915619758885
LIDC-IDRI-0153,1.3.6.1.4.1.14519.5.2.1.6279.6001.183924380327950237519832859527,0,0,3,False,"[290.34596284908355, 164.40391294381823, 56.22414030014402]",18.036184742855912,2.5,0.898438,True,patches/LIDC-IDRI-0153_n00.npz,96,"[5, 5, 5]","[1, 1, 1]","[6, 6, 6]","[3, 3, 2]","[4, 5, 4]","[3, 1, 2]","[1, 1, 1]","[5, 5, 5]","[4, 4, 3]",3.6666666666666665,4.0,0.4714045207910317
LIDC-IDRI-0153,1.3.6.1.4.1.14519.5.2.1.6279.6001.183924380327950237519832859527,0,1,3,False,"[209.79918869578873, 215.57459376665102, 82.61552190395567]",24.406895007035473,2.5,0.898438,True,patches/LIDC-IDRI-0153_n01.npz,96,"[5, 5, 5]","[1, 1, 1]","[6, 6, 6]","[4, 3, 5]","[5, 4, 5]","[1, 3, 4]","[4, 2, 1]","[5, 5, 5]","[5, 3, 3]",3.6666666666666665,3.0,0.9428090415820634
LIDC-IDRI-0154,1.3.6.1.4.1.14519.5.2.1.6279.6001.115689755198961598722158240121,0,0,1,False,"[291.8333333333333, 204.29166666666666, 36.458333333333336]",6.913898176860873,3.0,0.702,True,patches/LIDC-IDRI-0154_n00.npz,96,[2],[1],[6],[5],[3],[1],[1],[5],[3],3.0,3.0,0.0
LIDC-IDRI-0154,1.3.6.1.4.1.14519.5.2.1.6279.6001.115689755198961598722158240121,0,1,4,False,"[265.89036806737033, 461.5189154072652, 44.30299524226067]",24.813995438908393,3.0,0.702,True,patches/LIDC-IDRI-0154_n01.npz,96,"[5, 5, 5, 5]","[1, 1, 1, 1]","[6, 6, 6, 6]","[4, 5, 4, 5]","[5, 5, 4, 5]","[1, 1, 2, 1]","[1, 1, 2, 1]","[5, 5, 5, 5]","[2, 5, 3, 5]",3.75,4.0,1.299038105676658
LIDC-IDRI-0155,1.3.6.1.4.1.14519.5.2.1.6279.6001.238042459915048190592571019348,0,0,2,False,"[238.53140096618358, 165.28502415458937, 170.1710144927536]",10.834922508513447,1.25,0.78125,True,patches/LIDC-IDRI-0155_n00.npz,96,"[4, 5]","[1, 1]","[6, 6]","[4, 2]","[4, 2]","[1, 2]","[1, 2]","[5, 5]","[3, 3]",3.0,3.0,0.0
LIDC-IDRI-0156,1.3.6.1.4.1.14519.5.2.1.6279.6001.168042389372367513325505818854,0,0,4,False,"[173.31937052626637, 370.24345114656734, 91.5105261636116]",12.531650427476302,3.0,0.677,True,patches/LIDC-IDRI-0156_n00.npz,96,"[5, 5, 5, 5]","[1, 1, 1, 1]","[6, 6, 6, 6]","[4, 3, 4, 5]","[4, 4, 4, 5]","[5, 4, 4, 4]","[2, 1, 2, 1]","[5, 5, 5, 5]","[4, 4, 5, 3]",4.0,4.0,0.7071067811865476
LIDC-IDRI-0157,1.3.6.1.4.1.14519.5.2.1.6279.6001.436403998650924660479049012235,0,0,2,False,"[311.41396761133603, 413.25067476383265, 54.94736842105263]",8.642172442436696,2.5,0.820312,False,patches/LIDC-IDRI-0157_n00.npz,96,"[2, 5]","[1, 1]","[6, 6]","[3, 4]","[3, 1]","[2, 1]","[2, 1]","[5, 3]","[3, 2]",2.5,2.5,0.5
LIDC-IDRI-0158,1.3.6.1.4.1.14519.5.2.1.6279.6001.244204120220889433826451158706,0,0,1,False,"[234.28235294117647, 246.23529411764707, 52.9]",9.770278475972734,1.25,0.808594,False,patches/LIDC-IDRI-0158_n00.npz,96,[5],[1],[3],[5],[5],[1],[1],[5],[1],1.0,1.0,0.0
LIDC-IDRI-0158,1.3.6.1.4.1.14519.5.2.1.6279.6001.244204120220889433826451158706,0,1,2,False,"[260.199542595769, 108.36528016009149, 128.80460263007433]",7.854096345736843,1.25,0.808594,False,patches/LIDC-IDRI-0158_n01.npz,96,"[3, 4]","[1, 1]","[6, 6]","[3, 3]","[4, 2]","[1, 3]","[1, 3]","[5, 4]","[3, 3]",3.0,3.0,0.0
LIDC-IDRI-0158,1.3.6.1.4.1.14519.5.2.1.6279.6001.244204120220889433826451158706,0,2,3,False,"[292.763878720728, 282.7815733872087, 138.5710908927247]",7.264567166140071,1.25,0.808594,False,patches/LIDC-IDRI-0158_n02.npz,96,"[2, 1, 5]","[1, 1, 1]","[6, 6, 6]","[5, 3, 4]","[4, 5, 4]","[2, 1, 2]","[2, 1, 2]","[5, 5, 5]","[3, 3, 2]",2.6666666666666665,3.0,0.4714045207910317
LIDC-IDRI-0158,1.3.6.1.4.1.14519.5.2.1.6279.6001.244204120220889433826451158706,0,3,4,False,"[285.08857953941794, 120.00166672300796, 142.39897472261305]",11.406135904539939,1.25,0.808594,False,patches/LIDC-IDRI-0158_n03.npz,96,"[4, 4, 3, 4]","[1, 1, 1, 1]","[6, 6, 6, 6]","[4, 3, 3, 3]","[5, 3, 2, 3]","[1, 2, 1, 3]","[1, 3, 2, 3]","[5, 5, 5, 5]","[3, 2, 3, 3]",2.75,3.0,0.4330127018922193
LIDC-IDRI-0159,1.3.6.1.4.1.14519.5.2.1.6279.6001.255999614855292116767517149228,0,0,2,False,"[215.63352272727272, 118.39015151515152, 70.6534090909091]",5.619848854935667,2.5,0.78125,True,patches/LIDC-IDRI-0159_n00.npz,96,"[5, 4]","[1, 1]","[3, 3]","[5, 3]","[5, 5]","[1, 1]","[1, 1]","[5, 5]","[1, 1]",1.0,1.0,0.0
LIDC-IDRI-0159,1.3.6.1.4.1.14519.5.2.1.6279.6001.255999614855292116767517149228,0,1,4,False,"[196.34435675089205, 118.6880570336548, 73.23653955095824]",14.872365035802435,2.5,0.78125,True,patches/LIDC-IDRI-0159_n01.npz,96,"[3, 5, 5, 5]","[1, 1, 1, 1]","[6, 6, 6, 6]","[5, 4, 4, 4]","[5, 4, 5, 5]","[1, 3, 2, 1]","[1, 2, 1, 1]","[5, 5, 5, 5]","[2, 4, 4, 3]",3.25,3.5,0.82915619758885
LIDC-IDRI-0160,1.3.6.1.4.1.14519.5.2.1.6279.6001.603126300703296693942875967838,0,0,4,False,"[315.45484160424473, 119.4237844435527, 51.30760154717318]",8.29226206630029,2.5,0.78125,True,patches/LIDC-IDRI-0160_n00.npz,96,"[5, 4, 4, 4]","[1, 1, 1, 1]","[3, 3, 6, 3]","[5, 3, 4, 3]","[5, 5, 4, 5]","[1, 3, 1, 1]","[1, 3, 1, 1]","[5, 5, 5, 5]","[1, 1, 3, 1]",1.5,1.0,0.8660254037844386
LIDC-IDRI-0160,1.3.6.1.4.1.14519.5.2.1.6279.6001.603126300703296693942875967838,0,1,4,False,"[291.00284119266195, 240.31943391523515, 64.88361916287988]",10.888334407760745,2.5,0.78125,True,patches/LIDC-IDRI-0160_n01.npz,96,"[3, 4, 4, 4]","[1, 1, 1, 1]","[6, 6, 6, 6]","[5, 5, 4, 5]","[5, 5, 5, 5]","[1, 1, 1, 1]","[1, 3, 1, 1]","[5, 5, 4, 5]","[2, 4, 4, 4]",3.5,4.0,0.8660254037844386
LIDC-IDRI-0160,1.3.6.1.4.1.14519.5.2.1.6279.6001.603126300703296693942875967838,0,2,4,False,"[395.448741473755, 365.7662282282738, 65.224914484593]",9.775295150663535,2.5,0.78125,True,patches/LIDC-IDRI-0160_n02.npz,96,"[3, 5, 3, 4]","[1, 1, 1, 1]","[6, 6, 6, 6]","[5, 3, 3, 5]","[5, 5, 5, 5]","[1, 2, 1, 1]","[1, 1, 1, 1]","[5, 5, 5, 5]","[2, 3, 3, 4]",3.0,3.0,0.7071067811865476
LIDC-IDRI-0160,1.3.6.1.4.1.14519.5.2.1.6279.6001.603126300703296693942875967838,0,3,3,False,"[336.7842190016103, 413.3188405797102, 71.93102522812667]",6.968251052877249,2.5,0.78125,True,patches/LIDC-IDRI-0160_n03.npz,96,"[3, 4, 4]","[1, 1, 1]","[6, 5, 6]","[3, 2, 3]","[4, 4, 5]","[1, 1, 1]","[2, 1, 1]","[5, 5, 5]","[3, 2, 4]",3.0,3.0,0.816496580927726
LIDC-IDRI-0161,1.3.6.1.4.1.14519.5.2.1.6279.6001.189483585244687808087477024767,0,0,4,False,"[367.7636148281722, 164.78273634065116, 39.07829750080791]",10.279976832996189,1.25,0.820312,True,patches/LIDC-IDRI-0161_n00.npz,96,"[3, 4, 3, 3]","[1, 1, 1, 1]","[6, 6, 6, 6]","[5, 3, 3, 3]","[5, 4, 4, 4]","[1, 2, 1, 2]","[1, 2, 2, 1]","[5, 5, 5, 5]","[2, 3, 3, 4]",3.0,3.0,0.7071067811865476
LIDC-IDRI-0161,1.3.6.1.4.1.14519.5.2.1.6279.6001.189483585244687808087477024767,0,1,3,False,"[343.7097162097162, 397.2521043771044, 72.68229918229918]",6.691490645818683,1.25,0.820312,True,patches/LIDC-IDRI-0161_n01.npz,96,"[3, 2, 3]","[1, 1, 1]","[6, 6, 6]","[3, 5, 3]","[3, 4, 5]","[3, 3, 2]","[2, 1, 1]","[5, 5, 5]","[3, 3, 3]",3.0,3.0,0.0
LIDC-IDRI-0161,1.3.6.1.4.1.14519.5.2.1.6279.6001.189483585244687808087477024767,0,2,2,False,"[215.74066696383795, 98.43542096172062, 83.85005850559983]",11.444125069381297,1.25,0.820312,True,patches/LIDC-IDRI-0161_n02.npz,96,"[1, 3]","[1, 1]","[6, 6]","[5, 3]","[2, 4]","[1, 2]","[1, 2]","[1, 2]","[2, 3]",2.5,2.5,0.5
LIDC-IDRI-0161,1.3.6.1.4.1.14519.5.2.1.6279.6001.189483585244687808087477024767,0,3,1,False,"[168.7840909090909, 376.375, 83.9090909090909]",9.352995833139255,1.25,0.820312,True,patches/LIDC-IDRI-0161_n03.npz,96,[3],[1],[6],[5],[5],[1],[1],[5],[2],2.0,2.0,0.0
LIDC-IDRI-0162,1.3.6.1.4.1.14519.5.2.1.6279.6001.837810280808122125183730411210,0,0,1,False,"[246.06451612903226, 420.51612903225805, 74.38709677419355]",6.675002926029321,2.5,0.78125,True,patches/LIDC-IDRI-0162_n00.npz,96,[3],[1],[6],[4],[5],[1],[1],[5],[2],2.0,2.0,0.0
LIDC-IDRI-0162,1.3.6.1.4.1.14519.5.2.1.6279.6001.837810280808122125183730411210,0,1,4,False,"[212.24203772322258, 148.74573239779164, 77.48227475586484]",14.58125965288179,2.5,0.78125,True,patches/LIDC-IDRI-0162_n01.npz,96,"[1, 3, 5, 3]","[1, 1, 1, 1]","[6, 6, 6, 6]","[5, 3, 2, 3]","[2, 4, 3, 5]","[1, 2, 3, 1]","[1, 2, 2, 1]","[1, 5, 5, 5]","[2, 4, 3, 2]",2.75,2.5,0.82915619758885
LIDC-IDRI-0163,1.3.6.1.4.1.14519.5.2.1.6279.6001.271307051432838466826189754230,0,0,4,False,"[236.71394035198972, 431.8549189716964, 40.198332317287154]",23.68494457249823,2.5,0.703125,True,patches/LIDC-IDRI-0163_n00.npz,96,"[5, 5, 4, 5]","[1, 1, 1, 1]","[6, 6, 6, 6]","[3, 5, 3, 4]","[5, 4, 5, 5]","[3, 1, 1, 3]","[1, 5, 1, 3]","[5, 4, 5, 5]","[4, 4, 4, 5]",4.25,4.0,0.4330127018922193
LIDC-IDRI-0164,1.3.6.1.4.1.14519.5.2.1.6279.6001.219428004988664846407984058588,0,0,3,False,"[302.9003651403703, 237.4326956571807, 84.86978547403473]",8.07049109758232,1.25,0.859375,True,patches/LIDC-IDRI-0164_n00.npz,96,"[3, 5, 4]","[1, 1, 1]","[6, 6, 6]","[5, 4, 5]","[5, 4, 5]","[1, 2, 1]","[1, 2, 1]","[5, 5, 5]","[2, 3, 3]",2.6666666666666665,3.0,0.4714045207910317
LIDC-IDRI-0164,1.3.6.1.4.1.14519.5.2.1.6279.6001.219428004988664846407984058588,0,1,4,False,"[340.26883657856547, 358.3875996991215, 98.35881927989585]",10.47520163728609,1.25,0.859375,True,patches/LIDC-IDRI-0164_n01.npz,96,"[3, 4, 4, 4]","[1, 1, 1, 1]","[6, 6, 6, 6]","[5, 5, 5, 4]","[5, 4, 5, 4]","[1, 2, 1, 1]","[1, 2, 1, 2]","[5, 5, 5, 5]","[2, 3, 4, 4]",3.25,3.5,0.82915619758885
LIDC-IDRI-0164,1.3.6.1.4.1.14519.5.2.1.6279.6001.219428004988664846407984058588,0,2,4,False,"[332.160135513778, 389.4136923965924, 105.67885084150818]",15.117406438763492,1.25,0.859375,True,patches/LIDC-IDRI-0164_n02.npz,96,"[3, 5, 5, 5]","[1, 1, 1, 1]","[6, 6, 6, 6]","[5, 4, 5, 3]","[5, 4, 5, 4]","[1, 2, 2, 2]","[1, 2, 1, 2]","[5, 5, 5, 5]","[2, 3, 5, 5]",3.75,4.0,1.299038105676658
LIDC-IDRI-0164,1.3.6.1.4.1.14519.5.2.1.6279.6001.219428004988664846407984058588,0,3,4,False,"[365.4596612918994, 206.8919118156226, 121.60008753480008]",9.7716440795085,1.25,0.859375,True,patches/LIDC-IDRI-0164_n03.npz,96,"[3, 5, 4, 4]","[1, 1, 1, 1]","[6, 6, 6, 6]","[5, 4, 5, 4]","[5, 4, 5, 4]","[1, 2, 1, 1]","[1, 2, 1, 1]","[5, 5, 5, 5]","[2, 3, 4, 3]",3.0,3.0,0.7071067811865476
LIDC-IDRI-0164,1.3.6.1.4.1.14519.5.2.1.6279.6001.219428004988664846407984058588,0,4,4,False,"[284.5896650555992, 394.66133451424844, 126.47677811887166]",7.851177123593655,1.25,0.859375,True,patches/LIDC-IDRI-0164_n04.npz,96,"[3, 5, 3, 4]","[1, 1, 1, 1]","[6, 6, 6, 6]","[5, 5, 5, 4]","[5, 5, 5, 5]","[1, 2, 1, 1]","[1, 1, 1, 1]","[5, 5, 5, 5]","[2, 3, 3, 2]",2.5,2.5,0.5
LIDC-IDRI-0164,1.3.6.1.4.1.14519.5.2.1.6279.6001.219428004988664846407984058588,0,5,3,False,"[342.57440455410796, 329.661066542853, 132.86654017659734]",7.467096820878361,1.25,0.859375,True,patches/LIDC-IDRI-0164_n05.npz,96,"[3, 4, 2]","[1, 1, 1]","[6, 6, 6]","[5, 5, 5]","[5, 5, 5]","[1, 1, 1]","[1, 1, 1]","[5, 5, 5]","[2, 3, 3]",2.6666666666666665,3.0,0.4714045207910317
LIDC-IDRI-0164,1.3.6.1.4.1.14519.5.2.1.6279.6001.219428004988664846407984058588,0,6,3,False,"[317.888043718677, 338.39562057971483, 143.21971548333843]",7.971230975803974,1.25,0.859375,True,patches/LIDC-IDRI-0164_n06.npz,96,"[4, 3, 3]","[1, 1, 1]","[6, 6, 6]","[3, 4, 4]","[4, 5, 5]","[3, 1, 1]","[2, 1, 1]","[5, 5, 5]","[3, 3, 2]",2.6666666666666665,3.0,0.4714045207910317
LIDC-IDRI-0164,1.3.6.1.4.1.14519.5.2.1.6279.6001.219428004988664846407984058588,0,7,2,False,"[272.2647058823529, 403.51176470588234, 159.13529411764705]",8.880425841720506,1.25,0.859375,True,patches/LIDC-IDRI-0164_n07.npz,96,"[5, 4]","[1, 1]","[6, 6]","[3, 4]","[3, 2]","[3, 2]","[2, 1]","[3, 3]","[3, 3]",3.0,3.0,0.0
LIDC-IDRI-0164,1.3.6.1.4.1.14519.5.2.1.6279.6001.219428004988664846407984058588,0,8,4,False,"[216.74486301369862, 188.6576963490277, 168.76125611688542]",11.649941971237885,1.25,0.859375,True,patches/LIDC-IDRI-0164_n08.npz,96,"[3, 5, 5, 4]","[1, 1, 1, 1]","[6, 6, 6, 6]","[5, 3, 3, 3]","[5, 4, 5, 5]","[1, 4, 1, 1]","[1, 2, 1, 1]","[5, 5, 5, 5]","[2, 3, 4, 3]",3.0,3.0,0.7071067811865476
LIDC-IDRI-0164,1.3.6.1.4.1.14519.5.2.1.6279.6001.219428004988664846407984058588,0,9,1,False,"[246.28571428571428, 338.6142857142857, 190.54285714285714]",6.928502752444066,1.25,0.859375,True,patches/LIDC-IDRI-0164_n09.npz,96,[3],[1],[6],[5],[5],[1],[1],[5],[2],2.0,2.0,0.0
LIDC-IDRI-0164,1.3.6.1.4.1.14519.5.2.1.6279.6001.219428004988664846407984058588,0,10,4,False,"[274.746427076074, 323.28885088792924, 219.196769966407]",12.937243693297708,1.25,0.859375,True,patches/LIDC-IDRI-0164_n10.npz,96,"[5, 5, 5, 4]","[1, 1, 1, 1]","[6, 6, 6, 6]","[5, 3, 3, 4]","[5, 4, 5, 4]","[4, 4, 2, 2]","[1, 2, 1, 1]","[5, 5, 5, 5]","[3, 3, 4, 4]",3.5,3.5,0.5
LIDC-IDRI-0165,1.3.6.1.4.1.14519.5.2.1.6279.6001.320967206808467952819309001585,0,0,1,False,"[305.0, 176.82539682539684, 120.44444444444444]",10.067217935116187,2.5,0.703125,True,patches/LIDC-IDRI-0165_n00.npz,96,[2],[1],[6],[3],[2],[3],[2],[1],[3],3.0,3.0,0.0
LIDC-IDRI-0166,1.3.6.1.4.1.14519.5.2.1.6279.6001.120842785645314664964010792308,0,0,2,False,"[318.05877899994846, 215.7441355455195, 55.882840892466405]",35.16928463307853,2.5,0.703125,True,patches/LIDC-IDRI-0166_n00.npz,96,"[5, 5]","[1, 1]","[6, 6]","[4, 5]","[5, 5]","[1, 1]","[1, 1]","[4, 5]","[2, 3]",2.5,2.5,0.5
LIDC-IDRI-0167,1.3.6.1.4.1.14519.5.2.1.6279.6001.336198008634390022174744544656,0,0,2,False,"[175.1417497231451, 70.09496124031008, 50.44656699889258]",6.173744359917928,2.5,0.664062,True,patches/LIDC-IDRI-0167_n00.npz,96,"[4, 3]","[1, 1]","[6, 6]","[3, 4]","[5, 4]","[1, 1]","[1, 1]","[5, 5]","[2, 2]",2.0,2.0,0.0
LIDC-IDRI-0167,1.3.6.1.4.1.14519.5.2.1.6279.6001.336198008634390022174744544656,0,1,2,False,"[146.87764771460422, 375.97045707915277, 60.517279821627646]",5.678595401463205,2.5,0.664062,True,patches/LIDC-IDRI-0167_n01.npz,96,"[5, 4]","[1, 1]","[3, 3]","[5, 3]","[5, 5]","[1, 1]","[1, 1]","[5, 5]","[1, 1]",1.0,1.0,0.0
LIDC-IDRI-0167,1.3.6.1.4.1.14519.5.2.1.6279.6001.336198008634390022174744544656,0,2,2,False,"[267.73961240310075, 382.82713178294574, 103.8170542635659]",9.386386875415386,2.5,0.664062,True,patches/LIDC-IDRI-0167_n02.npz,96,"[4, 3]","[1, 1]","[6, 6]","[3, 3]","[4, 3]","[2, 2]","[1, 1]","[5, 2]","[3, 3]",3.0,3.0,0.0
LIDC-IDRI-0168,1.3.6.1.4.1.14519.5.2.1.6279.6001.295298571102631191572192562523,0,0,4,False,"[229.31610605859078, 118.43861717044082, 66.32716365178067]",7.6543096941806095,1.25,0.703125,True,patches/LIDC-IDRI-0168_n00.npz,96,"[5, 3, 5, 4]","[1, 1, 1, 1]","[3, 3, 3, 6]","[5, 3, 3, 3]","[5, 5, 5, 5]","[1, 1, 1, 1]","[1, 1, 1, 1]","[5, 5, 5, 5]","[1, 1, 1, 2]",1.25,1.0,0.4330127018922193
LIDC-IDRI-0168,1.3.6.1.4.1.14519.5.2.1.6279.6001.295298571102631191572192562523,0,1,3,False,"[242.76401098901098, 391.31385454822953, 110.22261014448515]",8.10932347088472,1.25,0.703125,True,patches/LIDC-IDRI-0168_n01.npz,96,"[2, 4, 4]","[1, 1, 1]","[6, 6, 6]","[3, 3, 4]","[5, 5, 5]","[3, 3, 1]","[1, 1, 1]","[4, 5, 5]","[3, 3, 3]",3.0,3.0,0.0
LIDC-IDRI-0169,1.3.6.1.4.1.14519.5.2.1.6279.6001.935683764293840351008008793409,0,0,2,False,"[216.40130597014925, 143.61315298507463, 95.99113805970148]",6.092403639702489,1.25,0.625,True,patches/LIDC-IDRI-0169_n00.npz,96,"[5, 2]","[1, 1]","[6, 6]","[4, 4]","[4, 3]","[3, 3]","[2, 2]","[4, 5]","[3, 3]",3.0,3.0,0.0
LIDC-IDRI-0169,1.3.6.1.4.1.14519.5.2.1.6279.6001.935683764293840351008008793409,0,1,4,False,"[371.0298724295207, 370.17648765006345, 118.39661714578497]",10.148665250447628,1.25,0.625,True,patches/LIDC-IDRI-0169_n01.npz,96,"[5, 4, 5, 4]","[1, 1, 1, 1]","[6, 6, 6, 6]","[5, 5, 4, 4]","[4, 4, 4, 4]","[3, 4, 4, 2]","[3, 3, 1, 1]","[5, 5, 5, 5]","[3, 5, 4, 4]",4.0,4.0,0.7071067811865476
LIDC-IDRI-0169,1.3.6.1.4.1.14519.5.2.1.6279.6001.935683764293840351008008793409,0,2,4,False,"[358.6264244604316, 147.63630891650317, 129.04422901678657]",7.080823937840341,1.25,0.625,True,patches/LIDC-IDRI-0169_n02.npz,96,"[5, 3, 4, 3]","[1, 1, 1, 1]","[6, 6, 6, 6]","[4, 5, 3, 5]","[5, 5, 4, 5]","[2, 2, 1, 1]","[2, 2, 3, 1]","[5, 5, 5, 5]","[2, 3, 3, 2]",2.5,2.5,0.5
LIDC-IDRI-0170,1.3.6.1.4.1.14519.5.2.1.6279.6001.948414623428298219623354433437,0,0,4,False,"[280.28377440716, 153.84107299881663, 65.96604111639998]",28.3981606074757,1.25,0.898438,True,patches/LIDC-IDRI-0170_n00.npz,96,"[5, 5, 4, 5]","[1, 1, 1, 1]","[6, 6, 6, 6]","[5, 3, 3, 3]","[4, 4, 4, 4]","[1, 3, 3, 3]","[5, 2, 2, 3]","[4, 5, 5, 5]","[4, 3, 5, 5]",4.25,4.5,0.82915619758885
LIDC-IDRI-0170,1.3.6.1.4.1.14519.5.2.1.6279.6001.948414623428298219623354433437,0,1,3,False,"[215.04870927350058, 200.1753489616169, 114.14322520744946]",35.492648891243306,1.25,0.898438,True,patches/LIDC-IDRI-0170_n01.npz,96,"[5, 5, 4]","[1, 1, 1]","[6, 6, 6]","[3, 3, 2]","[4, 4, 4]","[2, 4, 2]","[4, 1, 3]","[5, 1, 5]","[3, 5, 5]",4.333333333333333,5.0,0.9428090415820634
LIDC-IDRI-0171,1.3.6.1.4.1.14519.5.2.1.6279.6001.283569726884265181140892667131,0,0,4,False,"[333.6224084626997, 319.5908474654932, 20.48993825278586]",20.100401930256584,2.5,0.859375,True,patches/LIDC-IDRI-0171_n00.npz,96,"[3, 5, 5, 4]","[1, 1, 1, 1]","[6, 6, 6, 6]","[5, 4, 5, 3]","[5, 4, 3, 3]","[1, 3, 1, 2]","[1, 3, 1, 2]","[5, 5, 4, 5]","[2, 4, 4, 4]",3.5,4.0,0.8660254037844386
LIDC-IDRI-0171,1.3.6.1.4.1.14519.5.2.1.6279.6001.283569726884265181140892667131,0,1,4,False,"[276.82476241778244, 386.1037162688998, 38.188758173602444]",8.148718824345696,2.5,0.859375,True,patches/LIDC-IDRI-0171_n01.npz,96,"[3, 4, 2, 4]","[1, 1, 1, 1]","[6, 6, 6, 6]","[5, 3, 4, 4]","[5, 4, 5, 4]","[1, 1, 1, 1]","[1, 1, 1, 1]","[5, 5, 5, 5]","[2, 3, 2, 3]",2.5,2.5,0.5
LIDC-IDRI-0171,1.3.6.1.4.1.14519.5.2.1.6279.6001.283569726884265181140892667131,0,2,4,False,"[283.4613346038174, 370.32998094273887, 41.60832675758568]",7.988133760898,2.5,0.859375,True,patches/LIDC-IDRI-0171_n02.npz,96,"[3, 3, 2, 3]","[1, 1, 1, 1]","[6, 6, 6, 6]","[5, 4, 3, 3]","[5, 4, 4, 5]","[1, 1, 1, 1]","[1, 2, 1, 1]","[5, 5, 5, 5]","[2, 3, 2, 2]",2.25,2.0,0.4330127018922193
LIDC-IDRI-0171,1.3.6.1.4.1.14519.5.2.1.6279.6001.283569726884265181140892667131,0,3,4,False,"[233.36775543733376, 373.5171882334533, 48.694773900798]",7.654790875664507,2.5,0.859375,True,patches/LIDC-IDRI-0171_n03.npz,96,"[3, 4, 3, 3]","[1, 1, 1, 1]","[6, 6, 6, 6]","[5, 3, 4, 4]","[5, 4, 4, 4]","[1, 1, 1, 1]","[1, 2, 1, 1]","[5, 5, 5, 5]","[2, 3, 3, 2]",2.5,2.5,0.5
LIDC-IDRI-0171,1.3.6.1.4.1.14519.5.2.1.6279.6001.283569726884265181140892667131,0,4,1,False,"[180.58823529411765, 152.41176470588235, 53.0]",6.1970412547037315,2.5,0.859375,True,patches/LIDC-IDRI-0171_n04.npz,96,[3],[1],[6],[5],[5],[1],[1],[5],[2],2.0,2.0,0.0
LIDC-IDRI-0171,1.3.6.1.4.1.14519.5.2.1.6279.6001.283569726884265181140892667131,0,5,1,False,"[342.08, 191.6, 71.0]",7.923046017986075,2.5,0.859375,True,patches/LIDC-IDRI-0171_n05.npz,96,[2],[1],[6],[5],[5],[1],[1],[5],[2],2.0,2.0,0.0
LIDC-IDRI-0172,1.3.6.1.4.1.14519.5.2.1.6279.6001.752756872840730509471096155114,0,0,4,False,"[327.9344736169885, 341.38995580427945, 108.37274077098013]",21.509363570001078,2.5,0.703125,True,patches/LIDC-IDRI-0172_n00.npz,96,"[5, 5, 5, 5]","[1, 1, 1, 1]","[6, 6, 6, 6]","[5, 4, 5, 4]","[5, 4, 5, 5]","[1, 1, 2, 3]","[1, 2, 1, 1]","[5, 5, 5, 5]","[2, 4, 5, 5]",4.0,4.5,1.224744871391589
LIDC-IDRI-0173,1.3.6.1.4.1.14519.5.2.1.6279.6001.279953669991076107785464313394,0,0,1,False,"[353.69354838709677, 83.79032258064517, 76.12903225806451]",6.720798184903936,2.5,0.742188,True,patches/LIDC-IDRI-0173_n00.npz,96,[3],[1],[6],[4],[5],[1],[1],[5],[2],2.0,2.0,0.0
LIDC-IDRI-0175,1.3.6.1.4.1.14519.5.2.1.6279.6001.339142594937666268384335506819,0,0,4,False,"[243.1168406756642, 409.73793983793985, 82.2748579851521]",11.487127135499804,2.5,0.703125,True,patches/LIDC-IDRI-0175_n00.npz,96,"[3, 5, 5, 4]","[1, 1, 1, 1]","[6, 6, 6, 6]","[5, 4, 5, 4]","[5, 4, 5, 4]","[1, 2, 1, 1]","[1, 2, 1, 1]","[5, 5, 5, 5]","[2, 3, 4, 3]",3.0,3.0,0.7071067811865476
LIDC-IDRI-0176,1.3.6.1.4.1.14519.5.2.1.6279.6001.397202838387416555106806022938,0,0,2,False,"[357.2779633185828, 134.6293729648493, 84.06842281038658]",13.585909797163758,1.25,0.703125,True,patches/LIDC-IDRI-0176_n00.npz,96,"[5, 5]","[1, 1]","[6, 6]","[4, 5]","[4, 4]","[3, 1]","[2, 5]","[5, 4]","[3, 4]",3.5,3.5,0.5
LIDC-IDRI-0176,1.3.6.1.4.1.14519.5.2.1.6279.6001.397202838387416555106806022938,0,1,1,False,"[305.71794871794873, 124.43589743589743, 166.48717948717947]",6.007502633426389,1.25,0.703125,True,patches/LIDC-IDRI-0176_n01.npz,96,[3],[1],[6],[5],[5],[1],[1],[5],[1],1.0,1.0,0.0
LIDC-IDRI-0176,1.3.6.1.4.1.14519.5.2.1.6279.6001.397202838387416555106806022938,0,2,2,False,"[240.42084675563737, 171.2416014726185, 171.52300966405892]",6.814890850397944,1.25,0.703125,True,patches/LIDC-IDRI-0176_n02.npz,96,"[5, 3]","[1, 1]","[6, 6]","[3, 4]","[3, 5]","[3, 1]","[3, 1]","[5, 5]","[3, 1]",2.0,2.0,1.0
LIDC-IDRI-0177,1.3.6.1.4.1.14519.5.2.1.6279.6001.367204840301639918160517361062,0,0,4,False,"[336.6474354558906, 133.5824272496896, 88.28029427521813]",9.099122224170031,2.5,0.703125,False,patches/LIDC-IDRI-0177_n00.npz,96,"[5, 4, 4, 4]","[1, 1, 1, 1]","[6, 6, 6, 6]","[5, 3, 3, 3]","[5, 4, 4, 5]","[4, 3, 2, 2]","[1, 2, 1, 1]","[5, 5, 5, 5]","[3, 3, 4, 2]",3.0,3.0,0.7071067811865476
LIDC-IDRI-0178,1.3.6.1.4.1.14519.5.2.1.6279.6001.140527383975300992150799777603,0,0,2,False,"[183.83333333333331, 319.5651260504202, 76.23529411764706]",5.35484046506056,2.5,0.703125,True,patches/LIDC-IDRI-0178_n00.npz,96,"[3, 3]","[1, 1]","[6, 6]","[3, 4]","[5, 5]","[1, 1]","[1, 1]","[5, 5]","[3, 1]",2.0,2.0,1.0
LIDC-IDRI-0179,1.3.6.1.4.1.14519.5.2.1.6279.6001.202283133206014258077705539227,0,0,4,False,"[346.2013634509879, 182.8301593322424, 63.83934483769597]",17.710802864034473,2.5,0.703125,True,patches/LIDC-IDRI-0179_n00.npz,96,"[1, 3, 4, 4]","[1, 1, 1, 1]","[6, 6, 6, 6]","[5, 5, 5, 3]","[2, 2, 2, 4]","[1, 3, 3, 2]","[1, 2, 1, 2]","[1, 1, 1, 2]","[2, 4, 4, 4]",3.5,4.0,0.8660254037844386
LIDC-IDRI-0179,1.3.6.1.4.1.14519.5.2.1.6279.6001.202283133206014258077705539227,0,1,1,False,"[273.6489361702128, 133.29787234042553, 69.57446808510639]",8.893905919223567,2.5,0.703125,True,patches/LIDC-IDRI-0179_n01.npz,96,[2],[1],[6],[3],[2],[2],[1],[1],[3],3.0,3.0,0.0
LIDC-IDRI-0179,1.3.6.1.4.1.14519.5.2.1.6279.6001.202283133206014258077705539227,0,2,3,False,"[338.40014346119, 304.2266057585825, 86.01216903251787]",9.380596543201621,2.5,0.703125,True,patches/LIDC-IDRI-0179_n02.npz,96,"[1, 2, 2]","[1, 1, 1]","[6, 6, 6]","[5, 3, 2]","[2, 2, 2]","[1, 2, 1]","[1, 1, 3]","[1, 1, 1]","[2, 3, 3]",2.6666666666666665,3.0,0.4714045207910317
LIDC-IDRI-0179,1.3.6.1.4.1.14519.5.2.1.6279.6001.202283133206014258077705539227,0,3,3,False,"[274.7605657588296, 102.43964169832225, 88.23662551440329]",9.699927770539466,2.5,0.703125,True,patches/LIDC-IDRI-0179_n03.npz,96,"[1, 2, 1]","[1, 1, 1]","[6, 6, 6]","[5, 3, 3]","[2, 2, 3]","[1, 2, 1]","[1, 1, 2]","[1, 1, 1]","[2, 3, 3]",2.6666666666666665,3.0,0.4714045207910317
LIDC-IDRI-0179,1.3.6.1.4.1.14519.5.2.1.6279.6001.202283133206014258077705539227,0,4,1,False,"[321.7118644067797, 171.74576271186442, 90.45762711864407]",9.563533951454609,2.5,0.703125,True,patches/LIDC-IDRI-0179_n04.npz,96,[2],[1],[6],[3],[1],[3],[1],[1],[3],3.0,3.0,0.0
LIDC-IDRI-0179,1.3.6.1.4.1.14519.5.2.1.6279.6001.202283133206014258077705539227,0,5,1,False,"[343.5, 155.86363636363637, 95.0]",6.482492196534062,2.5,0.703125,True,patches/LIDC-IDRI-0179_n05.npz,96,[1],[1],[6],[3],[1],[2],[1],[1],[3],3.0,3.0,0.0
LIDC-IDRI-0179,1.3.6.1.4.1.14519.5.2.1.6279.6001.202283133206014258077705539227,0,6,1,False,"[286.58, 201.92, 99.52]",7.861176483397698,2.5,0.703125,True,patches/LIDC-IDRI-0179_n06.npz,96,[1],[1],[6],[3],[1],[3],[1],[1],[3],3.0,3.0,0.0
LIDC-IDRI-0179,1.3.6.1.4.1.14519.5.2.1.6279.6001.202283133206014258077705539227,0,7,1,False,"[358.30645161290323, 192.51612903225808, 99.64516129032258]",11.953125,2.5,0.703125,True,patches/LIDC-IDRI-0179_n07.npz,96,[1],[1],[6],[3],[1],[3],[1],[1],[3],3.0,3.0,0.0
LIDC-IDRI-0179,1.3.6.1.4.1.14519.5.2.1.6279.6001.202283133206014258077705539227,0,8,4,False,"[289.41732213874576, 235.61425668715233, 100.03283078947524]",11.796742717804745,2.5,0.703125,True,patches/LIDC-IDRI-0179_n08.npz,96,"[1, 2, 1, 2]","[1, 1, 1, 1]","[6, 6, 6, 6]","[5, 3, 3, 2]","[2, 2, 1, 2]","[1, 2, 3, 1]","[1, 2, 1, 2]","[1, 1, 1, 1]","[2, 3, 3, 3]",2.75,3.0,0.4330127018922193
LIDC-IDRI-0179,1.3.6.1.4.1.14519.5.2.1.6279.6001.202283133206014258077705539227,0,9,2,False,"[275.29347826086956, 214.9963768115942, 101.72101449275362]",10.831726253582929,2.5,0.703125,True,patches/LIDC-IDRI-0179_n09.npz,96,"[2, 1]","[1, 1]","[6, 6]","[3, 2]","[2, 2]","[1, 1]","[1, 2]","[1, 1]","[3, 3]",3.0,3.0,0.0
LIDC-IDRI-0179,1.3.6.1.4.1.14519.5.2.1.6279.6001.202283133206014258077705539227,0,10,2,False,"[285.7519470820442, 150.15480635868985, 104.75045343006508]",11.611320601401545,2.5,0.703125,True,patches/LIDC-IDRI-0179_n10.npz,96,"[1, 2]","[1, 1]","[6, 6]","[5, 3]","[2, 1]","[1, 1]","[1, 1]","[1, 1]","[2, 3]",2.5,2.5,0.5
LIDC-IDRI-0180,1.3.6.1.4.1.14519.5.2.1.6279.6001.470912100568074901744259213968,0,0,1,False,"[250.08219178082192, 174.76712328767124, 186.58904109589042]",6.2986388658582415,1.25,0.78125,True,patches/LIDC-IDRI-0180_n00.npz,96,[3],[1],[6],[4],[4],[2],[1],[5],[3],3.0,3.0,0.0
LIDC-IDRI-0181,1.3.6.1.4.1.14519.5.2.1.6279.6001.243094273518213382155770295147,0,0,4,False,"[349.47673015257305, 346.482967698661, 63.74352848824299]",15.839578804693257,2.5,0.78125,True,patches/LIDC-IDRI-0181_n00.npz,96,"[5, 3, 4, 4]","[1, 1, 1, 1]","[6, 6, 6, 6]","[2, 5, 2, 3]","[5, 5, 4, 5]","[2, 1, 1, 1]","[1, 1, 1, 1]","[5, 5, 4, 5]","[2, 2, 4, 4]",3.0,3.0,1.0
LIDC-IDRI-0181,1.3.6.1.4.1.14519.5.2.1.6279.6001.243094273518213382155770295147,0,1,4,False,"[361.0468472467286, 379.22532062653215, 71.82674070510828]",9.698494672158064,2.5,0.78125,True,patches/LIDC-IDRI-0181_n01.npz,96,"[5, 5, 4, 5]","[1, 1, 1, 1]","[6, 3, 6, 6]","[5, 5, 4, 5]","[5, 5, 5, 5]","[2, 1, 1, 1]","[1, 1, 1, 1]","[5, 5, 5, 5]","[3, 1, 3, 4]",2.75,3.0,1.0897247358851685
LIDC-IDRI-0181,1.3.6.1.4.1.14519.5.2.1.6279.6001.243094273518213382155770295147,0,2,4,False,"[328.7203666687471, 312.68794699547294, 75.68011998740565]",18.245028432047473,2.5,0.78125,True,patches/LIDC-IDRI-0181_n02.npz,96,"[5, 3, 5, 5]","[1, 1, 1, 1]","[6, 6, 6, 6]","[4, 5, 3, 4]","[4, 5, 4, 5]","[4, 1, 1, 3]","[2, 1, 1, 1]","[5, 5, 4, 5]","[3, 2, 4, 5]",3.5,3.5,1.118033988749895
LIDC-IDRI-0181,1.3.6.1.4.1.14519.5.2.1.6279.6001.243094273518213382155770295147,0,3,4,False,"[359.09657916956087, 364.84284009014436, 83.37911026992893]",9.565100178891669,2.5,0.78125,True,patches/LIDC-IDRI-0181_n03.npz,96,"[5, 3, 4, 4]","[1, 1, 1, 1]","[6, 6, 6, 6]","[4, 5, 4, 5]","[4, 5, 4, 5]","[1, 1, 1, 1]","[2, 1, 2, 1]","[5, 5, 5, 5]","[3, 2, 4, 4]",3.25,3.5,0.82915619758885
LIDC-IDRI-0181,1.3.6.1.4.1.14519.5.2.1.6279.6001.243094273518213382155770295147,0,4,1,False,"[218.84, 180.75, 88.41]",9.144296805249708,2.5,0.78125,True,patches/LIDC-IDRI-0181_n04.npz,96,[4],[1],[3],[3],[5],[2],[1],[5],[1],1.0,1.0,0.0
LIDC-IDRI-0181,1.3.6.1.4.1.14519.5.2.1.6279.6001.243094273518213382155770295147,0,5,1,False,"[373.0, 387.3488372093023, 89.93023255813954]",5.687585851000405,2.5,0.78125,True,patches/LIDC-IDRI-0181_n05.npz,96,[5],[1],[6],[3],[5],[1],[1],[5],[3],3.0,3.0,0.0
LIDC-IDRI-0181,1.3.6.1.4.1.14519.5.2.1.6279.6001.243094273518213382155770295147,0,6,2,False,"[261.63970048451034, 343.2279400969021, 95.02366270249107]",13.55371336664889,2.5,0.78125,True,patches/LIDC-IDRI-0181_n06.npz,96,"[4, 3]","[1, 1]","[6, 6]","[1, 5]","[4, 5]","[2, 1]","[1, 1]","[5, 5]","[2, 2]",2.0,2.0,0.0
LIDC-IDRI-0181,1.3.6.1.4.1.14519.5.2.1.6279.6001.243094273518213382155770295147,0,7,4,False,"[299.71936310704757, 324.919212771908, 109.75291748113139]",15.70011170247749,2.5,0.78125,True,patches/LIDC-IDRI-0181_n07.npz,96,"[5, 3, 4, 4]","[1, 1, 1, 1]","[6, 6, 6, 6]","[3, 5, 4, 5]","[3, 5, 4, 5]","[4, 1, 1, 3]","[3, 1, 1, 1]","[5, 5, 4, 5]","[3, 2, 4, 4]",3.25,3.5,0.82915619758885
LIDC-IDRI-0182,1.3.6.1.4.1.14519.5.2.1.6279.6001.100953483028192176989979435275,0,0,1,False,"[366.1063829787234, 160.72340425531914, 54.53191489361702]",6.924978141887886,2.5,0.703125,True,patches/LIDC-IDRI-0182_n00.npz,96,[3],[1],[6],[4],[5],[1],[1],[5],[2],2.0,2.0,0.0
LIDC-IDRI-0182,1.3.6.1.4.1.14519.5.2.1.6279.6001.100953483028192176989979435275,0,1,2,False,"[291.2093220338983, 138.304406779661, 56.54966101694915]",9.155248094106668,2.5,0.703125,True,patches/LIDC-IDRI-0182_n01.npz,96,"[2, 3]","[1, 1]","[6, 6]","[3, 4]","[5, 5]","[1, 1]","[1, 1]","[5, 5]","[2, 2]",2.0,2.0,0.0
LIDC-IDRI-0182,1.3.6.1.4.1.14519.5.2.1.6279.6001.100953483028192176989979435275,0,2,4,False,"[288.47938143943486, 354.1131175379031, 76.38568135352303]",12.843645671786998,2.5,0.703125,True,patches/LIDC-IDRI-0182_n02.npz,96,"[5, 5, 4, 4]","[1, 2, 1, 1]","[6, 6, 6, 6]","[5, 4, 5, 3]","[5, 3, 4, 5]","[4, 3, 1, 1]","[1, 3, 2, 1]","[5, 5, 5, 5]","[3, 2, 3, 2]",2.5,2.5,0.5
LIDC-IDRI-0183,1.3.6.1.4.1.14519.5.2.1.6279.6001.153732973534937692357111055819,0,0,3,False,"[275.10238523295146, 380.1119023916715, 95.21159779900847]",7.6594858829849235,2.5,0.820312,True,patches/LIDC-IDRI-0183_n00.npz,96,"[3, 3, 2]","[1, 1, 1]","[6, 6, 6]","[5, 4, 4]","[5, 5, 4]","[1, 3, 1]","[1, 1, 2]","[5, 5, 5]","[2, 3, 3]",2.6666666666666665,3.0,0.4714045207910317
LIDC-IDRI-0183,1.3.6.1.4.1.14519.5.2.1.6279.6001.153732973534937692357111055819,0,1,4,False,"[343.38847200876916, 167.3619298134795, 111.99064076808747]",27.57791032491152,2.5,0.820312,True,patches/LIDC-IDRI-0183_n01.npz,96,"[5, 5, 5, 5]","[1, 1, 1, 1]","[6, 6, 6, 6]","[3, 1, 2, 2]","[5, 3, 4, 3]","[2, 4, 4, 2]","[2, 5, 4, 3]","[5, 5, 5, 5]","[3, 5, 4, 5]",4.25,4.5,0.82915619758885
LIDC-IDRI-0184,1.3.6.1.4.1.14519.5.2.1.6279.6001.106630482085576298661469304872,0,0,4,False,"[271.6561521482927, 138.82413324087904, 69.11889826978368]",7.7680144839642296,2.5,0.625,True,patches/LIDC-IDRI-0184_n00.npz,96,"[5, 3, 5, 4]","[1, 1, 1, 1]","[3, 6, 3, 6]","[5, 3, 4, 3]","[5, 4, 5, 5]","[1, 1, 1, 1]","[1, 1, 1, 2]","[5, 5, 5, 5]","[1, 3, 1, 3]",2.0,2.0,1.0
LIDC-IDRI-0185,1.3.6.1.4.1.14519.5.2.1.6279.6001.197063290812663596858124411210,0,0,4,False,"[302.31504797572063, 110.17668621139828, 33.75933121472873]",9.084158062564256,2.5,0.78125,True,patches/LIDC-IDRI-0185_n00.npz,96,"[3, 4, 3, 4]","[1, 1, 1, 1]","[6, 6, 6, 6]","[5, 3, 2, 3]","[5, 4, 4, 4]","[1, 4, 1, 1]","[1, 2, 2, 1]","[5, 5, 5, 5]","[2, 3, 3, 3]",2.75,3.0,0.4330127018922193
LIDC-IDRI-0185,1.3.6.1.4.1.14519.5.2.1.6279.6001.197063290812663596858124411210,0,1,2,False,"[331.3126945693532, 234.56451054998269, 54.99827049463853]",5.861503712685733,2.5,0.78125,True,patches/LIDC-IDRI-0185_n01.npz,96,"[3, 3]","[1, 1]","[6, 6]","[5, 2]","[5, 2]","[1, 2]","[1, 3]","[5, 5]","[2, 2]",2.0,2.0,0.0
LIDC-IDRI-0185,1.3.6.1.4.1.14519.5.2.1.6279.6001.197063290812663596858124411210,0,2,3,False,"[177.96532806671055, 132.42549923195085, 64.59192451174017]",6.9506410233479725,2.5,0.78125,True,patches/LIDC-IDRI-0185_n02.npz,96,"[3, 5, 3]","[1, 1, 1]","[6, 5, 5]","[5, 3, 4]","[5, 4, 3]","[1, 3, 1]","[1, 2, 2]","[5, 5, 5]","[2, 1, 2]",1.6666666666666667,2.0,0.4714045207910317
LIDC-IDRI-0185,1.3.6.1.4.1.14519.5.2.1.6279.6001.197063290812663596858124411210,0,3,4,False,"[191.67794087974173, 146.5958227641339, 75.52682126522926]",7.4871725649843315,2.5,0.78125,True,patches/LIDC-IDRI-0185_n03.npz,96,"[3, 5, 3, 4]","[1, 1, 1, 1]","[6, 6, 6, 6]","[5, 4, 5, 3]","[5, 4, 3, 5]","[1, 2, 1, 1]","[1, 2, 1, 1]","[5, 5, 4, 5]","[2, 3, 3, 2]",2.5,2.5,0.5
LIDC-IDRI-0185,1.3.6.1.4.1.14519.5.2.1.6279.6001.197063290812663596858124411210,0,4,3,False,"[207.80103159252096, 165.06225374310483, 93.02424242424242]",5.608093643044597,2.5,0.78125,True,patches/LIDC-IDRI-0185_n04.npz,96,"[3, 4, 3]","[1, 1, 1]","[6, 6, 6]","[5, 3, 5]","[5, 4, 4]","[1, 1, 1]","[1, 3, 1]","[5, 5, 5]","[2, 3, 3]",2.6666666666666665,3.0,0.4714045207910317
LIDC-IDRI-0185,1.3.6.1.4.1.14519.5.2.1.6279.6001.197063290812663596858124411210,0,5,4,False,"[279.42978551885875, 374.1120506061286, 112.66356876351182]",10.5772005711753,2.5,0.78125,True,patches/LIDC-IDRI-0185_n05.npz,96,"[5, 5, 5, 4]","[1, 1, 1, 1]","[3, 5, 3, 3]","[5, 4, 4, 4]","[5, 4, 4, 5]","[1, 2, 1, 1]","[1, 2, 1, 1]","[5, 5, 5, 5]","[1, 1, 1, 1]",1.0,1.0,0.0
LIDC-IDRI-0186,1.3.6.1.4.1.14519.5.2.1.6279.6001.204566802718283633558802774757,0,0,2,False,"[125.10208333333333, 339.42291666666665, 75.4875]",5.71474836586396,2.5,0.644531,True,patches/LIDC-IDRI-0186_n00.npz,96,"[5, 4]","[1, 1]","[3, 3]","[4, 5]","[5, 5]","[3, 1]","[1, 1]","[5, 5]","[1, 1]",1.0,1.0,0.0
LIDC-IDRI-0186,1.3.6.1.4.1.14519.5.2.1.6279.6001.204566802718283633558802774757,0,1,1,False,"[216.43258426966293, 414.8988764044944, 78.35955056179775]",12.695788335698902,2.5,0.644531,True,patches/LIDC-IDRI-0186_n01.npz,96,[1],[1],[6],[5],[2],[1],[1],[1],[2],2.0,2.0,0.0
LIDC-IDRI-0186,1.3.6.1.4.1.14519.5.2.1.6279.6001.204566802718283633558802774757,0,2,2,False,"[207.88513037350248, 140.10412262156447, 107.69168428470755]",6.48546808322662,2.5,0.644531,True,patches/LIDC-IDRI-0186_n02.npz,96,"[4, 3]","[1, 1]","[6, 6]","[3, 4]","[3, 2]","[3, 1]","[2, 1]","[5, 4]","[3, 3]",3.0,3.0,0.0
LIDC-IDRI-0186,1.3.6.1.4.1.14519.5.2.1.6279.6001.204566802718283633558802774757,0,3,2,False,"[295.33558564774887, 192.22582715197518, 115.21391495601173]",31.35373064128052,2.5,0.644531,True,patches/LIDC-IDRI-0186_n03.npz,96,"[5, 5]","[4, 4]","[6, 6]","[3, 4]","[2, 3]","[3, 2]","[4, 3]","[5, 5]","[3, 3]",3.0,3.0,0.0
LIDC-IDRI-0186,1.3.6.1.4.1.14519.5.2.1.6279.6001.204566802718283633558802774757,0,4,4,False,"[307.50957391198693, 344.84132770548587, 119.31792155606905]",17.44550398094146,2.5,0.644531,True,patches/LIDC-IDRI-0186_n04.npz,96,"[5, 5, 5, 5]","[1, 1, 1, 1]","[6, 6, 6, 6]","[5, 4, 4, 3]","[4, 1, 4, 4]","[1, 5, 3, 2]","[5, 3, 4, 3]","[4, 5, 5, 5]","[4, 5, 5, 5]",4.75,5.0,0.4330127018922193
LIDC-IDRI-0187,1.3.6.1.4.1.14519.5.2.1.6279.6001.102681962408431413578140925249,0,0,1,False,"[185.2391304347826, 333.54347826086956, 81.3913043478261]",8.847807152410704,2.5,0.859375,False,patches/LIDC-IDRI-0187_n00.npz,96,[3],[1],[6],[5],[3],[2],[1],[5],[3],3.0,3.0,0.0
LIDC-IDRI-0187,1.3.6.1.4.1.14519.5.2.1.6279.6001.102681962408431413578140925249,0,1,2,False,"[308.1159420289855, 381.8806254767353, 94.43516399694889]",12.818940129258486,2.5,0.859375,False,patches/LIDC-IDRI-0187_n01.npz,96,"[1, 2]","[1, 1]","[6, 6]","[5, 3]","[2, 2]","[1, 2]","[1, 2]","[1, 1]","[2, 3]",2.5,2.5,0.5
LIDC-IDRI-0187,1.3.6.1.4.1.14519.5.2.1.6279.6001.102681962408431413578140925249,0,2,1,False,"[332.34285714285716, 148.25714285714287, 96.42857142857143]",6.544805012851796,2.5,0.859375,False,patches/LIDC-IDRI-0187_n02.npz,96,[3],[1],[6],[3],[5],[1],[1],[5],[2],2.0,2.0,0.0
LIDC-IDRI-0187,1.3.6.1.4.1.14519.5.2.1.6279.6001.102681962408431413578140925249,0,3,4,False,"[279.4797500816504, 354.3006562997147, 121.18518063865284]",26.56394524812244,2.5,0.859375,False,patches/LIDC-IDRI-0187_n03.npz,96,"[3, 5, 5, 5]","[1, 1, 1, 1]","[6, 6, 6, 6]","[5, 5, 3, 5]","[5, 5, 4, 4]","[1, 4, 2, 4]","[1, 5, 2, 5]","[5, 5, 5, 4]","[2, 5, 5, 5]",4.25,5.0,1.299038105676658
LIDC-IDRI-0188,1.3.6.1.4.1.14519.5.2.1.6279.6001.616033753016904899083676284739,0,0,1,False,"[440.63157894736844, 181.3421052631579, 51.55263157894737]",5.35484046506056,2.5,0.703125,True,patches/LIDC-IDRI-0188_n00.npz,96,[2],[1],[6],[5],[5],[1],[1],[5],[2],2.0,2.0,0.0
LIDC-IDRI-0188,1.3.6.1.4.1.14519.5.2.1.6279.6001.616033753016904899083676284739,0,1,1,False,"[436.44444444444446, 187.75, 52.638888888888886]",6.048509953389347,2.5,0.703125,True,patches/LIDC-IDRI-0188_n01.npz,96,[2],[1],[6],[5],[5],[1],[1],[5],[2],2.0,2.0,0.0
LIDC-IDRI-0188,1.3.6.1.4.1.14519.5.2.1.6279.6001.616033753016904899083676284739,0,2,1,False,"[410.6666666666667, 314.5238095238095, 57.0]",5.35484046506056,2.5,0.703125,True,patches/LIDC-IDRI-0188_n02.npz,96,[2],[1],[6],[5],[5],[1],[1],[5],[2],2.0,2.0,0.0
LIDC-IDRI-0188,1.3.6.1.4.1.14519.5.2.1.6279.6001.616033753016904899083676284739,0,3,4,False,"[434.50775757762926, 189.14503274502846, 59.23575292793102]",23.796754940793047,2.5,0.703125,True,patches/LIDC-IDRI-0188_n03.npz,96,"[5, 5, 5, 5]","[1, 1, 1, 1]","[6, 6, 6, 6]","[5, 4, 3, 5]","[5, 4, 4, 4]","[1, 4, 2, 2]","[1, 1, 1, 1]","[5, 5, 5, 5]","[2, 4, 4, 5]",3.75,4.0,1.0897247358851685
LIDC-IDRI-0188,1.3.6.1.4.1.14519.5.2.1.6279.6001.616033753016904899083676284739,0,4,4,False,"[202.29024340439437, 160.0905959868224, 59.942961510886036]",6.780865927726301,2.5,0.703125,True,patches/LIDC-IDRI-0188_n04.npz,96,"[3, 4, 4, 3]","[1, 1, 1, 1]","[6, 6, 6, 6]","[5, 3, 4, 5]","[5, 4, 5, 5]","[1, 3, 1, 1]","[1, 1, 1, 1]","[5, 5, 5, 5]","[2, 3, 2, 3]",2.5,2.5,0.5
LIDC-IDRI-0188,1.3.6.1.4.1.14519.5.2.1.6279.6001.616033753016904899083676284739,0,5,4,False,"[354.0533584280515, 357.89300000238416, 67.23249158911419]",9.937702395793464,2.5,0.703125,True,patches/LIDC-IDRI-0188_n05.npz,96,"[3, 4, 3, 4]","[1, 1, 1, 1]","[6, 6, 6, 6]","[5, 4, 4, 4]","[5, 4, 5, 4]","[1, 4, 1, 3]","[1, 1, 1, 1]","[5, 5, 5, 5]","[2, 3, 2, 5]",3.0,2.5,1.224744871391589
LIDC-IDRI-0188,1.3.6.1.4.1.14519.5.2.1.6279.6001.616033753016904899083676284739,0,6,4,False,"[389.19698622965274, 227.78760875405567, 69.59556958537408]",8.312131766462686,2.5,0.703125,True,patches/LIDC-IDRI-0188_n06.npz,96,"[3, 5, 4, 3]","[1, 1, 1, 1]","[6, 6, 6, 6]","[5, 3, 4, 4]","[5, 4, 5, 5]","[1, 4, 1, 1]","[1, 1, 1, 1]","[5, 5, 5, 5]","[2, 3, 2, 3]",2.5,2.5,0.5
LIDC-IDRI-0188,1.3.6.1.4.1.14519.5.2.1.6279.6001.616033753016904899083676284739,0,7,2,False,"[351.59816207184633, 367.16875522138685, 75.0091896407686]",8.896700538089672,2.5,0.703125,True,patches/LIDC-IDRI-0188_n07.npz,96,"[4, 2]","[1, 1]","[6, 6]","[3, 4]","[5, 4]","[2, 4]","[1, 1]","[5, 5]","[4, 3]",3.5,3.5,0.5
LIDC-IDRI-0188,1.3.6.1.4.1.14519.5.2.1.6279.6001.616033753016904899083676284739,0,8,2,False,"[318.4473684210526, 146.42857142857144, 90.43796992481202]",5.057863969442101,2.5,0.703125,True,patches/LIDC-IDRI-0188_n08.npz,96,"[5, 2]","[1, 1]","[6, 6]","[4, 5]","[4, 5]","[2, 1]","[1, 1]","[5, 5]","[3, 2]",2.5,2.5,0.5
LIDC-IDRI-0188,1.3.6.1.4.1.14519.5.2.1.6279.6001.616033753016904899083676284739,0,9,1,False,"[391.5348837209302, 315.6744186046512, 91.4186046511628]",7.605459721681853,2.5,0.703125,True,patches/LIDC-IDRI-0188_n09.npz,96,[3],[1],[6],[3],[5],[1],[1],[5],[2],2.0,2.0,0.0
LIDC-IDRI-0190,1.3.6.1.4.1.14519.5.2.1.6279.6001.306948744223170422945185006551,0,0,4,False,"[240.32742646280235, 423.16186273515, 49.843691654073375]",28.044705162145423,2.5,0.703125,False,patches/LIDC-IDRI-0190_n00.npz,96,"[5, 5, 5, 5]","[1, 1, 1, 1]","[6, 6, 6, 6]","[5, 3, 3, 3]","[5, 5, 5, 4]","[4, 4, 3, 2]","[1, 1, 1, 2]","[5, 5, 5, 5]","[3, 5, 5, 4]",4.25,4.5,0.82915619758885
LIDC-IDRI-0190,1.3.6.1.4.1.14519.5.2.1.6279.6001.306948744223170422945185006551,0,1,4,False,"[263.7547589137939, 400.36065731564497, 90.84351615188014]",25.4060289207809,2.5,0.703125,False,patches/LIDC-IDRI-0190_n01.npz,96,"[5, 5, 5, 5]","[1, 1, 1, 1]","[6, 6, 6, 6]","[5, 3, 3, 3]","[5, 5, 5, 4]","[4, 1, 2, 2]","[1, 4, 1, 2]","[5, 5, 5, 5]","[3, 5, 5, 4]",4.25,4.5,0.82915619758885
LIDC-IDRI-0191,1.3.6.1.4.1.14519.5.2.1.6279.6001.194766721609772924944646251928,0,0,4,False,"[266.92286277666506, 145.17639882693686, 88.5107053137705]",46.83820778134822,2.5,0.898438,True,patches/LIDC-IDRI-0191_n00.npz,96,"[5, 5, 5, 5]","[1, 1, 1, 1]","[6, 6, 6, 6]","[3, 3, 3, 5]","[3, 4, 4, 4]","[2, 5, 3, 1]","[4, 5, 5, 5]","[5, 5, 5, 4]","[5, 5, 5, 4]",4.75,5.0,0.4330127018922193
LIDC-IDRI-0192,1.3.6.1.4.1.14519.5.2.1.6279.6001.868211851413924881662621747734,0,0,1,False,"[247.6153846153846, 336.43589743589746, 75.97435897435898]",4.627876006131214,1.25,0.859375,True,patches/LIDC-IDRI-0192_n00.npz,96,[1],[1],[6],[5],[5],[1],[1],[5],[2],2.0,2.0,0.0
LIDC-IDRI-0192,1.3.6.1.4.1.14519.5.2.1.6279.6001.868211851413924881662621747734,0,1,1,False,"[278.4375, 400.9375, 78.125]",6.256344436100445,1.25,0.859375,True,patches/LIDC-IDRI-0192_n01.npz,96,[1],[1],[6],[5],[5],[1],[1],[5],[2],2.0,2.0,0.0
LIDC-IDRI-0192,1.3.6.1.4.1.14519.5.2.1.6279.6001.868211851413924881662621747734,0,2,4,False,"[351.7525353989214, 148.14306593106386, 117.3026945991497]",11.023187382674966,1.25,0.859375,True,patches/LIDC-IDRI-0192_n02.npz,96,"[3, 4, 3, 4]","[1, 1, 1, 1]","[6, 6, 6, 6]","[5, 3, 5, 4]","[5, 4, 4, 5]","[1, 3, 1, 1]","[1, 1, 1, 1]","[5, 5, 5, 5]","[2, 3, 3, 3]",2.75,3.0,0.4330127018922193
LIDC-IDRI-0192,1.3.6.1.4.1.14519.5.2.1.6279.6001.868211851413924881662621747734,0,3,3,False,"[347.48614935335837, 214.3006978419995, 143.4832375696894]",8.649427062576665,1.25,0.859375,True,patches/LIDC-IDRI-0192_n03.npz,96,"[4, 4, 4]","[1, 1, 1]","[6, 6, 6]","[4, 5, 4]","[5, 4, 5]","[1, 2, 1]","[2, 2, 1]","[5, 5, 5]","[3, 4, 3]",3.3333333333333335,3.0,0.4714045207910317
LIDC-IDRI-0192,1.3.6.1.4.1.14519.5.2.1.6279.6001.868211851413924881662621747734,0,4,3,False,"[324.10565471013234, 231.99381646545825, 164.57492258984794]",7.257198077098287,1.25,0.859375,True,patches/LIDC-IDRI-0192_n04.npz,96,"[3, 3, 3]","[1, 1, 1]","[6, 6, 6]","[5, 5, 4]","[4, 5, 5]","[1, 1, 1]","[2, 1, 1]","[5, 5, 5]","[3, 3, 3]",3.0,3.0,0.0
LIDC-IDRI-0193,1.3.6.1.4.1.14519.5.2.1.6279.6001.287560874054243719452635194040,0,0,4,False,"[162.66889563125042, 171.58633767374317, 75.13559994614945]",11.512361815996393,2.5,0.703125,True,patches/LIDC-IDRI-0193_n00.npz,96,"[3, 5, 4, 4]","[1, 1, 1, 1]","[6, 6, 6, 6]","[5, 2, 2, 3]","[5, 4, 5, 4]","[1, 3, 1, 1]","[1, 1, 1, 1]","[5, 5, 5, 5]","[2, 2, 2, 3]",2.25,2.0,0.4330127018922193
LIDC-IDRI-0194,1.3.6.1.4.1.14519.5.2.1.6279.6001.198698492013538481395497694975,0,0,3,False,"[345.93978045004127, 337.3324469053741, 73.11468187514077]",39.47964110517833,2.5,0.78125,True,patches/LIDC-IDRI-0194_n00.npz,96,"[3, 5, 5]","[1, 1, 1]","[6, 6, 6]","[3, 3, 4]","[3, 1, 3]","[2, 4, 3]","[3, 4, 4]","[3, 3, 4]","[4, 3, 3]",3.3333333333333335,3.0,0.4714045207910317
LIDC-IDRI-0194,1.3.6.1.4.1.14519.5.2.1.6279.6001.198698492013538481395497694975,0,1,4,False,"[234.29220466917175, 355.93523013693317, 94.11653343307263]",29.594755345208004,2.5,0.78125,True,patches/LIDC-IDRI-0194_n01.npz,96,"[5, 5, 4, 5]","[1, 1, 1, 1]","[6, 6, 6, 6]","[5, 3, 3, 3]","[4, 1, 4, 3]","[1, 4, 4, 2]","[5, 5, 5, 5]","[4, 5, 5, 5]","[4, 4, 5, 5]",4.5,4.5,0.5
LIDC-IDRI-0194,1.3.6.1.4.1.14519.5.2.1.6279.6001.198698492013538481395497694975,0,2,4,False,"[212.0259987898294, 331.19618555016365, 105.94638066586228]",20.142049815077268,2.5,0.78125,True,patches/LIDC-IDRI-0194_n02.npz,96,"[5, 5, 4, 5]","[1, 1, 1, 1]","[6, 6, 6, 6]","[5, 3, 3, 3]","[4, 1, 4, 4]","[1, 4, 4, 2]","[5, 4, 5, 2]","[4, 5, 5, 4]","[4, 4, 5, 5]",4.5,4.5,0.5
LIDC-IDRI-0195,1.3.6.1.4.1.14519.5.2.1.6279.6001.826829446346820089862659555750,0,0,3,False,"[269.81509578544063, 298.57155555555556, 37.647555555555556]",14.959102579900083,2.5,0.664062,True,patches/LIDC-IDRI-0195_n00.npz,96,"[4, 2, 3]","[1, 1, 1]","[6, 6, 6]","[3, 3, 2]","[4, 5, 4]","[2, 1, 3]","[1, 2, 1]","[5, 5, 5]","[4, 4, 3]",3.6666666666666665,4.0,0.4714045207910317
LIDC-IDRI-0195,1.3.6.1.4.1.14519.5.2.1.6279.6001.826829446346820089862659555750,0,1,4,False,"[374.549826398836, 308.176610886963, 43.67526530257082]",14.334662342463018,2.5,0.664062,True,patches/LIDC-IDRI-0195_n01.npz,96,"[5, 5, 5, 5]","[1, 1, 1, 1]","[6, 6, 6, 6]","[4, 3, 5, 3]","[5, 4, 5, 4]","[2, 2, 1, 2]","[1, 1, 1, 4]","[5, 5, 5, 5]","[5, 4, 5, 3]",4.25,4.5,0.82915619758885
LIDC-IDRI-0195,1.3.6.1.4.1.14519.5.2.1.6279.6001.826829446346820089862659555750,0,2,4,False,"[370.81395548055826, 336.0698774486581, 47.86726795754403]",13.312462810795175,2.5,0.664062,True,patches/LIDC-IDRI-0195_n02.npz,96,"[5, 5, 5, 5]","[1, 1, 1, 1]","[6, 6, 6, 6]","[3, 3, 3, 3]","[5, 4, 5, 4]","[3, 2, 2, 2]","[1, 1, 1, 4]","[5, 5, 5, 5]","[5, 3, 5, 3]",4.0,4.0,1.0
LIDC-IDRI-0195,1.3.6.1.4.1.14519.5.2.1.6279.6001.826829446346820089862659555750,0,3,4,False,"[197.71302252265025, 357.7869380972507, 54.160151337964436]",21.93516526873402,2.5,0.664062,True,patches/LIDC-IDRI-0195_n03.npz,96,"[5, 5, 5, 5]","[1, 1, 1, 1]","[6, 6, 6, 6]","[4, 3, 4, 3]","[4, 4, 5, 4]","[3, 2, 2, 2]","[2, 1, 2, 4]","[5, 5, 5, 5]","[5, 4, 5, 4]",4.5,4.5,0.5
LIDC-IDRI-0195,1.3.6.1.4.1.14519.5.2.1.6279.6001.826829446346820089862659555750,0,4,4,False,"[206.73845793847448, 341.0270228069467, 83.55769720205895]",17.429912709738293,2.5,0.664062,True,patches/LIDC-IDRI-0195_n04.npz,96,"[5, 5, 5, 5]","[1, 1, 1, 1]","[6, 6, 6, 2]","[3, 2, 2, 3]","[5, 5, 5, 5]","[3, 4, 1, 2]","[1, 1, 3, 5]","[5, 5, 5, 5]","[5, 4, 5, 2]",4.0,4.5,1.224744871391589
LIDC-IDRI-0195,1.3.6.1.4.1.14519.5.2.1.6279.6001.826829446346820089862659555750,0,5,2,False,"[300.59618241235887, 104.92473757179638, 86.27302436125966]",23.970504737579454,2.5,0.664062,True,patches/LIDC-IDRI-0195_n05.npz,96,"[5, 5]","[1, 1]","[6, 6]","[2, 2]","[5, 4]","[1, 2]","[2, 2]","[5, 5]","[5, 2]",3.5,3.5,1.5
LIDC-IDRI-0195,1.3.6.1.4.1.14519.5.2.1.6279.6001.826829446346820089862659555750,0,6,4,False,"[248.88193295144882, 199.33031820538065, 107.48481953619024]",9.534286625612017,2.5,0.664062,True,patches/LIDC-IDRI-0195_n06.npz,96,"[5, 5, 5, 5]","[1, 1, 1, 1]","[6, 6, 6, 6]","[5, 4, 3, 4]","[5, 4, 5, 4]","[1, 2, 1, 2]","[1, 1, 2, 3]","[5, 5, 5, 5]","[5, 3, 5, 3]",4.0,4.0,1.0
LIDC-IDRI-0196,1.3.6.1.4.1.14519.5.2.1.6279.6001.160586340600816116143631200450,0,0,4,False,"[302.9566991784067, 146.4652456096, 99.5148686549827]",12.601105432817278,2.5,0.625,False,patches/LIDC-IDRI-0196_n00.npz,96,"[4, 5, 5, 3]","[1, 1, 1, 1]","[6, 6, 6, 6]","[2, 2, 2, 3]","[1, 4, 3, 4]","[3, 2, 2, 2]","[3, 3, 2, 2]","[5, 5, 5, 5]","[5, 5, 3, 4]",4.25,4.5,0.82915619758885
LIDC-IDRI-0198,1.3.6.1.4.1.14519.5.2.1.6279.6001.465032801496479029639448332481,0,0,2,False,"[297.0718470551958, 98.20197348134442, 29.722479185938944]",7.811159089705082,2.5,0.703125,True,patches/LIDC-IDRI-0198_n00.npz,96,"[3, 3]","[1, 1]","[6, 6]","[2, 3]","[3, 5]","[1, 1]","[1, 1]","[5, 5]","[1, 3]",2.0,2.0,1.0
LIDC-IDRI-0199,1.3.6.1.4.1.14519.5.2.1.6279.6001.302557165094691896097534021075,0,0,1,False,"[259.45360824742266, 423.02061855670104, 53.93814432989691]",6.299845282700216,1.25,0.664062,True,patches/LIDC-IDRI-0199_n00.npz,96,[3],[1],[3],[5],[5],[1],[1],[5],[1],1.0,1.0,0.0
LIDC-IDRI-0199,1.3.6.1.4.1.14519.5.2.1.6279.6001.302557165094691896097534021075,0,1,2,False,"[366.7620755619321, 330.7556193208991, 84.06599713055954]",4.77686792999206,1.25,0.664062,True,patches/LIDC-IDRI-0199_n01.npz,96,"[3, 3]","[1, 1]","[6, 3]","[4, 5]","[5, 5]","[1, 1]","[1, 1]","[5, 5]","[2, 1]",1.5,1.5,0.5
LIDC-IDRI-0199,1.3.6.1.4.1.14519.5.2.1.6279.6001.302557165094691896097534021075,0,2,1,False,"[195.31428571428572, 390.74285714285713, 147.4857142857143]",5.0573455202262085,1.25,0.664062,True,patches/LIDC-IDRI-0199_n02.npz,96,[2],[1],[6],[3],[4],[1],[1],[5],[2],2.0,2.0,0.0
LIDC-IDRI-0199,1.3.6.1.4.1.14519.5.2.1.6279.6001.302557165094691896097534021075,0,3,4,False,"[331.22132404987485, 198.49545542916934, 166.3818351612277]",14.972972445902592,1.25,0.664062,True,patches/LIDC-IDRI-0199_n03.npz,96,"[5, 5, 4, 5]","[1, 1, 1, 1]","[6, 6, 6, 6]","[3, 4, 3, 4]","[5, 5, 4, 5]","[2, 1, 1, 1]","[1, 1, 1, 1]","[5, 5, 5, 5]","[3, 2, 3, 4]",3.0,3.0,0.7071067811865476
LIDC-IDRI-0200,1.3.6.1.4.1.14519.5.2.1.6279.6001.195913706607582347421429908613,0,0,1,False,"[185.53846153846155, 123.56410256410257, 45.56410256410256]",7.782162935904138,2.5,0.820312,True,patches/LIDC-IDRI-0200_n00.npz,96,[3],[1],[6],[4],[5],[1],[1],[5],[2],2.0,2.0,0.0
LIDC-IDRI-0200,1.3.6.1.4.1.14519.5.2.1.6279.6001.195913706607582347421429908613,0,1,3,False,"[193.0232323232323, 126.15303030303029, 59.88484848484848]",7.049102199967847,2.5,0.820312,True,patches/LIDC-IDRI-0200_n01.npz,96,"[3, 3, 3]","[1, 1, 1]","[6, 6, 6]","[2, 3, 5]","[5, 5, 4]","[2, 1, 1]","[1, 1, 1]","[5, 5, 5]","[3, 2, 3]",2.6666666666666665,3.0,0.4714045207910317
LIDC-IDRI-0201,1.3.6.1.4.1.14519.5.2.1.6279.6001.236698827306171960683086245994,0,0,1,False,"[335.3076923076923, 303.40384615384613, 37.88461538461539]",4.834444333295381,2.5,0.664062,True,patches/LIDC-IDRI-0201_n00.npz,96,[3],[1],[6],[5],[4],[1],[1],[4],[3],3.0,3.0,0.0
LIDC-IDRI-0201,1.3.6.1.4.1.14519.5.2.1.6279.6001.236698827306171960683086245994,0,1,2,False,"[350.0654520917679, 183.7329622132254, 57.57219973009447]",6.1571841075615374,2.5,0.664062,True,patches/LIDC-IDRI-0201_n01.npz,96,"[2, 4]","[1, 1]","[6, 6]","[3, 2]","[2, 3]","[1, 3]","[1, 2]","[3, 5]","[3, 2]",2.5,2.5,0.5
LIDC-IDRI-0201,1.3.6.1.4.1.14519.5.2.1.6279.6001.236698827306171960683086245994,0,2,2,False,"[181.03222759392446, 181.80519790776037, 63.04295440828849]",25.373178176161993,2.5,0.664062,True,patches/LIDC-IDRI-0201_n02.npz,96,"[5, 4]","[1, 1]","[6, 6]","[3, 4]","[4, 4]","[3, 4]","[5, 4]","[5, 4]","[5, 4]",4.5,4.5,0.5
LIDC-IDRI-0201,1.3.6.1.4.1.14519.5.2.1.6279.6001.236698827306171960683086245994,0,3,2,False,"[234.864406779661, 401.2179739850217, 68.73354355538038]",6.211097207049528,2.5,0.664062,True,patches/LIDC-IDRI-0201_n03.npz,96,"[4, 3]","[1, 1]","[3, 6]","[3, 3]","[2, 4]","[1, 3]","[1, 2]","[4, 5]","[1, 2]",1.5,1.5,0.5
LIDC-IDRI-0201,1.3.6.1.4.1.14519.5.2.1.6279.6001.236698827306171960683086245994,0,4,1,False,"[286.04545454545456, 408.4318181818182, 82.47727272727273]",6.573878406596228,2.5,0.664062,True,patches/LIDC-IDRI-0201_n04.npz,96,[3],[1],[6],[3],[2],[1],[1],[3],[1],1.0,1.0,0.0
LIDC-IDRI-0201,1.3.6.1.4.1.14519.5.2.1.6279.6001.236698827306171960683086245994,0,5,1,False,"[333.52, 311.96, 95.96]",5.673748215123035,2.5,0.664062,True,patches/LIDC-IDRI-0201_n05.npz,96,[2],[1],[6],[4],[1],[1],[2],[2],[2],2.0,2.0,0.0
LIDC-IDRI-0201,1.3.6.1.4.1.14519.5.2.1.6279.6001.236698827306171960683086245994,0,6,1,False,"[226.6530612244898, 402.8979591836735, 96.51020408163265]",6.836936742684122,2.5,0.664062,True,patches/LIDC-IDRI-0201_n06.npz,96,[4],[1],[6],[4],[1],[1],[1],[3],[3],3.0,3.0,0.0
LIDC-IDRI-0201,1.3.6.1.4.1.14519.5.2.1.6279.6001.236698827306171960683086245994,0,7,1,False,"[318.72727272727275, 310.3818181818182, 109.50909090909092]",7.7442271543895105,2.5,0.664062,True,patches/LIDC-IDRI-0201_n07.npz,96,[2],[1],[6],[3],[1],[1],[1],[2],[2],2.0,2.0,0.0
LIDC-IDRI-0202,1.3.6.1.4.1.14519.5.2.1.6279.6001.113697708991260454310623082679,0,0,2,False,"[306.99543650793646, 74.11547619047619, 40.54107142857143]",8.886742549963628,2.5,0.78125,True,patches/LIDC-IDRI-0202_n00.npz,96,"[4, 2]","[1, 1]","[6, 6]","[3, 3]","[3, 3]","[2, 1]","[2, 1]","[5, 1]","[3, 3]",3.0,3.0,0.0
LIDC-IDRI-0203,1.3.6.1.4.1.14519.5.2.1.6279.6001.329404588567903628160652715124,0,0,4,False,"[333.34851036428734, 308.50586476926316, 40.98781177796259]",8.343930672991773,2.5,0.78125,True,patches/LIDC-IDRI-0203_n00.npz,96,"[5, 5, 5, 5]","[1, 1, 1, 1]","[3, 3, 3, 3]","[3, 4, 4, 5]","[5, 5, 5, 5]","[1, 1, 1, 1]","[1, 1, 1, 1]","[5, 5, 5, 5]","[1, 1, 1, 1]",1.0,1.0,0.0
LIDC-IDRI-0203,1.3.6.1.4.1.14519.5.2.1.6279.6001.329404588567903628160652715124,0,1,4,False,"[217.0477785973462, 315.05379084731504, 115.4218857012016]",32.818535053820376,2.5,0.78125,True,patches/LIDC-IDRI-0203_n01.npz,96,"[5, 4, 5, 5]","[1, 1, 1, 1]","[6, 6, 6, 6]","[3, 3, 3, 3]","[2, 5, 3, 4]","[5, 1, 3, 2]","[4, 3, 4, 2]","[3, 5, 3, 5]","[5, 3, 5, 4]",4.25,4.5,0.82915619758885
LIDC-IDRI-0204,1.3.6.1.4.1.14519.5.2.1.6279.6001.149041668385192796520281592139,0,0,6,True,"[363.7677506127002, 360.7011426817541, 28.34542766836932]",19.199226406852542,2.5,0.703125,True,patches/LIDC-IDRI-0204_n00.npz,96,"[5, 4, 5, 4, 4, 5]","[1, 1, 1, 1, 1, 1]","[6, 6, 6, 6, 6, 6]","[2, 2, 2, 2, 3, 3]","[3, 4, 3, 4, 4, 4]","[4, 4, 3, 2, 2, 2]","[4, 4, 5, 2, 1, 1]","[5, 5, 5, 5, 5, 5]","[4, 3, 5, 5, 4, 4]",4.166666666666667,4.0,0.6871842709362768
LIDC-IDRI-0206,1.3.6.1.4.1.14519.5.2.1.6279.6001.324567010179873305471925391582,0,0,4,False,"[248.77716870321035, 435.2154927634095, 105.29301851697686]",6.817603015624648,1.25,0.751953,False,patches/LIDC-IDRI-0206_n00.npz,96,"[4, 2, 4, 4]","[1, 1, 1, 1]","[6, 6, 6, 6]","[3, 4, 4, 3]","[4, 5, 5, 4]","[2, 2, 1, 1]","[2, 1, 1, 1]","[5, 5, 5, 4]","[2, 2, 2, 2]",2.0,2.0,0.0
LIDC-IDRI-0206,1.3.6.1.4.1.14519.5.2.1.6279.6001.324567010179873305471925391582,0,1,4,False,"[239.06432762339585, 129.4330867418456, 213.3262185109536]",13.59554661489274,1.25,0.751953,False,patches/LIDC-IDRI-0206_n01.npz,96,"[5, 5, 5, 5]","[1, 4, 1, 4]","[6, 6, 6, 6]","[4, 4, 2, 4]","[1, 3, 4, 1]","[4, 3, 2, 2]","[4, 3, 2, 3]","[4, 5, 3, 5]","[4, 5, 5, 4]",4.5,4.5,0.5
LIDC-IDRI-0206,1.3.6.1.4.1.14519.5.2.1.6279.6001.324567010179873305471925391582,0,2,1,False,"[255.41935483870967, 206.7741935483871, 260.48387096774195]",4.384601770184615,1.25,0.751953,False,patches/LIDC-IDRI-0206_n02.npz,96,[2],[1],[6],[4],[2],[1],[1],[4],[2],2.0,2.0,0.0
LIDC-IDRI-0206,1.3.6.1.4.1.14519.5.2.1.6279.6001.324567010179873305471925391582,0,3,3,False,"[272.66798250293397, 198.40526690138344, 265.9661083253316]",7.23864934229477,1.25,0.751953,False,patches/LIDC-IDRI-0206_n03.npz,96,"[3, 3, 4]","[1, 1, 1]","[6, 6, 6]","[2, 4, 4]","[4, 4, 3]","[3, 2, 1]","[2, 1, 1]","[5, 5, 4]","[3, 2, 3]",2.6666666666666665,3.0,0.4714045207910317
LIDC-IDRI-0207,1.3.6.1.4.1.14519.5.2.1.6279.6001.122621219961396951727742490470,0,0,3,False,"[255.84623535439584, 164.84335510368697, 66.68704561074277]",31.30361367018782,1.25,0.742188,True,patches/LIDC-IDRI-0207_n00.npz,96,"[5, 3, 4]","[1, 1, 1]","[6, 6, 6]","[3, 3, 3]","[2, 3, 4]","[4, 2, 2]","[3, 1, 2]","[5, 5, 5]","[3, 4, 2]",3.0,3.0,0.816496580927726
LIDC-IDRI-0207,1.3.6.1.4.1.14519.5.2.1.6279.6001.122621219961396951727742490470,0,1,1,False,"[221.42465753424656, 388.26027397260276, 175.04109589041096]",8.655325049862897,1.25,0.742188,True,patches/LIDC-IDRI-0207_n01.npz,96,[4],[1],[6],[2],[5],[1],[1],[5],[1],1.0,1.0,0.0
LIDC-IDRI-0208,1.3.6.1.4.1.14519.5.2.1.6279.6001.310395752124284049604069960014,0,0,4,False,"[149.91430555374322, 206.0790169300542, 40.12768310972547]",10.792718181164876,2.5,0.664062,False,patches/LIDC-IDRI-0208_n00.npz,96,"[5, 4, 5, 5]","[1, 1, 1, 1]","[6, 6, 6, 6]","[3, 4, 5, 4]","[4, 3, 3, 4]","[2, 2, 1, 2]","[1, 2, 2, 2]","[5, 4, 5, 5]","[4, 3, 4, 3]",3.5,3.5,0.5
LIDC-IDRI-0208,1.3.6.1.4.1.14519.5.2.1.6279.6001.310395752124284049604069960014,0,1,3,False,"[272.8397435897436, 130.1035602910603, 49.48427754677755]",5.691197755240128,2.5,0.664062,False,patches/LIDC-IDRI-0208_n01.npz,96,"[1, 2, 5]","[1, 1, 1]","[6, 6, 6]","[4, 4, 5]","[4, 4, 4]","[2, 1, 2]","[2, 1, 2]","[4, 1, 5]","[3, 3, 3]",3.0,3.0,0.0
LIDC-IDRI-0208,1.3.6.1.4.1.14519.5.2.1.6279.6001.310395752124284049604069960014,0,2,4,False,"[223.6027114081054, 103.05269778696537, 71.94822764931173]",6.267901924453287,2.5,0.664062,False,patches/LIDC-IDRI-0208_n02.npz,96,"[4, 3, 4, 5]","[1, 1, 1, 1]","[6, 6, 6, 6]","[5, 4, 5, 4]","[5, 5, 5, 4]","[1, 1, 2, 2]","[1, 1, 1, 2]","[5, 5, 5, 5]","[2, 3, 3, 3]",2.75,3.0,0.4330127018922193
LIDC-IDRI-0209,1.3.6.1.4.1.14519.5.2.1.6279.6001.805925269324902055566754756843,0,0,4,False,"[374.37097146976447, 178.4569253875029, 46.15401423442854]",20.564869436827536,2.5,0.820312,True,patches/LIDC-IDRI-0209_n00.npz,96,"[5, 5, 5, 4]","[1, 1, 1, 1]","[6, 6, 6, 6]","[4, 3, 3, 4]","[5, 5, 4, 5]","[3, 4, 3, 2]","[1, 1, 3, 1]","[5, 5, 5, 5]","[5, 3, 5, 3]",4.0,4.0,1.0
LIDC-IDRI-0210,1.3.6.1.4.1.14519.5.2.1.6279.6001.193808128386712859512130599234,0,0,4,False,"[208.3847344507991, 188.41227554541013, 93.96162864865755]",8.747124875635595,2.5,0.78125,True,patches/LIDC-IDRI-0210_n00.npz,96,"[4, 5, 4, 4]","[1, 1, 1, 1]","[6, 6, 6, 6]","[3, 4, 4, 4]","[4, 4, 4, 4]","[3, 2, 1, 2]","[1, 2, 3, 2]","[5, 5, 5, 5]","[3, 3, 3, 4]",3.25,3.0,0.4330127018922193
LIDC-IDRI-0211,1.3.6.1.4.1.14519.5.2.1.6279.6001.173931884906244951746140865701,0,0,4,False,"[364.5469925849981, 367.10163096795884, 77.64369937768677]",28.721955057149458,1.25,0.742188,True,patches/LIDC-IDRI-0211_n00.npz,96,"[5, 5, 5, 5]","[1, 1, 1, 1]","[6, 6, 6, 6]","[5, 3, 3, 3]","[5, 3, 4, 4]","[4, 5, 4, 3]","[1, 4, 2, 4]","[5, 5, 5, 5]","[3, 5, 5, 5]",4.5,5.0,0.8660254037844386
LIDC-IDRI-0211,1.3.6.1.4.1.14519.5.2.1.6279.6001.173931884906244951746140865701,0,1,1,False,"[204.24418604651163, 382.7906976744186, 114.45348837209302]",8.93712699724468,1.25,0.742188,True,patches/LIDC-IDRI-0211_n01.npz,96,[5],[1],[6],[3],[4],[1],[2],[5],[2],2.0,2.0,0.0
LIDC-IDRI-0212,1.3.6.1.4.1.14519.5.2.1.6279.6001.261700367741314729940340271960,0,0,3,False,"[260.3672573435504, 300.04614995742867, 113.42998350361854]",4.839635306407856,2.5,0.703125,False,patches/LIDC-IDRI-0212_n00.npz,96,"[5, 5, 5]","[1, 1, 1]","[3, 6, 3]","[4, 4, 5]","[5, 4, 5]","[1, 1, 1]","[1, 1, 1]","[5, 5, 5]","[1, 1, 1]",1.0,1.0,0.0
LIDC-IDRI-0213,1.3.6.1.4.1.14519.5.2.1.6279.6001.200841000324240313648595016964,0,0,4,False,"[331.46974131757963, 125.81009160574247, 91.41477976046106]",10.11921758038433,2.5,0.742188,True,patches/LIDC-IDRI-0213_n00.npz,96,"[5, 5, 4, 4]","[1, 1, 1, 1]","[3, 3, 3, 6]","[5, 3, 4, 4]","[5, 5, 5, 5]","[1, 2, 1, 1]","[1, 1, 1, 1]","[5, 5, 5, 5]","[1, 1, 1, 2]",1.25,1.0,0.4330127018922193
LIDC-IDRI-0215,1.3.6.1.4.1.14519.5.2.1.6279.6001.312704771348460502013249647868,0,0,3,False,"[345.4922572581802, 395.44725961439957, 109.1995451472125]",10.314262803576606,1.25,0.804688,True,patches/LIDC-IDRI-0215_n00.npz,96,"[2, 2, 2]","[1, 1, 1]","[6, 6, 6]","[3, 3, 4]","[5, 4, 4]","[1, 2, 1]","[1, 2, 1]","[5, 5, 5]","[3, 3, 3]",3.0,3.0,0.0
LIDC-IDRI-0215,1.3.6.1.4.1.14519.5.2.1.6279.6001.312704771348460502013249647868,0,1,2,False,"[360.01661036036035, 383.4113175675676, 135.4079391891892]",8.661833657917953,1.25,0.804688,True,patches/LIDC-IDRI-0215_n01.npz,96,"[3, 2]","[1, 1]","[6, 6]","[4, 2]","[5, 3]","[1, 1]","[1, 1]","[5, 1]","[2, 3]",2.5,2.5,0.5
LIDC-IDRI-0215,1.3.6.1.4.1.14519.5.2.1.6279.6001.312704771348460502013249647868,0,2,3,False,"[392.22770779500433, 294.02938468992244, 146.37668227820845]",7.607481564557162,1.25,0.804688,True,patches/LIDC-IDRI-0215_n02.npz,96,"[3, 3, 2]","[1, 1, 1]","[6, 6, 6]","[4, 4, 4]","[1, 5, 3]","[2, 1, 3]","[1, 1, 1]","[3, 5, 5]","[2, 2, 3]",2.3333333333333335,2.0,0.4714045207910317
LIDC-IDRI-0215,1.3.6.1.4.1.14519.5.2.1.6279.6001.312704771348460502013249647868,0,3,4,False,"[322.34628886293973, 385.4503539629251, 176.75114399357759]",6.120095650379038,1.25,0.804688,True,patches/LIDC-IDRI-0215_n03.npz,96,"[5, 3, 5, 5]","[1, 1, 1, 1]","[3, 3, 3, 3]","[3, 5, 3, 4]","[5, 5, 5, 5]","[1, 1, 3, 1]","[1, 1, 1, 1]","[5, 5, 5, 5]","[1, 1, 1, 1]",1.0,1.0,0.0
LIDC-IDRI-0216,1.3.6.1.4.1.14519.5.2.1.6279.6001.566816709786169715745131047975,0,0,2,False,"[340.28562653562653, 113.24447174447174, 53.770270270270274]",6.31102111701634,2.5,0.742188,True,patches/LIDC-IDRI-0216_n00.npz,96,"[2, 5]","[1, 1]","[6, 6]","[5, 5]","[4, 4]","[1, 1]","[1, 1]","[5, 3]","[2, 2]",2.0,2.0,0.0
LIDC-IDRI-0216,1.3.6.1.4.1.14519.5.2.1.6279.6001.566816709786169715745131047975,0,1,4,False,"[284.6610103036159, 111.30814351236886, 78.89181702385929]",7.865907287385719,2.5,0.742188,True,patches/LIDC-IDRI-0216_n01.npz,96,"[4, 5, 5, 4]","[1, 1, 1, 1]","[6, 3, 6, 6]","[5, 5, 4, 5]","[5, 5, 5, 5]","[1, 1, 1, 1]","[1, 1, 1, 1]","[5, 5, 5, 5]","[2, 1, 4, 3]",2.5,2.5,1.118033988749895
LIDC-IDRI-0217,1.3.6.1.4.1.14519.5.2.1.6279.6001.313283554967554803238484128406,0,0,4,False,"[320.3152403067327, 212.23914569126237, 34.07132521176818]",19.2916353070231,2.5,0.78125,True,patches/LIDC-IDRI-0217_n00.npz,96,"[5, 5, 4, 5]","[1, 1, 1, 1]","[6, 6, 6, 6]","[3, 4, 3, 4]","[4, 5, 4, 5]","[3, 2, 2, 3]","[1, 1, 3, 1]","[5, 5, 5, 5]","[4, 2, 4, 5]",3.75,4.0,1.0897247358851685
LIDC-IDRI-0217,1.3.6.1.4.1.14519.5.2.1.6279.6001.313283554967554803238484128406,0,1,4,False,"[271.99735684042906, 115.85282273675517, 82.55497387560163]",12.331749665910479,2.5,0.78125,True,patches/LIDC-IDRI-0217_n01.npz,96,"[5, 5, 4, 5]","[1, 1, 1, 1]","[6, 6, 6, 6]","[3, 3, 4, 4]","[5, 5, 4, 5]","[1, 1, 2, 2]","[3, 1, 2, 1]","[5, 5, 5, 5]","[4, 2, 4, 4]",3.5,4.0,0.8660254037844386
LIDC-IDRI-0217,1.3.6.1.4.1.14519.5.2.1.6279.6001.313283554967554803238484128406,0,2,4,False,"[281.33961565549924, 158.7946943134005, 98.01494209974226]",12.411920209220014,2.5,0.78125,True,patches/LIDC-IDRI-0217_n02.npz,96,"[5, 5, 4, 5]","[1, 1, 1, 1]","[6, 6, 6, 6]","[4, 4, 4, 5]","[5, 5, 4, 5]","[1, 3, 2, 3]","[3, 1, 1, 1]","[5, 5, 5, 5]","[4, 2, 4, 4]",3.5,4.0,0.8660254037844386
LIDC-IDRI-0219,1.3.6.1.4.1.14519.5.2.1.6279.6001.309901913847714156367981722205,0,0,4,False,"[278.4630881866547, 182.32207994014271, 51.5452894144553]",12.671005104470911,2.5,0.703125,True,patches/LIDC-IDRI-0219_n00.npz,96,"[5, 5, 4, 4]","[1, 1, 1, 1]","[6, 6, 6, 6]","[4, 5, 4, 5]","[4, 4, 4, 5]","[1, 2, 1, 1]","[2, 2, 1, 1]","[5, 5, 5, 5]","[4, 3, 3, 5]",3.75,3.5,0.82915619758885
LIDC-IDRI-0220,1.3.6.1.4.1.14519.5.2.1.6279.6001.208737629504245244513001631764,0,0,3,False,"[307.4934350659838, 225.4773837272912, 138.59900291408994]",21.504686045134747,1.25,0.78125,True,patches/LIDC-IDRI-0220_n00.npz,96,"[4, 3, 4]","[1, 1, 1]","[6, 6, 6]","[2, 3, 4]","[2, 3, 3]","[2, 2, 4]","[5, 2, 2]","[2, 1, 1]","[4, 2, 4]",3.3333333333333335,4.0,0.9428090415820634
LIDC-IDRI-0220,1.3.6.1.4.1.14519.5.2.1.6279.6001.208737629504245244513001631764,0,1,4,False,"[189.98211239290774, 139.52807949254262, 143.3053944745772]",16.16116997394051,1.25,0.78125,True,patches/LIDC-IDRI-0220_n01.npz,96,"[5, 4, 4, 5]","[1, 1, 1, 1]","[6, 6, 6, 6]","[3, 3, 3, 4]","[4, 4, 3, 4]","[3, 2, 2, 3]","[2, 2, 2, 1]","[4, 4, 5, 5]","[3, 2, 4, 4]",3.25,3.5,0.82915619758885
LIDC-IDRI-0220,1.3.6.1.4.1.14519.5.2.1.6279.6001.208737629504245244513001631764,0,2,4,False,"[304.40734980567, 362.62671033615777, 161.68390766699525]",21.51792179911892,1.25,0.78125,True,patches/LIDC-IDRI-0220_n02.npz,96,"[4, 5, 4, 5]","[1, 1, 1, 1]","[6, 6, 6, 6]","[3, 3, 3, 3]","[4, 5, 4, 5]","[2, 1, 2, 2]","[3, 1, 3, 1]","[5, 5, 5, 5]","[3, 2, 5, 4]",3.5,3.5,1.118033988749895
LIDC-IDRI-0221,1.3.6.1.4.1.14519.5.2.1.6279.6001.272344603176687884771013620823,0,0,4,False,"[258.1429625167295, 379.8281431281926, 103.15025525615701]",30.62199294247728,2.5,0.78125,True,patches/LIDC-IDRI-0221_n00.npz,96,"[5, 5, 5, 5]","[1, 1, 1, 1]","[6, 6, 6, 6]","[5, 3, 3, 3]","[4, 3, 3, 4]","[1, 4, 5, 3]","[5, 5, 3, 5]","[4, 5, 5, 5]","[4, 5, 5, 5]",4.75,5.0,0.4330127018922193
LIDC-IDRI-0222,1.3.6.1.4.1.14519.5.2.1.6279.6001.233652865358649579816568545171,0,0,4,False,"[326.2421887473257, 139.02699013315453, 75.0484441357729]",7.246123897954229,2.5,0.625,True,patches/LIDC-IDRI-0222_n00.npz,96,"[5, 5, 4, 5]","[1, 1, 1, 1]","[2, 3, 6, 3]","[3, 5, 3, 5]","[5, 5, 4, 5]","[1, 1, 1, 1]","[1, 1, 1, 1]","[5, 5, 5, 5]","[2, 1, 3, 1]",1.75,1.5,0.82915619758885
LIDC-IDRI-0223,1.3.6.1.4.1.14519.5.2.1.6279.6001.249314567767437206995861966896,0,0,3,False,"[358.09613726225393, 293.34997631595076, 46.971306491212864]",23.354032939045897,1.25,0.78125,True,patches/LIDC-IDRI-0223_n00.npz,96,"[5, 3, 4]","[1, 1, 1]","[6, 6, 6]","[3, 3, 3]","[2, 3, 2]","[1, 2, 1]","[5, 2, 1]","[3, 3, 3]","[5, 3, 5]",4.333333333333333,5.0,0.9428090415820634
LIDC-IDRI-0223,1.3.6.1.4.1.14519.5.2.1.6279.6001.249314567767437206995861966896,0,1,1,False,"[209.81, 298.78, 162.63]",9.407495764681482,1.25,0.78125,True,patches/LIDC-IDRI-0223_n01.npz,96,[2],[1],[6],[4],[4],[3],[2],[5],[3],3.0,3.0,0.0
LIDC-IDRI-0223,1.3.6.1.4.1.14519.5.2.1.6279.6001.249314567767437206995861966896,0,2,4,False,"[259.54434633755096, 341.3804953191444, 196.9140168078738]",18.115455314208035,1.25,0.78125,True,patches/LIDC-IDRI-0223_n02.npz,96,"[5, 4, 5, 5]","[1, 1, 1, 1]","[6, 6, 6, 4]","[3, 3, 3, 4]","[3, 4, 4, 4]","[5, 1, 2, 4]","[3, 2, 4, 2]","[4, 5, 5, 5]","[5, 3, 5, 3]",4.0,4.0,1.0
LIDC-IDRI-0227,1.3.6.1.4.1.14519.5.2.1.6279.6001.518487185634324801733841260431,0,0,4,False,"[174.52751386648364, 378.4641086829291, 76.2081071767037]",9.004239296683238,2.5,0.820312,False,patches/LIDC-IDRI-0227_n00.npz,96,"[5, 4, 4, 5]","[1, 1, 1, 1]","[6, 6, 6, 6]","[4, 5, 4, 4]","[4, 5, 5, 5]","[3, 1, 1, 1]","[2, 1, 1, 2]","[5, 5, 5, 5]","[3, 3, 3, 4]",3.25,3.0,0.4330127018922193
LIDC-IDRI-0228,1.3.6.1.4.1.14519.5.2.1.6279.6001.337845202462615014431060697507,0,0,4,False,"[269.40734932816594, 381.12900464743507, 108.82338004301387]",12.258907743930614,2.5,0.703125,False,patches/LIDC-IDRI-0228_n00.npz,96,"[5, 5, 5, 4]","[1, 1, 1, 1]","[6, 6, 6, 6]","[4, 3, 3, 3]","[1, 4, 4, 5]","[1, 2, 2, 2]","[1, 1, 3, 2]","[4, 5, 5, 5]","[4, 4, 3, 3]",3.5,3.5,0.5
LIDC-IDRI-0229,1.3.6.1.4.1.14519.5.2.1.6279.6001.173106154739244262091404659845,0,0,4,False,"[199.90020358868182, 134.82608523119393, 92.90972222222223]",7.030684353095962,2.5,0.761719,False,patches/LIDC-IDRI-0229_n00.npz,96,"[4, 1, 5, 5]","[1, 1, 1, 1]","[6, 6, 3, 6]","[3, 3, 5, 2]","[5, 5, 5, 4]","[1, 1, 1, 2]","[1, 1, 1, 2]","[5, 5, 5, 5]","[3, 3, 1, 3]",2.5,3.0,0.8660254037844386
LIDC-IDRI-0229,1.3.6.1.4.1.14519.5.2.1.6279.6001.173106154739244262091404659845,0,1,4,False,"[254.50222853559302, 110.09986074823493, 95.70383397947401]",26.687583338824865,2.5,0.761719,False,patches/LIDC-IDRI-0229_n01.npz,96,"[5, 5, 5, 5]","[1, 1, 1, 1]","[6, 6, 6, 6]","[3, 3, 3, 2]","[5, 5, 3, 4]","[1, 1, 3, 3]","[1, 1, 2, 2]","[5, 5, 5, 5]","[5, 5, 5, 3]",4.5,5.0,0.8660254037844386
LIDC-IDRI-0229,1.3.6.1.4.1.14519.5.2.1.6279.6001.173106154739244262091404659845,0,2,4,False,"[283.92429406037, 103.36870374576267, 101.4396884007722]",13.499449374326884,2.5,0.761719,False,patches/LIDC-IDRI-0229_n02.npz,96,"[5, 5, 5, 5]","[1, 1, 1, 1]","[6, 6, 6, 6]","[5, 5, 4, 4]","[5, 5, 4, 4]","[1, 1, 1, 2]","[1, 1, 2, 2]","[5, 5, 5, 5]","[5, 4, 5, 3]",4.25,4.5,0.82915619758885
LIDC-IDRI-0229,1.3.6.1.4.1.14519.5.2.1.6279.6001.173106154739244262091404659845,0,3,4,False,"[304.76696307698376, 352.71610030419134, 103.77399502693743]",11.815383736043945,2.5,0.761719,False,patches/LIDC-IDRI-0229_n03.npz,96,"[4, 4, 5, 5]","[1, 1, 1, 1]","[6, 4, 6, 6]","[4, 3, 3, 4]","[5, 5, 4, 4]","[3, 1, 2, 4]","[1, 1, 2, 2]","[5, 5, 5, 5]","[4, 4, 5, 3]",4.0,4.0,0.7071067811865476
LIDC-IDRI-0229,1.3.6.1.4.1.14519.5.2.1.6279.6001.173106154739244262091404659845,0,4,1,False,"[312.5, 115.3076923076923, 107.0]",7.952579833660843,2.5,0.761719,False,patches/LIDC-IDRI-0229_n04.npz,96,[3],[1],[6],[2],[3],[2],[3],[3],[3],3.0,3.0,0.0
LIDC-IDRI-0229,1.3.6.1.4.1.14519.5.2.1.6279.6001.173106154739244262091404659845,0,5,4,False,"[356.44166427203066, 150.6514272030651, 107.97265625]",7.519226408403453,2.5,0.761719,False,patches/LIDC-IDRI-0229_n05.npz,96,"[3, 2, 4, 5]","[1, 1, 1, 1]","[6, 6, 6, 6]","[3, 3, 5, 3]","[4, 5, 5, 4]","[2, 2, 1, 3]","[1, 1, 1, 2]","[5, 5, 5, 5]","[3, 3, 3, 3]",3.0,3.0,0.0
LIDC-IDRI-0229,1.3.6.1.4.1.14519.5.2.1.6279.6001.173106154739244262091404659845,0,6,4,False,"[354.82274712791803, 189.02497076212526, 110.58772809799154]",16.27634250854713,2.5,0.761719,False,patches/LIDC-IDRI-0229_n06.npz,96,"[5, 4, 5, 5]","[1, 1, 1, 1]","[6, 6, 6, 6]","[5, 3, 4, 4]","[5, 2, 5, 4]","[2, 3, 1, 3]","[2, 2, 2, 2]","[5, 3, 5, 5]","[5, 5, 4, 3]",4.25,4.5,0.82915619758885
LIDC-IDRI-0230,1.3.6.1.4.1.14519.5.2.1.6279.6001.328944769569002417592093467626,0,0,3,False,"[248.59351006808632, 113.79211936839056, 56.29624800811242]",6.2004185848622315,2.5,0.703125,True,patches/LIDC-IDRI-0230_n00.npz,96,"[5, 3, 4]","[1, 1, 1]","[6, 6, 6]","[4, 5, 4]","[4, 4, 5]","[2, 1, 1]","[1, 1, 1]","[5, 5, 5]","[3, 3, 3]",3.0,3.0,0.0
LIDC-IDRI-0230,1.3.6.1.4.1.14519.5.2.1.6279.6001.328944769569002417592093467626,0,1,2,False,"[178.23684210526318, 180.4736842105263, 60.0]",4.917766577969491,2.5,0.703125,True,patches/LIDC-IDRI-0230_n01.npz,96,"[4, 3]","[1, 1]","[6, 6]","[4, 5]","[3, 3]","[2, 1]","[2, 1]","[5, 5]","[3, 3]",3.0,3.0,0.0
LIDC-IDRI-0230,1.3.6.1.4.1.14519.5.2.1.6279.6001.328944769569002417592093467626,0,2,1,False,"[288.14285714285717, 365.51785714285717, 66.46428571428571]",9.563533951454609,2.5,0.703125,True,patches/LIDC-IDRI-0230_n02.npz,96,[4],[1],[3],[4],[5],[1],[4],[5],[1],1.0,1.0,0.0
LIDC-IDRI-0231,1.3.6.1.4.1.14519.5.2.1.6279.6001.246589849815292078281051154201,0,0,2,False,"[323.95833333333337, 130.70833333333334, 69.77777777777777]",6.736653882647931,2.5,0.859375,True,patches/LIDC-IDRI-0231_n00.npz,96,"[5, 4]","[1, 1]","[3, 3]","[5, 5]","[5, 5]","[1, 1]","[1, 1]","[5, 5]","[1, 1]",1.0,1.0,0.0
LIDC-IDRI-0232,1.3.6.1.4.1.14519.5.2.1.6279.6001.177985905159808659201278495182,0,0,1,False,"[238.58139534883722, 202.95348837209303, 53.51162790697674]",6.482492196534062,2.5,0.703125,True,patches/LIDC-IDRI-0232_n00.npz,96,[4],[1],[3],[3],[5],[2],[1],[5],[1],1.0,1.0,0.0
LIDC-IDRI-0232,1.3.6.1.4.1.14519.5.2.1.6279.6001.177985905159808659201278495182,0,1,2,False,"[316.83756038647346, 122.36231884057972, 89.18055555555556]",6.338966036422033,2.5,0.703125,True,patches/LIDC-IDRI-0232_n01.npz,96,"[3, 4]","[1, 1]","[6, 6]","[3, 4]","[4, 5]","[3, 1]","[1, 1]","[5, 5]","[3, 3]",3.0,3.0,0.0
LIDC-IDRI-0233,1.3.6.1.4.1.14519.5.2.1.6279.6001.188209889686363159853715266493,0,0,3,False,"[336.4454328740043, 311.61964067678355, 96.5853130995988]",7.632671985680385,2.5,0.742188,True,patches/LIDC-IDRI-0233_n00.npz,96,"[1, 3, 3]","[1, 1, 1]","[6, 6, 6]","[5, 5, 4]","[4, 4, 4]","[3, 2, 1]","[2, 3, 1]","[5, 5, 5]","[3, 3, 2]",2.6666666666666665,3.0,0.4714045207910317
LIDC-IDRI-0233,1.3.6.1.4.1.14519.5.2.1.6279.6001.188209889686363159853715266493,0,1,3,False,"[358.40264550264556, 163.24444444444444, 105.50740740740741]",6.465633865602906,2.5,0.742188,True,patches/LIDC-IDRI-0233_n01.npz,96,"[2, 5, 3]","[1, 1, 1]","[6, 6, 6]","[3, 4, 4]","[4, 4, 5]","[2, 2, 1]","[1, 2, 1]","[5, 5, 5]","[3, 3, 3]",3.0,3.0,0.0
LIDC-IDRI-0234,1.3.6.1.4.1.14519.5.2.1.6279.6001.178680586845223339579041794709,0,0,4,False,"[310.7709344681822, 367.5620081371228, 41.70703506483323]",12.062739575938766,2.5,0.703125,False,patches/LIDC-IDRI-0234_n00.npz,96,"[3, 4, 3, 4]","[1, 1, 1, 1]","[6, 6, 6, 6]","[5, 4, 3, 4]","[5, 4, 4, 4]","[1, 2, 2, 1]","[1, 2, 1, 2]","[5, 5, 5, 5]","[2, 3, 3, 4]",3.0,3.0,0.7071067811865476
LIDC-IDRI-0235,1.3.6.1.4.1.14519.5.2.1.6279.6001.162718361851587451505896742103,0,0,2,False,"[253.25866993064056, 74.16809465524275, 47.83455732354142]",7.114122079325284,2.5,0.703125,True,patches/LIDC-IDRI-0235_n00.npz,96,"[4, 3]","[1, 1]","[6, 6]","[4, 4]","[4, 5]","[3, 2]","[2, 1]","[5, 5]","[2, 2]",2.0,2.0,0.0
LIDC-IDRI-0235,1.3.6.1.4.1.14519.5.2.1.6279.6001.162718361851587451505896742103,0,1,4,False,"[154.92313544448595, 226.7139146325432, 75.3832604554407]",11.388934460413108,2.5,0.703125,True,patches/LIDC-IDRI-0235_n01.npz,96,"[5, 5, 3, 4]","[1, 1, 1, 1]","[3, 6, 6, 6]","[5, 4, 5, 4]","[5, 4, 5, 4]","[1, 4, 2, 1]","[1, 3, 1, 1]","[5, 5, 5, 5]","[1, 3, 3, 2]",2.25,2.5,0.82915619758885
LIDC-IDRI-0235,1.3.6.1.4.1.14519.5.2.1.6279.6001.162718361851587451505896742103,0,2,1,False,"[358.5285714285714, 163.9142857142857, 95.08571428571429]",7.340840514077731,2.5,0.703125,True,patches/LIDC-IDRI-0235_n02.npz,96,[3],[1],[6],[3],[5],[2],[1],[5],[2],2.0,2.0,0.0
LIDC-IDRI-0236,1.3.6.1.4.1.14519.5.2.1.6279.6001.106164978370116976238911317774,0,0,4,False,"[309.90307026409766, 250.34175550306935, 63.28680371587955]",8.05585698708595,2.5,0.625,True,patches/LIDC-IDRI-0236_n00.npz,96,"[3, 5, 3, 3]","[1, 1, 1, 1]","[6, 6, 6, 6]","[5, 3, 4, 4]","[5, 4, 5, 5]","[1, 2, 1, 1]","[1, 2, 1, 1]","[5, 5, 5, 5]","[2, 3, 4, 2]",2.75,2.5,0.82915619758885
LIDC-IDRI-0236,1.3.6.1.4.1.14519.5.2.1.6279.6001.106164978370116976238911317774,0,1,1,False,"[349.0495049504951, 412.6089108910891, 99.14851485148515]",13.184389443580617,2.5,0.625,True,patches/LIDC-IDRI-0236_n01.npz,96,[5],[1],[6],[3],[4],[1],[1],[5],[3],3.0,3.0,0.0
LIDC-IDRI-0237,1.3.6.1.4.1.14519.5.2.1.6279.6001.438308540025607517017949816111,0,0,2,False,"[203.11543715846994, 186.19808743169398, 67.01653005464482]",6.886607422126142,2.5,0.820312,True,patches/LIDC-IDRI-0237_n00.npz,96,"[4, 2]","[1, 1]","[6, 6]","[5, 5]","[4, 5]","[2, 1]","[1, 1]","[5, 5]","[3, 3]",3.0,3.0,0.0
LIDC-IDRI-0237,1.3.6.1.4.1.14519.5.2.1.6279.6001.438308540025607517017949816111,0,1,4,False,"[298.1189367896113, 122.3623056283749, 69.07842442952848]",9.219323241433639,2.5,0.820312,True,patches/LIDC-IDRI-0237_n01.npz,96,"[3, 5, 5, 4]","[1, 1, 1, 1]","[6, 6, 6, 6]","[5, 5, 5, 4]","[5, 4, 5, 5]","[1, 1, 1, 1]","[1, 1, 1, 1]","[5, 5, 5, 5]","[2, 3, 3, 2]",2.5,2.5,0.5
LIDC-IDRI-0237,1.3.6.1.4.1.14519.5.2.1.6279.6001.438308540025607517017949816111,0,2,4,False,"[211.67139053727962, 170.6772436923405, 79.51045016456547]",13.883592024652042,2.5,0.820312,True,patches/LIDC-IDRI-0237_n02.npz,96,"[5, 5, 5, 4]","[1, 1, 1, 1]","[6, 6, 6, 6]","[5, 4, 4, 3]","[5, 4, 4, 4]","[4, 5, 1, 2]","[1, 2, 4, 1]","[5, 5, 5, 5]","[3, 3, 5, 4]",3.75,3.5,0.82915619758885
LIDC-IDRI-0240,1.3.6.1.4.1.14519.5.2.1.6279.6001.187451715205085403623595258748,0,0,3,False,"[331.5337471920662, 347.2947007938188, 45.47753326307199]",17.35504658441597,2.5,0.703125,True,patches/LIDC-IDRI-0240_n00.npz,96,"[4, 3, 2]","[1, 1, 1]","[6, 6, 6]","[3, 4, 3]","[4, 1, 1]","[1, 3, 1]","[2, 2, 1]","[2, 1, 1]","[5, 3, 2]",3.3333333333333335,3.0,1.247219128924647
LIDC-IDRI-0240,1.3.6.1.4.1.14519.5.2.1.6279.6001.187451715205085403623595258748,0,1,1,False,"[306.20454545454544, 113.77272727272727, 51.70454545454545]",8.55388480823187,2.5,0.703125,True,patches/LIDC-IDRI-0240_n01.npz,96,[1],[1],[6],[5],[1],[1],[1],[1],[2],2.0,2.0,0.0
LIDC-IDRI-0240,1.3.6.1.4.1.14519.5.2.1.6279.6001.187451715205085403623595258748,0,2,1,False,"[210.95238095238096, 372.9761904761905, 57.476190476190474]",6.048509953389347,2.5,0.703125,True,patches/LIDC-IDRI-0240_n02.npz,96,[1],[1],[6],[2],[4],[2],[3],[3],[3],3.0,3.0,0.0
LIDC-IDRI-0240,1.3.6.1.4.1.14519.5.2.1.6279.6001.187451715205085403623595258748,0,3,1,False,"[216.95238095238096, 359.14285714285717, 62.0]",6.670429439417675,2.5,0.703125,True,patches/LIDC-IDRI-0240_n03.npz,96,[1],[1],[6],[2],[3],[2],[2],[2],[3],3.0,3.0,0.0
LIDC-IDRI-0240,1.3.6.1.4.1.14519.5.2.1.6279.6001.187451715205085403623595258748,0,4,4,False,"[215.83920464839278, 386.77876958106935, 62.16241771924022]",27.11470683956389,2.5,0.703125,True,patches/LIDC-IDRI-0240_n04.npz,96,"[5, 5, 5, 5]","[1, 1, 1, 1]","[6, 6, 6, 6]","[3, 4, 4, 2]","[3, 1, 1, 3]","[3, 4, 4, 3]","[5, 4, 5, 3]","[5, 3, 5, 5]","[5, 3, 5, 5]",4.5,5.0,0.8660254037844386
LIDC-IDRI-0241,1.3.6.1.4.1.14519.5.2.1.6279.6001.154703816225841204080664115280,0,0,3,False,"[343.9613273926541, 80.75129098448795, 103.18291751108818]",7.139626977215289,1.25,0.683594,False,patches/LIDC-IDRI-0241_n00.npz,96,"[4, 5, 2]","[1, 1, 1]","[6, 6, 6]","[2, 4, 5]","[5, 4, 5]","[2, 2, 1]","[1, 2, 1]","[5, 5, 5]","[3, 3, 2]",2.6666666666666665,3.0,0.4714045207910317
LIDC-IDRI-0241,1.3.6.1.4.1.14519.5.2.1.6279.6001.154703816225841204080664115280,0,1,1,False,"[336.80645161290323, 73.61290322580645, 103.54838709677419]",4.8337395297843635,1.25,0.683594,False,patches/LIDC-IDRI-0241_n01.npz,96,[2],[1],[6],[5],[5],[1],[1],[5],[2],2.0,2.0,0.0
LIDC-IDRI-0241,1.3.6.1.4.1.14519.5.2.1.6279.6001.154703816225841204080664115280,0,2,1,False,"[373.79545454545456, 345.8636363636364, 104.18181818181819]",5.206096800529927,1.25,0.683594,False,patches/LIDC-IDRI-0241_n02.npz,96,[2],[1],[6],[5],[5],[1],[1],[5],[2],2.0,2.0,0.0
LIDC-IDRI-0241,1.3.6.1.4.1.14519.5.2.1.6279.6001.154703816225841204080664115280,0,3,4,False,"[206.89673684530177, 79.20166468892637, 108.46783096393816]",9.179499536655127,1.25,0.683594,False,patches/LIDC-IDRI-0241_n03.npz,96,"[4, 4, 3, 4]","[1, 1, 1, 1]","[6, 6, 6, 6]","[2, 2, 2, 4]","[5, 2, 4, 4]","[2, 4, 3, 1]","[1, 2, 1, 5]","[5, 5, 5, 3]","[2, 3, 2, 3]",2.5,2.5,0.5
LIDC-IDRI-0241,1.3.6.1.4.1.14519.5.2.1.6279.6001.154703816225841204080664115280,0,4,4,False,"[395.60749712445363, 132.83995629169544, 112.6001552795031]",7.357641318273293,1.25,0.683594,False,patches/LIDC-IDRI-0241_n04.npz,96,"[4, 5, 3, 1]","[1, 1, 1, 1]","[6, 6, 6, 6]","[2, 2, 3, 3]","[5, 4, 4, 1]","[1, 3, 1, 1]","[1, 2, 1, 1]","[5, 5, 5, 1]","[2, 3, 2, 3]",2.5,2.5,0.5
LIDC-IDRI-0242,1.3.6.1.4.1.14519.5.2.1.6279.6001.905371958588660410240398317235,0,0,4,False,"[319.7874873729604, 389.51678486567516, 111.17019202263569]",28.162037460647962,2.5,0.78125,True,patches/LIDC-IDRI-0242_n00.npz,96,"[5, 5, 5, 5]","[1, 1, 1, 1]","[6, 6, 6, 6]","[5, 4, 5, 3]","[4, 3, 4, 3]","[1, 4, 5, 2]","[5, 5, 5, 4]","[4, 5, 5, 5]","[4, 5, 5, 5]",4.75,5.0,0.4330127018922193
LIDC-IDRI-0243,1.3.6.1.4.1.14519.5.2.1.6279.6001.939216568327879462530496768794,0,0,1,False,"[209.06832298136646, 174.30434782608697, 55.8944099378882]",19.5674934855933,2.5,0.820312,True,patches/LIDC-IDRI-0243_n00.npz,96,[4],[1],[6],[4],[3],[2],[2],[5],[2],2.0,2.0,0.0
LIDC-IDRI-0243,1.3.6.1.4.1.14519.5.2.1.6279.6001.939216568327879462530496768794,0,1,1,False,"[392.7173913043478, 195.1304347826087, 69.97826086956522]",5.800481778887001,2.5,0.820312,True,patches/LIDC-IDRI-0243_n01.npz,96,[3],[1],[6],[3],[4],[1],[4],[5],[2],2.0,2.0,0.0
LIDC-IDRI-0244,1.3.6.1.4.1.14519.5.2.1.6279.6001.270390050141765094612147226290,0,0,4,False,"[173.83709983722193, 152.76923795743653, 60.86880840417194]",10.923562783343048,2.5,0.78125,True,patches/LIDC-IDRI-0244_n00.npz,96,"[5, 5, 4, 4]","[1, 1, 1, 1]","[6, 6, 6, 5]","[3, 4, 4, 5]","[5, 4, 4, 5]","[1, 1, 2, 1]","[3, 1, 2, 1]","[5, 5, 5, 5]","[3, 2, 4, 1]",2.5,2.5,1.118033988749895
LIDC-IDRI-0244,1.3.6.1.4.1.14519.5.2.1.6279.6001.270390050141765094612147226290,0,1,4,False,"[205.13337781058368, 390.8124488984783, 80.62870911878265]",5.928358749474166,2.5,0.78125,True,patches/LIDC-IDRI-0244_n01.npz,96,"[4, 5, 4, 4]","[1, 1, 1, 1]","[3, 3, 6, 3]","[3, 5, 3, 5]","[5, 5, 5, 5]","[1, 1, 1, 1]","[1, 1, 1, 1]","[5, 5, 5, 5]","[1, 1, 1, 1]",1.0,1.0,0.0
LIDC-IDRI-0244,1.3.6.1.4.1.14519.5.2.1.6279.6001.270390050141765094612147226290,0,2,3,False,"[230.84661575027857, 181.62151948877863, 84.34914593804527]",18.92339205189234,2.5,0.78125,True,patches/LIDC-IDRI-0244_n02.npz,96,"[5, 4, 4]","[1, 1, 1]","[4, 6, 6]","[3, 3, 4]","[5, 4, 4]","[1, 3, 2]","[3, 1, 1]","[5, 5, 5]","[4, 3, 4]",3.6666666666666665,4.0,0.4714045207910317
LIDC-IDRI-0245,1.3.6.1.4.1.14519.5.2.1.6279.6001.320111824803959660037459294083,0,0,3,False,"[383.96516290726817, 132.45730994152046, 59.57428989139515]",6.125333219820384,2.5,0.703125,True,patches/LIDC-IDRI-0245_n00.npz,96,"[4, 2, 3]","[1, 1, 1]","[6, 6, 6]","[3, 5, 4]","[5, 4, 4]","[1, 1, 1]","[1, 1, 1]","[5, 5, 5]","[3, 3, 2]",2.6666666666666665,3.0,0.4714045207910317
LIDC-IDRI-0246,1.3.6.1.4.1.14519.5.2.1.6279.6001.944888107209008719031293531091,0,0,4,False,"[174.5232847783957, 308.40037803783537, 94.0464119678841]",10.169538697502022,2.5,0.78125,True,patches/LIDC-IDRI-0246_n00.npz,96,"[5, 5, 5, 4]","[1, 1, 1, 1]","[4, 6, 1, 6]","[5, 4, 5, 4]","[4, 5, 5, 4]","[1, 1, 1, 2]","[2, 1, 1, 1]","[5, 5, 5, 5]","[3, 2, 1, 4]",2.5,2.5,1.118033988749895
LIDC-IDRI-0247,1.3.6.1.4.1.14519.5.2.1.6279.6001.292576688635952269497781991202,0,0,2,False,"[279.89473684210526, 151.21783625730995, 83.0]",5.038911092686593,2.5,0.625,True,patches/LIDC-IDRI-0247_n00.npz,96,"[5, 2]","[1, 1]","[6, 6]","[5, 5]","[4, 5]","[1, 1]","[1, 1]","[5, 5]","[3, 3]",3.0,3.0,0.0
LIDC-IDRI-0248,1.3.6.1.4.1.14519.5.2.1.6279.6001.174168737938619557573021395302,0,0,3,False,"[351.9879551820729, 368.08529411764704, 16.427450980392155]",8.149874163130848,2.5,0.976562,True,patches/LIDC-IDRI-0248_n00.npz,96,"[4, 2, 3]","[1, 1, 1]","[3, 3, 6]","[2, 3, 4]","[5, 5, 5]","[2, 1, 1]","[1, 1, 1]","[5, 5, 5]","[1, 1, 2]",1.3333333333333333,1.0,0.4714045207910317
LIDC-IDRI-0249,1.3.6.1.4.1.14519.5.2.1.6279.6001.321935195060268166151738328001,0,0,4,False,"[223.4157554619935, 346.3310301866296, 30.417387874345753]",14.059477186192275,1.25,0.820312,True,patches/LIDC-IDRI-0249_n00.npz,96,"[3, 5, 5, 4]","[1, 1, 1, 1]","[6, 6, 6, 6]","[5, 4, 5, 3]","[5, 4, 5, 5]","[1, 1, 1, 1]","[1, 1, 1, 1]","[5, 5, 5, 5]","[2, 3, 4, 4]",3.25,3.5,0.82915619758885
LIDC-IDRI-0249,1.3.6.1.4.1.14519.5.2.1.6279.6001.321935195060268166151738328001,0,1,4,False,"[372.2806778155558, 198.23318989220755, 88.46525435822198]",22.182326887812096,1.25,0.820312,True,patches/LIDC-IDRI-0249_n01.npz,96,"[5, 5, 4, 4]","[1, 1, 1, 1]","[6, 6, 6, 6]","[2, 2, 3, 3]","[1, 4, 4, 4]","[4, 3, 2, 2]","[3, 2, 1, 3]","[5, 5, 4, 5]","[4, 3, 4, 4]",3.75,4.0,0.4330127018922193
LIDC-IDRI-0250,1.3.6.1.4.1.14519.5.2.1.6279.6001.230491296081537726468075344411,0,0,4,False,"[351.37833820683056, 364.21185608744577, 86.12669392735809]",15.02363578122153,2.5,0.820312,True,patches/LIDC-IDRI-0250_n00.npz,96,"[3, 5, 5, 4]","[1, 1, 1, 1]","[6, 6, 6, 6]","[5, 3, 5, 3]","[5, 5, 4, 4]","[1, 1, 3, 2]","[1, 4, 1, 2]","[5, 4, 5, 5]","[2, 4, 5, 4]",3.75,4.0,1.0897247358851685
LIDC-IDRI-0250,1.3.6.1.4.1.14519.5.2.1.6279.6001.230491296081537726468075344411,0,1,4,False,"[325.1392585827718, 367.09827870336903, 88.51728941010904]",14.13673774979738,2.5,0.820312,True,patches/LIDC-IDRI-0250_n01.npz,96,"[3, 5, 5, 4]","[1, 1, 1, 1]","[6, 6, 6, 6]","[5, 4, 5, 3]","[5, 5, 5, 4]","[1, 1, 1, 2]","[1, 3, 1, 3]","[5, 5, 5, 5]","[2, 4, 5, 5]",4.0,4.5,1.224744871391589
LIDC-IDRI-0250,1.3.6.1.4.1.14519.5.2.1.6279.6001.230491296081537726468075344411,0,2,2,False,"[303.10928571428576, 388.16714285714284, 89.07428571428571]",6.207024278454646,2.5,0.820312,True,patches/LIDC-IDRI-0250_n02.npz,96,"[4, 4]","[1, 1]","[3, 3]","[3, 3]","[5, 5]","[1, 1]","[1, 1]","[5, 5]","[1, 1]",1.0,1.0,0.0
LIDC-IDRI-0251,1.3.6.1.4.1.14519.5.2.1.6279.6001.307835307280028057486413359377,0,0,4,False,"[308.53911673699014, 164.74903797468355, 78.90755977496484]",9.275925013701377,2.5,0.820312,True,patches/LIDC-IDRI-0251_n00.npz,96,"[4, 3, 4, 4]","[1, 1, 1, 1]","[6, 6, 6, 6]","[4, 4, 3, 5]","[3, 3, 4, 3]","[2, 1, 1, 1]","[3, 1, 1, 1]","[5, 4, 3, 5]","[3, 2, 4, 3]",3.0,3.0,0.7071067811865476
LIDC-IDRI-0252,1.3.6.1.4.1.14519.5.2.1.6279.6001.330544495001617450666819906758,0,0,5,True,"[228.64722480016184, 200.98541520548315, 91.18219338160785]",27.486928197797006,2.5,0.859375,True,patches/LIDC-IDRI-0252_n00.npz,96,"[5, 5, 5, 4, 4]","[1, 1, 1, 1, 1]","[6, 6, 6, 6, 6]","[2, 3, 2, 3, 4]","[2, 5, 4, 4, 4]","[3, 3, 4, 2, 2]","[5, 2, 4, 2, 1]","[5, 5, 5, 5, 5]","[5, 3, 5, 4, 4]",4.2,4.0,0.7483314773547882
LIDC-IDRI-0254,1.3.6.1.4.1.14519.5.2.1.6279.6001.866845763956586959109892274084,0,0,2,False,"[379.60897435897436, 422.8040293040293, 39.569597069597066]",5.24740161159567,2.5,0.585938,True,patches/LIDC-IDRI-0254_n00.npz,96,"[5, 3]","[1, 1]","[6, 6]","[5, 4]","[5, 5]","[1, 1]","[1, 1]","[5, 5]","[3, 2]",2.5,2.5,0.5
LIDC-IDRI-0254,1.3.6.1.4.1.14519.5.2.1.6279.6001.866845763956586959109892274084,0,1,2,False,"[202.05448275862068, 134.33241379310346, 47.0]",6.314524249478025,2.5,0.585938,True,patches/LIDC-IDRI-0254_n01.npz,96,"[3, 5]","[1, 1]","[6, 6]","[5, 3]","[4, 4]","[2, 2]","[2, 3]","[5, 5]","[3, 3]",3.0,3.0,0.0
LIDC-IDRI-0254,1.3.6.1.4.1.14519.5.2.1.6279.6001.866845763956586959109892274084,0,2,4,False,"[266.23887526294504, 129.0844145188948, 67.13066702811678]",10.005439235541122,2.5,0.585938,True,patches/LIDC-IDRI-0254_n02.npz,96,"[5, 4, 5, 4]","[1, 1, 1, 1]","[3, 6, 6, 6]","[5, 3, 3, 3]","[5, 5, 5, 4]","[1, 2, 1, 1]","[1, 1, 2, 1]","[5, 5, 5, 5]","[1, 3, 3, 2]",2.25,2.5,0.82915619758885
LIDC-IDRI-0255,1.3.6.1.4.1.14519.5.2.1.6279.6001.240969450540588211676803094518,0,0,4,False,"[350.952692525986, 185.19625806784495, 55.745628119254]",7.356266307294552,2.5,0.703125,True,patches/LIDC-IDRI-0255_n00.npz,96,"[3, 4, 3, 4]","[1, 1, 1, 1]","[6, 6, 6, 6]","[4, 4, 5, 4]","[5, 4, 4, 5]","[1, 1, 1, 1]","[1, 1, 1, 1]","[4, 5, 3, 5]","[3, 2, 3, 2]",2.5,2.5,0.5
LIDC-IDRI-0255,1.3.6.1.4.1.14519.5.2.1.6279.6001.240969450540588211676803094518,0,1,4,False,"[209.35440382599583, 393.35367138364785, 89.53138102725367]",7.127284026354047,2.5,0.703125,True,patches/LIDC-IDRI-0255_n01.npz,96,"[4, 4, 2, 4]","[1, 1, 1, 1]","[6, 6, 6, 6]","[3, 4, 5, 4]","[5, 4, 5, 5]","[3, 1, 1, 1]","[1, 1, 1, 1]","[5, 5, 5, 5]","[3, 2, 3, 2]",2.5,2.5,0.5
LIDC-IDRI-0256,1.3.6.1.4.1.14519.5.2.1.6279.6001.822128649427327893802314908658,0,0,3,False,"[393.8240740740741, 205.30668168168168, 47.018268268268265]",8.132875174495116,2.5,0.722656,True,patches/LIDC-IDRI-0256_n00.npz,96,"[4, 5, 3]","[1, 1, 1]","[6, 3, 6]","[3, 3, 2]","[4, 5, 5]","[4, 1, 1]","[2, 1, 1]","[5, 5, 5]","[2, 1, 1]",1.3333333333333333,1.0,0.4714045207910317
LIDC-IDRI-0256,1.3.6.1.4.1.14519.5.2.1.6279.6001.822128649427327893802314908658,0,1,1,False,"[372.0967741935484, 132.6451612903226, 60.45161290322581]",5.261015092147907,2.5,0.722656,True,patches/LIDC-IDRI-0256_n01.npz,96,[2],[1],[6],[4],[4],[1],[1],[5],[2],2.0,2.0,0.0
LIDC-IDRI-0257,1.3.6.1.4.1.14519.5.2.1.6279.6001.614147706162329660656328811671,0,0,3,False,"[342.175217523906, 199.8583263395901, 68.67159643991276]",17.758412179378585,2.5,0.78125,True,patches/LIDC-IDRI-0257_n00.npz,96,"[5, 4, 4]","[1, 1, 1]","[6, 6, 6]","[4, 3, 3]","[2, 2, 4]","[4, 4, 2]","[2, 3, 2]","[3, 4, 5]","[3, 4, 4]",3.6666666666666665,4.0,0.4714045207910317
LIDC-IDRI-0258,1.3.6.1.4.1.14519.5.2.1.6279.6001.221017801605543296514746423389,0,0,4,False,"[355.14511560175225, 351.9531904950719, 87.78370734363001]",10.496138897437795,2.5,0.703125,True,patches/LIDC-IDRI-0258_n00.npz,96,"[5, 4, 4, 4]","[1, 1, 1, 1]","[6, 6, 6, 6]","[5, 2, 5, 4]","[5, 3, 3, 4]","[4, 4, 1, 1]","[1, 2, 1, 1]","[5, 4, 5, 5]","[3, 3, 3, 3]",3.0,3.0,0.0
LIDC-IDRI-0258,1.3.6.1.4.1.14519.5.2.1.6279.6001.221017801605543296514746423389,0,1,4,False,"[358.1881742743989, 378.8749382900216, 91.99060656053476]",9.05961731521911,2.5,0.703125,True,patches/LIDC-IDRI-0258_n01.npz,96,"[5, 4, 4, 4]","[1, 1, 1, 1]","[6, 6, 6, 6]","[5, 3, 5, 4]","[5, 4, 3, 5]","[4, 1, 1, 1]","[1, 2, 1, 1]","[5, 5, 5, 5]","[3, 3, 3, 2]",2.75,3.0,0.4330127018922193
LIDC-IDRI-0259,1.3.6.1.4.1.14519.5.2.1.6279.6001.242761658169703141430370511586,0,0,4,False,"[353.988569534001, 110.08246728500535, 31.76122519612367]",15.009916506965725,2.5,0.742188,True,patches/LIDC-IDRI-0259_n00.npz,96,"[5, 4, 4, 4]","[1, 1, 1, 1]","[6, 6, 6, 6]","[4, 3, 3, 3]","[5, 5, 5, 4]","[2, 1, 2, 1]","[1, 1, 1, 2]","[5, 5, 5, 5]","[2, 5, 3, 4]",3.5,3.5,1.118033988749895
LIDC-IDRI-0260,1.3.6.1.4.1.14519.5.2.1.6279.6001.121993590721161347818774929286,0,0,4,False,"[317.71925928575484, 125.7833112722289, 47.65978336429417]",17.166756526274273,2.5,0.664062,True,patches/LIDC-IDRI-0260_n00.npz,96,"[5, 5, 5, 5]","[1, 1, 1, 1]","[6, 6, 6, 6]","[5, 4, 4, 3]","[5, 4, 5, 4]","[4, 4, 4, 2]","[1, 2, 2, 2]","[5, 5, 5, 5]","[3, 3, 5, 5]",4.0,4.0,1.0
LIDC-IDRI-0260,1.3.6.1.4.1.14519.5.2.1.6279.6001.121993590721161347818774929286,0,1,2,False,"[194.4108162369032, 227.53152644456992, 56.61434217955957]",16.98560429069768,2.5,0.664062,True,patches/LIDC-IDRI-0260_n01.npz,96,"[5, 4]","[1, 1]","[6, 6]","[4, 3]","[4, 4]","[2, 2]","[2, 1]","[5, 5]","[4, 4]",4.0,4.0,0.0
LIDC-IDRI-0260,1.3.6.1.4.1.14519.5.2.1.6279.6001.121993590721161347818774929286,0,2,4,False,"[316.17493036335185, 185.5759260461926, 57.85383682418557]",17.387220200786437,2.5,0.664062,True,patches/LIDC-IDRI-0260_n02.npz,96,"[5, 5, 5, 5]","[1, 1, 1, 1]","[6, 6, 6, 6]","[5, 5, 5, 3]","[5, 3, 5, 4]","[4, 3, 2, 1]","[1, 4, 1, 2]","[5, 5, 5, 5]","[3, 3, 5, 4]",3.75,3.5,0.82915619758885
LIDC-IDRI-0260,1.3.6.1.4.1.14519.5.2.1.6279.6001.121993590721161347818774929286,0,3,2,False,"[253.99366791744842, 125.37570356472796, 119.26500938086303]",6.222939203796988,2.5,0.664062,True,patches/LIDC-IDRI-0260_n03.npz,96,"[5, 2]","[1, 1]","[6, 6]","[1, 3]","[4, 5]","[1, 1]","[1, 1]","[5, 5]","[2, 2]",2.0,2.0,0.0
LIDC-IDRI-0262,1.3.6.1.4.1.14519.5.2.1.6279.6001.127965161564033605177803085629,0,0,4,False,"[259.0567671540595, 105.45887700339969, 110.62336496363437]",11.813771727969664,1.25,0.626953,False,patches/LIDC-IDRI-0262_n00.npz,96,"[5, 4, 4, 3]","[1, 1, 1, 1]","[6, 6, 6, 6]","[4, 4, 3, 5]","[2, 4, 4, 3]","[1, 2, 3, 3]","[1, 1, 2, 2]","[5, 5, 5, 5]","[5, 4, 3, 4]",4.0,4.0,0.7071067811865476
LIDC-IDRI-0263,1.3.6.1.4.1.14519.5.2.1.6279.6001.200513183558872708878454294671,0,0,4,False,"[156.91723725243978, 172.36208534134275, 87.50018830980285]",6.953128258076962,2.5,0.742188,True,patches/LIDC-IDRI-0263_n00.npz,96,"[5, 5, 4, 4]","[1, 1, 1, 1]","[3, 5, 4, 6]","[4, 3, 4, 4]","[4, 4, 5, 4]","[1, 2, 1, 1]","[1, 1, 1, 1]","[5, 5, 5, 5]","[1, 1, 1, 4]",1.75,1.0,1.299038105676658
LIDC-IDRI-0264,1.3.6.1.4.1.14519.5.2.1.6279.6001.262873069163227096134627700599,0,0,4,False,"[364.01651759381434, 299.8221913609271, 72.92025220020298]",9.933927079500915,1.25,0.703125,True,patches/LIDC-IDRI-0264_n00.npz,96,"[5, 5, 4, 5]","[1, 1, 1, 1]","[3, 6, 6, 6]","[5, 5, 3, 4]","[5, 5, 5, 4]","[1, 1, 1, 2]","[1, 1, 1, 2]","[5, 5, 5, 5]","[1, 5, 2, 3]",2.75,2.5,1.479019945774904
LIDC-IDRI-0264,1.3.6.1.4.1.14519.5.2.1.6279.6001.262873069163227096134627700599,0,1,4,False,"[361.3014091420049, 167.94941564719284, 124.57125217139296]",17.741335408826313,1.25,0.703125,True,patches/LIDC-IDRI-0264_n01.npz,96,"[5, 5, 4, 5]","[1, 1, 1, 1]","[3, 6, 6, 6]","[5, 5, 3, 4]","[5, 5, 4, 3]","[1, 1, 2, 2]","[1, 1, 2, 2]","[5, 5, 5, 5]","[1, 5, 4, 3]",3.25,3.5,1.479019945774904
LIDC-IDRI-0265,1.3.6.1.4.1.14519.5.2.1.6279.6001.217955041973656886482758642958,0,0,4,False,"[320.3576477538426, 211.64691836490684, 106.5937558886362]",35.0459106731404,2.5,0.78125,True,patches/LIDC-IDRI-0265_n00.npz,96,"[5, 5, 5, 5]","[1, 1, 1, 1]","[6, 6, 6, 6]","[3, 2, 4, 3]","[3, 1, 3, 3]","[2, 4, 2, 3]","[2, 5, 4, 5]","[3, 5, 4, 5]","[3, 5, 5, 5]",4.5,5.0,0.8660254037844386
LIDC-IDRI-0266,1.3.6.1.4.1.14519.5.2.1.6279.6001.341557859428950960906150406596,0,0,2,False,"[314.18638036545013, 168.32633289618244, 182.70233210720286]",32.41216851754903,1.25,0.664062,True,patches/LIDC-IDRI-0266_n00.npz,96,"[5, 5]","[1, 1]","[6, 6]","[4, 4]","[4, 5]","[2, 1]","[4, 1]","[5, 5]","[3, 5]",4.0,4.0,1.0
LIDC-IDRI-0267,1.3.6.1.4.1.14519.5.2.1.6279.6001.245181799370098278918756923992,0,0,3,False,"[336.760412202028, 152.4743215661317, 48.24821566886481]",37.56678001956081,2.5,0.820312,False,patches/LIDC-IDRI-0267_n00.npz,96,"[5, 5, 5]","[1, 1, 1]","[6, 6, 6]","[4, 5, 3]","[2, 4, 4]","[4, 3, 2]","[4, 3, 3]","[5, 5, 5]","[5, 5, 5]",5.0,5.0,0.0
LIDC-IDRI-0267,1.3.6.1.4.1.14519.5.2.1.6279.6001.245181799370098278918756923992,0,1,2,False,"[266.52541208791206, 209.5480769230769, 131.9993131868132]",6.430438423019854,2.5,0.820312,False,patches/LIDC-IDRI-0267_n01.npz,96,"[5, 5]","[1, 1]","[3, 3]","[5, 5]","[5, 5]","[1, 1]","[1, 1]","[5, 5]","[1, 1]",1.0,1.0,0.0
LIDC-IDRI-0268,1.3.6.1.4.1.14519.5.2.1.6279.6001.203425588524695836343069893813,0,0,1,False,"[167.13793103448276, 192.51724137931035, 67.55172413793103]",4.555431167847891,2.5,0.78125,True,patches/LIDC-IDRI-0268_n00.npz,96,[4],[1],[6],[3],[3],[3],[1],[5],[1],1.0,1.0,0.0
LIDC-IDRI-0269,1.3.6.1.4.1.14519.5.2.1.6279.6001.249032660919473722154870746474,0,0,3,False,"[375.9210586412201, 174.62578419378517, 188.9574292472066]",6.743332077583786,1.25,0.689453,False,patches/LIDC-IDRI-0269_n00.npz,96,"[2, 2, 3]","[1, 1, 1]","[6, 6, 6]","[4, 3, 4]","[1, 3, 3]","[3, 1, 2]","[1, 1, 2]","[2, 1, 2]","[3, 3, 3]",3.0,3.0,0.0
LIDC-IDRI-0270,1.3.6.1.4.1.14519.5.2.1.6279.6001.277452631455527999380186898011,0,0,4,False,"[242.57011810927844, 342.3764707909632, 88.40518598258161]",7.657574880756972,2.5,0.742188,True,patches/LIDC-IDRI-0270_n00.npz,96,"[3, 3, 3, 3]","[1, 1, 1, 1]","[6, 6, 6, 6]","[3, 4, 4, 4]","[4, 3, 5, 2]","[2, 1, 1, 1]","[1, 1, 1, 1]","[4, 5, 5, 1]","[3, 1, 2, 3]",2.25,2.5,0.82915619758885
LIDC-IDRI-0271,1.3.6.1.4.1.14519.5.2.1.6279.6001.248357157975955379661896491341,0,0,4,False,"[302.42222754812485, 393.27825210266633, 52.503881624357696]",8.152746127104095,2.5,0.703125,True,patches/LIDC-IDRI-0271_n00.npz,96,"[5, 5, 3, 4]","[1, 1, 1, 1]","[3, 6, 6, 6]","[5, 3, 5, 4]","[5, 4, 5, 4]","[1, 3, 1, 1]","[1, 2, 1, 1]","[5, 5, 5, 5]","[1, 2, 3, 3]",2.25,2.5,0.82915619758885
LIDC-IDRI-0272,1.3.6.1.4.1.14519.5.2.1.6279.6001.176869045992276345870480098568,0,0,4,False,"[391.2321593619559, 210.4786610514808, 81.49650541641822]",7.460508683834114,2.5,0.78125,True,patches/LIDC-IDRI-0272_n00.npz,96,"[2, 3, 3, 2]","[1, 1, 1, 1]","[6, 6, 6, 6]","[2, 3, 3, 4]","[4, 4, 5, 3]","[3, 2, 1, 2]","[1, 1, 1, 1]","[4, 5, 5, 5]","[2, 2, 2, 3]",2.25,2.0,0.4330127018922193
LIDC-IDRI-0273,1.3.6.1.4.1.14519.5.2.1.6279.6001.268992195564407418480563388746,0,0,2,False,"[295.2157738095238, 128.93303571428572, 47.0]",4.585097266092168,2.5,0.703125,True,patches/LIDC-IDRI-0273_n00.npz,96,"[1, 1]","[1, 1]","[6, 6]","[4, 5]","[2, 4]","[1, 1]","[1, 1]","[5, 5]","[3, 3]",3.0,3.0,0.0
LIDC-IDRI-0273,1.3.6.1.4.1.14519.5.2.1.6279.6001.268992195564407418480563388746,0,1,4,False,"[257.18959942562884, 90.8675579322638, 59.17297856011091]",6.586494473419139,2.5,0.703125,True,patches/LIDC-IDRI-0273_n01.npz,96,"[5, 4, 3, 3]","[1, 1, 1, 1]","[6, 6, 6, 6]","[3, 5, 5, 4]","[4, 5, 5, 5]","[2, 1, 1, 1]","[1, 1, 1, 1]","[5, 5, 5, 5]","[3, 2, 3, 2]",2.5,2.5,0.5
LIDC-IDRI-0274,1.3.6.1.4.1.14519.5.2.1.6279.6001.621916089407825046337959219998,0,0,4,False,"[307.04332869021135, 147.33277205545522, 80.86520907951916]",12.828300832770775,2.5,0.859375,True,patches/LIDC-IDRI-0274_n00.npz,96,"[5, 5, 5, 4]","[1, 1, 1, 1]","[6, 6, 6, 6]","[3, 4, 4, 4]","[5, 5, 5, 4]","[4, 1, 1, 2]","[1, 1, 1, 2]","[5, 5, 5, 5]","[2, 2, 5, 4]",3.25,3.0,1.299038105676658
LIDC-IDRI-0275,1.3.6.1.4.1.14519.5.2.1.6279.6001.315918264676377418120578391325,0,0,1,False,"[370.3125, 126.46875, 64.53125]",4.978748460253833,2.5,0.742188,True,patches/LIDC-IDRI-0275_n00.npz,96,[2],[1],[6],[5],[4],[1],[1],[5],[2],2.0,2.0,0.0
LIDC-IDRI-0276,1.3.6.1.4.1.14519.5.2.1.6279.6001.212346425055214308006918165305,0,0,4,False,"[357.50628395846576, 351.5444825174825, 53.044621000211905]",12.92123703136253,2.5,0.703125,True,patches/LIDC-IDRI-0276_n00.npz,96,"[5, 5, 4, 4]","[1, 1, 1, 1]","[6, 6, 6, 6]","[5, 3, 3, 3]","[4, 3, 4, 4]","[1, 3, 2, 1]","[5, 3, 2, 1]","[4, 5, 5, 5]","[4, 3, 4, 4]",3.75,4.0,0.4330127018922193
LIDC-IDRI-0276,1.3.6.1.4.1.14519.5.2.1.6279.6001.212346425055214308006918165305,0,1,1,False,"[164.1081081081081, 182.8918918918919, 73.45945945945945]",5.668774979272418,2.5,0.703125,True,patches/LIDC-IDRI-0276_n01.npz,96,[2],[1],[6],[4],[4],[1],[1],[5],[3],3.0,3.0,0.0
LIDC-IDRI-0277,1.3.6.1.4.1.14519.5.2.1.6279.6001.141149610914910880857802344415,0,0,4,False,"[280.9529737027681, 133.81800281538926, 92.56563756485349]",14.007818882041677,2.5,0.722656,True,patches/LIDC-IDRI-0277_n00.npz,96,"[5, 5, 5, 4]","[1, 1, 1, 1]","[3, 6, 6, 6]","[5, 4, 5, 4]","[5, 4, 4, 4]","[1, 2, 2, 1]","[1, 2, 1, 2]","[5, 5, 5, 5]","[1, 3, 4, 4]",3.0,3.5,1.224744871391589
LIDC-IDRI-0278,1.3.6.1.4.1.14519.5.2.1.6279.6001.106379658920626694402549886949,0,0,4,False,"[340.9589200267934, 165.58193831658227, 89.43225255983923]",10.391162175274724,1.25,0.78125,True,patches/LIDC-IDRI-0278_n00.npz,96,"[3, 5, 4, 4]","[1, 1, 1, 1]","[6, 6, 6, 6]","[5, 3, 4, 3]","[5, 4, 5, 5]","[1, 2, 1, 2]","[1, 1, 1, 1]","[5, 5, 5, 5]","[2, 3, 4, 3]",3.0,3.0,0.7071067811865476
LIDC-IDRI-0278,1.3.6.1.4.1.14519.5.2.1.6279.6001.106379658920626694402549886949,0,1,3,False,"[218.17809900670272, 165.5561818622305, 132.9208996204474]",6.6958247291050865,1.25,0.78125,True,patches/LIDC-IDRI-0278_n01.npz,96,"[5, 3, 3]","[1, 1, 1]","[6, 6, 6]","[4, 5, 4]","[5, 5, 5]","[1, 1, 1]","[1, 1, 1]","[5, 5, 5]","[3, 3, 2]",2.6666666666666665,3.0,0.4714045207910317
LIDC-IDRI-0280,1.3.6.1.4.1.14519.5.2.1.6279.6001.200837896655745926888305239398,0,0,1,False,"[288.1454545454545, 126.83636363636364, 194.01818181818183]",6.482492196534062,1.25,0.703125,True,patches/LIDC-IDRI-0280_n00.npz,96,[3],[1],[6],[3],[3],[1],[1],[5],[2],2.0,2.0,0.0
LIDC-IDRI-0281,1.3.6.1.4.1.14519.5.2.1.6279.6001.861997885565255340442123234170,0,0,4,False,"[417.20343911677753, 322.2994895602365, 49.86908028455285]",9.823281793195932,2.5,0.742188,True,patches/LIDC-IDRI-0281_n00.npz,96,"[5, 5, 5, 3]","[1, 1, 1, 1]","[3, 3, 3, 6]","[5, 3, 4, 3]","[5, 5, 5, 4]","[1, 5, 1, 1]","[1, 1, 1, 1]","[5, 5, 5, 5]","[1, 1, 1, 3]",1.5,1.0,0.8660254037844386
LIDC-IDRI-0282,1.3.6.1.4.1.14519.5.2.1.6279.6001.257840703452266097926250569223,0,0,4,False,"[326.17397648880296, 112.14984840500433, 58.00177390098165]",8.438640922655585,2.5,0.703125,True,patches/LIDC-IDRI-0282_n00.npz,96,"[3, 5, 4, 4]","[1, 1, 1, 1]","[6, 6, 6, 6]","[5, 3, 4, 3]","[5, 3, 5, 5]","[1, 2, 2, 1]","[1, 2, 1, 1]","[5, 5, 5, 5]","[2, 3, 3, 3]",2.75,3.0,0.4330127018922193
LIDC-IDRI-0282,1.3.6.1.4.1.14519.5.2.1.6279.6001.257840703452266097926250569223,0,1,3,False,"[341.80793113747103, 388.971319166767, 69.4474593346439]",6.757773763130669,2.5,0.703125,True,patches/LIDC-IDRI-0282_n01.npz,96,"[5, 4, 4]","[1, 1, 1]","[6, 6, 6]","[3, 4, 4]","[4, 5, 5]","[2, 2, 1]","[2, 1, 1]","[5, 5, 5]","[3, 2, 3]",2.6666666666666665,3.0,0.4714045207910317
LIDC-IDRI-0283,1.3.6.1.4.1.14519.5.2.1.6279.6001.150097650621090951325113116280,0,0,4,False,"[266.41830271718334, 309.87684597375113, 79.83733031674208]",8.60937249150446,2.5,0.820312,True,patches/LIDC-IDRI-0283_n00.npz,96,"[3, 3, 4, 3]","[1, 1, 1, 1]","[6, 6, 6, 6]","[3, 4, 4, 4]","[4, 5, 4, 5]","[2, 1, 2, 1]","[1, 1, 1, 1]","[5, 5, 5, 5]","[3, 2, 3, 3]",2.75,3.0,0.4330127018922193
LIDC-IDRI-0284,1.3.6.1.4.1.14519.5.2.1.6279.6001.832260670372728970918746541371,0,0,4,False,"[337.6553820034448, 106.9345634124649, 57.13648245136587]",7.922884384399146,2.5,0.820312,True,patches/LIDC-IDRI-0284_n00.npz,96,"[2, 5, 5, 4]","[1, 1, 1, 1]","[6, 6, 6, 6]","[4, 3, 3, 4]","[5, 4, 5, 5]","[1, 2, 1, 1]","[1, 2, 1, 1]","[5, 5, 5, 5]","[3, 3, 3, 2]",2.75,3.0,0.4330127018922193
LIDC-IDRI-0284,1.3.6.1.4.1.14519.5.2.1.6279.6001.832260670372728970918746541371,0,1,1,False,"[163.82857142857142, 206.54285714285714, 80.55714285714286]",12.194814586250343,2.5,0.820312,True,patches/LIDC-IDRI-0284_n01.npz,96,[2],[1],[6],[4],[2],[4],[1],[1],[3],3.0,3.0,0.0
LIDC-IDRI-0284,1.3.6.1.4.1.14519.5.2.1.6279.6001.832260670372728970918746541371,0,2,4,False,"[283.24435028248587, 289.8727793209002, 110.97948245564311]",8.440468048287116,2.5,0.820312,True,patches/LIDC-IDRI-0284_n02.npz,96,"[3, 4, 5, 4]","[1, 1, 1, 1]","[3, 3, 3, 3]","[5, 2, 3, 3]","[5, 5, 4, 5]","[1, 4, 1, 2]","[1, 1, 1, 1]","[5, 5, 5, 5]","[1, 1, 1, 1]",1.0,1.0,0.0
LIDC-IDRI-0285,1.3.6.1.4.1.14519.5.2.1.6279.6001.486999111981013268988489262668,0,0,4,False,"[370.577556325788, 382.3369558388766, 80.45536705164754]",10.634233129118261,2.5,0.820312,True,patches/LIDC-IDRI-0285_n00.npz,96,"[5, 3, 5, 3]","[1, 1, 1, 1]","[3, 6, 6, 6]","[5, 4, 4, 4]","[5, 4, 4, 5]","[1, 1, 2, 1]","[1, 1, 1, 1]","[5, 5, 5, 5]","[1, 3, 3, 2]",2.25,2.5,0.82915619758885
LIDC-IDRI-0285,1.3.6.1.4.1.14519.5.2.1.6279.6001.486999111981013268988489262668,0,1,2,False,"[322.68876875270627, 314.61495186062507, 104.77201453095947]",28.667136639779887,2.5,0.820312,True,patches/LIDC-IDRI-0285_n01.npz,96,"[3, 5]","[1, 1]","[6, 6]","[3, 2]","[4, 4]","[5, 4]","[1, 2]","[5, 5]","[5, 4]",4.5,4.5,0.5
LIDC-IDRI-0286,1.3.6.1.4.1.14519.5.2.1.6279.6001.128059192202504367870633619224,0,0,4,False,"[279.38958359003425, 376.2692507208162, 41.80710897262131]",6.573685072993722,2.5,0.703125,True,patches/LIDC-IDRI-0286_n00.npz,96,"[5, 5, 5, 3]","[1, 1, 1, 1]","[3, 3, 3, 6]","[5, 5, 5, 4]","[5, 5, 5, 5]","[1, 1, 1, 1]","[1, 1, 1, 1]","[5, 5, 5, 5]","[1, 1, 1, 2]",1.25,1.0,0.4330127018922193
LIDC-IDRI-0286,1.3.6.1.4.1.14519.5.2.1.6279.6001.128059192202504367870633619224,0,1,4,False,"[221.3398160841421, 351.17577880960556, 96.30011743854652]",7.478073594798391,2.5,0.703125,True,patches/LIDC-IDRI-0286_n01.npz,96,"[3, 4, 3, 3]","[1, 1, 1, 1]","[6, 6, 6, 6]","[5, 4, 5, 4]","[5, 4, 5, 5]","[1, 1, 1, 1]","[1, 1, 1, 1]","[5, 5, 5, 5]","[2, 3, 3, 2]",2.5,2.5,0.5
LIDC-IDRI-0287,1.3.6.1.4.1.14519.5.2.1.6279.6001.395623571499047043765181005112,0,0,4,False,"[249.68221153846156, 208.8497329059829, 77.54813034188034]",6.455560062174552,2.5,0.78125,True,patches/LIDC-IDRI-0287_n00.npz,96,"[3, 3, 4, 3]","[1, 1, 1, 1]","[6, 6, 6, 6]","[3, 4, 4, 5]","[5, 3, 5, 5]","[3, 1, 1, 1]","[1, 1, 1, 1]","[5, 5, 5, 5]","[2, 1, 2, 3]",2.0,2.0,0.7071067811865476
LIDC-IDRI-0288,1.3.6.1.4.1.14519.5.2.1.6279.6001.171667800241622018839592854574,0,0,2,False,"[381.0396191646192, 336.4576167076167, 74.37530712530713]",7.295118525369575,1.25,0.703125,True,patches/LIDC-IDRI-0288_n00.npz,96,"[4, 2]","[1, 1]","[6, 6]","[3, 4]","[2, 3]","[1, 1]","[2, 1]","[1, 1]","[3, 2]",2.5,2.5,0.5
LIDC-IDRI-0288,1.3.6.1.4.1.14519.5.2.1.6279.6001.171667800241622018839592854574,0,1,3,False,"[365.7381766381766, 326.4871794871795, 78.7957264957265]",8.093037688558192,1.25,0.703125,True,patches/LIDC-IDRI-0288_n01.npz,96,"[3, 1, 3]","[1, 1, 1]","[6, 6, 6]","[4, 4, 3]","[3, 3, 4]","[1, 1, 1]","[1, 1, 1]","[1, 1, 1]","[3, 2, 4]",3.0,3.0,0.816496580927726
LIDC-IDRI-0289,1.3.6.1.4.1.14519.5.2.1.6279.6001.219618492426142913407827034169,0,0,3,False,"[313.0234920634921, 357.95238095238096, 28.0]",8.202296365973233,2.5,0.898438,True,patches/LIDC-IDRI-0289_n00.npz,96,"[5, 3, 2]","[1, 1, 1]","[6, 6, 6]","[3, 4, 4]","[4, 5, 3]","[3, 2, 1]","[1, 1, 1]","[4, 5, 5]","[2, 2, 3]",2.3333333333333335,2.0,0.4714045207910317
LIDC-IDRI-0289,1.3.6.1.4.1.14519.5.2.1.6279.6001.219618492426142913407827034169,0,1,3,False,"[148.37818063889057, 185.5799855885535, 55.1740579561877]",34.96269095412297,2.5,0.898438,True,patches/LIDC-IDRI-0289_n01.npz,96,"[3, 5, 5]","[1, 1, 1]","[6, 6, 6]","[5, 3, 3]","[5, 5, 5]","[1, 1, 1]","[1, 1, 1]","[5, 5, 5]","[2, 2, 5]",3.0,2.0,1.4142135623730951
LIDC-IDRI-0289,1.3.6.1.4.1.14519.5.2.1.6279.6001.219618492426142913407827034169,0,2,1,False,"[256.3333333333333, 399.3333333333333, 59.0]",4.838236698992303,2.5,0.898438,True,patches/LIDC-IDRI-0289_n02.npz,96,[2],[1],[6],[5],[5],[1],[1],[5],[2],2.0,2.0,0.0
LIDC-IDRI-0290,1.3.6.1.4.1.14519.5.2.1.6279.6001.340012777775661021262977442176,0,0,1,False,"[312.8, 380.34285714285716, 88.65714285714286]",6.007502633426389,2.5,0.703125,True,patches/LIDC-IDRI-0290_n00.npz,96,[1],[1],[6],[5],[3],[1],[1],[4],[2],2.0,2.0,0.0
LIDC-IDRI-0290,1.3.6.1.4.1.14519.5.2.1.6279.6001.340012777775661021262977442176,0,1,1,False,"[364.6666666666667, 220.0952380952381, 93.0]",6.007502633426389,2.5,0.703125,True,patches/LIDC-IDRI-0290_n01.npz,96,[1],[1],[6],[5],[2],[1],[1],[3],[2],2.0,2.0,0.0
LIDC-IDRI-0290,1.3.6.1.4.1.14519.5.2.1.6279.6001.340012777775661021262977442176,0,2,1,False,"[358.6923076923077, 153.30769230769232, 107.46153846153847]",6.288941186718159,2.5,0.703125,True,patches/LIDC-IDRI-0290_n02.npz,96,[1],[1],[6],[5],[3],[3],[1],[4],[2],2.0,2.0,0.0
LIDC-IDRI-0291,1.3.6.1.4.1.14519.5.2.1.6279.6001.170825539570536865106681134236,0,0,2,False,"[285.7136709698775, 179.78616352201257, 81.9585402184707]",7.583160569800679,1.25,0.703125,False,patches/LIDC-IDRI-0291_n00.npz,96,"[3, 2]","[1, 1]","[6, 6]","[3, 3]","[5, 4]","[1, 1]","[1, 1]","[5, 5]","[1, 3]",2.0,2.0,1.0
LIDC-IDRI-0292,1.3.6.1.4.1.14519.5.2.1.6279.6001.171177995014336749670107905732,0,0,3,False,"[346.7342047930283, 413.20976926123984, 199.3333085759556]",7.177854849206571,1.25,0.703125,False,patches/LIDC-IDRI-0292_n00.npz,96,"[5, 4, 4]","[1, 1, 1]","[6, 6, 6]","[3, 5, 4]","[4, 5, 4]","[1, 1, 2]","[1, 1, 1]","[4, 5, 5]","[4, 2, 2]",2.6666666666666665,2.0,0.9428090415820634
LIDC-IDRI-0294,1.3.6.1.4.1.14519.5.2.1.6279.6001.211051626197585058967163339846,0,0,1,False,"[420.4318181818182, 91.86363636363636, 95.56818181818181]",5.001373102474584,2.0,0.5078125,False,patches/LIDC-IDRI-0294_n00.npz,96,[2],[1],[6],[4],[3],[1],[1],[4],[2],2.0,2.0,0.0
LIDC-IDRI-0294,1.3.6.1.4.1.14519.5.2.1.6279.6001.211051626197585058967163339846,0,1,4,False,"[204.17111262136604, 314.4003630840947, 103.75292335807195]",20.02731274461933,2.0,0.5078125,False,patches/LIDC-IDRI-0294_n01.npz,96,"[5, 5, 5, 5]","[1, 1, 1, 1]","[6, 6, 6, 2]","[4, 4, 4, 5]","[5, 5, 3, 5]","[2, 3, 2, 5]","[1, 1, 4, 1]","[5, 5, 4, 5]","[5, 5, 4, 2]",4.0,4.5,1.224744871391589
LIDC-IDRI-0296,1.3.6.1.4.1.14519.5.2.1.6279.6001.166662353777397833477082464008,0,0,4,False,"[327.89882434176775, 105.95917390954033, 70.20067951030012]",17.846426100978988,3.0,0.765625,False,patches/LIDC-IDRI-0296_n00.npz,96,"[5, 5, 5, 5]","[1, 1, 1, 1]","[6, 6, 6, 6]","[5, 5, 5, 5]","[5, 5, 4, 5]","[2, 1, 1, 1]","[1, 1, 1, 1]","[5, 5, 5, 5]","[4, 4, 3, 3]",3.5,3.5,0.5
LIDC-IDRI-0297,1.3.6.1.4.1.14519.5.2.1.6279.6001.428038562098395445838061018440,0,0,2,False,"[399.81129821531374, 332.5708117443869, 187.95761370178468]",8.180156939318614,0.75,0.55078125,False,patches/LIDC-IDRI-0297_n00.npz,96,"[4, 5]","[1, 1]","[6, 6]","[2, 3]","[4, 5]","[1, 1]","[1, 1]","[5, 5]","[2, 2]",2.0,2.0,0.0
LIDC-IDRI-0297,1.3.6.1.4.1.14519.5.2.1.6279.6001.428038562098395445838061018440,0,1,1,False,"[132.84057971014494, 122.78260869565217, 282.3478260869565]",4.705877062850671,0.75,0.55078125,False,patches/LIDC-IDRI-0297_n01.npz,96,[5],[1],[6],[5],[5],[1],[1],[5],[3],3.0,3.0,0.0
LIDC-IDRI-0298,1.3.6.1.4.1.14519.5.2.1.6279.6001.326057189095429101398977448288,0,0,4,False,"[355.0005232209916, 170.58154549525847, 210.12214390231816]",14.657767870463783,1.0,0.64453125,False,patches/LIDC-IDRI-0298_n00.npz,96,"[4, 1, 1, 1]","[1, 1, 1, 1]","[6, 6, 6, 6]","[3, 4, 4, 5]","[4, 1, 2, 2]","[1, 1, 1, 1]","[1, 1, 1, 1]","[1, 1, 1, 1]","[4, 3, 3, 2]",3.0,3.0,0.7071067811865476
LIDC-IDRI-0298,1.3.6.1.4.1.14519.5.2.1.6279.6001.326057189095429101398977448288,0,1,2,False,"[280.56944444444446, 316.20164141414136, 218.83333333333331]",9.579663458749746,1.0,0.64453125,False,patches/LIDC-IDRI-0298_n01.npz,96,"[4, 3]","[1, 1]","[6, 6]","[3, 5]","[5, 5]","[1, 1]","[1, 1]","[5, 5]","[3, 2]",2.5,2.5,0.5
LIDC-IDRI-0298,1.3.6.1.4.1.14519.5.2.1.6279.6001.326057189095429101398977448288,0,2,3,False,"[321.979332010582, 291.5575396825397, 247.7624007936508]",11.39871770152144,1.0,0.64453125,False,patches/LIDC-IDRI-0298_n02.npz,96,"[4, 5, 3]","[1, 1, 1]","[6, 6, 6]","[2, 3, 5]","[4, 3, 5]","[1, 1, 1]","[1, 1, 1]","[5, 4, 5]","[2, 3, 2]",2.3333333333333335,2.0,0.4714045207910317
LIDC-IDRI-0298,1.3.6.1.4.1.14519.5.2.1.6279.6001.326057189095429101398977448288,0,3,4,False,"[287.6290923187457, 227.94403402969579, 269.0025920682958]",9.46020323153305,1.0,0.64453125,False,patches/LIDC-IDRI-0298_n03.npz,96,"[4, 1, 3, 1]","[1, 1, 1, 1]","[6, 6, 6, 6]","[4, 4, 4, 5]","[5, 2, 2, 2]","[1, 1, 1, 1]","[1, 1, 1, 1]","[3, 1, 1, 1]","[2, 3, 3, 2]",2.5,2.5,0.5
LIDC-IDRI-0298,1.3.6.1.4.1.14519.5.2.1.6279.6001.326057189095429101398977448288,0,4,4,False,"[340.0227154793644, 178.40085069473366, 276.34377418154014]",7.15460804131821,1.0,0.64453125,False,patches/LIDC-IDRI-0298_n04.npz,96,"[3, 2, 3, 1]","[1, 1, 1, 1]","[6, 6, 6, 6]","[4, 4, 4, 5]","[5, 2, 2, 2]","[1, 1, 1, 1]","[1, 1, 1, 1]","[3, 3, 3, 1]","[3, 3, 3, 2]",2.75,3.0,0.4330127018922193
LIDC-IDRI-0298,1.3.6.1.4.1.14519.5.2.1.6279.6001.326057189095429101398977448288,0,5,3,False,"[241.64538502492618, 198.16258046561154, 286.39604024490586]",6.449519023785757,1.0,0.64453125,False,patches/LIDC-IDRI-0298_n05.npz,96,"[3, 3, 3]","[1, 1, 1]","[6, 6, 6]","[4, 4, 5]","[2, 1, 5]","[1, 1, 1]","[1, 3, 1]","[3, 3, 5]","[2, 3, 2]",2.3333333333333335,2.0,0.4714045207910317
LIDC-IDRI-0298,1.3.6.1.4.1.14519.5.2.1.6279.6001.326057189095429101398977448288,0,6,4,False,"[288.738354544424, 375.51132108108175, 289.0023217444212]",11.466298322962773,1.0,0.64453125,False,patches/LIDC-IDRI-0298_n06.npz,96,"[4, 2, 1, 1]","[1, 1, 1, 1]","[6, 6, 6, 6]","[4, 4, 4, 5]","[5, 2, 1, 2]","[1, 1, 1, 1]","[1, 1, 1, 1]","[4, 1, 1, 1]","[2, 3, 3, 2]",2.5,2.5,0.5
LIDC-IDRI-0299,1.3.6.1.4.1.14519.5.2.1.6279.6001.170921541362033046216100409521,0,0,2,False,"[281.5885934768192, 102.47734671730873, 368.16226562971]",9.216114432373615,1.25,0.78125,False,patches/LIDC-IDRI-0299_n00.npz,96,"[5, 5]","[1, 1]","[6, 6]","[3, 3]","[5, 5]","[1, 1]","[1, 1]","[5, 5]","[2, 3]",2.5,2.5,0.5
LIDC-IDRI-0299,1.3.6.1.4.1.14519.5.2.1.6279.6001.170921541362033046216100409521,0,1,3,False,"[315.7793837882548, 226.35627141675528, 391.1967284060026]",7.314214283120804,1.25,0.78125,False,patches/LIDC-IDRI-0299_n01.npz,96,"[5, 3, 4]","[1, 1, 1]","[6, 6, 6]","[3, 2, 4]","[5, 3, 4]","[1, 2, 1]","[1, 1, 2]","[5, 5, 5]","[2, 2, 4]",2.6666666666666665,2.0,0.9428090415820634
LIDC-IDRI-0299,1.3.6.1.4.1.14519.5.2.1.6279.6001.170921541362033046216100409521,0,2,4,False,"[297.74460939159883, 221.27666440879187, 440.4007857974417]",10.125743201199704,1.25,0.78125,False,patches/LIDC-IDRI-0299_n02.npz,96,"[5, 2, 2, 5]","[1, 1, 1, 1]","[6, 6, 6, 6]","[3, 4, 3, 4]","[2, 4, 4, 4]","[1, 2, 1, 2]","[1, 1, 1, 3]","[4, 5, 5, 5]","[3, 3, 2, 5]",3.25,3.0,1.0897247358851685
LIDC-IDRI-0299,1.3.6.1.4.1.14519.5.2.1.6279.6001.170921541362033046216100409521,0,3,1,False,"[267.6938775510204, 236.18367346938774, 454.734693877551]",5.2407843222651325,1.25,0.78125,False,patches/LIDC-IDRI-0299_n03.npz,96,[4],[1],[6],[4],[5],[1],[2],[5],[4],4.0,4.0,0.0
LIDC-IDRI-0299,1.3.6.1.4.1.14519.5.2.1.6279.6001.170921541362033046216100409521,0,4,1,False,"[328.4855072463768, 157.56521739130434, 458.0869565217391]",7.202769107260068,1.25,0.78125,False,patches/LIDC-IDRI-0299_n04.npz,96,[5],[1],[6],[4],[5],[1],[1],[5],[3],3.0,3.0,0.0
LIDC-IDRI-0300,1.3.6.1.4.1.14519.5.2.1.6279.6001.324290109423920971676288828329,0,0,3,False,"[153.921875, 80.65905448717949, 184.52136752136752]",5.402367158087043,1.0,0.6640625,True,patches/LIDC-IDRI-0300_n00.npz,96,"[4, 4, 2]","[1, 1, 1]","[6, 6, 6]","[3, 4, 4]","[5, 5, 4]","[1, 1, 2]","[1, 1, 1]","[5, 5, 5]","[1, 2, 3]",2.0,2.0,0.816496580927726
LIDC-IDRI-0300,1.3.6.1.4.1.14519.5.2.1.6279.6001.324290109423920971676288828329,0,1,4,False,"[112.11634781581539, 190.79238575420388, 200.62174055313943]",10.778828535869604,1.0,0.6640625,True,patches/LIDC-IDRI-0300_n01.npz,96,"[4, 5, 4, 5]","[1, 1, 1, 1]","[6, 6, 6, 3]","[3, 4, 5, 5]","[5, 5, 5, 5]","[2, 3, 4, 1]","[1, 1, 1, 1]","[5, 5, 5, 5]","[2, 4, 3, 1]",2.5,2.5,1.118033988749895
LIDC-IDRI-0300,1.3.6.1.4.1.14519.5.2.1.6279.6001.324290109423920971676288828329,0,2,4,False,"[232.93486478226362, 107.04594354246387, 209.29878819882015]",16.23944915946225,1.0,0.6640625,True,patches/LIDC-IDRI-0300_n02.npz,96,"[4, 5, 5, 5]","[1, 1, 1, 1]","[6, 6, 6, 3]","[3, 3, 3, 5]","[4, 5, 5, 5]","[2, 2, 2, 1]","[1, 1, 1, 1]","[5, 5, 5, 5]","[3, 5, 3, 1]",3.0,3.0,1.4142135623730951
LIDC-IDRI-0300,1.3.6.1.4.1.14519.5.2.1.6279.6001.324290109423920971676288828329,0,3,4,False,"[123.36349805936084, 363.9835802193443, 215.13064894867682]",11.274599395106582,1.0,0.6640625,True,patches/LIDC-IDRI-0300_n03.npz,96,"[4, 5, 5, 5]","[1, 1, 1, 1]","[6, 6, 6, 6]","[3, 5, 5, 4]","[5, 5, 5, 4]","[1, 1, 2, 1]","[1, 1, 3, 1]","[5, 5, 5, 5]","[2, 5, 3, 2]",3.0,2.5,1.224744871391589
LIDC-IDRI-0301,1.3.6.1.4.1.14519.5.2.1.6279.6001.238019241099704094018548301753,0,0,2,False,"[333.3526493736837, 158.5965247755238, 168.27918190887928]",6.797703790652781,1.25,0.703125,False,patches/LIDC-IDRI-0301_n00.npz,96,"[2, 2]","[1, 1]","[6, 6]","[2, 4]","[4, 4]","[1, 1]","[1, 1]","[4, 5]","[2, 1]",1.5,1.5,0.5
LIDC-IDRI-0301,1.3.6.1.4.1.14519.5.2.1.6279.6001.238019241099704094018548301753,0,1,3,False,"[177.19500858274114, 173.38262343247598, 217.60125477403722]",8.926117684043263,1.25,0.703125,False,patches/LIDC-IDRI-0301_n01.npz,96,"[4, 4, 4]","[1, 1, 1]","[6, 6, 6]","[3, 3, 3]","[3, 4, 5]","[3, 2, 2]","[2, 1, 2]","[4, 5, 5]","[4, 1, 3]",2.6666666666666665,3.0,1.247219128924647
LIDC-IDRI-0302,1.3.6.1.4.1.14519.5.2.1.6279.6001.254929810944557499537650429296,0,0,1,False,"[360.6666666666667, 182.93939393939394, 280.82828282828285]",6.670429439417675,1.25,0.703125,False,patches/LIDC-IDRI-0302_n00.npz,96,[2],[1],[6],[3],[1],[1],[1],[2],[3],3.0,3.0,0.0
LIDC-IDRI-0303,1.3.6.1.4.1.14519.5.2.1.6279.6001.258063830035095530590787548770,0,0,3,False,"[352.85594639866, 161.44814288835482, 57.1480008739349]",33.28223254756045,3.0,0.763671875,False,patches/LIDC-IDRI-0303_n00.npz,96,"[5, 5, 5]","[1, 1, 1]","[6, 6, 6]","[4, 4, 4]","[5, 4, 5]","[2, 3, 1]","[1, 2, 1]","[5, 4, 5]","[5, 3, 3]",3.6666666666666665,3.0,0.9428090415820634
LIDC-IDRI-0304,1.3.6.1.4.1.14519.5.2.1.6279.6001.316911475886263032009840828684,0,0,3,False,"[353.0552533086391, 397.24910566147975, 156.69136639492004]",17.154796511039617,2.0,0.703125,False,patches/LIDC-IDRI-0304_n00.npz,96,"[4, 4, 3]","[4, 1, 1]","[6, 6, 6]","[2, 2, 2]","[3, 2, 1]","[2, 3, 4]","[2, 4, 4]","[2, 3, 1]","[4, 4, 3]",3.6666666666666665,4.0,0.4714045207910317
LIDC-IDRI-0305,1.3.6.1.4.1.14519.5.2.1.6279.6001.111258527162678142285870245028,0,0,2,False,"[363.18249525616693, 299.61537792536365, 131.7503320683112]",15.334026158592895,1.25,0.625,False,patches/LIDC-IDRI-0305_n00.npz,96,"[1, 3]","[1, 1]","[6, 6]","[5, 3]","[1, 1]","[2, 1]","[2, 2]","[1, 1]","[4, 3]",3.5,3.5,0.5
LIDC-IDRI-0305,1.3.6.1.4.1.14519.5.2.1.6279.6001.111258527162678142285870245028,0,1,3,False,"[358.07969252209773, 109.402352430365, 144.15839795361651]",8.270560930065729,1.25,0.625,False,patches/LIDC-IDRI-0305_n01.npz,96,"[1, 1, 3]","[1, 1, 1]","[6, 6, 6]","[3, 5, 3]","[2, 2, 1]","[1, 3, 1]","[1, 2, 2]","[1, 1, 1]","[3, 4, 3]",3.3333333333333335,3.0,0.4714045207910317
LIDC-IDRI-0305,1.3.6.1.4.1.14519.5.2.1.6279.6001.111258527162678142285870245028,0,2,2,False,"[170.87023368004236, 165.63369816792616, 147.69983547586514]",21.223118765488735,1.25,0.625,False,patches/LIDC-IDRI-0305_n02.npz,96,"[1, 3]","[1, 1]","[6, 6]","[4, 3]","[1, 1]","[3, 3]","[2, 3]","[1, 1]","[4, 3]",3.5,3.5,0.5
LIDC-IDRI-0305,1.3.6.1.4.1.14519.5.2.1.6279.6001.111258527162678142285870245028,0,3,2,False,"[251.15522912129427, 349.1795190897373, 153.03324592204098]",15.590653270217874,1.25,0.625,False,patches/LIDC-IDRI-0305_n03.npz,96,"[2, 3]","[1, 1]","[6, 6]","[5, 4]","[1, 1]","[3, 1]","[2, 2]","[1, 1]","[4, 3]",3.5,3.5,0.5
LIDC-IDRI-0305,1.3.6.1.4.1.14519.5.2.1.6279.6001.111258527162678142285870245028,0,4,1,False,"[153.08252427184465, 262.40776699029124, 193.38834951456312]",10.698276730389805,1.25,0.625,False,patches/LIDC-IDRI-0305_n04.npz,96,[3],[1],[6],[2],[4],[2],[2],[5],[3],3.0,3.0,0.0
LIDC-IDRI-0305,1.3.6.1.4.1.14519.5.2.1.6279.6001.111258527162678142285870245028,0,5,2,False,"[194.53977023590284, 275.98309655353853, 194.89075243357013]",14.674455950886252,1.25,0.625,False,patches/LIDC-IDRI-0305_n05.npz,96,"[1, 3]","[1, 1]","[6, 6]","[4, 3]","[2, 1]","[3, 1]","[2, 2]","[1, 1]","[4, 3]",3.5,3.5,0.5
LIDC-IDRI-0305,1.3.6.1.4.1.14519.5.2.1.6279.6001.111258527162678142285870245028,0,6,1,False,"[353.4353741496599, 193.1768707482993, 202.3877551020408]",11.267347735824966,1.25,0.625,False,patches/LIDC-IDRI-0305_n06.npz,96,[3],[1],[6],[4],[1],[1],[2],[1],[3],3.0,3.0,0.0
LIDC-IDRI-0305,1.3.6.1.4.1.14519.5.2.1.6279.6001.111258527162678142285870245028,0,7,4,False,"[310.3295684176481, 167.2929760540573, 229.16318381980145]",14.015173839075283,1.25,0.625,False,patches/LIDC-IDRI-0305_n07.npz,96,"[3, 4, 4, 5]","[1, 1, 1, 1]","[6, 6, 6, 6]","[2, 3, 4, 4]","[3, 4, 3, 2]","[2, 2, 3, 2]","[1, 1, 2, 3]","[1, 3, 1, 1]","[5, 4, 4, 3]",4.0,4.0,0.7071067811865476
LIDC-IDRI-0308,1.3.6.1.4.1.14519.5.2.1.6279.6001.270215889102603268207599305185,0,0,1,False,"[260.7584097859327, 82.98929663608563, 235.21406727828747]",13.34085887883535,1.25,0.703125,False,patches/LIDC-IDRI-0308_n00.npz,96,[3],[1],[6],[5],[5],[1],[1],[5],[2],2.0,2.0,0.0
LIDC-IDRI-0308,1.3.6.1.4.1.14519.5.2.1.6279.6001.270215889102603268207599305185,0,1,4,False,"[215.5677381551079, 409.53574089533305, 281.16285252504395]",6.799574857819973,1.25,0.703125,False,patches/LIDC-IDRI-0308_n01.npz,96,"[3, 3, 2, 3]","[1, 1, 1, 1]","[6, 6, 6, 6]","[5, 5, 5, 3]","[5, 4, 5, 4]","[1, 2, 1, 2]","[1, 2, 1, 1]","[5, 5, 5, 5]","[2, 3, 3, 4]",3.0,3.0,0.7071067811865476
LIDC-IDRI-0308,1.3.6.1.4.1.14519.5.2.1.6279.6001.270215889102603268207599305185,0,2,1,False,"[364.85779816513764, 336.18654434250766, 420.3211009174312]",11.532107437633634,1.25,0.703125,False,patches/LIDC-IDRI-0308_n02.npz,96,[1],[1],[6],[5],[2],[1],[1],[1],[2],2.0,2.0,0.0
LIDC-IDRI-0309,1.3.6.1.4.1.14519.5.2.1.6279.6001.199261544234308780356714831537,0,0,1,False,"[127.39784946236558, 375.01075268817203, 108.9247311827957]",9.817207519277694,2.0,0.64453125,False,patches/LIDC-IDRI-0309_n00.npz,96,[2],[1],[6],[3],[4],[3],[1],[5],[2],2.0,2.0,0.0
LIDC-IDRI-0309,1.3.6.1.4.1.14519.5.2.1.6279.6001.199261544234308780356714831537,0,1,4,False,"[206.76607676875966, 128.5037896476762, 189.53575934589819]",11.744330023919556,2.0,0.64453125,False,patches/LIDC-IDRI-0309_n01.npz,96,"[5, 5, 5, 5]","[1, 1, 1, 1]","[6, 6, 6, 6]","[3, 4, 4, 4]","[4, 4, 2, 4]","[2, 1, 1, 1]","[3, 1, 1, 1]","[5, 4, 4, 5]","[5, 4, 4, 3]",4.0,4.0,0.7071067811865476
LIDC-IDRI-0309,1.3.6.1.4.1.14519.5.2.1.6279.6001.199261544234308780356714831537,0,2,1,False,"[316.59060402684565, 205.2013422818792, 202.98657718120805]",11.088934914547137,2.0,0.64453125,False,patches/LIDC-IDRI-0309_n02.npz,96,[5],[1],[3],[3],[5],[1],[1],[5],[1],1.0,1.0,0.0
LIDC-IDRI-0309,1.3.6.1.4.1.14519.5.2.1.6279.6001.199261544234308780356714831537,0,3,1,False,"[266.40277777777777, 380.8333333333333, 211.51388888888889]",10.088509820360379,2.0,0.64453125,False,patches/LIDC-IDRI-0309_n03.npz,96,[4],[1],[6],[3],[2],[2],[1],[4],[2],2.0,2.0,0.0
LIDC-IDRI-0310,1.3.6.1.4.1.14519.5.2.1.6279.6001.136756942516460150151065708673,0,0,4,False,"[400.7565313878282, 160.76491233698, 22.139530076750116]",13.412219103054285,3.0,0.582,True,patches/LIDC-IDRI-0310_n00.npz,96,"[5, 5, 4, 5]","[1, 1, 1, 1]","[6, 6, 6, 6]","[3, 2, 2, 3]","[3, 3, 3, 1]","[3, 4, 4, 1]","[2, 4, 2, 1]","[3, 5, 4, 3]","[3, 4, 3, 3]",3.25,3.0,0.4330127018922193
LIDC-IDRI-0311,1.3.6.1.4.1.14519.5.2.1.6279.6001.177252583002664900748714851615,0,0,2,False,"[287.584589609293, 338.69034386172456, 154.94047801009333]",39.08696384951659,1.25,0.78125,False,patches/LIDC-IDRI-0311_n00.npz,96,"[5, 5]","[1, 1]","[6, 6]","[4, 4]","[2, 4]","[4, 5]","[5, 4]","[5, 5]","[5, 5]",5.0,5.0,0.0
LIDC-IDRI-0311,1.3.6.1.4.1.14519.5.2.1.6279.6001.177252583002664900748714851615,0,1,4,False,"[310.0175454168013, 159.7580933257239, 190.68360759774805]",13.757707516732948,1.25,0.78125,False,patches/LIDC-IDRI-0311_n01.npz,96,"[4, 5, 4, 5]","[1, 1, 1, 1]","[6, 6, 6, 6]","[4, 3, 4, 4]","[2, 2, 2, 4]","[2, 2, 2, 1]","[4, 2, 4, 1]","[3, 3, 3, 5]","[3, 3, 4, 4]",3.5,3.5,0.5
LIDC-IDRI-0312,1.3.6.1.4.1.14519.5.2.1.6279.6001.294188507421106424248264912111,0,0,3,False,"[343.5807594320366, 454.2951023560249, 51.49256976767461]",9.752633104967115,1.25,0.585938,False,patches/LIDC-IDRI-0312_n00.npz,96,"[5, 4, 5]","[1, 1, 1]","[6, 6, 6]","[3, 3, 3]","[4, 4, 3]","[2, 2, 1]","[2, 1, 1]","[5, 5, 4]","[3, 4, 4]",3.6666666666666665,4.0,0.4714045207910317
LIDC-IDRI-0312,1.3.6.1.4.1.14519.5.2.1.6279.6001.294188507421106424248264912111,0,1,3,False,"[388.7166666666667, 103.67273199282545, 52.246743132257144]",7.706811129968862,1.25,0.585938,False,patches/LIDC-IDRI-0312_n01.npz,96,"[5, 4, 5]","[1, 1, 1]","[6, 6, 6]","[4, 3, 4]","[4, 5, 4]","[2, 1, 1]","[2, 1, 1]","[5, 5, 4]","[3, 4, 4]",3.6666666666666665,4.0,0.4714045207910317
LIDC-IDRI-0312,1.3.6.1.4.1.14519.5.2.1.6279.6001.294188507421106424248264912111,0,2,3,False,"[390.5983610776221, 419.954749741435, 72.31565082349327]",6.7942758775492225,1.25,0.585938,False,patches/LIDC-IDRI-0312_n02.npz,96,"[5, 4, 5]","[1, 1, 1]","[6, 6, 6]","[3, 4, 3]","[4, 5, 4]","[2, 1, 1]","[2, 1, 1]","[5, 5, 4]","[3, 4, 4]",3.6666666666666665,4.0,0.4714045207910317
LIDC-IDRI-0312,1.3.6.1.4.1.14519.5.2.1.6279.6001.294188507421106424248264912111,0,3,2,False,"[200.6407530737705, 428.85438012295083, 117.40983606557377]",7.9004750143745,1.25,0.585938,False,patches/LIDC-IDRI-0312_n03.npz,96,"[4, 4]","[1, 1]","[6, 6]","[3, 4]","[5, 2]","[1, 1]","[1, 1]","[5, 3]","[4, 3]",3.5,3.5,0.5
LIDC-IDRI-0313,1.3.6.1.4.1.14519.5.2.1.6279.6001.123697637451437522065941162930,0,0,4,False,"[223.91071317842227, 379.2596216162774, 171.90151692995232]",31.894440068747876,1.25,0.701172,False,patches/LIDC-IDRI-0313_n00.npz,96,"[3, 5, 5, 5]","[1, 1, 1, 1]","[6, 6, 6, 6]","[3, 4, 4, 3]","[1, 2, 1, 3]","[1, 3, 4, 3]","[1, 3, 5, 5]","[1, 3, 5, 5]","[5, 5, 5, 5]",5.0,5.0,0.0
LIDC-IDRI-0314,1.3.6.1.4.1.14519.5.2.1.6279.6001.154677396354641150280013275227,0,0,4,False,"[243.55161192876542, 184.39616235314313, 159.20481510434954]",22.087252960886925,1.0,0.78125,False,patches/LIDC-IDRI-0314_n00.npz,96,"[5, 5, 5, 5]","[1, 1, 1, 1]","[6, 6, 5, 6]","[2, 2, 3, 5]","[4, 4, 3, 5]","[1, 3, 2, 3]","[4, 3, 2, 1]","[5, 5, 5, 5]","[1, 5, 4, 3]",3.25,3.5,1.479019945774904
LIDC-IDRI-0315,1.3.6.1.4.1.14519.5.2.1.6279.6001.322682676064999314374885526223,0,0,4,False,"[358.99170875420873, 324.2971103896104, 67.03060305435305]",20.973856094718386,3.0,0.789,True,patches/LIDC-IDRI-0315_n00.npz,96,"[5, 5, 4, 5]","[1, 1, 1, 1]","[6, 6, 6, 6]","[2, 3, 3, 3]","[4, 3, 2, 1]","[3, 2, 3, 1]","[5, 2, 3, 3]","[5, 5, 3, 4]","[4, 4, 3, 3]",3.5,3.5,0.5
LIDC-IDRI-0315,1.3.6.1.4.1.14519.5.2.1.6279.6001.322682676064999314374885526223,0,1,4,False,"[163.57380952380953, 150.79791666666665, 69.88571428571429]",5.043201365616878,3.0,0.789,True,patches/LIDC-IDRI-0315_n01.npz,96,"[4, 2, 1, 5]","[1, 1, 1, 1]","[6, 6, 6, 6]","[5, 4, 4, 3]","[5, 5, 3, 4]","[1, 1, 1, 1]","[1, 1, 1, 1]","[4, 5, 2, 5]","[2, 2, 3, 3]",2.5,2.5,0.5
LIDC-IDRI-0315,1.3.6.1.4.1.14519.5.2.1.6279.6001.322682676064999314374885526223,0,2,3,False,"[374.5027479091995, 340.46502661018786, 76.17955903117193]",9.578312787049883,3.0,0.789,True,patches/LIDC-IDRI-0315_n02.npz,96,"[5, 3, 5]","[1, 1, 1]","[6, 6, 6]","[3, 4, 4]","[4, 5, 3]","[3, 2, 1]","[2, 1, 1]","[5, 5, 5]","[2, 3, 3]",2.6666666666666665,3.0,0.4714045207910317
LIDC-IDRI-0315,1.3.6.1.4.1.14519.5.2.1.6279.6001.322682676064999314374885526223,0,3,4,False,"[325.2655379145142, 135.25666803422723, 81.60846251634088]",7.96677475519679,3.0,0.789,True,patches/LIDC-IDRI-0315_n03.npz,96,"[5, 3, 1, 5]","[1, 1, 1, 1]","[6, 6, 6, 6]","[5, 5, 4, 5]","[5, 4, 4, 5]","[1, 1, 1, 1]","[1, 1, 2, 1]","[5, 5, 4, 5]","[3, 3, 2, 3]",2.75,3.0,0.4330127018922193
LIDC-IDRI-0315,1.3.6.1.4.1.14519.5.2.1.6279.6001.322682676064999314374885526223,0,4,4,False,"[324.1032201863008, 300.44794729800867, 100.07919751850245]",10.011360154285086,3.0,0.789,True,patches/LIDC-IDRI-0315_n04.npz,96,"[5, 4, 2, 5]","[1, 1, 1, 1]","[6, 6, 6, 6]","[4, 5, 4, 4]","[4, 4, 4, 5]","[2, 2, 3, 1]","[2, 2, 2, 1]","[4, 5, 4, 5]","[2, 3, 3, 3]",2.75,3.0,0.4330127018922193
LIDC-IDRI-0315,1.3.6.1.4.1.14519.5.2.1.6279.6001.406508755509460310384282367044,1,0,1,False,"[211.13725490196077, 436.4901960784314, 39.970588235294116]",8.645713811454224,3.0,0.802734375,False,patches/LIDC-IDRI-0315_s1_n00.npz,96,[4],[1],[6],[2],[4],[2],[1],[5],[2],2.0,2.0,0.0
LIDC-IDRI-0315,1.3.6.1.4.1.14519.5.2.1.6279.6001.406508755509460310384282367044,1,1,1,False,"[173.96296296296296, 159.24074074074073, 62.51851851851852]",9.798621793098734,3.0,0.802734375,False,patches/LIDC-IDRI-0315_s1_n01.npz,96,[5],[1],[6],[5],[5],[4],[1],[5],[3],3.0,3.0,0.0
LIDC-IDRI-0315,1.3.6.1.4.1.14519.5.2.1.6279.6001.406508755509460310384282367044,1,2,1,False,"[177.82758620689654, 118.72413793103448, 71.48275862068965]",4.680705524963708,3.0,0.802734375,False,patches/LIDC-IDRI-0315_s1_n02.npz,96,[2],[1],[6],[4],[4],[1],[1],[1],[3],3.0,3.0,0.0
LIDC-IDRI-0315,1.3.6.1.4.1.14519.5.2.1.6279.6001.406508755509460310384282367044,1,3,4,False,"[343.4218964418147, 313.1661062728101, 73.11145129033551]",16.896685164070032,3.0,0.802734375,False,patches/LIDC-IDRI-0315_s1_n03.npz,96,"[5, 4, 4, 5]","[1, 1, 1, 1]","[6, 6, 6, 6]","[3, 3, 3, 5]","[3, 4, 3, 5]","[3, 3, 3, 4]","[1, 3, 3, 1]","[4, 5, 4, 5]","[5, 4, 3, 3]",3.75,3.5,0.82915619758885
LIDC-IDRI-0315,1.3.6.1.4.1.14519.5.2.1.6279.6001.406508755509460310384282367044,1,4,4,False,"[329.9913189143825, 126.29568379090279, 82.6897796617676]",9.98089033533962,3.0,0.802734375,False,patches/LIDC-IDRI-0315_s1_n04.npz,96,"[3, 4, 3, 3]","[1, 1, 1, 1]","[6, 6, 6, 6]","[3, 3, 2, 5]","[3, 4, 2, 5]","[1, 2, 2, 1]","[2, 1, 2, 1]","[4, 5, 3, 5]","[2, 3, 3, 2]",2.5,2.5,0.5
LIDC-IDRI-0315,1.3.6.1.4.1.14519.5.2.1.6279.6001.406508755509460310384282367044,1,5,4,False,"[351.7705295861282, 324.20108067299395, 84.58798115728241]",10.460447228155655,3.0,0.802734375,False,patches/LIDC-IDRI-0315_s1_n05.npz,96,"[4, 4, 2, 5]","[1, 1, 1, 1]","[6, 6, 6, 6]","[3, 4, 3, 5]","[4, 4, 3, 4]","[2, 2, 2, 1]","[1, 3, 4, 3]","[5, 5, 4, 4]","[2, 3, 3, 4]",3.0,3.0,0.7071067811865476
LIDC-IDRI-0315,1.3.6.1.4.1.14519.5.2.1.6279.6001.406508755509460310384282367044,1,6,3,False,"[308.83424077434967, 283.19356851179674, 105.17156306715064]",9.701834081395804,3.0,0.802734375,False,patches/LIDC-IDRI-0315_s1_n06.npz,96,"[3, 4, 3]","[1, 1, 1]","[6, 6, 6]","[3, 4, 5]","[4, 4, 5]","[1, 2, 1]","[2, 2, 1]","[5, 5, 5]","[2, 3, 2]",2.3333333333333335,2.0,0.4714045207910317
LIDC-IDRI-0317,1.3.6.1.4.1.14519.5.2.1.6279.6001.122763913896761494371822656720,0,0,2,False,"[257.05555555555554, 377.57738095238096, 109.50396825396825]",4.136441204543164,2.5,0.615234,False,patches/LIDC-IDRI-0317_n00.npz,96,"[1, 4]","[1, 1]","[6, 6]","[3, 5]","[3, 5]","[1, 1]","[1, 1]","[3, 5]","[1, 3]",2.0,2.0,1.0
LIDC-IDRI-0318,1.3.6.1.4.1.14519.5.2.1.6279.6001.439153572396640163898529626096,0,0,3,False,"[264.16533182096464, 53.95045169405892, 230.49069504950637]",11.427479521916217,0.75,0.51953125,False,patches/LIDC-IDRI-0318_n00.npz,96,"[4, 5, 4]","[1, 1, 1]","[6, 3, 6]","[4, 5, 4]","[4, 5, 4]","[1, 2, 3]","[2, 1, 2]","[5, 5, 4]","[1, 1, 3]",1.6666666666666667,1.0,0.9428090415820634
LIDC-IDRI-0319,1.3.6.1.4.1.14519.5.2.1.6279.6001.124154461048929153767743874565,0,0,4,False,"[228.91566843875262, 457.5824042375808, 40.605334655698854]",8.03839477870798,2.0,0.72265625,False,patches/LIDC-IDRI-0319_n00.npz,96,"[4, 4, 5, 5]","[1, 1, 1, 1]","[6, 6, 6, 6]","[4, 4, 4, 3]","[5, 5, 5, 4]","[1, 3, 1, 1]","[1, 1, 1, 1]","[5, 5, 5, 5]","[3, 3, 3, 2]",2.75,3.0,0.4330127018922193
LIDC-IDRI-0320,1.3.6.1.4.1.14519.5.2.1.6279.6001.957384617596077920906744920611,0,0,1,False,"[246.375, 467.6375, 54.4125]",8.297908510253126,2.0,0.7421875,False,patches/LIDC-IDRI-0320_n00.npz,96,[3],[1],[6],[3],[4],[1],[1],[4],[3],3.0,3.0,0.0
LIDC-IDRI-0320,1.3.6.1.4.1.14519.5.2.1.6279.6001.957384617596077920906744920611,0,1,1,False,"[253.91666666666666, 147.41666666666666, 103.4375]",8.297908510253126,2.0,0.7421875,False,patches/LIDC-IDRI-0320_n01.npz,96,[3],[1],[6],[3],[5],[1],[1],[5],[3],3.0,3.0,0.0
LIDC-IDRI-0321,1.3.6.1.4.1.14519.5.2.1.6279.6001.231002159523969307155990628066,0,0,3,False,"[394.74436400956273, 160.12489446685439, 131.9906182818593]",9.099986855028027,1.25,0.664062,False,patches/LIDC-IDRI-0321_n00.npz,96,"[4, 4, 4]","[1, 1, 1]","[6, 6, 6]","[3, 2, 3]","[5, 4, 5]","[1, 1, 1]","[1, 2, 1]","[5, 5, 5]","[3, 3, 2]",2.6666666666666665,3.0,0.4714045207910317
LIDC-IDRI-0321,1.3.6.1.4.1.14519.5.2.1.6279.6001.231002159523969307155990628066,0,1,3,False,"[297.2852780294641, 382.19926843182657, 170.5350766804255]",6.340409741516216,1.25,0.664062,False,patches/LIDC-IDRI-0321_n01.npz,96,"[4, 4, 4]","[1, 1, 1]","[3, 3, 3]","[3, 3, 5]","[5, 5, 5]","[1, 1, 1]","[1, 1, 1]","[5, 5, 5]","[1, 1, 1]",1.0,1.0,0.0
LIDC-IDRI-0321,1.3.6.1.4.1.14519.5.2.1.6279.6001.231002159523969307155990628066,0,2,4,False,"[291.7718312444264, 404.6360612880459, 178.06494470643187]",9.982676954060448,1.25,0.664062,False,patches/LIDC-IDRI-0321_n02.npz,96,"[4, 5, 5, 4]","[1, 1, 1, 1]","[3, 3, 3, 6]","[3, 5, 3, 4]","[5, 5, 5, 4]","[1, 1, 1, 2]","[3, 1, 4, 1]","[5, 5, 5, 5]","[1, 1, 1, 4]",1.75,1.0,1.299038105676658
LIDC-IDRI-0321,1.3.6.1.4.1.14519.5.2.1.6279.6001.231002159523969307155990628066,0,3,1,False,"[275.22222222222223, 362.14814814814815, 183.0185185185185]",5.47599553591784,1.25,0.664062,False,patches/LIDC-IDRI-0321_n03.npz,96,[1],[1],[3],[5],[5],[1],[2],[5],[1],1.0,1.0,0.0
LIDC-IDRI-0323,1.3.6.1.4.1.14519.5.2.1.6279.6001.235381170872316280538332229850,0,0,4,False,"[363.18675213675215, 220.3301282051282, 51.017628205128204]",6.727799109848763,3.0,0.64453125,False,patches/LIDC-IDRI-0323_n00.npz,96,"[4, 4, 3, 5]","[1, 1, 1, 1]","[6, 6, 6, 6]","[3, 3, 3, 5]","[5, 5, 5, 5]","[1, 1, 1, 1]","[1, 1, 1, 1]","[5, 5, 5, 5]","[3, 2, 3, 3]",2.75,3.0,0.4330127018922193
LIDC-IDRI-0323,1.3.6.1.4.1.14519.5.2.1.6279.6001.235381170872316280538332229850,0,1,2,False,"[153.5496575342466, 119.69731296101159, 52.50342465753425]",9.544854121422189,3.0,0.64453125,False,patches/LIDC-IDRI-0323_n01.npz,96,"[4, 3]","[1, 1]","[6, 6]","[2, 3]","[5, 3]","[1, 1]","[1, 1]","[5, 4]","[1, 3]",2.0,2.0,1.0
LIDC-IDRI-0323,1.3.6.1.4.1.14519.5.2.1.6279.6001.235381170872316280538332229850,0,2,3,False,"[350.6021825396826, 220.53373015873015, 55.547619047619044]",6.086276437851514,3.0,0.64453125,False,patches/LIDC-IDRI-0323_n02.npz,96,"[3, 3, 5]","[1, 1, 1]","[6, 6, 6]","[5, 3, 5]","[5, 4, 5]","[1, 2, 1]","[1, 1, 1]","[5, 5, 5]","[3, 3, 2]",2.6666666666666665,3.0,0.4714045207910317
LIDC-IDRI-0324,1.3.6.1.4.1.14519.5.2.1.6279.6001.334166493392278943610545989413,0,0,1,False,"[129.82926829268294, 111.48780487804878, 114.46341463414635]",6.482492196534062,2.0,0.703125,False,patches/LIDC-IDRI-0324_n00.npz,96,[3],[1],[6],[4],[5],[5],[5],[5],[3],3.0,3.0,0.0
LIDC-IDRI-0324,1.3.6.1.4.1.14519.5.2.1.6279.6001.334166493392278943610545989413,0,1,2,False,"[333.0620951417004, 351.2882085020243, 192.6701923076923]",8.123362791226524,2.0,0.703125,False,patches/LIDC-IDRI-0324_n01.npz,96,"[4, 3]","[1, 1]","[6, 6]","[5, 2]","[5, 4]","[4, 5]","[4, 5]","[5, 5]","[3, 2]",2.5,2.5,0.5
LIDC-IDRI-0325,1.3.6.1.4.1.14519.5.2.1.6279.6001.725023183844147505748475581290,0,0,4,False,"[364.9703852230164, 167.5145146759119, 146.50663464612484]",31.076483419360095,1.0,0.8125,False,patches/LIDC-IDRI-0325_n00.npz,96,"[4, 5, 4, 5]","[1, 1, 1, 1]","[6, 6, 6, 6]","[2, 2, 2, 5]","[2, 3, 1, 5]","[3, 2, 3, 3]","[4, 4, 3, 5]","[5, 5, 5, 5]","[5, 5, 4, 3]",4.25,4.5,0.82915619758885
LIDC-IDRI-0326,1.3.6.1.4.1.14519.5.2.1.6279.6001.302403227435841351528721627052,0,0,4,False,"[295.4624645343395, 420.506303015678, 88.96217166842166]",6.995227831834203,1.25,0.625,False,patches/LIDC-IDRI-0326_n00.npz,96,"[3, 3, 5, 4]","[1, 1, 1, 1]","[6, 6, 6, 6]","[5, 5, 4, 4]","[4, 3, 4, 4]","[2, 2, 2, 2]","[2, 2, 2, 2]","[4, 5, 5, 4]","[3, 4, 3, 4]",3.5,3.5,0.5
LIDC-IDRI-0326,1.3.6.1.4.1.14519.5.2.1.6279.6001.302403227435841351528721627052,0,1,4,False,"[300.39784300110387, 416.03865327778374, 92.1570434070434]",5.938996985765269,1.25,0.625,False,patches/LIDC-IDRI-0326_n01.npz,96,"[2, 3, 4, 4]","[1, 1, 1, 1]","[6, 6, 6, 6]","[4, 4, 4, 4]","[4, 4, 3, 4]","[2, 1, 2, 2]","[2, 1, 1, 2]","[4, 5, 5, 4]","[3, 3, 3, 4]",3.25,3.0,0.4330127018922193
LIDC-IDRI-0328,1.3.6.1.4.1.14519.5.2.1.6279.6001.156322145453198768801776721493,0,0,1,False,"[295.9349593495935, 87.10569105691057, 203.4878048780488]",5.634752919939619,1.25,0.664062,False,patches/LIDC-IDRI-0328_n00.npz,96,[5],[1],[6],[5],[4],[1],[1],[5],[3],3.0,3.0,0.0
LIDC-IDRI-0328,1.3.6.1.4.1.14519.5.2.1.6279.6001.156322145453198768801776721493,0,1,1,False,"[206.74324324324326, 439.2837837837838, 290.5]",4.834444333295409,1.25,0.664062,False,patches/LIDC-IDRI-0328_n01.npz,96,[5],[1],[6],[4],[4],[1],[1],[5],[3],3.0,3.0,0.0
LIDC-IDRI-0329,1.3.6.1.4.1.14519.5.2.1.6279.6001.303865116731361029078599241306,0,0,1,False,"[256.7763157894737, 146.01315789473685, 72.46052631578948]",8.63276064984822,2.5,0.523438,False,patches/LIDC-IDRI-0329_n00.npz,96,[4],[1],[6],[2],[4],[1],[1],[5],[2],2.0,2.0,0.0
LIDC-IDRI-0329,1.3.6.1.4.1.14519.5.2.1.6279.6001.303865116731361029078599241306,0,1,1,False,"[194.42424242424244, 169.92424242424244, 75.0]",5.852214750032677,2.5,0.523438,False,patches/LIDC-IDRI-0329_n01.npz,96,[4],[1],[6],[4],[5],[1],[1],[5],[3],3.0,3.0,0.0
LIDC-IDRI-0329,1.3.6.1.4.1.14519.5.2.1.6279.6001.303865116731361029078599241306,0,2,2,False,"[221.8421052631579, 155.16611842105263, 79.52878289473685]",3.880475070019919,2.5,0.523438,False,patches/LIDC-IDRI-0329_n02.npz,96,"[2, 3]","[1, 1]","[6, 6]","[3, 5]","[4, 4]","[4, 1]","[1, 2]","[5, 5]","[3, 3]",3.0,3.0,0.0
LIDC-IDRI-0332,1.3.6.1.4.1.14519.5.2.1.6279.6001.159996104466052855396410079250,0,0,5,True,"[232.2925444931284, 118.2011352558956, 161.6665607515445]",15.738300660083585,2.5,0.644531,False,patches/LIDC-IDRI-0332_n00.npz,96,"[5, 4, 4, 2, 4]","[1, 1, 1, 1, 1]","[6, 6, 6, 6, 6]","[2, 3, 4, 4, 3]","[4, 2, 3, 4, 3]","[4, 1, 4, 5, 4]","[3, 2, 3, 5, 3]","[5, 5, 5, 5, 5]","[5, 5, 3, 3, 3]",3.8,3.0,0.9797958971132712
LIDC-IDRI-0332,1.3.6.1.4.1.14519.5.2.1.6279.6001.159996104466052855396410079250,0,1,2,False,"[307.60637583892617, 99.80784862043251, 227.69806114839673]",8.867193043060945,2.5,0.644531,False,patches/LIDC-IDRI-0332_n01.npz,96,"[3, 3]","[1, 1]","[6, 6]","[2, 4]","[4, 4]","[5, 5]","[5, 3]","[4, 4]","[3, 2]",2.5,2.5,0.5
LIDC-IDRI-0332,1.3.6.1.4.1.14519.5.2.1.6279.6001.159996104466052855396410079250,0,2,1,False,"[293.8958333333333, 98.875, 229.40625]",6.971668707378244,2.5,0.644531,False,patches/LIDC-IDRI-0332_n02.npz,96,[2],[1],[6],[4],[4],[5],[5],[5],[2],2.0,2.0,0.0
LIDC-IDRI-0332,1.3.6.1.4.1.14519.5.2.1.6279.6001.159996104466052855396410079250,0,3,1,False,"[333.3382352941176, 122.29411764705883, 249.02941176470588]",5.544465306692256,2.5,0.644531,False,patches/LIDC-IDRI-0332_n03.npz,96,[4],[1],[3],[5],[5],[5],[5],[5],[1],1.0,1.0,0.0
LIDC-IDRI-0332,1.3.6.1.4.1.14519.5.2.1.6279.6001.316900421002460665752357657094,1,0,4,False,"[199.90600826567797, 114.04745538867968, 97.70453536973459]",39.78588532787897,2.5,0.644531,False,patches/LIDC-IDRI-0332_s1_n00.npz,96,"[5, 5, 5, 5]","[1, 1, 1, 1]","[6, 6, 6, 6]","[2, 4, 5, 3]","[4, 3, 3, 2]","[4, 1, 2, 5]","[1, 2, 2, 4]","[4, 5, 4, 4]","[5, 5, 5, 5]",5.0,5.0,0.0
LIDC-IDRI-0332,1.3.6.1.4.1.14519.5.2.1.6279.6001.316900421002460665752357657094,1,1,4,False,"[262.544987081728, 329.2906300057096, 163.8617117154755]",12.064950464368295,2.5,0.644531,False,patches/LIDC-IDRI-0332_s1_n01.npz,96,"[4, 4, 4, 3]","[1, 1, 1, 1]","[6, 6, 6, 6]","[2, 2, 3, 2]","[5, 3, 4, 4]","[5, 3, 4, 2]","[4, 4, 4, 2]","[5, 5, 5, 5]","[4, 3, 3, 2]",3.0,3.0,0.7071067811865476
LIDC-IDRI-0334,1.3.6.1.4.1.14519.5.2.1.6279.6001.104577655443617884345707415897,0,0,2,False,"[395.89344262295083, 122.55737704918033, 52.92622950819672]",9.616149407822903,3.0,0.75,True,patches/LIDC-IDRI-0334_n00.npz,96,"[3, 4]","[1, 1]","[6, 6]","[4, 3]","[3, 2]","[5, 2]","[5, 4]","[4, 3]","[2, 3]",2.5,2.5,0.5
LIDC-IDRI-0334,1.3.6.1.4.1.14519.5.2.1.6279.6001.104577655443617884345707415897,0,1,1,False,"[173.96774193548387, 199.70967741935485, 53.0]",9.604686356149273,3.0,0.75,True,patches/LIDC-IDRI-0334_n01.npz,96,[4],[1],[6],[3],[2],[5],[4],[5],[3],3.0,3.0,0.0
LIDC-IDRI-0334,1.3.6.1.4.1.14519.5.2.1.6279.6001.104577655443617884345707415897,0,2,3,False,"[265.22659344862444, 202.17877866005838, 57.32331792154613]",16.13406507592361,3.0,0.75,True,patches/LIDC-IDRI-0334_n02.npz,96,"[3, 4, 3]","[1, 1, 1]","[6, 6, 6]","[4, 4, 4]","[1, 3, 3]","[4, 3, 3]","[5, 2, 4]","[4, 5, 4]","[4, 4, 3]",3.6666666666666665,4.0,0.4714045207910317
LIDC-IDRI-0334,1.3.6.1.4.1.14519.5.2.1.6279.6001.104577655443617884345707415897,0,3,1,False,"[259.15384615384613, 53.11538461538461, 61.0]",5.408326913195984,3.0,0.75,True,patches/LIDC-IDRI-0334_n03.npz,96,[1],[1],[6],[3],[2],[4],[5],[2],[3],3.0,3.0,0.0
LIDC-IDRI-0334,1.3.6.1.4.1.14519.5.2.1.6279.6001.104577655443617884345707415897,0,4,1,False,"[272.89130434782606, 402.6304347826087, 72.43478260869566]",7.721722605740251,3.0,0.75,True,patches/LIDC-IDRI-0334_n04.npz,96,[1],[1],[6],[3],[2],[3],[5],[2],[3],3.0,3.0,0.0
LIDC-IDRI-0334,1.3.6.1.4.1.14519.5.2.1.6279.6001.104577655443617884345707415897,0,5,2,False,"[210.0, 133.375, 73.0]",6.708203932499369,3.0,0.75,True,patches/LIDC-IDRI-0334_n05.npz,96,"[2, 1]","[1, 1]","[6, 6]","[4, 4]","[2, 2]","[5, 3]","[5, 4]","[5, 1]","[1, 3]",2.0,2.0,1.0
LIDC-IDRI-0334,1.3.6.1.4.1.14519.5.2.1.6279.6001.104577655443617884345707415897,0,6,4,False,"[318.5227957421256, 78.47354171505422, 84.47690871575142]",13.823668380583776,3.0,0.75,True,patches/LIDC-IDRI-0334_n06.npz,96,"[5, 4, 4, 3]","[1, 1, 1, 1]","[6, 6, 6, 6]","[3, 3, 3, 3]","[3, 3, 2, 3]","[5, 2, 3, 2]","[5, 3, 4, 1]","[5, 5, 2, 1]","[3, 4, 3, 2]",3.0,3.0,0.7071067811865476
LIDC-IDRI-0334,1.3.6.1.4.1.14519.5.2.1.6279.6001.104577655443617884345707415897,0,7,2,False,"[334.088326569587, 105.28180950107424, 91.01981379804249]",6.622165304138535,3.0,0.75,True,patches/LIDC-IDRI-0334_n07.npz,96,"[4, 2]","[1, 1]","[6, 6]","[4, 3]","[3, 2]","[4, 4]","[3, 4]","[5, 2]","[3, 3]",3.0,3.0,0.0
LIDC-IDRI-0334,1.3.6.1.4.1.14519.5.2.1.6279.6001.104577655443617884345707415897,0,8,3,False,"[320.1197538117828, 143.5856436146291, 103.87940114027072]",8.404796854016277,3.0,0.75,True,patches/LIDC-IDRI-0334_n08.npz,96,"[5, 4, 2]","[1, 1, 1]","[6, 6, 6]","[4, 4, 4]","[4, 4, 3]","[5, 4, 4]","[5, 3, 3]","[5, 5, 3]","[2, 3, 3]",2.6666666666666665,3.0,0.4714045207910317
LIDC-IDRI-0334,1.3.6.1.4.1.14519.5.2.1.6279.6001.104577655443617884345707415897,0,9,2,False,"[273.4120553359684, 121.16156126482214, 105.4550395256917]",7.739379576036045,3.0,0.75,True,patches/LIDC-IDRI-0334_n09.npz,96,"[5, 4]","[1, 1]","[6, 6]","[3, 3]","[5, 3]","[5, 3]","[4, 3]","[5, 5]","[2, 3]",2.5,2.5,0.5
LIDC-IDRI-0335,1.3.6.1.4.1.14519.5.2.1.6279.6001.315187221221054114974341475212,0,0,2,False,"[310.2917919799499, 442.96015037593986, 74.21979949874687]",6.290406573578624,2.0,0.71484375,False,patches/LIDC-IDRI-0335_n00.npz,96,"[3, 5]","[1, 1]","[6, 6]","[2, 4]","[3, 4]","[2, 1]","[3, 1]","[4, 5]","[3, 2]",2.5,2.5,0.5
LIDC-IDRI-0335,1.3.6.1.4.1.14519.5.2.1.6279.6001.315187221221054114974341475212,0,1,3,False,"[351.2156656129259, 107.56621004566209, 82.45293291183702]",5.3641055553183925,2.0,0.71484375,False,patches/LIDC-IDRI-0335_n01.npz,96,"[4, 4, 5]","[1, 1, 1]","[6, 6, 6]","[4, 4, 5]","[4, 5, 4]","[2, 1, 1]","[2, 1, 1]","[5, 5, 5]","[3, 2, 3]",2.6666666666666665,3.0,0.4714045207910317
LIDC-IDRI-0335,1.3.6.1.4.1.14519.5.2.1.6279.6001.315187221221054114974341475212,0,2,3,False,"[375.834562183667, 129.5820833621345, 103.38320545609548]",5.3641055553183925,2.0,0.71484375,False,patches/LIDC-IDRI-0335_n02.npz,96,"[3, 4, 5]","[1, 1, 1]","[6, 6, 6]","[4, 5, 5]","[4, 5, 4]","[3, 1, 1]","[2, 1, 1]","[5, 5, 5]","[3, 2, 3]",2.6666666666666665,3.0,0.4714045207910317
LIDC-IDRI-0335,1.3.6.1.4.1.14519.5.2.1.6279.6001.315187221221054114974341475212,0,3,2,False,"[370.31805555555553, 125.21027777777778, 106.20444444444445]",5.796703129378703,2.0,0.71484375,False,patches/LIDC-IDRI-0335_n03.npz,96,"[2, 4]","[1, 1]","[6, 6]","[2, 4]","[3, 5]","[2, 1]","[2, 1]","[3, 5]","[3, 3]",3.0,3.0,0.0
LIDC-IDRI-0335,1.3.6.1.4.1.14519.5.2.1.6279.6001.315187221221054114974341475212,0,4,2,False,"[343.4347826086956, 343.9060869565218, 233.97391304347826]",4.348224777517868,2.0,0.71484375,False,patches/LIDC-IDRI-0335_n04.npz,96,"[3, 5]","[1, 1]","[6, 6]","[4, 3]","[5, 5]","[1, 1]","[1, 1]","[5, 5]","[2, 2]",2.0,2.0,0.0
LIDC-IDRI-0337,1.3.6.1.4.1.14519.5.2.1.6279.6001.266462563888243192390432002410,0,0,4,False,"[227.32489960219414, 90.4109672159193, 55.90926423856948]",20.27226315970207,3.0,0.56640625,False,patches/LIDC-IDRI-0337_n00.npz,96,"[5, 5, 5, 5]","[1, 1, 1, 1]","[6, 6, 6, 6]","[3, 5, 4, 3]","[5, 5, 4, 3]","[2, 4, 1, 5]","[1, 2, 1, 5]","[5, 5, 4, 3]","[5, 5, 5, 4]",4.75,5.0,0.4330127018922193
LIDC-IDRI-0337,1.3.6.1.4.1.14519.5.2.1.6279.6001.266462563888243192390432002410,0,1,4,False,"[364.78792726196866, 186.72664429233234, 98.26643032933441]",36.60991450653995,3.0,0.56640625,False,patches/LIDC-IDRI-0337_n01.npz,96,"[5, 5, 5, 5]","[1, 1, 1, 1]","[6, 6, 6, 6]","[4, 4, 3, 5]","[1, 4, 3, 4]","[5, 4, 4, 4]","[2, 2, 1, 5]","[5, 5, 5, 5]","[5, 5, 5, 5]",5.0,5.0,0.0
LIDC-IDRI-0338,1.3.6.1.4.1.14519.5.2.1.6279.6001.199220738144407033276946096708,0,0,4,False,"[337.10772787648864, 112.59298607130835, 147.1717909877453]",7.039257018194313,2.0,0.748046875,False,patches/LIDC-IDRI-0338_n00.npz,96,"[2, 4, 5, 3]","[1, 1, 1, 1]","[6, 6, 6, 6]","[2, 4, 5, 5]","[5, 5, 4, 5]","[1, 1, 1, 1]","[1, 1, 1, 1]","[5, 5, 4, 5]","[2, 4, 4, 2]",3.0,3.0,1.0
LIDC-IDRI-0339,1.3.6.1.4.1.14519.5.2.1.6279.6001.130438550890816550994739120843,0,0,3,False,"[270.4768260096832, 389.3482178096463, 222.69232824661398]",7.48059605829804,1.25,0.615234,False,patches/LIDC-IDRI-0339_n00.npz,96,"[1, 2, 5]","[1, 1, 1]","[6, 6, 6]","[4, 4, 4]","[2, 1, 5]","[2, 1, 1]","[1, 1, 1]","[1, 3, 5]","[3, 2, 4]",3.0,3.0,0.816496580927726
LIDC-IDRI-0339,1.3.6.1.4.1.14519.5.2.1.6279.6001.130438550890816550994739120843,0,1,1,False,"[293.5263157894737, 408.6842105263158, 231.52631578947367]",5.50282018427643,1.25,0.615234,False,patches/LIDC-IDRI-0339_n01.npz,96,[4],[1],[6],[4],[5],[1],[1],[5],[2],2.0,2.0,0.0
LIDC-IDRI-0340,1.3.6.1.4.1.14519.5.2.1.6279.6001.323753921818102744511069914832,0,0,8,True,"[331.5687591878117, 395.26554534731866, 60.09943107096902]",26.024239334026714,1.25,0.703125,False,patches/LIDC-IDRI-0340_n00.npz,96,"[4, 4, 3, 5, 5, 5, 3, 5]","[1, 1, 1, 1, 1, 1, 1, 1]","[6, 6, 6, 6, 6, 6, 6, 6]","[2, 2, 3, 4, 2, 3, 4, 3]","[4, 4, 2, 4, 4, 5, 2, 3]","[2, 2, 2, 3, 2, 2, 1, 2]","[2, 2, 2, 2, 2, 2, 3, 3]","[4, 4, 3, 5, 5, 5, 3, 5]","[4, 4, 3, 5, 2, 3, 2, 3]",3.25,3.0,0.9682458365518543
LIDC-IDRI-0341,1.3.6.1.4.1.14519.5.2.1.6279.6001.111496024928645603833332252962,0,0,1,False,"[224.5252525252525, 50.707070707070706, 74.65656565656566]",7.80687929809602,1.25,0.617188,False,patches/LIDC-IDRI-0341_n00.npz,96,[3],[1],[6],[2],[5],[1],[1],[5],[2],2.0,2.0,0.0
LIDC-IDRI-0341,1.3.6.1.4.1.14519.5.2.1.6279.6001.111496024928645603833332252962,0,1,4,False,"[302.89924072516584, 427.2544785534062, 79.63291631623213]",5.70694316273833,1.25,0.617188,False,patches/LIDC-IDRI-0341_n01.npz,96,"[4, 4, 2, 2]","[1, 1, 1, 1]","[6, 6, 6, 6]","[4, 3, 3, 5]","[5, 5, 4, 4]","[1, 1, 2, 1]","[1, 3, 2, 1]","[5, 5, 4, 5]","[2, 2, 3, 3]",2.5,2.5,0.5
LIDC-IDRI-0341,1.3.6.1.4.1.14519.5.2.1.6279.6001.111496024928645603833332252962,0,2,2,False,"[313.8505434782609, 388.92753623188406, 94.0]",5.705707494784267,1.25,0.617188,False,patches/LIDC-IDRI-0341_n02.npz,96,"[4, 3]","[1, 1]","[6, 6]","[3, 3]","[5, 5]","[1, 3]","[1, 1]","[5, 5]","[2, 3]",2.5,2.5,0.5
LIDC-IDRI-0341,1.3.6.1.4.1.14519.5.2.1.6279.6001.111496024928645603833332252962,0,3,4,False,"[271.33557912548235, 425.21923815026514, 103.4531195187883]",5.888503151766541,1.25,0.617188,False,patches/LIDC-IDRI-0341_n03.npz,96,"[4, 4, 2, 3]","[1, 1, 1, 1]","[6, 6, 6, 6]","[4, 4, 4, 4]","[5, 4, 3, 4]","[2, 1, 3, 1]","[1, 4, 2, 1]","[5, 5, 4, 5]","[3, 3, 3, 3]",3.0,3.0,0.0
LIDC-IDRI-0341,1.3.6.1.4.1.14519.5.2.1.6279.6001.111496024928645603833332252962,0,4,2,False,"[166.30378151260504, 92.30378151260504, 107.57983193277312]",4.493196462345262,1.25,0.617188,False,patches/LIDC-IDRI-0341_n04.npz,96,"[4, 1]","[1, 1]","[6, 6]","[3, 3]","[5, 3]","[1, 2]","[3, 2]","[5, 4]","[3, 3]",3.0,3.0,0.0
LIDC-IDRI-0341,1.3.6.1.4.1.14519.5.2.1.6279.6001.111496024928645603833332252962,0,5,4,False,"[392.02596005524464, 290.1385597954205, 133.26508779954082]",8.450052720689808,1.25,0.617188,False,patches/LIDC-IDRI-0341_n05.npz,96,"[4, 5, 3, 3]","[1, 1, 1, 1]","[6, 6, 6, 6]","[4, 3, 3, 2]","[5, 5, 3, 4]","[1, 1, 2, 1]","[1, 3, 2, 2]","[5, 5, 4, 5]","[2, 3, 3, 3]",2.75,3.0,0.4330127018922193
LIDC-IDRI-0343,1.3.6.1.4.1.14519.5.2.1.6279.6001.160124400349792614505500125883,0,0,4,False,"[278.27636527523566, 195.77996395949233, 101.35582503476559]",7.349661199399456,2.5,0.595703,False,patches/LIDC-IDRI-0343_n00.npz,96,"[3, 3, 5, 3]","[1, 1, 1, 1]","[6, 6, 6, 6]","[4, 5, 5, 5]","[5, 5, 5, 5]","[1, 1, 1, 1]","[1, 1, 1, 1]","[5, 5, 5, 5]","[2, 1, 4, 3]",2.5,2.5,1.118033988749895
LIDC-IDRI-0344,1.3.6.1.4.1.14519.5.2.1.6279.6001.271220641987745483198036913951,0,0,1,False,"[214.85593220338984, 49.6271186440678, 169.52542372881356]",6.225577282469474,0.75,0.6875,False,patches/LIDC-IDRI-0344_n00.npz,96,[5],[1],[6],[5],[5],[1],[1],[5],[3],3.0,3.0,0.0
LIDC-IDRI-0344,1.3.6.1.4.1.14519.5.2.1.6279.6001.271220641987745483198036913951,0,1,4,False,"[336.5193964560682, 103.45618673668497, 303.84930194537014]",18.813731933855177,0.75,0.6875,False,patches/LIDC-IDRI-0344_n01.npz,96,"[5, 4, 4, 5]","[1, 1, 1, 1]","[6, 6, 6, 6]","[2, 2, 3, 2]","[2, 4, 1, 2]","[3, 3, 5, 3]","[1, 1, 3, 3]","[5, 5, 4, 5]","[2, 2, 3, 4]",2.75,2.5,0.82915619758885
LIDC-IDRI-0344,1.3.6.1.4.1.14519.5.2.1.6279.6001.271220641987745483198036913951,0,2,1,False,"[384.9655172413793, 145.22413793103448, 307.05172413793105]",5.235844010281437,0.75,0.6875,False,patches/LIDC-IDRI-0344_n02.npz,96,[5],[1],[6],[5],[4],[1],[1],[5],[3],3.0,3.0,0.0
LIDC-IDRI-0344,1.3.6.1.4.1.14519.5.2.1.6279.6001.271220641987745483198036913951,0,3,2,False,"[362.4329925489517, 124.94330272049905, 361.15033789637846]",9.68383307403423,0.75,0.6875,False,patches/LIDC-IDRI-0344_n03.npz,96,"[3, 5]","[1, 1]","[6, 6]","[4, 3]","[4, 2]","[3, 1]","[1, 1]","[5, 4]","[2, 3]",2.5,2.5,0.5
LIDC-IDRI-0345,1.3.6.1.4.1.14519.5.2.1.6279.6001.387954549120924524005910602207,0,0,3,False,"[263.7266830529207, 324.03033476424565, 107.45708128505157]",6.274528511812945,1.0,0.546875,False,patches/LIDC-IDRI-0345_n00.npz,96,"[3, 1, 1]","[1, 1, 1]","[6, 6, 6]","[4, 5, 3]","[5, 3, 5]","[1, 2, 1]","[1, 1, 1]","[5, 4, 5]","[2, 3, 3]",2.6666666666666665,3.0,0.4714045207910317
LIDC-IDRI-0345,1.3.6.1.4.1.14519.5.2.1.6279.6001.387954549120924524005910602207,0,1,3,False,"[279.8440468480138, 79.10579933074267, 169.0337192357513]",6.750313298068927,1.0,0.546875,False,patches/LIDC-IDRI-0345_n01.npz,96,"[4, 3, 3]","[1, 1, 1]","[6, 6, 6]","[4, 4, 3]","[4, 3, 3]","[1, 3, 2]","[1, 2, 1]","[5, 4, 5]","[2, 3, 2]",2.3333333333333335,2.0,0.4714045207910317
LIDC-IDRI-0346,1.3.6.1.4.1.14519.5.2.1.6279.6001.157537616155071783765339942952,0,0,4,False,"[388.8175257564958, 380.2624376150226, 42.2677453188458]",6.9438017162707,3.0,0.656,True,patches/LIDC-IDRI-0346_n00.npz,96,"[5, 4, 3, 5]","[1, 1, 1, 1]","[3, 5, 3, 3]","[5, 5, 5, 5]","[5, 5, 5, 5]","[1, 1, 1, 1]","[1, 1, 1, 1]","[5, 5, 5, 5]","[1, 1, 1, 1]",1.0,1.0,0.0
LIDC-IDRI-0346,1.3.6.1.4.1.14519.5.2.1.6279.6001.157537616155071783765339942952,0,1,4,False,"[391.17932922510624, 309.0624505140916, 52.235203198068994]",21.71866599463289,3.0,0.656,True,patches/LIDC-IDRI-0346_n01.npz,96,"[5, 4, 2, 5]","[1, 1, 1, 1]","[6, 6, 6, 6]","[2, 3, 2, 5]","[4, 4, 2, 5]","[2, 3, 3, 4]","[4, 2, 3, 1]","[4, 5, 2, 5]","[1, 3, 3, 3]",2.5,3.0,0.8660254037844386
LIDC-IDRI-0346,1.3.6.1.4.1.14519.5.2.1.6279.6001.157537616155071783765339942952,0,2,2,False,"[337.66182266009855, 222.1665024630542, 62.323399014778325]",5.499557261289691,3.0,0.656,True,patches/LIDC-IDRI-0346_n02.npz,96,"[5, 2]","[1, 1]","[3, 3]","[5, 4]","[5, 4]","[1, 1]","[1, 1]","[5, 5]","[1, 1]",1.0,1.0,0.0
LIDC-IDRI-0346,1.3.6.1.4.1.14519.5.2.1.6279.6001.157537616155071783765339942952,0,3,3,False,"[390.207463238133, 321.8778033336643, 68.71602905649138]",5.987828233642568,3.0,0.656,True,patches/LIDC-IDRI-0346_n03.npz,96,"[5, 3, 2]","[1, 1, 1]","[4, 4, 4]","[4, 5, 5]","[5, 4, 4]","[1, 1, 1]","[1, 1, 1]","[5, 5, 4]","[2, 3, 3]",2.6666666666666665,3.0,0.4714045207910317
LIDC-IDRI-0346,1.3.6.1.4.1.14519.5.2.1.6279.6001.157537616155071783765339942952,0,4,4,False,"[379.70616883116884, 141.26599196726067, 75.15561284843979]",7.343545041477144,3.0,0.656,True,patches/LIDC-IDRI-0346_n04.npz,96,"[5, 4, 4, 5]","[1, 1, 1, 1]","[3, 3, 3, 3]","[5, 5, 5, 5]","[5, 5, 5, 5]","[1, 1, 1, 1]","[1, 1, 1, 1]","[5, 5, 5, 5]","[1, 1, 1, 1]",1.0,1.0,0.0
LIDC-IDRI-0347,1.3.6.1.4.1.14519.5.2.1.6279.6001.272343160521796269119503632549,0,0,4,False,"[322.59676626051356, 107.27620066000893, 70.24622519580586]",21.684566424458367,3.0,0.720703125,False,patches/LIDC-IDRI-0347_n00.npz,96,"[5, 4, 5, 5]","[1, 1, 1, 1]","[6, 6, 6, 6]","[3, 3, 3, 5]","[2, 4, 2, 5]","[2, 2, 3, 4]","[3, 2, 2, 1]","[5, 5, 5, 5]","[5, 3, 3, 3]",3.5,3.0,0.8660254037844386
LIDC-IDRI-0347,1.3.6.1.4.1.14519.5.2.1.6279.6001.272343160521796269119503632549,0,1,1,False,"[168.0, 392.3333333333333, 75.51282051282051]",5.246797947547874,3.0,0.720703125,False,patches/LIDC-IDRI-0347_n01.npz,96,[2],[1],[6],[4],[4],[1],[1],[5],[1],1.0,1.0,0.0
LIDC-IDRI-0347,1.3.6.1.4.1.14519.5.2.1.6279.6001.272343160521796269119503632549,0,2,4,False,"[157.87754264010576, 233.6735524454595, 84.06923427740743]",7.595017074098896,3.0,0.720703125,False,patches/LIDC-IDRI-0347_n02.npz,96,"[5, 4, 2, 3]","[1, 1, 1, 1]","[6, 6, 6, 6]","[5, 5, 3, 5]","[5, 5, 3, 5]","[1, 1, 2, 1]","[1, 1, 2, 1]","[5, 5, 5, 5]","[1, 3, 3, 2]",2.25,2.5,0.82915619758885
LIDC-IDRI-0347,1.3.6.1.4.1.14519.5.2.1.6279.6001.272343160521796269119503632549,0,3,4,False,"[180.61590333220258, 192.5731727641361, 92.74742527333594]",30.036684666922227,3.0,0.720703125,False,patches/LIDC-IDRI-0347_n03.npz,96,"[2, 5, 5, 5]","[1, 1, 1, 1]","[6, 6, 6, 6]","[5, 2, 2, 5]","[3, 2, 1, 4]","[1, 3, 5, 1]","[1, 5, 3, 5]","[5, 5, 5, 4]","[1, 5, 5, 4]",3.75,4.5,1.6393596310755
LIDC-IDRI-0348,1.3.6.1.4.1.14519.5.2.1.6279.6001.690929968028676628605553365896,0,0,1,False,"[316.20652173913044, 384.8804347826087, 80.93478260869566]",10.669887973416,2.5,0.722656,False,patches/LIDC-IDRI-0348_n00.npz,96,[2],[1],[6],[5],[5],[1],[1],[5],[3],3.0,3.0,0.0
LIDC-IDRI-0348,1.3.6.1.4.1.14519.5.2.1.6279.6001.690929968028676628605553365896,0,1,4,False,"[237.3246190977356, 350.5349736150254, 118.4144025690656]",17.25833532039532,2.5,0.722656,False,patches/LIDC-IDRI-0348_n01.npz,96,"[5, 5, 5, 5]","[1, 1, 1, 1]","[6, 6, 6, 6]","[5, 5, 5, 4]","[5, 5, 5, 5]","[1, 1, 5, 5]","[1, 1, 5, 5]","[5, 5, 5, 5]","[2, 5, 4, 4]",3.75,4.0,1.0897247358851685
LIDC-IDRI-0350,1.3.6.1.4.1.14519.5.2.1.6279.6001.121108220866971173712229588402,0,0,4,False,"[175.88795509734496, 94.141612167486, 186.2795785856605]",6.497800682696019,1.25,0.603516,False,patches/LIDC-IDRI-0350_n00.npz,96,"[4, 3, 4, 4]","[1, 1, 1, 1]","[6, 6, 6, 6]","[4, 4, 5, 3]","[5, 4, 5, 4]","[2, 1, 1, 1]","[1, 1, 1, 1]","[5, 4, 5, 5]","[4, 3, 3, 3]",3.25,3.0,0.4330127018922193
LIDC-IDRI-0350,1.3.6.1.4.1.14519.5.2.1.6279.6001.121108220866971173712229588402,0,1,1,False,"[305.625, 124.325, 240.525]",5.431644000000006,1.25,0.603516,False,patches/LIDC-IDRI-0350_n01.npz,96,[2],[1],[6],[5],[4],[1],[1],[5],[2],2.0,2.0,0.0
LIDC-IDRI-0351,1.3.6.1.4.1.14519.5.2.1.6279.6001.236452051640243530449001532111,0,0,1,False,"[133.34, 112.1, 64.36]",8.168827108473101,3.0,0.56640625,False,patches/LIDC-IDRI-0351_n00.npz,96,[3],[1],[6],[3],[5],[1],[1],[5],[4],4.0,4.0,0.0
LIDC-IDRI-0351,1.3.6.1.4.1.14519.5.2.1.6279.6001.236452051640243530449001532111,0,1,3,False,"[286.9438405797102, 341.98047504025766, 86.00583735909822]",6.81911798908479,3.0,0.56640625,False,patches/LIDC-IDRI-0351_n01.npz,96,"[5, 4, 5]","[1, 1, 1]","[3, 3, 3]","[5, 5, 5]","[5, 5, 5]","[1, 1, 1]","[1, 1, 1]","[5, 5, 5]","[1, 1, 1]",1.0,1.0,0.0
LIDC-IDRI-0352,1.3.6.1.4.1.14519.5.2.1.6279.6001.272042302501586336192628818865,0,0,1,False,"[274.15238095238095, 98.98095238095237, 205.88571428571427]",8.105934662814184,1.0,0.7109375,False,patches/LIDC-IDRI-0352_n00.npz,96,[1],[1],[6],[5],[2],[1],[1],[1],[2],2.0,2.0,0.0
LIDC-IDRI-0352,1.3.6.1.4.1.14519.5.2.1.6279.6001.272042302501586336192628818865,0,1,3,False,"[302.17137496799796, 285.9102702572964, 214.14515862348526]",7.736221460620165,1.0,0.7109375,False,patches/LIDC-IDRI-0352_n01.npz,96,"[2, 4, 1]","[1, 1, 1]","[6, 6, 6]","[4, 4, 5]","[3, 5, 2]","[1, 1, 1]","[1, 1, 1]","[1, 5, 1]","[3, 3, 2]",2.6666666666666665,3.0,0.4714045207910317
LIDC-IDRI-0353,1.3.6.1.4.1.14519.5.2.1.6279.6001.908250781706513856628130123235,0,0,3,False,"[338.02599233260185, 140.4571217484314, 84.23794479914432]",6.3568519488762405,1.25,0.703125,False,patches/LIDC-IDRI-0353_n00.npz,96,"[5, 5, 5]","[1, 1, 1]","[3, 3, 3]","[4, 5, 3]","[5, 5, 5]","[1, 2, 1]","[1, 1, 1]","[5, 5, 5]","[1, 1, 1]",1.0,1.0,0.0
LIDC-IDRI-0353,1.3.6.1.4.1.14519.5.2.1.6279.6001.908250781706513856628130123235,0,1,4,False,"[176.40143207821413, 144.17631178539847, 106.86775985229916]",8.602136048749358,1.25,0.703125,False,patches/LIDC-IDRI-0353_n01.npz,96,"[4, 5, 5, 5]","[1, 1, 1, 1]","[6, 6, 6, 6]","[5, 4, 3, 4]","[5, 4, 4, 5]","[1, 1, 1, 1]","[1, 1, 2, 1]","[5, 5, 5, 5]","[2, 5, 3, 2]",3.0,2.5,1.224744871391589
LIDC-IDRI-0353,1.3.6.1.4.1.14519.5.2.1.6279.6001.908250781706513856628130123235,0,2,3,False,"[264.2895434497837, 396.26009724003455, 199.21447610151438]",18.311658921288952,1.25,0.703125,False,patches/LIDC-IDRI-0353_n02.npz,96,"[5, 5, 4]","[1, 1, 1]","[6, 6, 6]","[3, 2, 3]","[3, 1, 2]","[3, 4, 3]","[5, 2, 1]","[4, 5, 3]","[5, 3, 4]",4.0,4.0,0.816496580927726
LIDC-IDRI-0354,1.3.6.1.4.1.14519.5.2.1.6279.6001.112020141051733785092412736928,0,0,3,False,"[338.26471773214894, 80.14897335080822, 59.80680500946556]",9.633666124526876,3.0,0.637,True,patches/LIDC-IDRI-0354_n00.npz,96,"[5, 4, 5]","[1, 1, 1]","[3, 3, 3]","[4, 4, 3]","[1, 5, 5]","[4, 1, 1]","[2, 1, 1]","[4, 5, 5]","[1, 1, 1]",1.0,1.0,0.0
LIDC-IDRI-0354,1.3.6.1.4.1.14519.5.2.1.6279.6001.112020141051733785092412736928,0,1,2,False,"[264.3713286713287, 116.08111888111888, 72.92692307692307]",10.988161324550212,3.0,0.637,True,patches/LIDC-IDRI-0354_n01.npz,96,"[1, 1]","[1, 1]","[6, 6]","[4, 5]","[2, 1]","[2, 1]","[1, 1]","[1, 1]","[3, 3]",3.0,3.0,0.0
LIDC-IDRI-0355,1.3.6.1.4.1.14519.5.2.1.6279.6001.147979688121667984912633630926,0,0,1,False,"[144.6, 163.825, 54.575]",4.9444315096987195,3.0,0.61328125,False,patches/LIDC-IDRI-0355_n00.npz,96,[2],[1],[6],[5],[5],[1],[1],[5],[2],2.0,2.0,0.0
LIDC-IDRI-0355,1.3.6.1.4.1.14519.5.2.1.6279.6001.147979688121667984912633630926,0,1,2,False,"[197.36750336927224, 396.6584540655885, 57.2560927672956]",19.907239486585205,3.0,0.61328125,False,patches/LIDC-IDRI-0355_n01.npz,96,"[5, 3]","[1, 1]","[6, 6]","[5, 4]","[4, 3]","[1, 2]","[1, 2]","[5, 5]","[4, 3]",3.5,3.5,0.5
LIDC-IDRI-0355,1.3.6.1.4.1.14519.5.2.1.6279.6001.170344311940983984999167745197,1,0,1,False,"[186.701726844584, 401.3767660910518, 50.574568288854]",18.833841881039582,3.0,0.64,True,patches/LIDC-IDRI-0355_s1_n00.npz,96,[4],[1],[6],[4],[4],[5],[5],[5],[4],4.0,4.0,0.0
LIDC-IDRI-0356,1.3.6.1.4.1.14519.5.2.1.6279.6001.249450003033735700817635168066,0,0,4,False,"[339.3099117276492, 450.61350858712603, 60.396155802377336]",6.149599198383262,2.0,0.546875,False,patches/LIDC-IDRI-0356_n00.npz,96,"[4, 2, 3, 3]","[1, 1, 1, 1]","[6, 6, 6, 6]","[3, 3, 4, 5]","[4, 5, 4, 5]","[1, 1, 1, 1]","[1, 1, 1, 1]","[3, 5, 5, 5]","[4, 3, 3, 2]",3.0,3.0,0.7071067811865476
LIDC-IDRI-0356,1.3.6.1.4.1.14519.5.2.1.6279.6001.249450003033735700817635168066,0,1,2,False,"[223.8516304347826, 458.3239130434782, 64.5625]",5.188111786213748,2.0,0.546875,False,patches/LIDC-IDRI-0356_n01.npz,96,"[4, 1]","[1, 1]","[6, 6]","[4, 2]","[5, 4]","[1, 1]","[1, 1]","[5, 2]","[3, 3]",3.0,3.0,0.0
LIDC-IDRI-0356,1.3.6.1.4.1.14519.5.2.1.6279.6001.249450003033735700817635168066,0,2,4,False,"[233.68127284356726, 451.04645924707603, 66.29341648391812]",6.033185134729293,2.0,0.546875,False,patches/LIDC-IDRI-0356_n02.npz,96,"[4, 3, 3, 3]","[1, 1, 1, 1]","[6, 6, 6, 6]","[4, 5, 4, 5]","[5, 5, 4, 5]","[1, 1, 1, 1]","[1, 1, 1, 1]","[5, 5, 4, 5]","[3, 2, 3, 2]",2.5,2.5,0.5
LIDC-IDRI-0356,1.3.6.1.4.1.14519.5.2.1.6279.6001.249450003033735700817635168066,0,3,4,False,"[381.915547226868, 433.30908368785725, 73.63313859776125]",6.687796781924341,2.0,0.546875,False,patches/LIDC-IDRI-0356_n03.npz,96,"[3, 4, 2, 3]","[1, 1, 1, 1]","[6, 6, 6, 6]","[2, 5, 4, 5]","[5, 5, 4, 5]","[1, 1, 1, 1]","[1, 1, 1, 1]","[5, 5, 4, 5]","[3, 3, 3, 2]",2.75,3.0,0.4330127018922193
LIDC-IDRI-0356,1.3.6.1.4.1.14519.5.2.1.6279.6001.249450003033735700817635168066,0,4,4,False,"[260.93452812910357, 65.1170634920635, 75.50174079065589]",8.099569565501783,2.0,0.546875,False,patches/LIDC-IDRI-0356_n04.npz,96,"[4, 5, 4, 3]","[1, 1, 1, 1]","[6, 6, 6, 6]","[4, 4, 4, 5]","[5, 5, 4, 5]","[1, 1, 1, 1]","[1, 1, 1, 1]","[5, 5, 4, 5]","[3, 4, 3, 2]",3.0,3.0,0.7071067811865476
LIDC-IDRI-0356,1.3.6.1.4.1.14519.5.2.1.6279.6001.249450003033735700817635168066,0,5,1,False,"[327.87931034482756, 76.77586206896552, 92.46551724137932]",6.401007763674795,2.0,0.546875,False,patches/LIDC-IDRI-0356_n05.npz,96,[4],[1],[6],[2],[5],[1],[1],[5],[3],3.0,3.0,0.0
LIDC-IDRI-0356,1.3.6.1.4.1.14519.5.2.1.6279.6001.249450003033735700817635168066,0,6,2,False,"[289.3731481481482, 428.82824074074074, 114.2]",5.539067897008556,2.0,0.546875,False,patches/LIDC-IDRI-0356_n06.npz,96,"[3, 2]","[1, 1]","[6, 6]","[2, 3]","[5, 5]","[1, 1]","[1, 1]","[5, 5]","[3, 2]",2.5,2.5,0.5
LIDC-IDRI-0356,1.3.6.1.4.1.14519.5.2.1.6279.6001.249450003033735700817635168066,0,7,2,False,"[214.85797743755035, 114.44748858447488, 147.48972602739724]",7.423862896191277,2.0,0.546875,False,patches/LIDC-IDRI-0356_n07.npz,96,"[2, 1]","[1, 1]","[6, 6]","[5, 5]","[2, 2]","[1, 1]","[1, 1]","[1, 1]","[2, 2]",2.0,2.0,0.0
LIDC-IDRI-0357,1.3.6.1.4.1.14519.5.2.1.6279.6001.125067060506283419853742462394,0,0,1,False,"[336.1162790697674, 163.6046511627907, 99.97674418604652]",5.798117286024835,2.5,0.703125,False,patches/LIDC-IDRI-0357_n00.npz,96,[2],[1],[6],[4],[5],[1],[1],[3],[2],2.0,2.0,0.0
LIDC-IDRI-0358,1.3.6.1.4.1.14519.5.2.1.6279.6001.179209990684978588019929720099,0,0,2,False,"[323.040971449759, 119.55228031145717, 88.78346310715611]",4.8046900346178845,2.0,0.642578125,False,patches/LIDC-IDRI-0358_n00.npz,96,"[3, 5]","[1, 1]","[3, 6]","[5, 5]","[5, 5]","[1, 1]","[1, 2]","[5, 5]","[1, 2]",1.5,1.5,0.5
LIDC-IDRI-0358,1.3.6.1.4.1.14519.5.2.1.6279.6001.179209990684978588019929720099,0,1,1,False,"[303.07462686567163, 181.73134328358208, 99.44776119402985]",4.678039362447833,2.0,0.642578125,False,patches/LIDC-IDRI-0358_n01.npz,96,[3],[1],[3],[5],[5],[1],[1],[5],[1],1.0,1.0,0.0
LIDC-IDRI-0358,1.3.6.1.4.1.14519.5.2.1.6279.6001.179209990684978588019929720099,0,2,1,False,"[143.14285714285714, 415.8095238095238, 106.47619047619048]",4.54371349629637,2.0,0.642578125,False,patches/LIDC-IDRI-0358_n02.npz,96,[1],[1],[6],[5],[5],[1],[1],[5],[2],2.0,2.0,0.0
LIDC-IDRI-0358,1.3.6.1.4.1.14519.5.2.1.6279.6001.179209990684978588019929720099,0,3,1,False,"[94.84126984126983, 375.8095238095238, 113.26984126984127]",4.678039362447833,2.0,0.642578125,False,patches/LIDC-IDRI-0358_n03.npz,96,[2],[1],[6],[3],[5],[1],[1],[5],[2],2.0,2.0,0.0
LIDC-IDRI-0358,1.3.6.1.4.1.14519.5.2.1.6279.6001.179209990684978588019929720099,0,4,2,False,"[172.27668052668054, 301.1058558558559, 114.81808731808732]",5.35414825395239,2.0,0.642578125,False,patches/LIDC-IDRI-0358_n04.npz,96,"[4, 5]","[1, 1]","[3, 6]","[5, 4]","[5, 4]","[1, 1]","[1, 1]","[5, 5]","[1, 2]",1.5,1.5,0.5
LIDC-IDRI-0358,1.3.6.1.4.1.14519.5.2.1.6279.6001.179209990684978588019929720099,0,5,4,False,"[123.18695055073908, 359.01965368199643, 170.83987195722526]",9.247163723928152,2.0,0.642578125,False,patches/LIDC-IDRI-0358_n05.npz,96,"[3, 3, 4, 4]","[1, 1, 1, 1]","[6, 6, 6, 6]","[2, 3, 2, 4]","[4, 3, 4, 4]","[3, 1, 3, 2]","[1, 2, 1, 1]","[5, 4, 5, 5]","[1, 3, 4, 1]",2.25,2.0,1.299038105676658
LIDC-IDRI-0358,1.3.6.1.4.1.14519.5.2.1.6279.6001.179209990684978588019929720099,0,6,2,False,"[231.63734567901236, 155.60648148148147, 176.08333333333331]",3.7874483356080657,2.0,0.642578125,False,patches/LIDC-IDRI-0358_n06.npz,96,"[4, 4]","[1, 1]","[3, 6]","[5, 4]","[5, 4]","[1, 2]","[1, 2]","[5, 5]","[1, 2]",1.5,1.5,0.5
LIDC-IDRI-0358,1.3.6.1.4.1.14519.5.2.1.6279.6001.179209990684978588019929720099,0,7,4,False,"[206.34215279622566, 108.51177301274431, 257.60548903657855]",8.694087459142628,2.0,0.642578125,False,patches/LIDC-IDRI-0358_n07.npz,96,"[5, 5, 5, 5]","[1, 1, 1, 1]","[6, 6, 6, 6]","[3, 4, 3, 4]","[5, 5, 5, 5]","[1, 1, 1, 3]","[3, 1, 1, 2]","[5, 5, 1, 5]","[4, 3, 3, 3]",3.25,3.0,0.4330127018922193
LIDC-IDRI-0359,1.3.6.1.4.1.14519.5.2.1.6279.6001.292868422368935585625620199750,0,0,4,False,"[319.8889691389692, 461.3836838836839, 28.403805653805655]",9.435849164689506,3.0,0.613,True,patches/LIDC-IDRI-0359_n00.npz,96,"[2, 3, 4, 2]","[1, 1, 1, 1]","[6, 6, 6, 6]","[3, 3, 5, 4]","[3, 4, 5, 4]","[5, 2, 4, 5]","[5, 1, 5, 4]","[5, 4, 5, 5]","[3, 2, 4, 2]",2.75,2.5,0.82915619758885
LIDC-IDRI-0359,1.3.6.1.4.1.14519.5.2.1.6279.6001.292868422368935585625620199750,0,1,4,False,"[240.7380493919947, 376.7201469058876, 85.43574942976745]",11.962587328840772,3.0,0.613,True,patches/LIDC-IDRI-0359_n01.npz,96,"[5, 5, 5, 5]","[1, 1, 1, 1]","[6, 3, 3, 3]","[5, 4, 5, 4]","[5, 5, 5, 5]","[4, 2, 5, 5]","[5, 1, 5, 5]","[5, 5, 5, 5]","[3, 1, 1, 1]",1.5,1.0,0.8660254037844386
LIDC-IDRI-0360,1.3.6.1.4.1.14519.5.2.1.6279.6001.449780571702869645673186059985,0,0,3,False,"[245.6377077344963, 196.1820679287673, 109.68140136121849]",6.201899374383583,3.0,0.9765625,False,patches/LIDC-IDRI-0360_n00.npz,96,"[2, 4, 3]","[1, 1, 1]","[6, 6, 6]","[5, 5, 5]","[3, 4, 5]","[1, 1, 1]","[1, 1, 1]","[1, 3, 5]","[2, 3, 2]",2.3333333333333335,2.0,0.4714045207910317
LIDC-IDRI-0360,1.3.6.1.4.1.14519.5.2.1.6279.6001.449780571702869645673186059985,0,1,2,False,"[195.13295454545454, 165.58655303030304, 156.1710227272727]",7.1713090418600505,3.0,0.9765625,False,patches/LIDC-IDRI-0360_n01.npz,96,"[3, 4]","[1, 1]","[6, 6]","[4, 4]","[3, 4]","[1, 1]","[1, 1]","[5, 3]","[1, 3]",2.0,2.0,1.0
LIDC-IDRI-0360,1.3.6.1.4.1.14519.5.2.1.6279.6001.449780571702869645673186059985,0,2,3,False,"[263.5709187105086, 338.34411200814986, 156.79225464241236]",13.48914024295357,3.0,0.9765625,False,patches/LIDC-IDRI-0360_n02.npz,96,"[4, 3, 5]","[1, 1, 1]","[6, 6, 6]","[5, 5, 4]","[4, 4, 4]","[1, 2, 1]","[1, 2, 2]","[5, 5, 4]","[2, 3, 4]",3.0,3.0,0.816496580927726
LIDC-IDRI-0360,1.3.6.1.4.1.14519.5.2.1.6279.6001.449780571702869645673186059985,0,3,4,False,"[283.07958110967326, 213.4089730304034, 221.3152728600224]",14.293655794626707,3.0,0.9765625,False,patches/LIDC-IDRI-0360_n03.npz,96,"[4, 4, 5, 5]","[1, 1, 1, 1]","[6, 6, 6, 6]","[3, 3, 4, 5]","[2, 4, 4, 4]","[1, 1, 2, 1]","[1, 2, 2, 5]","[5, 5, 4, 4]","[2, 3, 4, 4]",3.25,3.5,0.82915619758885
LIDC-IDRI-0362,1.3.6.1.4.1.14519.5.2.1.6279.6001.440226700369921575481834344455,0,0,1,False,"[227.23076923076923, 405.2307692307692, 128.46153846153845]",8.697175929037252,2.0,0.703125,False,patches/LIDC-IDRI-0362_n00.npz,96,[3],[1],[6],[4],[4],[2],[1],[3],[3],3.0,3.0,0.0
LIDC-IDRI-0362,1.3.6.1.4.1.14519.5.2.1.6279.6001.440226700369921575481834344455,0,1,4,False,"[295.98456284012696, 112.89272536443131, 148.50707699478227]",16.44106655007448,2.0,0.703125,False,patches/LIDC-IDRI-0362_n01.npz,96,"[5, 5, 5, 5]","[1, 1, 1, 1]","[6, 6, 6, 6]","[2, 4, 4, 5]","[4, 2, 3, 5]","[3, 4, 4, 5]","[3, 2, 1, 1]","[4, 5, 4, 5]","[5, 5, 5, 3]",4.5,5.0,0.8660254037844386
LIDC-IDRI-0363,1.3.6.1.4.1.14519.5.2.1.6279.6001.184412674007117333405073397832,0,0,4,False,"[193.71626167984135, 108.97989979843106, 120.59888419438866]",10.479320553786504,1.25,0.703125,False,patches/LIDC-IDRI-0363_n00.npz,96,"[4, 4, 3, 5]","[1, 1, 1, 1]","[3, 6, 6, 3]","[3, 3, 2, 2]","[5, 4, 3, 5]","[4, 2, 2, 4]","[1, 1, 2, 1]","[5, 5, 5, 5]","[1, 3, 3, 1]",2.0,2.0,1.0
LIDC-IDRI-0365,1.3.6.1.4.1.14519.5.2.1.6279.6001.207544473852086582434957174616,0,0,4,False,"[254.4655956633001, 413.31800127118413, 62.20168497659279]",18.78570986021275,3.0,0.634765625,False,patches/LIDC-IDRI-0365_n00.npz,96,"[5, 2, 5, 4]","[1, 1, 1, 1]","[6, 6, 6, 6]","[3, 4, 4, 4]","[5, 1, 2, 2]","[2, 1, 4, 3]","[1, 1, 4, 2]","[5, 3, 5, 3]","[4, 2, 4, 3]",3.25,3.5,0.82915619758885
LIDC-IDRI-0365,1.3.6.1.4.1.14519.5.2.1.6279.6001.802846969823720586279982179144,1,0,4,False,"[268.0215633645977, 401.80161753062515, 62.125738958277125]",13.937139038304343,3.0,0.637,True,patches/LIDC-IDRI-0365_s1_n00.npz,96,"[5, 5, 4, 5]","[1, 1, 1, 1]","[6, 6, 6, 6]","[5, 5, 5, 5]","[5, 4, 4, 2]","[2, 1, 2, 1]","[2, 1, 2, 1]","[5, 5, 4, 5]","[5, 4, 3, 3]",3.75,3.5,0.82915619758885
LIDC-IDRI-0366,1.3.6.1.4.1.14519.5.2.1.6279.6001.149594025507110912206042203576,0,0,7,True,"[348.13860296950105, 156.87158772382773, 86.98902216962897]",19.713358875077457,3.0,0.628,True,patches/LIDC-IDRI-0366_n00.npz,96,"[5, 5, 5, 4, 4, 5, 5]","[1, 1, 1, 1, 1, 1, 1]","[6, 6, 6, 6, 6, 6, 6]","[2, 4, 3, 4, 3, 4, 3]","[2, 4, 2, 3, 2, 3, 4]","[4, 2, 4, 2, 3, 3, 4]","[4, 2, 4, 3, 2, 4, 4]","[4, 5, 5, 4, 3, 5, 5]","[5, 3, 4, 3, 3, 4, 4]",3.7142857142857144,4.0,0.6998542122237652
LIDC-IDRI-0366,1.3.6.1.4.1.14519.5.2.1.6279.6001.149594025507110912206042203576,0,1,1,False,"[374.0181818181818, 131.76363636363635, 95.03636363636363]",5.6170027594794725,3.0,0.628,True,patches/LIDC-IDRI-0366_n01.npz,96,[4],[1],[6],[4],[3],[2],[2],[3],[3],3.0,3.0,0.0
LIDC-IDRI-0367,1.3.6.1.4.1.14519.5.2.1.6279.6001.205615524269596458818376243313,0,0,1,False,"[334.8888888888889, 375.8888888888889, 194.984126984127]",3.8916216588646217,1.25,0.722656,False,patches/LIDC-IDRI-0367_n00.npz,96,[4],[1],[3],[5],[5],[1],[1],[5],[1],1.0,1.0,0.0
LIDC-IDRI-0368,1.3.6.1.4.1.14519.5.2.1.6279.6001.326084450802794941185111945926,0,0,4,False,"[221.98004186156055, 448.1303002618488, 34.82664949311085]",20.202745216758885,3.0,0.714,True,patches/LIDC-IDRI-0368_n00.npz,96,"[5, 5, 5, 5]","[1, 1, 1, 1]","[6, 6, 6, 6]","[3, 3, 4, 5]","[4, 5, 5, 5]","[1, 1, 1, 1]","[2, 1, 1, 1]","[5, 5, 5, 5]","[4, 3, 5, 2]",3.5,3.5,1.118033988749895
LIDC-IDRI-0368,1.3.6.1.4.1.14519.5.2.1.6279.6001.326084450802794941185111945926,0,1,4,False,"[205.70279055143828, 116.55216666539927, 42.87555716154235]",9.857884789019533,3.0,0.714,True,patches/LIDC-IDRI-0368_n01.npz,96,"[5, 4, 5, 3]","[1, 1, 1, 1]","[6, 6, 6, 6]","[3, 5, 4, 5]","[4, 3, 4, 5]","[1, 2, 1, 1]","[2, 1, 1, 1]","[5, 5, 4, 5]","[3, 3, 4, 2]",3.0,3.0,0.7071067811865476
LIDC-IDRI-0368,1.3.6.1.4.1.14519.5.2.1.6279.6001.326084450802794941185111945926,0,2,1,False,"[280.6981132075472, 397.7358490566038, 61.54716981132076]",8.357155736253796,3.0,0.714,True,patches/LIDC-IDRI-0368_n02.npz,96,[4],[1],[3],[3],[4],[1],[1],[5],[1],1.0,1.0,0.0
LIDC-IDRI-0368,1.3.6.1.4.1.14519.5.2.1.6279.6001.326084450802794941185111945926,0,3,4,False,"[319.7808063014253, 392.5278802985474, 65.85286562416229]",10.81508329556846,3.0,0.714,True,patches/LIDC-IDRI-0368_n03.npz,96,"[5, 5, 5, 5]","[1, 1, 1, 1]","[3, 3, 3, 3]","[5, 5, 5, 5]","[5, 5, 5, 5]","[1, 1, 1, 1]","[1, 1, 1, 1]","[5, 5, 5, 5]","[1, 1, 1, 1]",1.0,1.0,0.0
LIDC-IDRI-0368,1.3.6.1.4.1.14519.5.2.1.6279.6001.326084450802794941185111945926,0,4,4,False,"[243.5037653600935, 411.5173387289749, 71.38052219048691]",24.821827850806628,3.0,0.714,True,patches/LIDC-IDRI-0368_n04.npz,96,"[5, 5, 5, 5]","[1, 1, 1, 1]","[6, 6, 6, 6]","[3, 3, 3, 5]","[5, 5, 5, 5]","[1, 3, 2, 1]","[3, 2, 1, 1]","[5, 5, 5, 5]","[4, 3, 5, 2]",3.5,3.5,1.118033988749895
LIDC-IDRI-0368,1.3.6.1.4.1.14519.5.2.1.6279.6001.326084450802794941185111945926,0,5,4,False,"[261.3763087857904, 202.62260822186076, 88.07725653037552]",11.388652778553734,3.0,0.714,True,patches/LIDC-IDRI-0368_n05.npz,96,"[5, 5, 5, 3]","[1, 1, 1, 1]","[6, 6, 6, 6]","[4, 4, 4, 5]","[5, 5, 5, 5]","[1, 1, 1, 1]","[2, 1, 1, 1]","[5, 5, 5, 5]","[3, 3, 4, 2]",3.0,3.0,0.7071067811865476
LIDC-IDRI-0369,1.3.6.1.4.1.14519.5.2.1.6279.6001.618434772073433276874225174904,0,0,4,False,"[292.483799597645, 274.40089026294146, 226.28486489025872]",8.924876173918527,1.25,0.652344,False,patches/LIDC-IDRI-0369_n00.npz,96,"[4, 3, 3, 3]","[1, 1, 1, 1]","[6, 6, 6, 6]","[2, 2, 2, 4]","[4, 1, 4, 5]","[4, 3, 2, 1]","[1, 3, 3, 1]","[5, 5, 5, 5]","[2, 4, 2, 3]",2.75,2.5,0.82915619758885
LIDC-IDRI-0370,1.3.6.1.4.1.14519.5.2.1.6279.6001.297251044869095073091780740645,0,0,1,False,"[118.9948717948718, 135.09230769230768, 162.25641025641025]",6.1202390361318475,1.25,0.742188,False,patches/LIDC-IDRI-0370_n00.npz,96,[4],[1],[6],[5],[5],[1],[1],[5],[3],3.0,3.0,0.0
LIDC-IDRI-0370,1.3.6.1.4.1.14519.5.2.1.6279.6001.297251044869095073091780740645,0,1,1,False,"[318.09090909090907, 415.79545454545456, 167.625]",4.752321971531803,1.25,0.742188,False,patches/LIDC-IDRI-0370_n01.npz,96,[2],[1],[6],[5],[5],[1],[1],[5],[2],2.0,2.0,0.0
LIDC-IDRI-0371,1.3.6.1.4.1.14519.5.2.1.6279.6001.483655032093002252444764787700,0,0,3,False,"[302.36175658578077, 463.1321264761729, 114.44070781423692]",7.530178952524229,1.25,0.625,False,patches/LIDC-IDRI-0371_n00.npz,96,"[3, 5, 4]","[1, 1, 1]","[6, 6, 6]","[2, 4, 3]","[3, 5, 4]","[1, 1, 3]","[1, 1, 2]","[4, 5, 4]","[2, 2, 3]",2.3333333333333335,2.0,0.4714045207910317
LIDC-IDRI-0372,1.3.6.1.4.1.14519.5.2.1.6279.6001.292994770358625142596171316474,0,0,1,False,"[355.78723404255317, 182.80851063829786, 70.02127659574468]",4.446952959611783,1.25,0.703125,False,patches/LIDC-IDRI-0372_n00.npz,96,[5],[1],[3],[5],[5],[1],[1],[5],[1],1.0,1.0,0.0
LIDC-IDRI-0372,1.3.6.1.4.1.14519.5.2.1.6279.6001.292994770358625142596171316474,0,1,4,False,"[259.86548038229375, 420.42000754527163, 101.223458808406]",7.363073380133972,1.25,0.703125,False,patches/LIDC-IDRI-0372_n01.npz,96,"[3, 4, 3, 5]","[1, 1, 1, 1]","[6, 6, 6, 6]","[4, 4, 3, 3]","[3, 4, 4, 4]","[2, 1, 1, 3]","[2, 1, 1, 2]","[5, 5, 5, 5]","[3, 3, 3, 3]",3.0,3.0,0.0
LIDC-IDRI-0373,1.3.6.1.4.1.14519.5.2.1.6279.6001.799582546798528864710752164515,0,0,3,False,"[336.112526917727, 73.88429120246893, 246.0056389977082]",7.429178409755565,1.25,0.664062,False,patches/LIDC-IDRI-0373_n00.npz,96,"[4, 4, 4]","[1, 1, 1]","[6, 6, 6]","[4, 5, 4]","[5, 4, 4]","[2, 3, 1]","[1, 3, 1]","[5, 5, 1]","[4, 3, 1]",2.6666666666666665,3.0,1.247219128924647
LIDC-IDRI-0374,1.3.6.1.4.1.14519.5.2.1.6279.6001.231645134739451754302647733304,0,0,1,False,"[290.08474576271186, 448.79661016949154, 96.03389830508475]",5.590316018550027,1.25,0.654297,False,patches/LIDC-IDRI-0374_n00.npz,96,[4],[1],[6],[4],[5],[1],[1],[5],[2],2.0,2.0,0.0
LIDC-IDRI-0374,1.3.6.1.4.1.14519.5.2.1.6279.6001.231645134739451754302647733304,0,1,2,False,"[311.57776162790697, 81.14044331395348, 116.33793604651163]",6.207206358645568,1.25,0.654297,False,patches/LIDC-IDRI-0374_n01.npz,96,"[3, 3]","[1, 1]","[6, 6]","[4, 4]","[5, 3]","[1, 3]","[1, 1]","[5, 4]","[2, 3]",2.5,2.5,0.5
LIDC-IDRI-0374,1.3.6.1.4.1.14519.5.2.1.6279.6001.231645134739451754302647733304,0,2,1,False,"[193.20754716981133, 177.77358490566039, 146.45283018867926]",8.093206924574275,1.25,0.654297,False,patches/LIDC-IDRI-0374_n02.npz,96,[3],[1],[6],[3],[3],[3],[1],[2],[3],3.0,3.0,0.0
LIDC-IDRI-0375,1.3.6.1.4.1.14519.5.2.1.6279.6001.826812708000318290301835871780,0,0,4,False,"[183.43440518413072, 156.83532055999228, 167.13601482013175]",7.47905533485811,1.25,0.703125,False,patches/LIDC-IDRI-0375_n00.npz,96,"[5, 5, 4, 4]","[1, 1, 1, 1]","[3, 3, 3, 3]","[5, 4, 4, 5]","[5, 5, 5, 5]","[1, 1, 1, 1]","[1, 1, 1, 1]","[5, 5, 5, 5]","[1, 1, 1, 1]",1.0,1.0,0.0
LIDC-IDRI-0375,1.3.6.1.4.1.14519.5.2.1.6279.6001.826812708000318290301835871780,0,1,4,False,"[180.4025592284993, 173.95009789933232, 183.23400881512558]",12.765242822504597,1.25,0.703125,False,patches/LIDC-IDRI-0375_n01.npz,96,"[3, 5, 4, 4]","[1, 1, 1, 1]","[6, 6, 6, 6]","[5, 3, 5, 4]","[5, 4, 1, 1]","[1, 2, 1, 5]","[4, 2, 3, 4]","[5, 5, 3, 2]","[4, 4, 1, 4]",3.25,4.0,1.299038105676658
LIDC-IDRI-0376,1.3.6.1.4.1.14519.5.2.1.6279.6001.119806527488108718706404165837,0,0,4,False,"[140.87625123235867, 129.38155031830811, 179.92697370780115]",8.081447510355932,1.25,0.703125,False,patches/LIDC-IDRI-0376_n00.npz,96,"[4, 3, 3, 2]","[1, 1, 1, 1]","[6, 6, 6, 6]","[4, 5, 3, 2]","[5, 5, 5, 4]","[1, 1, 1, 1]","[1, 1, 2, 1]","[5, 5, 5, 5]","[4, 2, 2, 1]",2.25,2.0,1.0897247358851685
LIDC-IDRI-0376,1.3.6.1.4.1.14519.5.2.1.6279.6001.119806527488108718706404165837,0,1,2,False,"[341.6684210526316, 413.1744736842105, 206.68631578947367]",7.103077996755098,1.25,0.703125,False,patches/LIDC-IDRI-0376_n01.npz,96,"[3, 2]","[1, 1]","[6, 6]","[4, 3]","[5, 3]","[2, 2]","[1, 2]","[5, 4]","[2, 2]",2.0,2.0,0.0
LIDC-IDRI-0377,1.3.6.1.4.1.14519.5.2.1.6279.6001.295462530340364058116953738925,0,0,4,False,"[308.8282568920714, 381.8136303749955, 172.77831414025732]",20.644917004667334,2.5,0.664062,True,patches/LIDC-IDRI-0377_n00.npz,96,"[5, 5, 5, 5]","[1, 1, 1, 1]","[6, 6, 6, 6]","[3, 2, 4, 3]","[4, 3, 4, 3]","[1, 3, 4, 4]","[1, 3, 2, 1]","[5, 5, 5, 5]","[5, 5, 5, 3]",4.5,5.0,0.8660254037844386
LIDC-IDRI-0377,1.3.6.1.4.1.14519.5.2.1.6279.6001.295462530340364058116953738925,0,1,3,False,"[323.01316682325927, 354.22513078377466, 176.26548091310852]",6.543079452971747,2.5,0.664062,True,patches/LIDC-IDRI-0377_n01.npz,96,"[2, 4, 2]","[1, 1, 1]","[6, 6, 6]","[2, 2, 3]","[3, 4, 3]","[1, 2, 3]","[1, 1, 2]","[5, 5, 5]","[2, 4, 3]",3.0,3.0,0.816496580927726
LIDC-IDRI-0377,1.3.6.1.4.1.14519.5.2.1.6279.6001.295462530340364058116953738925,0,2,1,False,"[159.28467153284672, 355.3430656934307, 183.86131386861314]",8.023891675317168,2.5,0.664062,True,patches/LIDC-IDRI-0377_n02.npz,96,[5],[1],[3],[4],[5],[1],[1],[5],[1],1.0,1.0,0.0
LIDC-IDRI-0378,1.3.6.1.4.1.14519.5.2.1.6279.6001.135792297492008425859352725148,0,0,2,False,"[314.40804552896236, 94.91104701021283, 42.71018164808606]",10.437628306697375,3.0,0.564,True,patches/LIDC-IDRI-0378_n00.npz,96,"[4, 4]","[1, 4]","[6, 6]","[5, 3]","[3, 3]","[2, 2]","[2, 2]","[3, 5]","[3, 3]",3.0,3.0,0.0
LIDC-IDRI-0379,1.3.6.1.4.1.14519.5.2.1.6279.6001.620476670380256054392660616754,0,0,4,False,"[317.60353732024294, 430.36461953863187, 47.45733388830246]",11.164664471675467,3.0,0.721,True,patches/LIDC-IDRI-0379_n00.npz,96,"[4, 4, 3, 5]","[1, 1, 1, 1]","[6, 6, 6, 6]","[3, 3, 4, 3]","[4, 5, 2, 1]","[1, 1, 2, 1]","[3, 2, 2, 1]","[4, 5, 3, 3]","[3, 3, 3, 2]",2.75,3.0,0.4330127018922193
LIDC-IDRI-0379,1.3.6.1.4.1.14519.5.2.1.6279.6001.620476670380256054392660616754,0,1,1,False,"[357.89130434782606, 99.41304347826087, 62.891304347826086]",5.248959230171277,3.0,0.721,True,patches/LIDC-IDRI-0379_n01.npz,96,[5],[1],[6],[3],[3],[1],[1],[5],[2],2.0,2.0,0.0
LIDC-IDRI-0379,1.3.6.1.4.1.14519.5.2.1.6279.6001.620476670380256054392660616754,0,2,4,False,"[330.8864711148084, 402.0549711198053, 63.38236936334126]",6.035148956977265,3.0,0.721,True,patches/LIDC-IDRI-0379_n02.npz,96,"[5, 3, 3, 5]","[1, 1, 1, 1]","[3, 3, 3, 3]","[3, 5, 4, 5]","[5, 5, 5, 5]","[1, 1, 1, 1]","[1, 1, 1, 1]","[5, 5, 5, 5]","[1, 1, 1, 1]",1.0,1.0,0.0
LIDC-IDRI-0379,1.3.6.1.4.1.14519.5.2.1.6279.6001.620476670380256054392660616754,0,3,4,False,"[402.9607189243447, 330.8707538020038, 67.75830534847256]",9.26097626038064,3.0,0.721,True,patches/LIDC-IDRI-0379_n03.npz,96,"[4, 3, 3, 5]","[1, 1, 1, 1]","[6, 6, 6, 6]","[2, 3, 2, 3]","[4, 4, 4, 4]","[1, 1, 2, 1]","[1, 1, 1, 1]","[5, 5, 4, 5]","[3, 3, 3, 2]",2.75,3.0,0.4330127018922193
LIDC-IDRI-0379,1.3.6.1.4.1.14519.5.2.1.6279.6001.620476670380256054392660616754,0,4,2,False,"[287.0334821428571, 104.50044642857142, 92.55267857142857]",4.932805902680176,3.0,0.721,True,patches/LIDC-IDRI-0379_n04.npz,96,"[3, 5]","[1, 1]","[6, 6]","[3, 5]","[4, 5]","[1, 1]","[1, 1]","[4, 5]","[3, 3]",3.0,3.0,0.0
LIDC-IDRI-0380,1.3.6.1.4.1.14519.5.2.1.6279.6001.262736997975960398949912434623,0,0,4,False,"[286.080591957989, 93.41048495278811, 97.99844314375642]",5.443852265640997,2.0,0.625,False,patches/LIDC-IDRI-0380_n00.npz,96,"[3, 3, 5, 3]","[1, 1, 1, 1]","[6, 6, 6, 6]","[5, 5, 4, 4]","[5, 4, 5, 3]","[1, 1, 5, 2]","[1, 1, 5, 1]","[5, 4, 4, 5]","[3, 2, 4, 2]",2.75,2.5,0.82915619758885
LIDC-IDRI-0380,1.3.6.1.4.1.14519.5.2.1.6279.6001.262736997975960398949912434623,0,1,4,False,"[190.01620341145218, 131.07733534548515, 122.76430534732634]",5.286457306003938,2.0,0.625,False,patches/LIDC-IDRI-0380_n01.npz,96,"[2, 2, 4, 2]","[2, 1, 1, 1]","[6, 6, 6, 6]","[3, 4, 3, 3]","[2, 3, 3, 3]","[1, 1, 5, 1]","[1, 1, 5, 1]","[1, 2, 3, 1]","[2, 2, 3, 2]",2.25,2.0,0.4330127018922193
LIDC-IDRI-0380,1.3.6.1.4.1.14519.5.2.1.6279.6001.262736997975960398949912434623,0,2,2,False,"[259.4, 95.81, 123.93]",10.606601717798213,2.0,0.625,False,patches/LIDC-IDRI-0380_n02.npz,96,"[1, 3]","[1, 1]","[6, 6]","[4, 4]","[1, 1]","[1, 5]","[1, 5]","[1, 1]","[2, 3]",2.5,2.5,0.5
LIDC-IDRI-0381,1.3.6.1.4.1.14519.5.2.1.6279.6001.141174904898798023569427533813,0,0,2,False,"[337.1842105263158, 422.3533834586466, 78.06140350877193]",5.538352423808648,3.0,0.5859375,False,patches/LIDC-IDRI-0381_n00.npz,96,"[4, 5]","[1, 1]","[6, 6]","[3, 5]","[5, 5]","[1, 1]","[1, 1]","[5, 5]","[3, 2]",2.5,2.5,0.5
LIDC-IDRI-0384,1.3.6.1.4.1.14519.5.2.1.6279.6001.205852555362702089950453265567,0,0,1,False,"[192.2093023255814, 166.13953488372093, 321.0232558139535]",7.78789770440689,1.25,0.644531,False,patches/LIDC-IDRI-0384_n00.npz,96,[3],[1],[6],[4],[5],[1],[1],[4],[2],2.0,2.0,0.0
LIDC-IDRI-0384,1.3.6.1.4.1.14519.5.2.1.6279.6001.205852555362702089950453265567,0,1,2,False,"[301.4876806443971, 386.7120350627813, 362.9624496564795]",5.351625163370938,1.25,0.644531,False,patches/LIDC-IDRI-0384_n01.npz,96,"[5, 3]","[1, 1]","[6, 6]","[5, 4]","[5, 3]","[1, 2]","[1, 1]","[5, 5]","[3, 3]",3.0,3.0,0.0
LIDC-IDRI-0384,1.3.6.1.4.1.14519.5.2.1.6279.6001.205852555362702089950453265567,0,2,1,False,"[297.67391304347825, 195.1086956521739, 445.70652173913044]",7.761180995463571,1.25,0.644531,False,patches/LIDC-IDRI-0384_n02.npz,96,[5],[1],[6],[3],[4],[1],[1],[5],[2],2.0,2.0,0.0
LIDC-IDRI-0385,1.3.6.1.4.1.14519.5.2.1.6279.6001.268030488196493755113553009785,0,0,4,False,"[341.4963738470829, 378.5762863213522, 341.0781974867232]",10.90010012406629,1.25,0.644531,False,patches/LIDC-IDRI-0385_n00.npz,96,"[5, 3, 3, 3]","[1, 1, 1, 1]","[6, 6, 6, 6]","[3, 5, 5, 3]","[4, 2, 5, 4]","[2, 1, 1, 1]","[2, 1, 1, 1]","[4, 2, 2, 1]","[5, 4, 2, 4]",3.75,4.0,1.0897247358851685
LIDC-IDRI-0385,1.3.6.1.4.1.14519.5.2.1.6279.6001.268030488196493755113553009785,0,1,1,False,"[271.41828653707705, 310.2260619150468, 359.7836573074154]",31.004553953407463,1.25,0.644531,False,patches/LIDC-IDRI-0385_n01.npz,96,[5],[1],[6],[2],[2],[2],[1],[5],[4],4.0,4.0,0.0
LIDC-IDRI-0386,1.3.6.1.4.1.14519.5.2.1.6279.6001.264251211689085893915477907261,0,0,1,False,"[363.7674418604651, 134.7674418604651, 113.53488372093024]",5.403210198505334,1.25,0.742188,False,patches/LIDC-IDRI-0386_n00.npz,96,[3],[1],[3],[3],[5],[1],[1],[5],[1],1.0,1.0,0.0
LIDC-IDRI-0386,1.3.6.1.4.1.14519.5.2.1.6279.6001.264251211689085893915477907261,0,1,3,False,"[299.28973214065695, 126.2332771494049, 259.83990882432664]",9.039694043792116,1.25,0.742188,False,patches/LIDC-IDRI-0386_n01.npz,96,"[4, 1, 2]","[1, 1, 1]","[6, 6, 6]","[4, 3, 4]","[4, 2, 2]","[1, 1, 3]","[1, 1, 2]","[4, 1, 1]","[3, 3, 4]",3.3333333333333335,3.0,0.4714045207910317
LIDC-IDRI-0386,1.3.6.1.4.1.14519.5.2.1.6279.6001.264251211689085893915477907261,0,2,2,False,"[369.4055275325767, 151.78793610760823, 291.85634720470784]",5.08344438336594,1.25,0.742188,False,patches/LIDC-IDRI-0386_n02.npz,96,"[4, 4]","[1, 1]","[3, 3]","[4, 5]","[5, 5]","[1, 1]","[1, 1]","[5, 5]","[1, 1]",1.0,1.0,0.0
LIDC-IDRI-0386,1.3.6.1.4.1.14519.5.2.1.6279.6001.264251211689085893915477907261,0,3,4,False,"[328.3976407579563, 188.52218309559902, 304.8717327456916]",7.984754201185591,1.25,0.742188,False,patches/LIDC-IDRI-0386_n03.npz,96,"[5, 4, 4, 5]","[1, 1, 1, 1]","[3, 3, 3, 3]","[3, 3, 4, 5]","[5, 5, 5, 5]","[1, 1, 1, 1]","[1, 1, 1, 1]","[5, 5, 5, 5]","[1, 1, 1, 1]",1.0,1.0,0.0
LIDC-IDRI-0386,1.3.6.1.4.1.14519.5.2.1.6279.6001.264251211689085893915477907261,0,4,4,False,"[219.39023493956117, 158.5273746282295, 356.1090056370266]",8.244983478226727,1.25,0.742188,False,patches/LIDC-IDRI-0386_n04.npz,96,"[5, 1, 2, 1]","[1, 1, 1, 1]","[6, 6, 6, 6]","[4, 5, 4, 5]","[4, 3, 2, 5]","[1, 1, 2, 1]","[1, 1, 3, 1]","[3, 1, 1, 1]","[4, 2, 4, 2]",3.0,3.0,1.0
LIDC-IDRI-0386,1.3.6.1.4.1.14519.5.2.1.6279.6001.264251211689085893915477907261,0,5,1,False,"[228.26666666666668, 389.0095238095238, 386.9428571428571]",5.652335409894913,1.25,0.742188,False,patches/LIDC-IDRI-0386_n05.npz,96,[3],[1],[6],[2],[4],[1],[2],[4],[4],4.0,4.0,0.0
LIDC-IDRI-0387,1.3.6.1.4.1.14519.5.2.1.6279.6001.206200456333833579428083808192,0,0,4,False,"[316.15130917756017, 385.0656180195249, 74.30905637294072]",16.70092709341842,3.0,0.58203125,False,patches/LIDC-IDRI-0387_n00.npz,96,"[4, 5, 5, 5]","[1, 1, 1, 1]","[6, 6, 6, 6]","[2, 2, 3, 2]","[2, 3, 3, 2]","[2, 1, 4, 1]","[3, 4, 1, 1]","[3, 5, 5, 4]","[4, 3, 5, 3]",3.75,3.5,0.82915619758885
LIDC-IDRI-0387,1.3.6.1.4.1.14519.5.2.1.6279.6001.206200456333833579428083808192,0,1,2,False,"[287.735, 356.0132456140351, 77.46368421052631]",8.958980560830259,3.0,0.58203125,False,patches/LIDC-IDRI-0387_n01.npz,96,"[4, 5]","[1, 1]","[6, 6]","[4, 3]","[1, 1]","[4, 1]","[3, 1]","[3, 3]","[3, 3]",3.0,3.0,0.0
LIDC-IDRI-0388,1.3.6.1.4.1.14519.5.2.1.6279.6001.207341668080525761926965850679,0,0,2,False,"[360.12005347593583, 89.08021390374331, 174.88101604278074]",7.184114646842859,1.0,0.630859375,False,patches/LIDC-IDRI-0388_n00.npz,96,"[1, 1]","[1, 1]","[6, 6]","[3, 5]","[1, 2]","[1, 1]","[1, 1]","[1, 1]","[2, 2]",2.0,2.0,0.0
LIDC-IDRI-0388,1.3.6.1.4.1.14519.5.2.1.6279.6001.207341668080525761926965850679,0,1,3,False,"[208.1987083954297, 95.27558961985191, 249.02972346414967]",7.529205260231099,1.0,0.630859375,False,patches/LIDC-IDRI-0388_n01.npz,96,"[3, 1, 2]","[1, 1, 1]","[6, 6, 6]","[4, 5, 2]","[4, 2, 1]","[1, 1, 1]","[1, 1, 1]","[4, 1, 1]","[4, 3, 2]",3.0,3.0,0.816496580927726
LIDC-IDRI-0388,1.3.6.1.4.1.14519.5.2.1.6279.6001.207341668080525761926965850679,0,2,1,False,"[250.47761194029852, 91.13432835820896, 250.83582089552237]",8.201171875,1.0,0.630859375,False,patches/LIDC-IDRI-0388_n02.npz,96,[1],[1],[6],[3],[1],[1],[1],[1],[2],2.0,2.0,0.0
LIDC-IDRI-0388,1.3.6.1.4.1.14519.5.2.1.6279.6001.207341668080525761926965850679,0,3,1,False,"[293.6279069767442, 89.03488372093024, 301.59302325581393]",5.816236054112505,1.0,0.630859375,False,patches/LIDC-IDRI-0388_n03.npz,96,[2],[1],[6],[3],[2],[1],[1],[3],[2],2.0,2.0,0.0
LIDC-IDRI-0388,1.3.6.1.4.1.14519.5.2.1.6279.6001.207341668080525761926965850679,0,4,2,False,"[308.96238481535397, 171.41943707821764, 308.7639427895065]",20.485868308177416,1.0,0.630859375,False,patches/LIDC-IDRI-0388_n04.npz,96,"[2, 1]","[1, 1]","[6, 6]","[4, 5]","[1, 2]","[1, 1]","[1, 1]","[1, 1]","[2, 2]",2.0,2.0,0.0
LIDC-IDRI-0390,1.3.6.1.4.1.14519.5.2.1.6279.6001.948571344159440282864365970915,0,0,4,False,"[208.0735009119927, 408.6635842579926, 33.90577785377717]",9.965761441030752,3.0,0.62890625,False,patches/LIDC-IDRI-0390_n00.npz,96,"[4, 4, 4, 5]","[1, 1, 1, 1]","[3, 3, 3, 3]","[3, 3, 4, 5]","[4, 5, 4, 5]","[1, 1, 1, 1]","[1, 1, 1, 1]","[5, 5, 5, 5]","[1, 1, 1, 1]",1.0,1.0,0.0
LIDC-IDRI-0390,1.3.6.1.4.1.14519.5.2.1.6279.6001.948571344159440282864365970915,0,1,4,False,"[243.14258312811018, 159.17371516721627, 43.97663310607261]",11.407107620808521,3.0,0.62890625,False,patches/LIDC-IDRI-0390_n01.npz,96,"[4, 4, 2, 5]","[1, 1, 1, 1]","[3, 3, 3, 3]","[2, 3, 3, 4]","[4, 5, 5, 5]","[1, 2, 1, 1]","[1, 1, 1, 1]","[5, 5, 5, 5]","[1, 1, 1, 1]",1.0,1.0,0.0
LIDC-IDRI-0390,1.3.6.1.4.1.14519.5.2.1.6279.6001.948571344159440282864365970915,0,2,4,False,"[339.260209145693, 191.98999205692755, 45.122563731861646]",8.63740902916781,3.0,0.62890625,False,patches/LIDC-IDRI-0390_n02.npz,96,"[4, 4, 4, 5]","[1, 1, 1, 1]","[3, 3, 3, 3]","[3, 4, 3, 5]","[4, 5, 5, 5]","[1, 1, 1, 1]","[1, 1, 1, 1]","[5, 5, 5, 5]","[1, 1, 1, 1]",1.0,1.0,0.0
LIDC-IDRI-0390,1.3.6.1.4.1.14519.5.2.1.6279.6001.948571344159440282864365970915,0,3,1,False,"[195.82608695652175, 96.02173913043478, 45.52173913043478]",5.410056124976027,3.0,0.62890625,False,patches/LIDC-IDRI-0390_n03.npz,96,[5],[1],[6],[4],[5],[1],[1],[5],[2],2.0,2.0,0.0
LIDC-IDRI-0390,1.3.6.1.4.1.14519.5.2.1.6279.6001.948571344159440282864365970915,0,4,4,False,"[265.8033977212847, 164.57313245666185, 58.30746189755577]",10.02668016608863,3.0,0.62890625,False,patches/LIDC-IDRI-0390_n04.npz,96,"[4, 4, 4, 5]","[1, 1, 1, 1]","[3, 3, 3, 3]","[3, 5, 3, 4]","[4, 5, 5, 5]","[1, 1, 1, 1]","[1, 1, 1, 1]","[5, 5, 5, 5]","[1, 1, 1, 1]",1.0,1.0,0.0
LIDC-IDRI-0390,1.3.6.1.4.1.14519.5.2.1.6279.6001.948571344159440282864365970915,0,5,4,False,"[336.7840613550426, 102.91977061149194, 66.83623453507766]",16.405494195145483,3.0,0.62890625,False,patches/LIDC-IDRI-0390_n05.npz,96,"[5, 5, 4, 5]","[1, 1, 1, 1]","[3, 3, 6, 3]","[4, 4, 3, 5]","[4, 5, 4, 5]","[2, 2, 2, 1]","[1, 1, 1, 1]","[5, 5, 4, 5]","[1, 1, 3, 1]",1.5,1.0,0.8660254037844386
LIDC-IDRI-0390,1.3.6.1.4.1.14519.5.2.1.6279.6001.948571344159440282864365970915,0,6,3,False,"[361.34612401781095, 133.38452255299185, 70.2313369878146]",6.614540451409652,3.0,0.62890625,False,patches/LIDC-IDRI-0390_n06.npz,96,"[4, 2, 5]","[1, 1, 1]","[3, 3, 3]","[5, 5, 5]","[5, 5, 5]","[1, 1, 1]","[1, 1, 1]","[5, 5, 5]","[1, 1, 1]",1.0,1.0,0.0
LIDC-IDRI-0390,1.3.6.1.4.1.14519.5.2.1.6279.6001.948571344159440282864365970915,0,7,3,False,"[179.48426602395116, 191.26811779769525, 73.26714870327133]",6.411824648674066,3.0,0.62890625,False,patches/LIDC-IDRI-0390_n07.npz,96,"[3, 3, 5]","[1, 1, 1]","[3, 3, 3]","[4, 3, 5]","[4, 5, 5]","[1, 1, 1]","[1, 1, 1]","[5, 5, 5]","[1, 1, 1]",1.0,1.0,0.0
LIDC-IDRI-0392,1.3.6.1.4.1.14519.5.2.1.6279.6001.176638348958425792989125209419,0,0,4,False,"[216.30864325534478, 358.5633861934359, 154.28033806899543]",4.997941160800375,1.25,0.591797,False,patches/LIDC-IDRI-0392_n00.npz,96,"[3, 1, 1, 3]","[1, 1, 1, 1]","[6, 6, 6, 6]","[4, 5, 5, 3]","[3, 2, 2, 4]","[1, 1, 1, 1]","[1, 1, 1, 1]","[1, 1, 1, 1]","[3, 3, 3, 3]",3.0,3.0,0.0
LIDC-IDRI-0392,1.3.6.1.4.1.14519.5.2.1.6279.6001.176638348958425792989125209419,0,1,1,False,"[229.9016393442623, 403.1311475409836, 194.327868852459]",8.616694384293082,1.25,0.591797,False,patches/LIDC-IDRI-0392_n01.npz,96,[1],[1],[6],[3],[2],[1],[2],[1],[2],2.0,2.0,0.0
LIDC-IDRI-0392,1.3.6.1.4.1.14519.5.2.1.6279.6001.176638348958425792989125209419,0,2,3,False,"[327.1722364816399, 404.9283831548746, 204.50119260584378]",5.56155244864019,1.25,0.591797,False,patches/LIDC-IDRI-0392_n02.npz,96,"[2, 1, 2]","[1, 1, 1]","[6, 6, 6]","[3, 3, 3]","[2, 2, 5]","[2, 1, 1]","[2, 1, 1]","[2, 1, 1]","[3, 2, 3]",2.6666666666666665,3.0,0.4714045207910317
LIDC-IDRI-0393,1.3.6.1.4.1.14519.5.2.1.6279.6001.200558451375970945040979397866,0,0,2,False,"[364.9603658536586, 305.9203506097561, 71.3578506097561]",5.03577317754959,1.25,0.703125,False,patches/LIDC-IDRI-0393_n00.npz,96,"[3, 1]","[1, 1]","[6, 6]","[4, 5]","[5, 5]","[1, 1]","[1, 1]","[4, 5]","[3, 2]",2.5,2.5,0.5
LIDC-IDRI-0394,1.3.6.1.4.1.14519.5.2.1.6279.6001.295420274214095686326263147663,0,0,2,False,"[155.0959090909091, 129.1511251862891, 112.8523174366617]",9.472759020645386,1.25,0.525391,False,patches/LIDC-IDRI-0394_n00.npz,96,"[4, 5]","[1, 1]","[6, 6]","[3, 3]","[4, 3]","[2, 1]","[1, 1]","[4, 3]","[4, 3]",3.5,3.5,0.5
LIDC-IDRI-0394,1.3.6.1.4.1.14519.5.2.1.6279.6001.295420274214095686326263147663,0,1,3,False,"[373.3168045308891, 95.72321335419927, 119.96077949176542]",6.15941514996963,1.25,0.525391,False,patches/LIDC-IDRI-0394_n01.npz,96,"[3, 4, 5]","[1, 1, 1]","[6, 6, 6]","[3, 3, 3]","[4, 5, 4]","[3, 2, 2]","[1, 1, 2]","[5, 5, 3]","[3, 3, 3]",3.0,3.0,0.0
LIDC-IDRI-0394,1.3.6.1.4.1.14519.5.2.1.6279.6001.295420274214095686326263147663,0,2,3,False,"[363.60154738878146, 76.728898022781, 128.4811546314206]",5.2340707674183635,1.25,0.525391,False,patches/LIDC-IDRI-0394_n02.npz,96,"[3, 4, 3]","[1, 1, 1]","[6, 6, 6]","[3, 3, 4]","[3, 4, 1]","[1, 1, 1]","[1, 1, 1]","[4, 5, 1]","[3, 3, 4]",3.3333333333333335,3.0,0.4714045207910317
LIDC-IDRI-0394,1.3.6.1.4.1.14519.5.2.1.6279.6001.295420274214095686326263147663,0,3,4,False,"[359.21632529887074, 101.2265861828854, 128.84181640218918]",5.894809922082057,1.25,0.525391,False,patches/LIDC-IDRI-0394_n03.npz,96,"[2, 2, 3, 2]","[1, 1, 1, 1]","[6, 6, 6, 6]","[3, 3, 4, 2]","[1, 3, 4, 2]","[1, 1, 1, 1]","[1, 2, 1, 1]","[1, 1, 2, 1]","[3, 3, 4, 3]",3.25,3.0,0.4330127018922193
LIDC-IDRI-0394,1.3.6.1.4.1.14519.5.2.1.6279.6001.295420274214095686326263147663,0,4,3,False,"[286.75675332436873, 91.2760591119623, 143.11501840457467]",8.646902930140314,1.25,0.525391,False,patches/LIDC-IDRI-0394_n04.npz,96,"[2, 4, 5]","[1, 1, 1]","[6, 6, 6]","[3, 2, 3]","[1, 2, 4]","[2, 1, 3]","[3, 2, 2]","[2, 2, 5]","[3, 3, 5]",3.6666666666666665,3.0,0.9428090415820634
LIDC-IDRI-0394,1.3.6.1.4.1.14519.5.2.1.6279.6001.295420274214095686326263147663,0,5,4,False,"[348.75117585170835, 137.03277038669546, 144.15905150762194]",9.602725192069293,1.25,0.525391,False,patches/LIDC-IDRI-0394_n05.npz,96,"[2, 4, 5, 3]","[1, 1, 1, 1]","[6, 6, 6, 6]","[4, 3, 3, 4]","[2, 3, 4, 2]","[2, 1, 3, 1]","[3, 3, 2, 1]","[1, 1, 5, 1]","[3, 3, 5, 3]",3.5,3.0,0.8660254037844386
LIDC-IDRI-0394,1.3.6.1.4.1.14519.5.2.1.6279.6001.295420274214095686326263147663,0,6,1,False,"[290.69565217391306, 109.33333333333333, 198.0]",4.956528780952356,1.25,0.525391,False,patches/LIDC-IDRI-0394_n06.npz,96,[4],[1],[6],[4],[5],[1],[1],[5],[3],3.0,3.0,0.0
LIDC-IDRI-0394,1.3.6.1.4.1.14519.5.2.1.6279.6001.295420274214095686326263147663,0,7,1,False,"[276.0877192982456, 343.7894736842105, 220.03508771929825]",4.984296666460575,1.25,0.525391,False,patches/LIDC-IDRI-0394_n07.npz,96,[4],[1],[6],[3],[2],[1],[1],[1],[3],3.0,3.0,0.0
LIDC-IDRI-0395,1.3.6.1.4.1.14519.5.2.1.6279.6001.276831325040358815613434606380,0,0,3,False,"[350.4301809714057, 362.99510310132297, 38.92037246122795]",22.525446540541367,3.0,0.662,True,patches/LIDC-IDRI-0395_n00.npz,96,"[5, 5, 5]","[1, 1, 1]","[6, 6, 6]","[3, 4, 5]","[2, 4, 5]","[4, 3, 4]","[4, 2, 1]","[5, 5, 5]","[4, 4, 3]",3.6666666666666665,4.0,0.4714045207910317
LIDC-IDRI-0395,1.3.6.1.4.1.14519.5.2.1.6279.6001.276831325040358815613434606380,0,1,1,False,"[243.77358490566039, 155.81132075471697, 48.113207547169814]",5.617256269745946,3.0,0.662,True,patches/LIDC-IDRI-0395_n01.npz,96,[3],[1],[6],[5],[5],[1],[1],[5],[2],2.0,2.0,0.0
LIDC-IDRI-0395,1.3.6.1.4.1.14519.5.2.1.6279.6001.276831325040358815613434606380,0,2,2,False,"[382.36237193039517, 95.60678768905512, 53.861871849081155]",31.95621540124062,3.0,0.662,True,patches/LIDC-IDRI-0395_n02.npz,96,"[5, 5]","[1, 1]","[6, 6]","[3, 5]","[1, 4]","[4, 1]","[5, 5]","[3, 4]","[3, 4]",3.5,3.5,0.5
LIDC-IDRI-0395,1.3.6.1.4.1.14519.5.2.1.6279.6001.276831325040358815613434606380,0,3,3,False,"[249.0530283224401, 437.6082788671024, 57.4715468409586]",6.9843080074812045,3.0,0.662,True,patches/LIDC-IDRI-0395_n03.npz,96,"[4, 2, 3]","[1, 1, 1]","[6, 6, 6]","[4, 5, 5]","[4, 4, 5]","[1, 2, 1]","[2, 1, 1]","[5, 4, 5]","[3, 3, 2]",2.6666666666666665,3.0,0.4714045207910317
LIDC-IDRI-0396,1.3.6.1.4.1.14519.5.2.1.6279.6001.638926179252009401630131318338,0,0,1,False,"[333.4590163934426, 155.5737704918033, 46.98360655737705]",5.967498806032557,3.0,0.659,True,patches/LIDC-IDRI-0396_n00.npz,96,[5],[1],[3],[5],[5],[1],[1],[5],[1],1.0,1.0,0.0
LIDC-IDRI-0396,1.3.6.1.4.1.14519.5.2.1.6279.6001.638926179252009401630131318338,0,1,1,False,"[329.8348623853211, 321.04587155963304, 54.84403669724771]",7.278892910326399,3.0,0.659,True,patches/LIDC-IDRI-0396_n01.npz,96,[3],[2],[6],[4],[1],[1],[1],[1],[3],3.0,3.0,0.0
LIDC-IDRI-0397,1.3.6.1.4.1.14519.5.2.1.6279.6001.306558074682524259000586270818,0,0,1,False,"[256.6179775280899, 429.02247191011236, 153.23595505617976]",4.72398318052256,1.25,0.585938,False,patches/LIDC-IDRI-0397_n00.npz,96,[5],[1],[6],[5],[5],[1],[1],[5],[3],3.0,3.0,0.0
LIDC-IDRI-0397,1.3.6.1.4.1.14519.5.2.1.6279.6001.306558074682524259000586270818,0,1,1,False,"[300.11801242236027, 119.84472049689441, 296.6273291925466]",7.457773196787893,1.25,0.585938,False,patches/LIDC-IDRI-0397_n01.npz,96,[5],[1],[6],[3],[1],[1],[1],[1],[3],3.0,3.0,0.0
LIDC-IDRI-0397,1.3.6.1.4.1.14519.5.2.1.6279.6001.306558074682524259000586270818,0,2,2,False,"[259.25190839694653, 121.1430293290478, 373.23664122137404]",5.062536514152626,1.25,0.585938,False,patches/LIDC-IDRI-0397_n02.npz,96,"[5, 3]","[1, 1]","[6, 6]","[4, 3]","[1, 4]","[1, 1]","[1, 1]","[1, 3]","[3, 3]",3.0,3.0,0.0
LIDC-IDRI-0398,1.3.6.1.4.1.14519.5.2.1.6279.6001.188376349804761988217597754952,0,0,1,False,"[291.2886597938144, 408.6082474226804, 83.08247422680412]",6.442352540027595,2.0,0.78125,False,patches/LIDC-IDRI-0398_n00.npz,96,[5],[1],[6],[5],[5],[1],[1],[5],[3],3.0,3.0,0.0
LIDC-IDRI-0398,1.3.6.1.4.1.14519.5.2.1.6279.6001.188376349804761988217597754952,0,1,4,False,"[336.418856457292, 128.57357759316514, 89.90917029849314]",7.072912531789539,2.0,0.78125,False,patches/LIDC-IDRI-0398_n01.npz,96,"[4, 3, 1, 5]","[1, 1, 1, 1]","[6, 6, 6, 6]","[5, 3, 4, 5]","[4, 5, 3, 5]","[1, 1, 2, 1]","[1, 1, 3, 1]","[5, 5, 4, 5]","[3, 2, 3, 3]",2.75,3.0,0.4330127018922193
LIDC-IDRI-0398,1.3.6.1.4.1.14519.5.2.1.6279.6001.188376349804761988217597754952,0,2,1,False,"[342.33663366336634, 348.8217821782178, 112.4950495049505]",5.2407843222651325,2.0,0.78125,False,patches/LIDC-IDRI-0398_n02.npz,96,[5],[1],[6],[5],[5],[1],[1],[5],[3],3.0,3.0,0.0
LIDC-IDRI-0398,1.3.6.1.4.1.14519.5.2.1.6279.6001.188376349804761988217597754952,0,3,4,False,"[374.7826423001806, 358.4098006977422, 123.3946669647004]",7.933435042200218,2.0,0.78125,False,patches/LIDC-IDRI-0398_n03.npz,96,"[4, 4, 2, 5]","[1, 1, 1, 1]","[6, 6, 6, 6]","[5, 4, 5, 5]","[5, 5, 4, 5]","[1, 1, 2, 1]","[1, 1, 1, 1]","[5, 5, 4, 5]","[4, 3, 3, 3]",3.25,3.0,0.4330127018922193
LIDC-IDRI-0398,1.3.6.1.4.1.14519.5.2.1.6279.6001.188376349804761988217597754952,0,4,1,False,"[187.825, 158.95, 123.925]",5.2407843222651325,2.0,0.78125,False,patches/LIDC-IDRI-0398_n04.npz,96,[5],[1],[6],[5],[5],[1],[1],[5],[3],3.0,3.0,0.0
LIDC-IDRI-0398,1.3.6.1.4.1.14519.5.2.1.6279.6001.188376349804761988217597754952,0,5,1,False,"[322.47222222222223, 164.5, 126.06944444444444]",5.002440810494413,2.0,0.78125,False,patches/LIDC-IDRI-0398_n05.npz,96,[5],[1],[6],[5],[5],[1],[1],[5],[3],3.0,3.0,0.0
LIDC-IDRI-0398,1.3.6.1.4.1.14519.5.2.1.6279.6001.188376349804761988217597754952,0,6,3,False,"[315.0812968636994, 145.5179904749542, 131.54483203761666]",6.142859085628747,2.0,0.78125,False,patches/LIDC-IDRI-0398_n06.npz,96,"[3, 3, 5]","[1, 1, 1]","[6, 6, 6]","[4, 3, 5]","[4, 5, 5]","[1, 1, 1]","[1, 1, 1]","[5, 5, 5]","[3, 2, 3]",2.6666666666666665,3.0,0.4714045207910317
LIDC-IDRI-0398,1.3.6.1.4.1.14519.5.2.1.6279.6001.188376349804761988217597754952,0,7,1,False,"[219.72972972972974, 178.83783783783784, 152.04054054054055]",4.419417382415922,2.0,0.78125,False,patches/LIDC-IDRI-0398_n07.npz,96,[5],[1],[6],[5],[5],[1],[1],[5],[3],3.0,3.0,0.0
LIDC-IDRI-0398,1.3.6.1.4.1.14519.5.2.1.6279.6001.188376349804761988217597754952,0,8,1,False,"[169.54794520547946, 290.86301369863014, 160.02739726027397]",4.555431167847891,2.0,0.78125,False,patches/LIDC-IDRI-0398_n08.npz,96,[5],[1],[6],[5],[5],[1],[1],[5],[3],3.0,3.0,0.0
LIDC-IDRI-0398,1.3.6.1.4.1.14519.5.2.1.6279.6001.188376349804761988217597754952,0,9,1,False,"[248.2948717948718, 385.21794871794873, 177.98717948717947]",4.555431167847891,2.0,0.78125,False,patches/LIDC-IDRI-0398_n09.npz,96,[5],[1],[6],[5],[5],[1],[1],[5],[3],3.0,3.0,0.0
LIDC-IDRI-0398,1.3.6.1.4.1.14519.5.2.1.6279.6001.188376349804761988217597754952,0,10,4,False,"[329.51049845724856, 186.5219385840246, 182.58341726693868]",14.955746974739636,2.0,0.78125,False,patches/LIDC-IDRI-0398_n10.npz,96,"[4, 4, 3, 5]","[1, 1, 1, 1]","[6, 6, 6, 6]","[3, 4, 3, 3]","[4, 4, 2, 1]","[1, 1, 3, 1]","[3, 2, 2, 1]","[5, 5, 4, 5]","[5, 4, 3, 3]",3.75,3.5,0.82915619758885
LIDC-IDRI-0398,1.3.6.1.4.1.14519.5.2.1.6279.6001.188376349804761988217597754952,0,11,1,False,"[247.70909090909092, 327.05454545454546, 196.5090909090909]",4.207160005573831,2.0,0.78125,False,patches/LIDC-IDRI-0398_n11.npz,96,[5],[1],[6],[5],[5],[1],[1],[5],[3],3.0,3.0,0.0
LIDC-IDRI-0398,1.3.6.1.4.1.14519.5.2.1.6279.6001.188376349804761988217597754952,0,12,2,False,"[253.2714367816092, 355.1585057471264, 209.65977011494255]",5.79174830343433,2.0,0.78125,False,patches/LIDC-IDRI-0398_n12.npz,96,"[3, 5]","[1, 1]","[6, 6]","[4, 4]","[5, 5]","[1, 1]","[1, 1]","[5, 5]","[2, 3]",2.5,2.5,0.5
LIDC-IDRI-0399,1.3.6.1.4.1.14519.5.2.1.6279.6001.237428977311365557972720635401,0,0,3,False,"[157.92063924276314, 175.41073400542427, 115.1474277934455]",6.879383944770406,1.25,0.664062,True,patches/LIDC-IDRI-0399_n00.npz,96,"[4, 3, 4]","[1, 1, 1]","[6, 6, 6]","[4, 4, 3]","[5, 5, 5]","[1, 2, 3]","[1, 1, 1]","[5, 5, 5]","[2, 2, 2]",2.0,2.0,0.0
LIDC-IDRI-0399,1.3.6.1.4.1.14519.5.2.1.6279.6001.237428977311365557972720635401,0,1,1,False,"[329.2916666666667, 404.7916666666667, 154.0]",5.939551093097873,1.25,0.664062,True,patches/LIDC-IDRI-0399_n01.npz,96,[2],[1],[6],[4],[4],[2],[1],[5],[2],2.0,2.0,0.0
LIDC-IDRI-0400,1.3.6.1.4.1.14519.5.2.1.6279.6001.141430002307216644912805017227,0,0,3,False,"[219.15071545859723, 57.2261643118786, 84.03455493603276]",7.62599851791479,2.0,0.7421875,False,patches/LIDC-IDRI-0400_n00.npz,96,"[3, 2, 5]","[1, 1, 1]","[6, 6, 6]","[3, 3, 5]","[5, 4, 5]","[3, 3, 4]","[1, 1, 3]","[4, 5, 5]","[3, 3, 4]",3.3333333333333335,3.0,0.4714045207910317
LIDC-IDRI-0400,1.3.6.1.4.1.14519.5.2.1.6279.6001.141430002307216644912805017227,0,1,3,False,"[240.21591650358775, 467.71095890410953, 88.78245270711024]",9.628631486180444,2.0,0.7421875,False,patches/LIDC-IDRI-0400_n01.npz,96,"[5, 4, 5]","[1, 1, 1]","[6, 6, 6]","[4, 3, 5]","[5, 4, 5]","[2, 2, 2]","[1, 1, 1]","[5, 5, 5]","[5, 3, 2]",3.3333333333333335,3.0,1.247219128924647
LIDC-IDRI-0400,1.3.6.1.4.1.14519.5.2.1.6279.6001.141430002307216644912805017227,0,2,4,False,"[158.3411810704356, 399.8807605421687, 108.06792313484708]",7.1730331567488195,2.0,0.7421875,False,patches/LIDC-IDRI-0400_n02.npz,96,"[4, 3, 5, 5]","[1, 1, 1, 1]","[6, 6, 6, 6]","[4, 4, 4, 5]","[4, 3, 2, 5]","[2, 3, 1, 4]","[1, 2, 2, 3]","[4, 5, 5, 5]","[4, 3, 3, 4]",3.5,3.5,0.5
LIDC-IDRI-0400,1.3.6.1.4.1.14519.5.2.1.6279.6001.141430002307216644912805017227,0,3,1,False,"[163.3181818181818, 176.75, 129.45454545454547]",6.842630651897065,2.0,0.7421875,False,patches/LIDC-IDRI-0400_n03.npz,96,[4],[1],[6],[3],[3],[1],[1],[5],[2],2.0,2.0,0.0
LIDC-IDRI-0402,1.3.6.1.4.1.14519.5.2.1.6279.6001.169128136262002764211589185953,0,0,4,False,"[325.6299446337114, 125.61465503122358, 77.05241170330838]",9.284054874807527,1.25,0.742188,False,patches/LIDC-IDRI-0402_n00.npz,96,"[3, 4, 4, 4]","[1, 1, 1, 1]","[6, 6, 6, 6]","[4, 3, 4, 4]","[4, 5, 4, 5]","[2, 1, 1, 1]","[1, 2, 2, 1]","[5, 5, 4, 5]","[3, 3, 4, 2]",3.0,3.0,0.7071067811865476
LIDC-IDRI-0402,1.3.6.1.4.1.14519.5.2.1.6279.6001.169128136262002764211589185953,0,1,3,False,"[263.93995305717925, 446.5711851939199, 99.84747120821612]",6.31525014592954,1.25,0.742188,False,patches/LIDC-IDRI-0402_n01.npz,96,"[3, 4, 4]","[1, 1, 1]","[6, 6, 6]","[5, 3, 5]","[5, 2, 5]","[1, 1, 1]","[1, 1, 1]","[5, 4, 5]","[2, 3, 3]",2.6666666666666665,3.0,0.4714045207910317
LIDC-IDRI-0402,1.3.6.1.4.1.14519.5.2.1.6279.6001.169128136262002764211589185953,0,2,2,False,"[249.3670668953688, 444.3596340766152, 104.92052601486563]",6.222111897320228,1.25,0.742188,False,patches/LIDC-IDRI-0402_n02.npz,96,"[4, 4]","[1, 1]","[6, 6]","[3, 5]","[2, 5]","[1, 1]","[3, 1]","[4, 5]","[3, 3]",3.0,3.0,0.0
LIDC-IDRI-0402,1.3.6.1.4.1.14519.5.2.1.6279.6001.169128136262002764211589185953,0,3,4,False,"[302.85224013912546, 398.42649059519533, 166.49190637655707]",9.149044102263698,1.25,0.742188,False,patches/LIDC-IDRI-0402_n03.npz,96,"[3, 4, 3, 3]","[1, 1, 1, 1]","[6, 6, 6, 6]","[4, 3, 4, 4]","[3, 4, 1, 5]","[3, 1, 1, 1]","[1, 2, 1, 1]","[1, 1, 1, 3]","[3, 3, 3, 4]",3.25,3.0,0.4330127018922193
LIDC-IDRI-0402,1.3.6.1.4.1.14519.5.2.1.6279.6001.169128136262002764211589185953,0,4,3,False,"[346.46554834054837, 158.74516852195424, 204.04897186147184]",5.64661817475491,1.25,0.742188,False,patches/LIDC-IDRI-0402_n04.npz,96,"[2, 1, 2]","[1, 1, 1]","[6, 6, 6]","[5, 3, 3]","[2, 3, 1]","[1, 1, 1]","[1, 1, 1]","[1, 1, 1]","[3, 3, 3]",3.0,3.0,0.0
LIDC-IDRI-0402,1.3.6.1.4.1.14519.5.2.1.6279.6001.169128136262002764211589185953,0,5,3,False,"[230.20890192784478, 331.4630023007535, 207.1648528451029]",7.775419656496645,1.25,0.742188,False,patches/LIDC-IDRI-0402_n05.npz,96,"[2, 1, 2]","[1, 1, 1]","[6, 6, 6]","[4, 3, 4]","[1, 3, 1]","[2, 1, 1]","[1, 2, 1]","[1, 1, 2]","[3, 2, 2]",2.3333333333333335,2.0,0.4714045207910317
LIDC-IDRI-0402,1.3.6.1.4.1.14519.5.2.1.6279.6001.169128136262002764211589185953,0,6,3,False,"[315.2673727238944, 191.55555555555554, 211.98717948717947]",7.485673704958238,1.25,0.742188,False,patches/LIDC-IDRI-0402_n06.npz,96,"[1, 1, 1]","[1, 1, 1]","[6, 6, 6]","[3, 2, 4]","[1, 3, 1]","[1, 1, 1]","[1, 3, 3]","[1, 1, 1]","[3, 3, 3]",3.0,3.0,0.0
LIDC-IDRI-0402,1.3.6.1.4.1.14519.5.2.1.6279.6001.169128136262002764211589185953,0,7,1,False,"[329.60714285714283, 195.10714285714286, 212.0]",7.421879999999987,1.25,0.742188,False,patches/LIDC-IDRI-0402_n07.npz,96,[1],[1],[6],[5],[1],[1],[1],[1],[3],3.0,3.0,0.0
LIDC-IDRI-0402,1.3.6.1.4.1.14519.5.2.1.6279.6001.169128136262002764211589185953,0,8,1,False,"[338.7307692307692, 161.03846153846155, 217.0]",8.027990670102216,1.25,0.742188,False,patches/LIDC-IDRI-0402_n08.npz,96,[1],[1],[6],[2],[2],[1],[4],[1],[3],3.0,3.0,0.0
LIDC-IDRI-0402,1.3.6.1.4.1.14519.5.2.1.6279.6001.169128136262002764211589185953,0,9,3,False,"[291.28252360908186, 297.4073621147368, 241.7284392364828]",31.151595543305593,1.25,0.742188,False,patches/LIDC-IDRI-0402_n09.npz,96,"[4, 5, 5]","[1, 1, 1]","[6, 6, 6]","[3, 3, 4]","[1, 1, 1]","[4, 1, 1]","[4, 5, 2]","[3, 3, 3]","[4, 5, 4]",4.333333333333333,4.0,0.4714045207910317
LIDC-IDRI-0403,1.3.6.1.4.1.14519.5.2.1.6279.6001.952265563663939823135367733681,0,0,4,False,"[428.76352782635985, 150.59866110044197, 149.21686668851845]",7.606280864999227,1.25,0.49609375,False,patches/LIDC-IDRI-0403_n00.npz,96,"[5, 5, 4, 5]","[1, 1, 1, 1]","[3, 3, 3, 5]","[4, 5, 5, 5]","[5, 5, 5, 5]","[2, 1, 1, 1]","[1, 1, 1, 1]","[5, 5, 5, 5]","[1, 1, 1, 1]",1.0,1.0,0.0
LIDC-IDRI-0404,1.3.6.1.4.1.14519.5.2.1.6279.6001.897684031374557757145405000951,0,0,3,False,"[353.4164166080158, 317.99755234477453, 114.64021540564092]",36.69219020002435,2.0,0.802734375,False,patches/LIDC-IDRI-0404_n00.npz,96,"[5, 4, 5]","[1, 1, 1]","[6, 6, 6]","[2, 4, 3]","[2, 1, 4]","[4, 2, 3]","[3, 4, 3]","[5, 4, 5]","[5, 4, 4]",4.333333333333333,4.0,0.4714045207910317
LIDC-IDRI-0404,1.3.6.1.4.1.14519.5.2.1.6279.6001.897684031374557757145405000951,0,1,3,False,"[368.370032488629, 147.936146848603, 116.61760883690708]",9.19172656024385,2.0,0.802734375,False,patches/LIDC-IDRI-0404_n01.npz,96,"[4, 2, 4]","[1, 1, 1]","[6, 6, 6]","[4, 4, 4]","[5, 1, 3]","[1, 1, 1]","[1, 1, 1]","[5, 3, 5]","[3, 3, 2]",2.6666666666666665,3.0,0.4714045207910317
LIDC-IDRI-0404,1.3.6.1.4.1.14519.5.2.1.6279.6001.897684031374557757145405000951,0,2,2,False,"[237.58893735611292, 163.02629346904155, 126.45086635162971]",7.957391370350626,2.0,0.802734375,False,patches/LIDC-IDRI-0404_n02.npz,96,"[2, 3]","[1, 1]","[6, 6]","[5, 3]","[3, 5]","[1, 1]","[1, 2]","[4, 5]","[3, 4]",3.5,3.5,0.5
LIDC-IDRI-0404,1.3.6.1.4.1.14519.5.2.1.6279.6001.897684031374557757145405000951,0,3,4,False,"[296.3145925438415, 124.93215521898269, 134.65412298200707]",18.998417196878705,2.0,0.802734375,False,patches/LIDC-IDRI-0404_n03.npz,96,"[5, 5, 5, 5]","[1, 1, 1, 1]","[6, 6, 6, 6]","[5, 4, 4, 4]","[5, 5, 5, 5]","[1, 1, 1, 1]","[2, 1, 2, 1]","[5, 5, 5, 5]","[5, 4, 5, 2]",4.0,4.5,1.224744871391589
LIDC-IDRI-0404,1.3.6.1.4.1.14519.5.2.1.6279.6001.897684031374557757145405000951,0,4,7,True,"[244.38978379936634, 134.11788891576836, 139.48828744607556]",14.995563681604837,2.0,0.802734375,False,patches/LIDC-IDRI-0404_n04.npz,96,"[5, 4, 4, 5, 5, 4, 5]","[1, 1, 1, 1, 1, 1, 1]","[6, 6, 6, 6, 6, 6, 6]","[2, 4, 4, 4, 4, 3, 3]","[2, 5, 5, 4, 4, 4, 4]","[2, 1, 1, 1, 1, 2, 2]","[3, 1, 1, 2, 1, 4, 1]","[5, 5, 5, 5, 4, 5, 5]","[5, 3, 3, 4, 4, 3, 2]",3.4285714285714284,3.0,0.9035079029052513
LIDC-IDRI-0404,1.3.6.1.4.1.14519.5.2.1.6279.6001.897684031374557757145405000951,0,5,2,False,"[341.57097774925114, 151.90992725716728, 168.6368563685637]",13.024349773380173,2.0,0.802734375,False,patches/LIDC-IDRI-0404_n05.npz,96,"[2, 4]","[1, 1]","[6, 6]","[2, 3]","[2, 2]","[2, 2]","[1, 1]","[5, 5]","[3, 3]",3.0,3.0,0.0
LIDC-IDRI-0405,1.3.6.1.4.1.14519.5.2.1.6279.6001.693480911433291675609148051914,0,0,3,False,"[297.9674981103553, 171.35390581353315, 67.0651023694502]",8.406669288109763,2.0,0.6484375,False,patches/LIDC-IDRI-0405_n00.npz,96,"[1, 4, 5]","[1, 1, 1]","[6, 6, 6]","[2, 3, 3]","[3, 5, 2]","[3, 1, 1]","[2, 1, 2]","[5, 5, 3]","[1, 3, 3]",2.3333333333333335,3.0,0.9428090415820634
LIDC-IDRI-0405,1.3.6.1.4.1.14519.5.2.1.6279.6001.693480911433291675609148051914,0,1,4,False,"[199.415988810621, 127.56932857001213, 107.85508218246063]",8.370044827490867,2.0,0.6484375,False,patches/LIDC-IDRI-0405_n01.npz,96,"[4, 5, 5, 5]","[1, 1, 1, 1]","[6, 6, 6, 6]","[3, 4, 4, 5]","[4, 5, 4, 5]","[2, 1, 2, 1]","[1, 1, 2, 1]","[5, 5, 4, 5]","[2, 3, 4, 3]",3.0,3.0,0.7071067811865476
LIDC-IDRI-0405,1.3.6.1.4.1.14519.5.2.1.6279.6001.693480911433291675609148051914,0,2,1,False,"[276.00840336134456, 411.5378151260504, 153.2016806722689]",4.720696256330336,2.0,0.6484375,False,patches/LIDC-IDRI-0405_n02.npz,96,[5],[1],[3],[5],[5],[1],[1],[5],[1],1.0,1.0,0.0
LIDC-IDRI-0405,1.3.6.1.4.1.14519.5.2.1.6279.6001.693480911433291675609148051914,0,3,2,False,"[381.30394833560854, 357.2243515698834, 215.6697469284889]",6.024172191736641,2.0,0.6484375,False,patches/LIDC-IDRI-0405_n03.npz,96,"[4, 5]","[1, 1]","[6, 6]","[4, 5]","[5, 5]","[1, 1]","[1, 1]","[5, 5]","[2, 3]",2.5,2.5,0.5
LIDC-IDRI-0406,1.3.6.1.4.1.14519.5.2.1.6279.6001.338104567770715523699587505022,0,0,1,False,"[343.5578947368421, 167.73684210526315, 118.92631578947369]",4.831768528126325,1.25,0.585938,False,patches/LIDC-IDRI-0406_n00.npz,96,[4],[1],[3],[5],[5],[1],[1],[5],[1],1.0,1.0,0.0
LIDC-IDRI-0406,1.3.6.1.4.1.14519.5.2.1.6279.6001.338104567770715523699587505022,0,1,4,False,"[383.9866280572328, 102.62377428423935, 295.5902012201543]",7.401498396132361,1.25,0.585938,False,patches/LIDC-IDRI-0406_n01.npz,96,"[4, 1, 3, 1]","[1, 1, 1, 1]","[6, 6, 6, 6]","[3, 3, 4, 5]","[2, 1, 5, 2]","[3, 2, 1, 1]","[2, 1, 1, 1]","[1, 1, 5, 1]","[3, 3, 3, 2]",2.75,3.0,0.4330127018922193
LIDC-IDRI-0406,1.3.6.1.4.1.14519.5.2.1.6279.6001.338104567770715523699587505022,0,2,3,False,"[366.41879121238, 313.86274840951046, 444.58874566318474]",5.719471951331468,1.25,0.585938,False,patches/LIDC-IDRI-0406_n02.npz,96,"[4, 2, 3]","[1, 1, 1]","[6, 6, 6]","[3, 4, 4]","[4, 3, 4]","[2, 2, 1]","[2, 2, 1]","[5, 5, 5]","[3, 3, 2]",2.6666666666666665,3.0,0.4714045207910317
LIDC-IDRI-0407,1.3.6.1.4.1.14519.5.2.1.6279.6001.269075535958871753309238331179,0,0,4,False,"[204.82807501638146, 211.69828746522296, 93.97225576842513]",6.1900663164350656,2.0,0.6640625,False,patches/LIDC-IDRI-0407_n00.npz,96,"[4, 2, 3, 3]","[1, 1, 1, 1]","[6, 6, 6, 6]","[5, 5, 3, 4]","[5, 5, 5, 5]","[5, 5, 5, 1]","[5, 5, 5, 1]","[5, 5, 5, 5]","[3, 3, 3, 2]",2.75,3.0,0.4330127018922193
LIDC-IDRI-0407,1.3.6.1.4.1.14519.5.2.1.6279.6001.269075535958871753309238331179,0,1,4,False,"[185.38260058650027, 229.11040749142705, 95.73259454536613]",14.92154558443696,2.0,0.6640625,False,patches/LIDC-IDRI-0407_n01.npz,96,"[5, 5, 5, 4]","[1, 1, 1, 1]","[6, 6, 6, 6]","[4, 4, 4, 3]","[4, 5, 5, 5]","[3, 5, 4, 2]","[4, 4, 5, 1]","[5, 5, 5, 5]","[5, 5, 4, 3]",4.25,4.5,0.82915619758885
LIDC-IDRI-0407,1.3.6.1.4.1.14519.5.2.1.6279.6001.269075535958871753309238331179,0,2,3,False,"[360.776103791206, 112.79720934928567, 99.35288808117521]",6.923763017821724,2.0,0.6640625,False,patches/LIDC-IDRI-0407_n02.npz,96,"[5, 5, 4]","[1, 1, 1]","[6, 3, 3]","[5, 5, 5]","[5, 5, 5]","[5, 5, 1]","[5, 5, 1]","[5, 5, 5]","[3, 1, 1]",1.6666666666666667,1.0,0.9428090415820634
LIDC-IDRI-0407,1.3.6.1.4.1.14519.5.2.1.6279.6001.269075535958871753309238331179,0,3,1,False,"[207.55172413793105, 401.0, 100.56896551724138]",6.9330160410734125,2.0,0.6640625,False,patches/LIDC-IDRI-0407_n03.npz,96,[2],[1],[6],[4],[3],[5],[5],[5],[1],1.0,1.0,0.0
LIDC-IDRI-0408,1.3.6.1.4.1.14519.5.2.1.6279.6001.205523326998654833765855998037,0,0,4,False,"[357.0230135146841, 392.9248793758519, 102.50754668409768]",5.930619214518627,1.25,0.703125,False,patches/LIDC-IDRI-0408_n00.npz,96,"[4, 4, 5, 3]","[1, 1, 1, 1]","[6, 6, 6, 6]","[4, 5, 4, 5]","[5, 4, 5, 5]","[1, 1, 1, 1]","[1, 1, 2, 1]","[5, 5, 5, 5]","[2, 3, 3, 3]",2.75,3.0,0.4330127018922193
LIDC-IDRI-0408,1.3.6.1.4.1.14519.5.2.1.6279.6001.205523326998654833765855998037,0,1,4,False,"[276.75725028110946, 427.4179328304598, 105.98799389367817]",6.170202898475825,1.25,0.703125,False,patches/LIDC-IDRI-0408_n01.npz,96,"[4, 4, 5, 3]","[1, 1, 1, 1]","[6, 6, 6, 6]","[4, 4, 3, 4]","[5, 4, 4, 5]","[1, 1, 2, 1]","[1, 1, 1, 1]","[5, 4, 5, 5]","[2, 3, 3, 3]",2.75,3.0,0.4330127018922193
LIDC-IDRI-0408,1.3.6.1.4.1.14519.5.2.1.6279.6001.205523326998654833765855998037,0,2,1,False,"[188.3582089552239, 119.38805970149254, 134.97014925373134]",7.170496190989853,1.25,0.703125,False,patches/LIDC-IDRI-0408_n02.npz,96,[2],[1],[6],[4],[4],[2],[2],[5],[3],3.0,3.0,0.0
LIDC-IDRI-0409,1.3.6.1.4.1.14519.5.2.1.6279.6001.305858704835252413616501469037,0,0,3,False,"[373.77629698390905, 184.34671584968655, 43.63686017556168]",8.42658087615014,2.0,0.681640625,False,patches/LIDC-IDRI-0409_n00.npz,96,"[5, 5, 5]","[1, 1, 1]","[3, 6, 6]","[5, 4, 5]","[5, 5, 5]","[1, 1, 1]","[1, 1, 1]","[5, 5, 5]","[1, 3, 1]",1.6666666666666667,1.0,0.9428090415820634
LIDC-IDRI-0409,1.3.6.1.4.1.14519.5.2.1.6279.6001.305858704835252413616501469037,0,1,4,False,"[328.6690654156065, 307.46533225058056, 54.994261912573535]",12.858696354180458,2.0,0.681640625,False,patches/LIDC-IDRI-0409_n01.npz,96,"[4, 4, 3, 5]","[1, 1, 1, 1]","[6, 6, 6, 6]","[2, 3, 3, 4]","[4, 4, 4, 5]","[1, 1, 2, 1]","[1, 1, 2, 1]","[5, 5, 5, 5]","[3, 4, 3, 3]",3.25,3.0,0.4330127018922193
LIDC-IDRI-0409,1.3.6.1.4.1.14519.5.2.1.6279.6001.305858704835252413616501469037,0,2,1,False,"[171.28688524590163, 468.41803278688525, 86.56557377049181]",6.951397696265164,2.0,0.681640625,False,patches/LIDC-IDRI-0409_n02.npz,96,[5],[1],[6],[4],[4],[1],[1],[5],[3],3.0,3.0,0.0
LIDC-IDRI-0409,1.3.6.1.4.1.14519.5.2.1.6279.6001.305858704835252413616501469037,0,3,2,False,"[344.88696853029796, 88.98409775694677, 134.91914964847672]",10.512495071333952,2.0,0.681640625,False,patches/LIDC-IDRI-0409_n03.npz,96,"[4, 4]","[1, 1]","[6, 6]","[4, 4]","[4, 4]","[1, 1]","[1, 2]","[4, 5]","[1, 4]",2.5,2.5,1.5
LIDC-IDRI-0409,1.3.6.1.4.1.14519.5.2.1.6279.6001.305858704835252413616501469037,0,4,1,False,"[102.58064516129032, 335.51612903225805, 177.48387096774192]",4.771484375,2.0,0.681640625,False,patches/LIDC-IDRI-0409_n04.npz,96,[5],[1],[6],[5],[5],[1],[1],[5],[3],3.0,3.0,0.0
LIDC-IDRI-0409,1.3.6.1.4.1.14519.5.2.1.6279.6001.305858704835252413616501469037,0,5,1,False,"[210.94594594594594, 173.1081081081081, 235.98648648648648]",4.364629607156376,2.0,0.681640625,False,patches/LIDC-IDRI-0409_n05.npz,96,[5],[1],[6],[5],[5],[1],[1],[5],[3],3.0,3.0,0.0
LIDC-IDRI-0411,1.3.6.1.4.1.14519.5.2.1.6279.6001.199282854229880908602362094937,0,0,1,False,"[242.28654970760235, 56.21052631578947, 63.280701754385966]",5.963178084395686,1.25,0.605469,False,patches/LIDC-IDRI-0411_n00.npz,96,[3],[1],[6],[4],[5],[1],[1],[5],[3],3.0,3.0,0.0
LIDC-IDRI-0411,1.3.6.1.4.1.14519.5.2.1.6279.6001.199282854229880908602362094937,0,1,2,False,"[226.84147494484716, 447.76367002836434, 139.85664197919948]",5.231797749808628,1.25,0.605469,False,patches/LIDC-IDRI-0411_n01.npz,96,"[5, 2]","[1, 1]","[6, 6]","[5, 4]","[5, 3]","[1, 3]","[1, 1]","[5, 5]","[2, 2]",2.0,2.0,0.0
LIDC-IDRI-0411,1.3.6.1.4.1.14519.5.2.1.6279.6001.199282854229880908602362094937,0,2,3,False,"[151.49505362537676, 164.29027444524544, 151.352178190952]",8.302537800467311,1.25,0.605469,False,patches/LIDC-IDRI-0411_n02.npz,96,"[4, 3, 3]","[1, 1, 1]","[6, 6, 6]","[3, 2, 2]","[4, 4, 3]","[1, 2, 1]","[1, 2, 1]","[5, 5, 5]","[4, 2, 2]",2.6666666666666665,2.0,0.9428090415820634
LIDC-IDRI-0412,1.3.6.1.4.1.14519.5.2.1.6279.6001.217754016294471278921686508169,0,0,2,False,"[299.6094847368055, 444.92995387432495, 46.00405627795934]",8.791273264644236,1.0,0.638671875,False,patches/LIDC-IDRI-0412_n00.npz,96,"[3, 5]","[1, 1]","[6, 6]","[2, 4]","[2, 3]","[1, 1]","[1, 1]","[5, 5]","[3, 3]",3.0,3.0,0.0
LIDC-IDRI-0412,1.3.6.1.4.1.14519.5.2.1.6279.6001.217754016294471278921686508169,0,1,2,False,"[389.78413325804627, 183.16956521739132, 116.9579898362507]",7.295915958388595,1.0,0.638671875,False,patches/LIDC-IDRI-0412_n01.npz,96,"[2, 5]","[1, 1]","[6, 6]","[2, 4]","[2, 5]","[1, 1]","[1, 1]","[5, 5]","[2, 2]",2.0,2.0,0.0
LIDC-IDRI-0412,1.3.6.1.4.1.14519.5.2.1.6279.6001.217754016294471278921686508169,0,2,4,False,"[212.95783812944728, 100.36168071129079, 131.75591513131837]",5.808590500220828,1.0,0.638671875,False,patches/LIDC-IDRI-0412_n02.npz,96,"[3, 4, 5, 5]","[1, 1, 1, 1]","[6, 6, 6, 3]","[4, 4, 4, 5]","[3, 5, 4, 5]","[1, 1, 1, 1]","[1, 1, 1, 1]","[5, 5, 4, 5]","[2, 2, 3, 1]",2.0,2.0,0.7071067811865476
LIDC-IDRI-0413,1.3.6.1.4.1.14519.5.2.1.6279.6001.277445975068759205899107114231,0,0,3,False,"[330.7171588532054, 158.2845084286945, 71.29940322382183]",8.340217735855846,2.0,0.7421875,False,patches/LIDC-IDRI-0413_n00.npz,96,"[3, 3, 5]","[1, 1, 1]","[6, 6, 6]","[4, 3, 3]","[4, 1, 2]","[1, 3, 1]","[1, 2, 1]","[4, 1, 1]","[2, 3, 2]",2.3333333333333335,2.0,0.4714045207910317
LIDC-IDRI-0413,1.3.6.1.4.1.14519.5.2.1.6279.6001.277445975068759205899107114231,0,1,3,False,"[356.4007184628237, 170.43700918964078, 74.39856307435255]",7.145063775004336,2.0,0.7421875,False,patches/LIDC-IDRI-0413_n01.npz,96,"[3, 3, 4]","[1, 1, 1]","[6, 6, 6]","[3, 4, 4]","[4, 2, 1]","[1, 3, 1]","[1, 2, 1]","[4, 1, 1]","[2, 3, 1]",2.0,2.0,0.816496580927726
LIDC-IDRI-0413,1.3.6.1.4.1.14519.5.2.1.6279.6001.277445975068759205899107114231,0,2,1,False,"[294.525, 402.175, 102.575]",7.309699149770546,2.0,0.7421875,False,patches/LIDC-IDRI-0413_n02.npz,96,[4],[1],[6],[3],[5],[1],[1],[4],[2],2.0,2.0,0.0
LIDC-IDRI-0414,1.3.6.1.4.1.14519.5.2.1.6279.6001.259737874318594997287940213435,0,0,2,False,"[263.2311953310549, 204.92960377686381, 65.94756849910213]",18.297886309651663,3.0,0.66796875,False,patches/LIDC-IDRI-0414_n00.npz,96,"[2, 4]","[1, 1]","[6, 6]","[2, 4]","[4, 1]","[3, 3]","[1, 2]","[5, 4]","[2, 5]",3.5,3.5,1.5
LIDC-IDRI-0415,1.3.6.1.4.1.14519.5.2.1.6279.6001.312127933722985204808706697221,0,0,4,False,"[317.7316781081838, 92.03100645780361, 54.69320993419209]",8.268833927592,1.25,0.605469,False,patches/LIDC-IDRI-0415_n00.npz,96,"[3, 3, 3, 5]","[1, 1, 1, 1]","[6, 6, 6, 6]","[4, 4, 3, 4]","[5, 5, 5, 4]","[1, 1, 1, 1]","[1, 1, 2, 1]","[5, 5, 5, 5]","[3, 3, 3, 5]",3.5,3.0,0.8660254037844386
LIDC-IDRI-0415,1.3.6.1.4.1.14519.5.2.1.6279.6001.312127933722985204808706697221,0,1,1,False,"[392.5595238095238, 84.14285714285714, 65.03571428571429]",7.706362242568272,1.25,0.605469,False,patches/LIDC-IDRI-0415_n01.npz,96,[5],[1],[6],[4],[2],[1],[1],[3],[2],2.0,2.0,0.0
LIDC-IDRI-0415,1.3.6.1.4.1.14519.5.2.1.6279.6001.312127933722985204808706697221,0,2,4,False,"[274.9026271737125, 79.34864485586208, 79.21237512271205]",9.003256392460436,1.25,0.605469,False,patches/LIDC-IDRI-0415_n02.npz,96,"[4, 4, 4, 5]","[1, 1, 1, 1]","[6, 6, 6, 6]","[5, 4, 5, 5]","[4, 4, 4, 4]","[1, 1, 1, 1]","[1, 1, 2, 1]","[5, 5, 1, 5]","[3, 4, 3, 5]",3.75,3.5,0.82915619758885
LIDC-IDRI-0415,1.3.6.1.4.1.14519.5.2.1.6279.6001.312127933722985204808706697221,0,3,4,False,"[258.1673731244709, 83.47597537006249, 87.94200692241523]",6.620125079626787,1.25,0.605469,False,patches/LIDC-IDRI-0415_n03.npz,96,"[4, 4, 3, 4]","[1, 1, 1, 1]","[6, 6, 6, 6]","[4, 4, 3, 4]","[4, 5, 4, 3]","[1, 1, 1, 2]","[1, 1, 2, 2]","[5, 5, 1, 4]","[3, 3, 3, 4]",3.25,3.0,0.4330127018922193
LIDC-IDRI-0415,1.3.6.1.4.1.14519.5.2.1.6279.6001.312127933722985204808706697221,0,4,2,False,"[237.43043103448275, 95.71913793103448, 92.74658045977012]",9.407694319258566,1.25,0.605469,False,patches/LIDC-IDRI-0415_n04.npz,96,"[4, 3]","[1, 1]","[6, 6]","[4, 3]","[4, 4]","[1, 1]","[1, 2]","[5, 1]","[3, 3]",3.0,3.0,0.0
LIDC-IDRI-0415,1.3.6.1.4.1.14519.5.2.1.6279.6001.312127933722985204808706697221,0,5,3,False,"[294.65238095238095, 117.59285714285716, 119.66047619047617]",7.142003244095059,1.25,0.605469,False,patches/LIDC-IDRI-0415_n05.npz,96,"[3, 2, 4]","[1, 1, 1]","[6, 6, 6]","[5, 2, 4]","[3, 3, 1]","[1, 1, 3]","[1, 4, 1]","[5, 4, 3]","[3, 3, 3]",3.0,3.0,0.0
LIDC-IDRI-0415,1.3.6.1.4.1.14519.5.2.1.6279.6001.312127933722985204808706697221,0,6,4,False,"[218.88027711284934, 287.3149061301857, 130.74312226655906]",13.472252373367237,1.25,0.605469,False,patches/LIDC-IDRI-0415_n06.npz,96,"[5, 4, 5, 5]","[1, 1, 1, 1]","[6, 6, 6, 6]","[4, 3, 2, 4]","[4, 4, 3, 4]","[4, 3, 2, 4]","[1, 2, 5, 1]","[5, 5, 1, 4]","[5, 5, 5, 4]",4.75,5.0,0.4330127018922193
LIDC-IDRI-0415,1.3.6.1.4.1.14519.5.2.1.6279.6001.312127933722985204808706697221,0,7,2,False,"[224.57383166243807, 276.6985868066579, 160.64829738667606]",26.766751163965235,1.25,0.605469,False,patches/LIDC-IDRI-0415_n07.npz,96,"[5, 5]","[1, 1]","[6, 6]","[3, 2]","[4, 3]","[5, 2]","[1, 5]","[5, 5]","[5, 5]",5.0,5.0,0.0
LIDC-IDRI-0416,1.3.6.1.4.1.14519.5.2.1.6279.6001.569096986145782511000054443951,0,0,3,False,"[395.4822379718835, 383.7934603331684, 110.04545895547729]",6.958533060688836,2.0,0.56640625,False,patches/LIDC-IDRI-0416_n00.npz,96,"[4, 4, 2]","[1, 1, 1]","[6, 6, 6]","[5, 5, 3]","[5, 5, 4]","[1, 1, 2]","[1, 1, 1]","[5, 5, 5]","[3, 3, 3]",3.0,3.0,0.0
LIDC-IDRI-0416,1.3.6.1.4.1.14519.5.2.1.6279.6001.569096986145782511000054443951,0,1,3,False,"[402.4926520557254, 177.93315494393474, 154.22235813795444]",8.142884580465035,2.0,0.56640625,False,patches/LIDC-IDRI-0416_n01.npz,96,"[4, 4, 4]","[1, 1, 1]","[6, 6, 6]","[4, 3, 4]","[4, 5, 4]","[2, 1, 2]","[1, 3, 2]","[5, 5, 4]","[3, 4, 3]",3.3333333333333335,3.0,0.4714045207910317
LIDC-IDRI-0419,1.3.6.1.4.1.14519.5.2.1.6279.6001.254957696184671649675053562027,0,0,3,False,"[127.71087475497569, 153.27701811629979, 141.27211954354487]",7.803698743179901,2.0,0.6640625,False,patches/LIDC-IDRI-0419_n00.npz,96,"[4, 4, 3]","[1, 1, 1]","[6, 6, 6]","[3, 4, 5]","[5, 5, 5]","[1, 1, 1]","[1, 1, 1]","[5, 5, 5]","[4, 2, 2]",2.6666666666666665,2.0,0.9428090415820634
LIDC-IDRI-0419,1.3.6.1.4.1.14519.5.2.1.6279.6001.254957696184671649675053562027,0,1,4,False,"[267.5406135998833, 426.92313950094854, 150.41140943949932]",7.2079322222805216,2.0,0.6640625,False,patches/LIDC-IDRI-0419_n01.npz,96,"[4, 5, 3, 5]","[1, 1, 1, 1]","[6, 3, 3, 3]","[5, 5, 4, 5]","[5, 5, 5, 5]","[1, 1, 1, 1]","[1, 1, 1, 1]","[5, 5, 5, 5]","[3, 1, 1, 1]",1.5,1.0,0.8660254037844386
LIDC-IDRI-0420,1.3.6.1.4.1.14519.5.2.1.6279.6001.276556509002726404418399209377,0,0,3,False,"[78.06721747388413, 146.22535929091487, 83.08524849635961]",12.26909272100143,2.0,0.6640625,False,patches/LIDC-IDRI-0420_n00.npz,96,"[5, 4, 4]","[1, 1, 1]","[6, 6, 6]","[3, 4, 3]","[4, 4, 2]","[3, 4, 3]","[3, 4, 2]","[5, 5, 5]","[5, 3, 4]",4.0,4.0,0.816496580927726
LIDC-IDRI-0420,1.3.6.1.4.1.14519.5.2.1.6279.6001.276556509002726404418399209377,0,1,3,False,"[249.41812923030497, 101.22296725318739, 96.18685947528841]",10.51286414385107,2.0,0.6640625,False,patches/LIDC-IDRI-0420_n01.npz,96,"[4, 4, 4]","[1, 1, 1]","[6, 6, 6]","[2, 3, 3]","[4, 4, 3]","[1, 3, 2]","[1, 1, 1]","[5, 5, 5]","[3, 3, 3]",3.0,3.0,0.0
LIDC-IDRI-0421,1.3.6.1.4.1.14519.5.2.1.6279.6001.331136451298749863730308327406,0,0,4,False,"[375.29378445116583, 327.9460138124375, 40.88880045023991]",28.49406647332801,3.0,0.782,True,patches/LIDC-IDRI-0421_n00.npz,96,"[5, 5, 5, 5]","[1, 1, 1, 1]","[4, 4, 6, 6]","[2, 4, 3, 4]","[4, 4, 2, 4]","[1, 1, 3, 1]","[2, 1, 3, 1]","[5, 5, 5, 4]","[2, 3, 5, 3]",3.25,3.0,1.0897247358851685
LIDC-IDRI-0421,1.3.6.1.4.1.14519.5.2.1.6279.6001.331136451298749863730308327406,0,1,3,False,"[248.30541125541126, 141.42878787878786, 73.00541125541126]",6.983316042434805,3.0,0.782,True,patches/LIDC-IDRI-0421_n01.npz,96,"[4, 4, 5]","[1, 1, 1]","[3, 3, 3]","[2, 3, 4]","[5, 5, 5]","[1, 1, 1]","[1, 1, 1]","[5, 5, 5]","[1, 1, 1]",1.0,1.0,0.0
LIDC-IDRI-0423,1.3.6.1.4.1.14519.5.2.1.6279.6001.282512043257574309474415322775,0,0,4,False,"[164.98363395419523, 360.5737873749606, 171.5562307631232]",25.84320409415158,1.25,0.761719,False,patches/LIDC-IDRI-0423_n00.npz,96,"[5, 5, 5, 5]","[1, 1, 1, 1]","[6, 6, 6, 6]","[4, 4, 4, 3]","[5, 5, 5, 4]","[1, 1, 1, 2]","[1, 1, 1, 1]","[5, 5, 5, 5]","[5, 4, 5, 3]",4.25,4.5,0.82915619758885
LIDC-IDRI-0424,1.3.6.1.4.1.14519.5.2.1.6279.6001.346115813056769250958550383763,0,0,1,False,"[393.38461538461536, 346.61538461538464, 145.0]",7.861176483397698,1.0,0.5859375,False,patches/LIDC-IDRI-0424_n00.npz,96,[5],[1],[6],[5],[5],[4],[1],[5],[3],3.0,3.0,0.0
LIDC-IDRI-0424,1.3.6.1.4.1.14519.5.2.1.6279.6001.346115813056769250958550383763,0,1,2,False,"[198.9375, 442.2732142857143, 176.78571428571428]",9.40142838777586,1.0,0.5859375,False,patches/LIDC-IDRI-0424_n01.npz,96,"[1, 1]","[1, 1]","[6, 6]","[3, 5]","[2, 2]","[3, 1]","[2, 1]","[1, 1]","[3, 2]",2.5,2.5,0.5
LIDC-IDRI-0424,1.3.6.1.4.1.14519.5.2.1.6279.6001.346115813056769250958550383763,0,2,3,False,"[236.03971626602925, 112.98125776588567, 236.13891499112825]",8.463595313158683,1.0,0.5859375,False,patches/LIDC-IDRI-0424_n02.npz,96,"[4, 3, 3]","[1, 1, 1]","[6, 6, 6]","[3, 4, 5]","[4, 2, 5]","[1, 3, 1]","[1, 2, 1]","[4, 3, 5]","[4, 4, 2]",3.3333333333333335,4.0,0.9428090415820634
LIDC-IDRI-0424,1.3.6.1.4.1.14519.5.2.1.6279.6001.346115813056769250958550383763,0,3,1,False,"[298.37254901960785, 392.921568627451, 271.0980392156863]",4.723979149393681,1.0,0.5859375,False,patches/LIDC-IDRI-0424_n03.npz,96,[1],[1],[6],[2],[4],[3],[1],[5],[3],3.0,3.0,0.0
LIDC-IDRI-0424,1.3.6.1.4.1.14519.5.2.1.6279.6001.346115813056769250958550383763,0,4,1,False,"[329.0833333333333, 193.70833333333334, 275.4791666666667]",6.4453125,1.0,0.5859375,False,patches/LIDC-IDRI-0424_n04.npz,96,[2],[1],[6],[4],[4],[3],[2],[5],[3],3.0,3.0,0.0
LIDC-IDRI-0426,1.3.6.1.4.1.14519.5.2.1.6279.6001.118924792893665851774878880764,0,0,4,False,"[273.513363357933, 410.35342208316234, 47.49918774895148]",11.040678020843226,3.0,0.702,True,patches/LIDC-IDRI-0426_n00.npz,96,"[5, 5, 4, 5]","[1, 1, 1, 1]","[5, 5, 3, 3]","[4, 5, 4, 4]","[4, 5, 5, 5]","[3, 1, 1, 2]","[1, 1, 1, 2]","[5, 5, 5, 5]","[1, 1, 1, 1]",1.0,1.0,0.0
LIDC-IDRI-0427,1.3.6.1.4.1.14519.5.2.1.6279.6001.267519732763035023633235877753,0,0,4,False,"[158.70748384245127, 138.90667021827517, 135.96278333218214]",9.732612581062384,1.25,0.742188,False,patches/LIDC-IDRI-0427_n00.npz,96,"[5, 5, 5, 5]","[1, 1, 1, 1]","[3, 3, 3, 3]","[5, 4, 5, 4]","[5, 5, 5, 5]","[1, 5, 2, 1]","[1, 1, 1, 1]","[5, 5, 5, 5]","[1, 1, 1, 1]",1.0,1.0,0.0
LIDC-IDRI-0427,1.3.6.1.4.1.14519.5.2.1.6279.6001.267519732763035023633235877753,0,1,3,False,"[102.5531049429024, 132.21485243105647, 145.05131411057891]",6.394098090921837,1.25,0.742188,False,patches/LIDC-IDRI-0427_n01.npz,96,"[5, 4, 4]","[1, 1, 1]","[3, 3, 6]","[3, 5, 3]","[5, 5, 5]","[1, 1, 1]","[1, 1, 1]","[5, 5, 5]","[1, 1, 3]",1.6666666666666667,1.0,0.9428090415820634
LIDC-IDRI-0427,1.3.6.1.4.1.14519.5.2.1.6279.6001.267519732763035023633235877753,0,2,2,False,"[252.43923611111111, 130.40104166666669, 224.25]",9.428653071811407,1.25,0.742188,False,patches/LIDC-IDRI-0427_n02.npz,96,"[3, 3]","[1, 1]","[6, 6]","[3, 3]","[4, 5]","[1, 1]","[1, 1]","[5, 5]","[2, 2]",2.0,2.0,0.0
LIDC-IDRI-0427,1.3.6.1.4.1.14519.5.2.1.6279.6001.267519732763035023633235877753,0,3,3,False,"[176.74290008182209, 287.01066229459246, 351.9559944676039]",6.477904152536248,1.25,0.742188,False,patches/LIDC-IDRI-0427_n03.npz,96,"[5, 4, 5]","[1, 1, 1]","[3, 3, 3]","[2, 4, 4]","[5, 5, 5]","[3, 1, 1]","[1, 1, 1]","[5, 5, 5]","[1, 1, 1]",1.0,1.0,0.0
LIDC-IDRI-0429,1.3.6.1.4.1.14519.5.2.1.6279.6001.392861216720727557882279374324,0,0,2,False,"[188.5788817204301, 145.109376344086, 213.5280430107527]",7.861176483397698,1.25,0.703125,False,patches/LIDC-IDRI-0429_n00.npz,96,"[3, 4]","[1, 1]","[6, 6]","[3, 4]","[3, 4]","[1, 2]","[1, 2]","[5, 5]","[2, 4]",3.0,3.0,1.0
LIDC-IDRI-0429,1.3.6.1.4.1.14519.5.2.1.6279.6001.392861216720727557882279374324,0,1,4,False,"[207.10461022338376, 166.85237051876797, 328.7622558021901]",11.411358934684564,1.25,0.703125,False,patches/LIDC-IDRI-0429_n01.npz,96,"[2, 1, 3, 1]","[1, 1, 1, 1]","[6, 6, 6, 6]","[3, 3, 4, 5]","[3, 1, 4, 2]","[2, 1, 2, 1]","[1, 1, 1, 1]","[1, 1, 3, 1]","[3, 3, 3, 2]",2.75,3.0,0.4330127018922193
LIDC-IDRI-0429,1.3.6.1.4.1.14519.5.2.1.6279.6001.392861216720727557882279374324,0,2,1,False,"[236.5, 337.01851851851853, 362.98148148148147]",6.007502633426389,1.25,0.703125,False,patches/LIDC-IDRI-0429_n02.npz,96,[4],[1],[6],[3],[4],[2],[2],[5],[5],5.0,5.0,0.0
LIDC-IDRI-0430,1.3.6.1.4.1.14519.5.2.1.6279.6001.323899724653546164058849558431,0,0,4,False,"[377.1343957309971, 388.50178233824545, 158.3012605290255]",9.590565471948965,1.25,0.703125,False,patches/LIDC-IDRI-0430_n00.npz,96,"[5, 3, 3, 4]","[1, 1, 1, 1]","[6, 6, 6, 6]","[4, 5, 4, 3]","[3, 5, 4, 4]","[2, 1, 2, 1]","[2, 1, 1, 1]","[5, 5, 5, 5]","[3, 2, 3, 4]",3.0,3.0,0.7071067811865476
LIDC-IDRI-0430,1.3.6.1.4.1.14519.5.2.1.6279.6001.323899724653546164058849558431,0,1,3,False,"[378.1547520893675, 391.1235178965949, 187.0268511114665]",6.960402094591924,1.25,0.703125,False,patches/LIDC-IDRI-0430_n01.npz,96,"[5, 2, 4]","[1, 1, 1]","[4, 6, 6]","[5, 5, 3]","[4, 5, 5]","[2, 1, 1]","[1, 1, 1]","[5, 5, 5]","[2, 2, 4]",2.6666666666666665,2.0,0.9428090415820634
LIDC-IDRI-0431,1.3.6.1.4.1.14519.5.2.1.6279.6001.292049618819567427252971059233,0,0,1,False,"[397.77403846153845, 327.5817307692308, 58.48557692307692]",11.619447845630386,2.5,0.644531,False,patches/LIDC-IDRI-0431_n00.npz,96,[2],[1],[6],[4],[3],[3],[1],[1],[2],2.0,2.0,0.0
LIDC-IDRI-0432,1.3.6.1.4.1.14519.5.2.1.6279.6001.213022585153512920098588556742,0,0,1,False,"[309.1020833333333, 313.54375, 446.4625]",20.348525745124633,1.25,0.625,False,patches/LIDC-IDRI-0432_n00.npz,96,[5],[1],[3],[5],[5],[1],[1],[5],[1],1.0,1.0,0.0
LIDC-IDRI-0433,1.3.6.1.4.1.14519.5.2.1.6279.6001.168985655485163461062675655739,0,0,3,False,"[416.7367955133912, 188.02190982776088, 112.80213866118122]",6.32413094426688,2.0,0.833984375,False,patches/LIDC-IDRI-0433_n00.npz,96,"[5, 4, 5]","[1, 1, 1]","[6, 6, 6]","[4, 4, 4]","[4, 5, 5]","[2, 1, 1]","[2, 1, 1]","[5, 5, 5]","[3, 3, 2]",2.6666666666666665,3.0,0.4714045207910317
LIDC-IDRI-0433,1.3.6.1.4.1.14519.5.2.1.6279.6001.168985655485163461062675655739,0,1,1,False,"[367.9, 118.0, 119.05]",5.00390625,2.0,0.833984375,False,patches/LIDC-IDRI-0433_n01.npz,96,[5],[1],[6],[4],[5],[1],[1],[5],[2],2.0,2.0,0.0
LIDC-IDRI-0433,1.3.6.1.4.1.14519.5.2.1.6279.6001.168985655485163461062675655739,0,2,4,False,"[361.322760694691, 372.6994549285653, 161.14992720883316]",10.416752690964138,2.0,0.833984375,False,patches/LIDC-IDRI-0433_n02.npz,96,"[5, 4, 5, 5]","[1, 1, 1, 1]","[3, 6, 3, 3]","[1, 3, 4, 3]","[4, 4, 2, 5]","[3, 2, 1, 2]","[3, 2, 1, 1]","[5, 5, 5, 5]","[1, 4, 1, 1]",1.75,1.0,1.299038105676658
LIDC-IDRI-0433,1.3.6.1.4.1.14519.5.2.1.6279.6001.168985655485163461062675655739,0,3,3,False,"[263.32202324275494, 123.47745306281892, 167.56073756683512]",6.880721421440241,2.0,0.833984375,False,patches/LIDC-IDRI-0433_n03.npz,96,"[4, 4, 4]","[1, 1, 1]","[6, 6, 6]","[4, 4, 5]","[4, 5, 4]","[2, 1, 1]","[2, 1, 1]","[5, 5, 3]","[3, 2, 3]",2.6666666666666665,3.0,0.4714045207910317
LIDC-IDRI-0433,1.3.6.1.4.1.14519.5.2.1.6279.6001.168985655485163461062675655739,0,4,4,False,"[355.1464947939371, 158.11431428532617, 187.6821008503332]",6.837834926758472,2.0,0.833984375,False,patches/LIDC-IDRI-0433_n04.npz,96,"[5, 4, 5, 5]","[1, 1, 1, 1]","[6, 6, 6, 6]","[4, 4, 4, 5]","[5, 5, 5, 5]","[1, 1, 1, 1]","[2, 1, 1, 1]","[5, 5, 5, 5]","[3, 2, 3, 3]",2.75,3.0,0.4330127018922193
LIDC-IDRI-0434,1.3.6.1.4.1.14519.5.2.1.6279.6001.259543921154154401875872845498,0,0,4,False,"[144.08885461599988, 157.02587458252515, 231.10337423339416]",11.37441587560205,1.25,0.703125,False,patches/LIDC-IDRI-0434_n00.npz,96,"[5, 1, 4, 4]","[1, 1, 1, 1]","[6, 6, 6, 6]","[4, 5, 3, 4]","[2, 2, 4, 4]","[3, 1, 2, 2]","[3, 1, 2, 1]","[5, 1, 5, 5]","[3, 2, 4, 3]",3.0,3.0,0.7071067811865476
LIDC-IDRI-0434,1.3.6.1.4.1.14519.5.2.1.6279.6001.259543921154154401875872845498,0,1,4,False,"[168.29024242411862, 148.18935874438242, 241.36713045253367]",10.161206029443273,1.25,0.703125,False,patches/LIDC-IDRI-0434_n01.npz,96,"[5, 3, 4, 4]","[1, 1, 1, 1]","[6, 6, 6, 6]","[2, 5, 4, 4]","[3, 5, 4, 5]","[2, 1, 2, 1]","[1, 1, 1, 1]","[5, 5, 5, 5]","[3, 2, 4, 3]",3.0,3.0,0.7071067811865476
LIDC-IDRI-0434,1.3.6.1.4.1.14519.5.2.1.6279.6001.259543921154154401875872845498,0,2,4,False,"[196.58886757778646, 157.61963027038584, 256.611374419131]",8.493374943450604,1.25,0.703125,False,patches/LIDC-IDRI-0434_n02.npz,96,"[5, 3, 4, 4]","[1, 1, 1, 1]","[6, 6, 6, 6]","[2, 5, 3, 4]","[3, 5, 4, 4]","[2, 1, 1, 1]","[2, 1, 1, 1]","[5, 5, 5, 5]","[3, 2, 2, 3]",2.5,2.5,0.5
LIDC-IDRI-0435,1.3.6.1.4.1.14519.5.2.1.6279.6001.404303213662391867606219459686,0,0,3,False,"[202.1929680877049, 125.94678649941808, 26.21199189620242]",7.134441079486471,3.0,0.53125,False,patches/LIDC-IDRI-0435_n00.npz,96,"[4, 4, 5]","[1, 1, 1]","[6, 6, 6]","[2, 3, 5]","[4, 2, 5]","[1, 1, 1]","[1, 1, 1]","[5, 5, 5]","[1, 3, 2]",2.0,2.0,0.816496580927726
LIDC-IDRI-0435,1.3.6.1.4.1.14519.5.2.1.6279.6001.404303213662391867606219459686,0,1,2,False,"[187.8, 158.73333333333332, 29.622222222222224]",6.0571819458391705,3.0,0.53125,False,patches/LIDC-IDRI-0435_n01.npz,96,"[4, 5]","[1, 1]","[6, 6]","[2, 5]","[4, 5]","[1, 1]","[1, 1]","[5, 5]","[1, 3]",2.0,2.0,1.0
LIDC-IDRI-0435,1.3.6.1.4.1.14519.5.2.1.6279.6001.404303213662391867606219459686,0,2,3,False,"[350.72178932178934, 79.04040404040404, 39.0]",7.162671713481948,3.0,0.53125,False,patches/LIDC-IDRI-0435_n02.npz,96,"[2, 4, 3]","[1, 1, 1]","[6, 6, 6]","[3, 3, 5]","[3, 2, 3]","[1, 3, 3]","[1, 1, 1]","[4, 2, 1]","[1, 3, 3]",2.3333333333333335,3.0,0.9428090415820634
LIDC-IDRI-0435,1.3.6.1.4.1.14519.5.2.1.6279.6001.404303213662391867606219459686,0,3,1,False,"[387.47457627118644, 91.79661016949153, 39.79661016949152]",6.462935188441858,3.0,0.53125,False,patches/LIDC-IDRI-0435_n03.npz,96,[2],[1],[6],[1],[3],[1],[1],[5],[1],1.0,1.0,0.0
LIDC-IDRI-0435,1.3.6.1.4.1.14519.5.2.1.6279.6001.404303213662391867606219459686,0,4,2,False,"[287.3658536585366, 136.5, 46.329268292682926]",10.218797782762902,3.0,0.53125,False,patches/LIDC-IDRI-0435_n04.npz,96,"[4, 3]","[1, 1]","[6, 6]","[2, 5]","[2, 3]","[1, 2]","[1, 3]","[4, 3]","[1, 3]",2.0,2.0,1.0
LIDC-IDRI-0435,1.3.6.1.4.1.14519.5.2.1.6279.6001.404303213662391867606219459686,0,5,4,False,"[421.5943559987728, 201.56732513161273, 54.303187517365934]",7.5766291663104255,3.0,0.53125,False,patches/LIDC-IDRI-0435_n05.npz,96,"[3, 3, 3, 5]","[1, 1, 1, 1]","[6, 6, 6, 6]","[2, 3, 3, 5]","[3, 2, 4, 5]","[1, 2, 1, 4]","[1, 2, 2, 2]","[3, 3, 5, 5]","[2, 2, 3, 3]",2.5,2.5,0.5
LIDC-IDRI-0435,1.3.6.1.4.1.14519.5.2.1.6279.6001.404303213662391867606219459686,0,6,3,False,"[110.03221338048924, 132.16619510757442, 57.0]",6.114526203358683,3.0,0.53125,False,patches/LIDC-IDRI-0435_n06.npz,96,"[3, 4, 4]","[1, 1, 1]","[6, 6, 6]","[4, 5, 5]","[3, 3, 4]","[1, 1, 1]","[1, 1, 1]","[4, 2, 4]","[2, 3, 2]",2.3333333333333335,2.0,0.4714045207910317
LIDC-IDRI-0436,1.3.6.1.4.1.14519.5.2.1.6279.6001.251204142823446211001577555181,0,0,4,False,"[208.5263879992819, 119.33702984863282, 62.42390565750743]",43.22789592957557,3.0,0.689453125,False,patches/LIDC-IDRI-0436_n00.npz,96,"[5, 5, 5, 5]","[1, 1, 1, 1]","[6, 6, 6, 6]","[4, 4, 3, 3]","[4, 3, 5, 4]","[2, 4, 3, 3]","[3, 3, 3, 1]","[4, 4, 5, 5]","[5, 3, 4, 4]",4.0,4.0,0.7071067811865476
LIDC-IDRI-0436,1.3.6.1.4.1.14519.5.2.1.6279.6001.251204142823446211001577555181,0,1,2,False,"[193.4465669988926, 230.90669988925805, 83.41223698781837]",7.077992657407634,3.0,0.689453125,False,patches/LIDC-IDRI-0436_n01.npz,96,"[5, 5]","[1, 1]","[3, 3]","[3, 5]","[5, 5]","[1, 1]","[1, 1]","[5, 5]","[1, 1]",1.0,1.0,0.0
LIDC-IDRI-0437,1.3.6.1.4.1.14519.5.2.1.6279.6001.557875302364105947813979213632,0,0,4,False,"[352.61697749029054, 205.33625585248387, 162.96492465794284]",10.209320133172783,1.25,0.703125,False,patches/LIDC-IDRI-0437_n00.npz,96,"[4, 3, 5, 5]","[1, 1, 1, 1]","[6, 5, 3, 3]","[4, 4, 5, 5]","[5, 5, 2, 5]","[2, 2, 1, 1]","[1, 1, 1, 1]","[5, 5, 5, 5]","[4, 1, 1, 1]",1.75,1.0,1.299038105676658
LIDC-IDRI-0437,1.3.6.1.4.1.14519.5.2.1.6279.6001.557875302364105947813979213632,0,1,2,False,"[408.4650775502088, 332.24033107973753, 206.46517697355338]",11.258158273732876,1.25,0.703125,False,patches/LIDC-IDRI-0437_n01.npz,96,"[3, 3]","[1, 1]","[6, 6]","[3, 3]","[3, 3]","[1, 1]","[1, 1]","[5, 5]","[3, 1]",2.0,2.0,1.0
LIDC-IDRI-0437,1.3.6.1.4.1.14519.5.2.1.6279.6001.557875302364105947813979213632,0,2,4,False,"[339.4104576647361, 184.4410701027144, 213.95409662759337]",7.61898293339316,1.25,0.703125,False,patches/LIDC-IDRI-0437_n02.npz,96,"[3, 3, 4, 5]","[1, 1, 1, 1]","[6, 3, 3, 3]","[4, 5, 3, 5]","[5, 5, 5, 5]","[1, 1, 1, 1]","[1, 1, 1, 1]","[5, 5, 5, 5]","[2, 1, 1, 1]",1.25,1.0,0.4330127018922193
LIDC-IDRI-0437,1.3.6.1.4.1.14519.5.2.1.6279.6001.557875302364105947813979213632,0,3,4,False,"[324.5423638023384, 395.1258128917657, 303.27597495610746]",8.208444957221186,1.25,0.703125,False,patches/LIDC-IDRI-0437_n03.npz,96,"[5, 3, 4, 5]","[1, 1, 1, 1]","[4, 3, 4, 3]","[4, 5, 2, 5]","[5, 5, 4, 5]","[2, 1, 1, 1]","[1, 1, 3, 1]","[5, 5, 5, 5]","[1, 1, 2, 1]",1.25,1.0,0.4330127018922193
LIDC-IDRI-0437,1.3.6.1.4.1.14519.5.2.1.6279.6001.557875302364105947813979213632,0,4,1,False,"[190.27058823529413, 354.05882352941177, 386.8941176470588]",9.140625,1.25,0.703125,False,patches/LIDC-IDRI-0437_n04.npz,96,[2],[1],[6],[3],[3],[1],[1],[1],[3],3.0,3.0,0.0
LIDC-IDRI-0438,1.3.6.1.4.1.14519.5.2.1.6279.6001.126264578931778258890371755354,0,0,4,False,"[264.5127946351361, 366.02890696066174, 524.9780691158496]",8.318907951587803,0.6,0.607421875,False,patches/LIDC-IDRI-0438_n00.npz,96,"[4, 4, 1, 5]","[1, 1, 1, 1]","[6, 6, 6, 6]","[5, 5, 3, 5]","[5, 5, 4, 5]","[1, 1, 1, 1]","[1, 1, 1, 1]","[5, 5, 5, 5]","[3, 3, 3, 2]",2.75,3.0,0.4330127018922193
LIDC-IDRI-0439,1.3.6.1.4.1.14519.5.2.1.6279.6001.300724599751226863091983308838,0,0,2,False,"[264.9663461538462, 437.52003205128204, 65.04086538461539]",5.308459202602354,3.0,0.692,True,patches/LIDC-IDRI-0439_n00.npz,96,"[2, 5]","[1, 1]","[6, 6]","[5, 3]","[5, 4]","[5, 5]","[5, 4]","[5, 5]","[3, 1]",2.0,2.0,1.0
LIDC-IDRI-0439,1.3.6.1.4.1.14519.5.2.1.6279.6001.300724599751226863091983308838,0,1,4,False,"[389.2291566335468, 178.1276451950861, 81.25492850786033]",30.464809448431037,3.0,0.692,True,patches/LIDC-IDRI-0439_n01.npz,96,"[4, 5, 5, 5]","[1, 1, 1, 1]","[6, 6, 6, 6]","[3, 2, 3, 3]","[2, 1, 2, 2]","[3, 4, 4, 3]","[3, 2, 3, 4]","[3, 5, 3, 3]","[3, 4, 5, 2]",3.5,3.5,1.118033988749895
LIDC-IDRI-0440,1.3.6.1.4.1.14519.5.2.1.6279.6001.297433269262659217151107535012,0,0,4,False,"[142.83178825923193, 140.86780755238325, 234.79959267692644]",12.232590108087056,1.25,0.703125,False,patches/LIDC-IDRI-0440_n00.npz,96,"[5, 1, 4, 4]","[1, 1, 1, 1]","[6, 6, 6, 6]","[3, 5, 3, 4]","[3, 2, 3, 4]","[2, 1, 2, 2]","[3, 1, 1, 2]","[5, 1, 5, 5]","[3, 2, 3, 4]",3.0,3.0,0.7071067811865476
LIDC-IDRI-0440,1.3.6.1.4.1.14519.5.2.1.6279.6001.297433269262659217151107535012,0,1,4,False,"[156.02654423773348, 303.6299583468116, 341.24409437611837]",16.126830948279334,1.25,0.703125,False,patches/LIDC-IDRI-0440_n01.npz,96,"[5, 5, 5, 5]","[1, 1, 1, 1]","[3, 3, 3, 3]","[2, 5, 5, 4]","[3, 5, 5, 5]","[3, 1, 1, 1]","[2, 1, 1, 1]","[5, 5, 5, 5]","[1, 1, 1, 1]",1.0,1.0,0.0
LIDC-IDRI-0440,1.3.6.1.4.1.14519.5.2.1.6279.6001.297433269262659217151107535012,0,2,1,False,"[233.8139534883721, 282.84496124031006, 429.6046511627907]",10.067217935116187,1.25,0.703125,False,patches/LIDC-IDRI-0440_n02.npz,96,[3],[1],[6],[2],[5],[1],[1],[5],[2],2.0,2.0,0.0
LIDC-IDRI-0442,1.3.6.1.4.1.14519.5.2.1.6279.6001.226813447046845316215094488309,0,0,3,False,"[306.002997946088, 445.6803466561207, 42.47005668456929]",7.362986504625176,3.0,0.587890625,False,patches/LIDC-IDRI-0442_n00.npz,96,"[3, 3, 5]","[1, 1, 1]","[6, 6, 6]","[2, 3, 4]","[4, 5, 5]","[1, 1, 1]","[1, 1, 1]","[5, 5, 5]","[1, 3, 3]",2.3333333333333335,3.0,0.9428090415820634
LIDC-IDRI-0442,1.3.6.1.4.1.14519.5.2.1.6279.6001.226813447046845316215094488309,0,1,3,False,"[190.312552213868, 169.07477025898078, 56.45895989974937]",7.029367414863633,3.0,0.587890625,False,patches/LIDC-IDRI-0442_n01.npz,96,"[3, 4, 5]","[1, 1, 1]","[6, 6, 6]","[3, 4, 4]","[3, 4, 3]","[1, 1, 1]","[1, 1, 1]","[5, 5, 4]","[1, 2, 3]",2.0,2.0,0.816496580927726
LIDC-IDRI-0442,1.3.6.1.4.1.14519.5.2.1.6279.6001.226813447046845316215094488309,0,2,4,False,"[247.99932715932715, 441.9570202545202, 84.2728109053109]",4.874236057586079,3.0,0.587890625,False,patches/LIDC-IDRI-0442_n02.npz,96,"[3, 2, 1, 5]","[1, 1, 1, 1]","[6, 6, 6, 6]","[3, 4, 3, 3]","[3, 4, 3, 1]","[3, 1, 1, 1]","[1, 1, 1, 1]","[5, 5, 1, 1]","[1, 2, 4, 3]",2.5,2.5,1.118033988749895
LIDC-IDRI-0442,1.3.6.1.4.1.14519.5.2.1.6279.6001.335799017122466251265955525941,1,0,4,False,"[320.7053799919447, 436.54617374601105, 41.5113858165257]",7.526951660776553,3.0,0.5859375,False,patches/LIDC-IDRI-0442_s1_n00.npz,96,"[4, 4, 2, 5]","[1, 1, 1, 1]","[6, 6, 6, 6]","[3, 3, 4, 3]","[5, 4, 4, 5]","[1, 1, 1, 1]","[1, 1, 1, 1]","[5, 4, 2, 5]","[3, 3, 3, 2]",2.75,3.0,0.4330127018922193
LIDC-IDRI-0442,1.3.6.1.4.1.14519.5.2.1.6279.6001.335799017122466251265955525941,1,1,3,False,"[189.44652945924133, 162.14850686037127, 55.49717514124294]",6.928861530969528,3.0,0.5859375,False,patches/LIDC-IDRI-0442_s1_n01.npz,96,"[4, 2, 5]","[1, 1, 1]","[6, 6, 6]","[3, 4, 4]","[4, 2, 4]","[1, 3, 1]","[1, 2, 1]","[2, 2, 4]","[4, 3, 3]",3.3333333333333335,3.0,0.4714045207910317
LIDC-IDRI-0442,1.3.6.1.4.1.14519.5.2.1.6279.6001.335799017122466251265955525941,1,2,2,False,"[269.26552795031057, 437.0357142857143, 82.0]",5.77576216531294,3.0,0.5859375,False,patches/LIDC-IDRI-0442_s1_n02.npz,96,"[3, 1]","[1, 1]","[6, 6]","[3, 4]","[4, 2]","[1, 2]","[1, 1]","[4, 1]","[1, 3]",2.0,2.0,1.0
LIDC-IDRI-0443,1.3.6.1.4.1.14519.5.2.1.6279.6001.202464973819273687476049035824,0,0,4,False,"[345.3705245830249, 365.02214128757157, 169.97848634088317]",8.395895314758244,1.25,0.703125,False,patches/LIDC-IDRI-0443_n00.npz,96,"[5, 5, 5, 4]","[1, 1, 1, 1]","[3, 3, 3, 6]","[5, 5, 5, 3]","[1, 5, 5, 4]","[2, 1, 1, 2]","[1, 1, 1, 2]","[5, 5, 5, 5]","[1, 1, 1, 4]",1.75,1.0,1.299038105676658
LIDC-IDRI-0443,1.3.6.1.4.1.14519.5.2.1.6279.6001.202464973819273687476049035824,0,1,2,False,"[176.64918132201333, 231.80882352941177, 399.6439761471599]",5.3849809206213735,1.25,0.703125,False,patches/LIDC-IDRI-0443_n01.npz,96,"[3, 3]","[1, 1]","[3, 6]","[5, 5]","[5, 5]","[1, 1]","[1, 1]","[5, 5]","[1, 2]",1.5,1.5,0.5
LIDC-IDRI-0444,1.3.6.1.4.1.14519.5.2.1.6279.6001.335866409407244673864352309754,0,0,2,False,"[262.55337703049304, 99.31624394414362, 173.95443146195498]",7.333051395957964,1.0,0.625,False,patches/LIDC-IDRI-0444_n00.npz,96,"[3, 3]","[1, 1]","[6, 6]","[4, 5]","[1, 5]","[1, 1]","[1, 1]","[2, 5]","[2, 2]",2.0,2.0,0.0
LIDC-IDRI-0445,1.3.6.1.4.1.14519.5.2.1.6279.6001.394470743585708729682444806008,0,0,1,False,"[201.96153846153845, 144.8846153846154, 176.0]",5.709542622060457,1.0,0.546875,False,patches/LIDC-IDRI-0445_n00.npz,96,[2],[1],[6],[5],[5],[1],[1],[5],[3],3.0,3.0,0.0
LIDC-IDRI-0445,1.3.6.1.4.1.14519.5.2.1.6279.6001.394470743585708729682444806008,0,1,3,False,"[386.3818641430583, 336.0386486947008, 267.21806949339503]",9.182739198022714,1.0,0.546875,False,patches/LIDC-IDRI-0445_n01.npz,96,"[4, 3, 4]","[1, 1, 1]","[6, 6, 6]","[3, 5, 4]","[5, 4, 5]","[2, 3, 1]","[1, 2, 1]","[5, 5, 5]","[4, 4, 2]",3.3333333333333335,4.0,0.9428090415820634
LIDC-IDRI-0445,1.3.6.1.4.1.14519.5.2.1.6279.6001.394470743585708729682444806008,0,2,1,False,"[276.63157894736844, 406.7543859649123, 268.10526315789474]",4.672502048220525,1.0,0.546875,False,patches/LIDC-IDRI-0445_n02.npz,96,[2],[1],[6],[5],[4],[1],[1],[5],[3],3.0,3.0,0.0
LIDC-IDRI-0447,1.3.6.1.4.1.14519.5.2.1.6279.6001.109002525524522225658609808059,0,0,3,False,"[337.1692913832199, 408.064716553288, 56.75007369614513]",6.176494510712565,1.25,0.548828,False,patches/LIDC-IDRI-0447_n00.npz,96,"[1, 3, 1]","[1, 1, 1]","[6, 6, 6]","[3, 4, 4]","[4, 2, 1]","[2, 1, 1]","[1, 1, 1]","[5, 5, 2]","[3, 3, 3]",3.0,3.0,0.0
LIDC-IDRI-0447,1.3.6.1.4.1.14519.5.2.1.6279.6001.109002525524522225658609808059,0,1,4,False,"[285.4658046617615, 426.0260174852082, 68.24747647939625]",18.811151757430636,1.25,0.548828,False,patches/LIDC-IDRI-0447_n01.npz,96,"[5, 5, 5, 5]","[1, 1, 1, 1]","[6, 6, 6, 6]","[3, 4, 3, 3]","[5, 4, 4, 3]","[1, 1, 2, 3]","[3, 2, 2, 2]","[5, 5, 5, 5]","[5, 5, 5, 5]",5.0,5.0,0.0
LIDC-IDRI-0447,1.3.6.1.4.1.14519.5.2.1.6279.6001.109002525524522225658609808059,0,2,1,False,"[198.78125, 410.953125, 70.34375]",4.4247927954832,1.25,0.548828,False,patches/LIDC-IDRI-0447_n02.npz,96,[4],[1],[3],[5],[5],[1],[1],[5],[1],1.0,1.0,0.0
LIDC-IDRI-0447,1.3.6.1.4.1.14519.5.2.1.6279.6001.109002525524522225658609808059,0,3,1,False,"[268.18, 102.78, 97.42]",6.13608357977627,1.25,0.548828,False,patches/LIDC-IDRI-0447_n03.npz,96,[1],[1],[6],[4],[2],[1],[1],[1],[2],2.0,2.0,0.0
LIDC-IDRI-0447,1.3.6.1.4.1.14519.5.2.1.6279.6001.109002525524522225658609808059,0,4,1,False,"[292.8315789473684, 379.2526315789474, 132.4]",6.608764269489421,1.25,0.548828,False,patches/LIDC-IDRI-0447_n04.npz,96,[2],[1],[6],[3],[4],[1],[1],[5],[2],2.0,2.0,0.0
LIDC-IDRI-0448,1.3.6.1.4.1.14519.5.2.1.6279.6001.173101104804533997398137418032,0,0,4,False,"[263.00323875620876, 68.43754677825407, 213.15802204531536]",7.620644348487247,1.25,0.703125,False,patches/LIDC-IDRI-0448_n00.npz,96,"[5, 4, 4, 3]","[1, 1, 1, 1]","[6, 6, 6, 6]","[5, 4, 3, 3]","[5, 5, 5, 3]","[1, 1, 1, 3]","[1, 1, 1, 2]","[5, 5, 5, 5]","[4, 3, 2, 3]",3.0,3.0,0.7071067811865476
LIDC-IDRI-0448,1.3.6.1.4.1.14519.5.2.1.6279.6001.173101104804533997398137418032,0,1,4,False,"[354.7174727845684, 397.0496204163483, 223.00665345683728]",7.123666016982831,1.25,0.703125,False,patches/LIDC-IDRI-0448_n01.npz,96,"[5, 5, 4, 4]","[1, 1, 1, 1]","[6, 6, 6, 6]","[5, 4, 5, 4]","[5, 5, 4, 3]","[3, 1, 1, 1]","[1, 1, 2, 3]","[5, 5, 4, 5]","[4, 3, 2, 4]",3.25,3.5,0.82915619758885
LIDC-IDRI-0448,1.3.6.1.4.1.14519.5.2.1.6279.6001.173101104804533997398137418032,0,2,4,False,"[297.1889694972322, 415.27439888527454, 267.66533448895734]",9.42214602046141,1.25,0.703125,False,patches/LIDC-IDRI-0448_n02.npz,96,"[5, 5, 4, 4]","[1, 1, 1, 1]","[6, 6, 6, 6]","[5, 4, 4, 4]","[5, 5, 4, 4]","[2, 1, 2, 4]","[1, 1, 3, 2]","[5, 5, 3, 5]","[4, 3, 2, 3]",3.0,3.0,0.7071067811865476
LIDC-IDRI-0449,1.3.6.1.4.1.14519.5.2.1.6279.6001.224259636925435364427994488842,0,0,2,False,"[337.06828316610927, 439.33333333333337, 55.97352285395763]",8.04319717875256,3.0,0.714,True,patches/LIDC-IDRI-0449_n00.npz,96,"[4, 3]","[1, 1]","[6, 6]","[3, 3]","[3, 3]","[2, 2]","[2, 2]","[4, 2]","[3, 3]",3.0,3.0,0.0
LIDC-IDRI-0449,1.3.6.1.4.1.14519.5.2.1.6279.6001.224259636925435364427994488842,0,1,3,False,"[214.75956863158237, 87.23836488435795, 59.037674840759166]",8.151645668563413,3.0,0.714,True,patches/LIDC-IDRI-0449_n01.npz,96,"[4, 4, 3]","[1, 1, 1]","[6, 6, 6]","[5, 5, 4]","[5, 3, 4]","[1, 1, 2]","[1, 2, 2]","[5, 4, 4]","[1, 3, 3]",2.3333333333333335,3.0,0.9428090415820634
LIDC-IDRI-0450,1.3.6.1.4.1.14519.5.2.1.6279.6001.215640837032688688030770057224,0,0,2,False,"[423.4442589058524, 122.24723680025446, 115.72290473918575]",8.11936755946481,1.25,0.537109,False,patches/LIDC-IDRI-0450_n00.npz,96,"[4, 2]","[1, 1]","[6, 6]","[4, 3]","[4, 2]","[1, 3]","[2, 1]","[5, 5]","[4, 3]",3.5,3.5,0.5
LIDC-IDRI-0450,1.3.6.1.4.1.14519.5.2.1.6279.6001.215640837032688688030770057224,0,1,2,False,"[314.65625, 76.98321078431371, 132.2870098039216]",5.894951072712539,1.25,0.537109,False,patches/LIDC-IDRI-0450_n01.npz,96,"[2, 3]","[1, 1]","[6, 6]","[4, 3]","[3, 4]","[2, 1]","[2, 3]","[5, 5]","[3, 3]",3.0,3.0,0.0
LIDC-IDRI-0450,1.3.6.1.4.1.14519.5.2.1.6279.6001.215640837032688688030770057224,0,2,3,False,"[368.5063218390805, 86.4766805990944, 136.3992337164751]",7.26310278222167,1.25,0.537109,False,patches/LIDC-IDRI-0450_n02.npz,96,"[3, 2, 4]","[1, 1, 1]","[6, 6, 6]","[4, 2, 1]","[5, 4, 3]","[1, 1, 2]","[1, 1, 3]","[5, 5, 4]","[2, 2, 3]",2.3333333333333335,2.0,0.4714045207910317
LIDC-IDRI-0450,1.3.6.1.4.1.14519.5.2.1.6279.6001.215640837032688688030770057224,0,3,4,False,"[127.94286191459884, 367.2243031144155, 136.8969320518067]",7.473873030725045,1.25,0.537109,False,patches/LIDC-IDRI-0450_n03.npz,96,"[3, 4, 3, 5]","[1, 1, 1, 1]","[6, 6, 6, 6]","[4, 4, 4, 4]","[4, 5, 4, 4]","[2, 1, 1, 1]","[2, 1, 1, 2]","[5, 5, 5, 5]","[3, 2, 3, 4]",3.0,3.0,0.7071067811865476
LIDC-IDRI-0450,1.3.6.1.4.1.14519.5.2.1.6279.6001.215640837032688688030770057224,0,4,2,False,"[414.149814471243, 121.9930426716141, 154.5273654916512]",9.499698312717399,1.25,0.537109,False,patches/LIDC-IDRI-0450_n04.npz,96,"[5, 5]","[1, 1]","[6, 6]","[3, 2]","[4, 4]","[2, 1]","[2, 3]","[5, 5]","[3, 3]",3.0,3.0,0.0
LIDC-IDRI-0450,1.3.6.1.4.1.14519.5.2.1.6279.6001.215640837032688688030770057224,0,5,4,False,"[335.4390534179655, 382.5148908445863, 158.96026289113595]",8.627761797269184,1.25,0.537109,False,patches/LIDC-IDRI-0450_n05.npz,96,"[4, 5, 4, 5]","[1, 1, 1, 1]","[6, 6, 6, 6]","[4, 3, 4, 4]","[3, 4, 5, 4]","[2, 1, 1, 1]","[2, 1, 1, 2]","[4, 5, 5, 5]","[3, 2, 3, 4]",3.0,3.0,0.7071067811865476
LIDC-IDRI-0450,1.3.6.1.4.1.14519.5.2.1.6279.6001.215640837032688688030770057224,0,6,4,False,"[228.78387824000433, 427.4405564399823, 165.48870489769666]",9.012005974826135,1.25,0.537109,False,patches/LIDC-IDRI-0450_n06.npz,96,"[4, 5, 5, 5]","[1, 1, 1, 1]","[6, 6, 6, 6]","[2, 3, 5, 3]","[4, 5, 3, 4]","[2, 1, 2, 2]","[2, 1, 3, 2]","[4, 5, 5, 5]","[3, 2, 4, 4]",3.25,3.5,0.82915619758885
LIDC-IDRI-0450,1.3.6.1.4.1.14519.5.2.1.6279.6001.215640837032688688030770057224,0,7,4,False,"[290.8615731122205, 411.40266257515293, 170.66158236068384]",12.969197350030944,1.25,0.537109,False,patches/LIDC-IDRI-0450_n07.npz,96,"[4, 5, 5, 5]","[1, 1, 1, 1]","[6, 6, 6, 5]","[4, 2, 4, 3]","[1, 4, 4, 4]","[4, 2, 4, 4]","[4, 3, 4, 3]","[4, 5, 5, 5]","[3, 5, 5, 5]",4.5,5.0,0.8660254037844386
LIDC-IDRI-0450,1.3.6.1.4.1.14519.5.2.1.6279.6001.215640837032688688030770057224,0,8,4,False,"[354.80293552038586, 394.54351304679307, 181.867500507684]",8.161934970267186,1.25,0.537109,False,patches/LIDC-IDRI-0450_n08.npz,96,"[4, 4, 4, 5]","[1, 1, 1, 1]","[6, 6, 6, 6]","[3, 4, 4, 3]","[3, 5, 4, 4]","[2, 2, 2, 1]","[2, 1, 1, 3]","[4, 5, 5, 4]","[3, 4, 3, 3]",3.25,3.0,0.4330127018922193
LIDC-IDRI-0451,1.3.6.1.4.1.14519.5.2.1.6279.6001.321465552859463184018938648244,0,0,4,False,"[371.9453001777094, 217.97762313636963, 112.59278426873114]",12.875655770711049,2.0,0.68359375,False,patches/LIDC-IDRI-0451_n00.npz,96,"[5, 5, 4, 3]","[1, 1, 1, 1]","[6, 6, 6, 6]","[3, 5, 4, 5]","[5, 5, 4, 5]","[1, 2, 3, 1]","[1, 1, 1, 1]","[5, 5, 4, 5]","[4, 4, 3, 2]",3.25,3.5,0.82915619758885
LIDC-IDRI-0452,1.3.6.1.4.1.14519.5.2.1.6279.6001.230416590143922549745658357505,0,0,4,False,"[245.40738861708311, 67.55035273291857, 144.57884889688287]",9.106185035346108,1.0,0.5859375,False,patches/LIDC-IDRI-0452_n00.npz,96,"[4, 3, 4, 3]","[1, 1, 1, 1]","[6, 6, 6, 6]","[3, 3, 3, 5]","[4, 4, 4, 5]","[2, 2, 3, 1]","[2, 3, 2, 1]","[5, 5, 5, 5]","[4, 3, 3, 2]",3.0,3.0,0.7071067811865476
LIDC-IDRI-0452,1.3.6.1.4.1.14519.5.2.1.6279.6001.230416590143922549745658357505,0,1,1,False,"[411.1271186440678, 163.6949152542373, 247.77118644067798]",6.337883101401544,1.0,0.5859375,False,patches/LIDC-IDRI-0452_n01.npz,96,[3],[1],[6],[5],[5],[1],[1],[5],[2],2.0,2.0,0.0
LIDC-IDRI-0452,1.3.6.1.4.1.14519.5.2.1.6279.6001.230416590143922549745658357505,0,2,3,False,"[265.4525651810043, 114.07486638455991, 282.81473740311947]",6.208378976822547,1.0,0.5859375,False,patches/LIDC-IDRI-0452_n02.npz,96,"[4, 2, 1]","[1, 1, 1]","[6, 6, 6]","[3, 3, 5]","[4, 2, 2]","[2, 2, 1]","[1, 2, 1]","[5, 3, 1]","[4, 3, 2]",3.0,3.0,0.816496580927726
LIDC-IDRI-0453,1.3.6.1.4.1.14519.5.2.1.6279.6001.241083615484551649610616348856,0,0,4,False,"[317.88244308985793, 336.8070908375626, 56.4180443822503]",12.355426784044687,2.0,0.64453125,False,patches/LIDC-IDRI-0453_n00.npz,96,"[5, 5, 5, 5]","[1, 1, 1, 1]","[6, 6, 6, 6]","[4, 3, 3, 3]","[4, 4, 5, 4]","[2, 2, 1, 3]","[1, 1, 2, 1]","[4, 5, 5, 5]","[4, 3, 4, 3]",3.5,3.5,0.5
LIDC-IDRI-0454,1.3.6.1.4.1.14519.5.2.1.6279.6001.259123825760999546551970425757,0,0,4,False,"[276.63529030071584, 421.69825121686824, 63.865889606847055]",6.53795694184602,1.0,0.724609375,False,patches/LIDC-IDRI-0454_n00.npz,96,"[3, 4, 2, 5]","[1, 1, 1, 1]","[6, 6, 6, 3]","[5, 5, 5, 5]","[5, 5, 4, 5]","[1, 1, 2, 1]","[1, 1, 2, 1]","[5, 5, 4, 5]","[2, 3, 3, 1]",2.25,2.5,0.82915619758885
LIDC-IDRI-0454,1.3.6.1.4.1.14519.5.2.1.6279.6001.259123825760999546551970425757,0,1,2,False,"[327.6589283758196, 181.94301519490477, 128.77995946982145]",14.910195354449765,1.0,0.724609375,False,patches/LIDC-IDRI-0454_n01.npz,96,"[4, 5]","[1, 1]","[6, 6]","[4, 5]","[2, 5]","[3, 1]","[2, 3]","[5, 5]","[3, 5]",4.0,4.0,1.0
LIDC-IDRI-0454,1.3.6.1.4.1.14519.5.2.1.6279.6001.259123825760999546551970425757,0,2,3,False,"[250.21461979913917, 200.80972740315642, 151.882362505978]",6.013836854679021,1.0,0.724609375,False,patches/LIDC-IDRI-0454_n02.npz,96,"[2, 3, 5]","[1, 1, 1]","[6, 6, 6]","[3, 4, 5]","[3, 5, 5]","[2, 1, 3]","[1, 1, 3]","[5, 5, 5]","[3, 3, 3]",3.0,3.0,0.0
LIDC-IDRI-0454,1.3.6.1.4.1.14519.5.2.1.6279.6001.259123825760999546551970425757,0,3,4,False,"[257.90075535033145, 212.70471020981745, 156.2652103393819]",7.952279575198099,1.0,0.724609375,False,patches/LIDC-IDRI-0454_n03.npz,96,"[4, 5, 3, 5]","[1, 1, 1, 1]","[6, 6, 6, 6]","[4, 4, 4, 5]","[4, 5, 3, 5]","[2, 1, 3, 4]","[1, 1, 3, 4]","[5, 5, 4, 5]","[3, 4, 3, 5]",3.75,3.5,0.82915619758885
LIDC-IDRI-0454,1.3.6.1.4.1.14519.5.2.1.6279.6001.259123825760999546551970425757,0,4,1,False,"[293.2169811320755, 158.6509433962264, 158.96226415094338]",10.06659515641773,1.0,0.724609375,False,patches/LIDC-IDRI-0454_n04.npz,96,[5],[1],[6],[5],[5],[5],[5],[5],[5],5.0,5.0,0.0
LIDC-IDRI-0454,1.3.6.1.4.1.14519.5.2.1.6279.6001.259123825760999546551970425757,0,5,4,False,"[293.13125, 194.75456932773108, 197.37962184873953]",5.71386991891493,1.0,0.724609375,False,patches/LIDC-IDRI-0454_n05.npz,96,"[3, 4, 2, 3]","[1, 1, 1, 1]","[6, 6, 6, 6]","[4, 4, 3, 5]","[4, 5, 4, 5]","[1, 1, 2, 1]","[1, 1, 2, 1]","[5, 5, 4, 5]","[2, 3, 3, 2]",2.5,2.5,0.5
LIDC-IDRI-0454,1.3.6.1.4.1.14519.5.2.1.6279.6001.259123825760999546551970425757,0,6,3,False,"[335.6205180757949, 212.37855788853787, 210.24521909904888]",39.03299078554852,1.0,0.724609375,False,patches/LIDC-IDRI-0454_n06.npz,96,"[5, 5, 5]","[1, 1, 1]","[6, 6, 4]","[3, 2, 3]","[3, 4, 2]","[5, 2, 5]","[2, 5, 5]","[5, 4, 4]","[5, 5, 3]",4.333333333333333,5.0,0.9428090415820634
LIDC-IDRI-0456,1.3.6.1.4.1.14519.5.2.1.6279.6001.179162671133894061547290922949,0,0,4,False,"[182.92350419798913, 456.3882279541411, 132.197049171861]",9.298212422629366,1.5,0.67578125,False,patches/LIDC-IDRI-0456_n00.npz,96,"[5, 5, 5, 5]","[1, 1, 1, 1]","[3, 3, 5, 3]","[4, 4, 5, 5]","[5, 5, 5, 5]","[4, 1, 1, 1]","[3, 1, 1, 1]","[5, 5, 5, 4]","[1, 1, 1, 1]",1.0,1.0,0.0
LIDC-IDRI-0456,1.3.6.1.4.1.14519.5.2.1.6279.6001.179162671133894061547290922949,0,1,4,False,"[218.4640769798503, 68.44163901563655, 162.21342281315685]",8.225029722030094,1.5,0.67578125,False,patches/LIDC-IDRI-0456_n01.npz,96,"[5, 5, 5, 5]","[1, 1, 1, 1]","[6, 6, 6, 6]","[4, 4, 4, 4]","[4, 5, 4, 5]","[2, 1, 1, 1]","[2, 1, 1, 2]","[5, 5, 1, 5]","[3, 3, 4, 3]",3.25,3.0,0.4330127018922193
LIDC-IDRI-0456,1.3.6.1.4.1.14519.5.2.1.6279.6001.179162671133894061547290922949,0,2,4,False,"[185.4203410865685, 183.01856035252118, 245.69707301427934]",5.0852716923702195,1.5,0.67578125,False,patches/LIDC-IDRI-0456_n02.npz,96,"[5, 4, 5, 5]","[1, 1, 1, 1]","[3, 3, 5, 3]","[4, 5, 5, 5]","[5, 5, 5, 5]","[2, 1, 1, 1]","[1, 1, 1, 1]","[5, 5, 5, 5]","[1, 1, 1, 1]",1.0,1.0,0.0
LIDC-IDRI-0457,1.3.6.1.4.1.14519.5.2.1.6279.6001.261678072503577216586082745513,0,0,2,False,"[157.5486111111111, 117.18423202614379, 69.3202614379085]",8.324056340808202,2.0,0.68359375,False,patches/LIDC-IDRI-0457_n00.npz,96,"[4, 3]","[1, 1]","[6, 6]","[4, 3]","[4, 3]","[1, 1]","[1, 1]","[5, 5]","[3, 2]",2.5,2.5,0.5
LIDC-IDRI-0457,1.3.6.1.4.1.14519.5.2.1.6279.6001.261678072503577216586082745513,0,1,2,False,"[162.09655172413795, 144.28286311389758, 71.42789968652038]",9.5764456746108,2.0,0.68359375,False,patches/LIDC-IDRI-0457_n01.npz,96,"[4, 3]","[1, 1]","[6, 6]","[3, 3]","[4, 3]","[1, 2]","[2, 2]","[4, 4]","[5, 3]",4.0,4.0,1.0
LIDC-IDRI-0458,1.3.6.1.4.1.14519.5.2.1.6279.6001.319066480138812986026181758474,0,0,1,False,"[344.70588235294116, 419.0, 92.0]",4.351001355987842,1.25,0.597656,False,patches/LIDC-IDRI-0458_n00.npz,96,[2],[1],[6],[3],[3],[1],[2],[3],[3],3.0,3.0,0.0
LIDC-IDRI-0458,1.3.6.1.4.1.14519.5.2.1.6279.6001.319066480138812986026181758474,0,1,3,False,"[275.4897232446511, 441.23377835894786, 97.48461648155323]",6.905942992942734,1.25,0.597656,False,patches/LIDC-IDRI-0458_n01.npz,96,"[3, 4, 1]","[1, 1, 1]","[6, 6, 6]","[3, 3, 2]","[3, 4, 3]","[1, 2, 2]","[3, 1, 2]","[4, 5, 4]","[3, 5, 3]",3.6666666666666665,3.0,0.9428090415820634
LIDC-IDRI-0458,1.3.6.1.4.1.14519.5.2.1.6279.6001.319066480138812986026181758474,0,2,3,False,"[372.2003831417624, 163.77305236270755, 118.01136653895274]",8.679692422964768,1.25,0.597656,False,patches/LIDC-IDRI-0458_n02.npz,96,"[3, 4, 1]","[1, 1, 1]","[6, 6, 6]","[3, 3, 4]","[4, 4, 2]","[2, 2, 2]","[1, 1, 2]","[5, 5, 3]","[3, 4, 3]",3.3333333333333335,3.0,0.4714045207910317
LIDC-IDRI-0458,1.3.6.1.4.1.14519.5.2.1.6279.6001.319066480138812986026181758474,0,3,1,False,"[301.5, 86.0625, 169.0]",4.818456716817123,1.25,0.597656,False,patches/LIDC-IDRI-0458_n03.npz,96,[4],[1],[6],[5],[5],[1],[1],[5],[1],1.0,1.0,0.0
LIDC-IDRI-0459,1.3.6.1.4.1.14519.5.2.1.6279.6001.125356649712550043958727288500,0,0,1,False,"[201.93650793650792, 372.2857142857143, 44.301587301587304]",5.511311023190394,1.25,0.683594,False,patches/LIDC-IDRI-0459_n00.npz,96,[5],[1],[3],[3],[5],[1],[4],[5],[1],1.0,1.0,0.0
LIDC-IDRI-0459,1.3.6.1.4.1.14519.5.2.1.6279.6001.125356649712550043958727288500,0,1,1,False,"[171.8, 407.075, 64.925]",4.5856879590329696,1.25,0.683594,False,patches/LIDC-IDRI-0459_n01.npz,96,[5],[1],[3],[3],[5],[2],[1],[5],[1],1.0,1.0,0.0
LIDC-IDRI-0459,1.3.6.1.4.1.14519.5.2.1.6279.6001.125356649712550043958727288500,0,2,1,False,"[327.25, 129.66666666666666, 85.56666666666666]",4.976639439652822,1.25,0.683594,False,patches/LIDC-IDRI-0459_n02.npz,96,[5],[1],[3],[4],[5],[1],[4],[5],[1],1.0,1.0,0.0
LIDC-IDRI-0459,1.3.6.1.4.1.14519.5.2.1.6279.6001.125356649712550043958727288500,0,3,1,False,"[334.05128205128204, 129.02564102564102, 130.02564102564102]",4.323428069650282,1.25,0.683594,False,patches/LIDC-IDRI-0459_n03.npz,96,[5],[1],[3],[3],[5],[1],[2],[5],[1],1.0,1.0,0.0
LIDC-IDRI-0459,1.3.6.1.4.1.14519.5.2.1.6279.6001.125356649712550043958727288500,0,4,1,False,"[265.3421052631579, 189.03947368421052, 191.57894736842104]",5.8406296962766,1.25,0.683594,False,patches/LIDC-IDRI-0459_n04.npz,96,[3],[1],[6],[4],[5],[1],[1],[5],[3],3.0,3.0,0.0
LIDC-IDRI-0460,1.3.6.1.4.1.14519.5.2.1.6279.6001.362762275895885013176610377950,0,0,3,False,"[141.39403832161045, 154.66116662624302, 213.5524326946398]",7.828613508444843,1.25,0.703125,False,patches/LIDC-IDRI-0460_n00.npz,96,"[5, 4, 3]","[1, 1, 1]","[6, 6, 6]","[3, 4, 5]","[3, 5, 5]","[2, 1, 1]","[4, 1, 1]","[5, 5, 5]","[3, 3, 2]",2.6666666666666665,3.0,0.4714045207910317
LIDC-IDRI-0460,1.3.6.1.4.1.14519.5.2.1.6279.6001.362762275895885013176610377950,0,1,2,False,"[166.58913680414696, 152.15505972503945, 225.24430921794004]",9.34128585634153,1.25,0.703125,False,patches/LIDC-IDRI-0460_n01.npz,96,"[3, 3]","[1, 1]","[6, 6]","[2, 5]","[4, 5]","[2, 1]","[1, 1]","[5, 5]","[3, 2]",2.5,2.5,0.5
LIDC-IDRI-0460,1.3.6.1.4.1.14519.5.2.1.6279.6001.362762275895885013176610377950,0,2,1,False,"[199.76712328767124, 377.5753424657534, 261.4931506849315]",6.007502633426389,1.25,0.703125,False,patches/LIDC-IDRI-0460_n02.npz,96,[2],[1],[6],[5],[5],[1],[1],[5],[2],2.0,2.0,0.0
LIDC-IDRI-0461,1.3.6.1.4.1.14519.5.2.1.6279.6001.183184435049555024219115904825,0,0,1,False,"[316.70588235294116, 89.61764705882354, 91.42647058823529]",5.37339912115597,1.25,0.566406,False,patches/LIDC-IDRI-0461_n00.npz,96,[4],[1],[3],[3],[5],[1],[1],[5],[1],1.0,1.0,0.0
LIDC-IDRI-0461,1.3.6.1.4.1.14519.5.2.1.6279.6001.183184435049555024219115904825,0,1,4,False,"[119.01541881812966, 163.41896583900535, 99.41740704701924]",5.611506740727448,1.25,0.566406,False,patches/LIDC-IDRI-0461_n01.npz,96,"[4, 3, 3, 4]","[1, 1, 1, 1]","[6, 6, 6, 6]","[3, 4, 5, 3]","[4, 4, 2, 4]","[1, 1, 2, 2]","[1, 1, 2, 1]","[5, 4, 4, 4]","[2, 3, 3, 4]",3.0,3.0,0.7071067811865476
LIDC-IDRI-0461,1.3.6.1.4.1.14519.5.2.1.6279.6001.183184435049555024219115904825,0,2,1,False,"[287.85185185185185, 150.11111111111111, 128.0185185185185]",4.670703529967199,1.25,0.566406,False,patches/LIDC-IDRI-0461_n02.npz,96,[2],[1],[3],[5],[5],[1],[1],[5],[1],1.0,1.0,0.0
LIDC-IDRI-0461,1.3.6.1.4.1.14519.5.2.1.6279.6001.183184435049555024219115904825,0,3,1,False,"[272.1168831168831, 101.53246753246754, 153.55844155844156]",4.839374985370324,1.25,0.566406,False,patches/LIDC-IDRI-0461_n03.npz,96,[4],[1],[3],[4],[5],[1],[1],[5],[1],1.0,1.0,0.0
LIDC-IDRI-0461,1.3.6.1.4.1.14519.5.2.1.6279.6001.183184435049555024219115904825,0,4,1,False,"[306.91358024691357, 187.93827160493828, 176.20987654320987]",4.670703529967199,1.25,0.566406,False,patches/LIDC-IDRI-0461_n04.npz,96,[1],[1],[6],[4],[4],[1],[2],[5],[3],3.0,3.0,0.0
LIDC-IDRI-0461,1.3.6.1.4.1.14519.5.2.1.6279.6001.183184435049555024219115904825,0,5,4,False,"[234.7812135780886, 351.10735358391605, 210.90168893606392]",5.59415244397133,1.25,0.566406,False,patches/LIDC-IDRI-0461_n05.npz,96,"[5, 3, 5, 4]","[1, 1, 1, 1]","[3, 3, 3, 6]","[3, 5, 4, 4]","[5, 5, 5, 5]","[2, 1, 2, 2]","[1, 1, 1, 1]","[5, 5, 5, 5]","[1, 1, 1, 4]",1.75,1.0,1.299038105676658
LIDC-IDRI-0462,1.3.6.1.4.1.14519.5.2.1.6279.6001.922852847124879997825997808179,0,0,2,False,"[305.8436280137773, 81.25252583237658, 272.49397244546503]",5.978858082995288,1.25,0.703125,False,patches/LIDC-IDRI-0462_n00.npz,96,"[4, 1]","[1, 1]","[6, 6]","[4, 5]","[5, 5]","[1, 1]","[1, 1]","[5, 5]","[3, 2]",2.5,2.5,0.5
LIDC-IDRI-0462,1.3.6.1.4.1.14519.5.2.1.6279.6001.922852847124879997825997808179,0,1,4,False,"[307.677168853705, 111.78366184908032, 290.01890278505374]",22.319927581626352,1.25,0.703125,False,patches/LIDC-IDRI-0462_n01.npz,96,"[4, 5, 5, 5]","[1, 1, 1, 1]","[6, 6, 6, 6]","[2, 3, 3, 3]","[3, 3, 5, 4]","[1, 4, 4, 4]","[2, 3, 4, 4]","[4, 5, 5, 5]","[2, 5, 4, 4]",3.75,4.0,1.0897247358851685
LIDC-IDRI-0462,1.3.6.1.4.1.14519.5.2.1.6279.6001.922852847124879997825997808179,0,2,4,False,"[191.75683462710168, 201.13380357935827, 338.4725754933211]",13.365030031628566,1.25,0.703125,False,patches/LIDC-IDRI-0462_n02.npz,96,"[4, 5, 5, 3]","[1, 1, 1, 1]","[6, 6, 6, 6]","[3, 3, 3, 3]","[4, 4, 5, 4]","[1, 2, 2, 3]","[1, 1, 1, 2]","[5, 5, 5, 5]","[1, 4, 2, 3]",2.5,2.5,1.118033988749895
LIDC-IDRI-0463,1.3.6.1.4.1.14519.5.2.1.6279.6001.148229375703208214308676934766,0,0,4,False,"[280.43590416710646, 489.3495510895681, 141.87978618896827]",8.94973353285566,0.75,0.6640625,False,patches/LIDC-IDRI-0463_n00.npz,96,"[3, 3, 2, 3]","[1, 1, 1, 1]","[6, 6, 6, 6]","[3, 4, 3, 5]","[4, 5, 4, 5]","[1, 2, 2, 1]","[1, 2, 1, 1]","[5, 5, 5, 5]","[2, 3, 3, 2]",2.5,2.5,0.5
LIDC-IDRI-0463,1.3.6.1.4.1.14519.5.2.1.6279.6001.148229375703208214308676934766,0,1,4,False,"[253.3233235613044, 373.4419480474524, 357.5876541406069]",8.670343837028385,0.75,0.6640625,False,patches/LIDC-IDRI-0463_n01.npz,96,"[2, 4, 3, 5]","[1, 1, 1, 1]","[3, 3, 3, 3]","[3, 3, 3, 5]","[5, 5, 4, 5]","[3, 1, 3, 1]","[1, 3, 1, 2]","[5, 5, 5, 5]","[1, 1, 1, 1]",1.0,1.0,0.0
LIDC-IDRI-0464,1.3.6.1.4.1.14519.5.2.1.6279.6001.558286136379689377915919180358,0,0,1,False,"[242.98924731182797, 142.7311827956989, 85.56989247311827]",5.770820042668819,1.25,0.585938,False,patches/LIDC-IDRI-0464_n00.npz,96,[1],[1],[6],[4],[4],[1],[1],[5],[3],3.0,3.0,0.0
LIDC-IDRI-0464,1.3.6.1.4.1.14519.5.2.1.6279.6001.558286136379689377915919180358,0,1,1,False,"[182.2741935483871, 113.74193548387096, 127.54838709677419]",4.101566000000005,1.25,0.585938,False,patches/LIDC-IDRI-0464_n01.npz,96,[4],[1],[6],[5],[5],[1],[1],[5],[1],1.0,1.0,0.0
LIDC-IDRI-0464,1.3.6.1.4.1.14519.5.2.1.6279.6001.558286136379689377915919180358,0,2,4,False,"[256.3215414959552, 145.60341791579097, 204.7360106494845]",22.790354890904016,1.25,0.585938,False,patches/LIDC-IDRI-0464_n02.npz,96,"[4, 5, 5, 4]","[1, 1, 1, 1]","[6, 6, 6, 6]","[4, 2, 3, 3]","[2, 2, 3, 2]","[5, 5, 2, 3]","[3, 1, 2, 1]","[1, 2, 1, 2]","[5, 5, 5, 3]",4.5,5.0,0.8660254037844386
LIDC-IDRI-0466,1.3.6.1.4.1.14519.5.2.1.6279.6001.275007193025729362844652516689,0,0,3,False,"[163.76815612702708, 398.4188629470888, 66.50878198862068]",6.672261756707665,1.25,0.617188,False,patches/LIDC-IDRI-0466_n00.npz,96,"[3, 4, 5]","[1, 1, 1]","[6, 3, 3]","[4, 4, 3]","[5, 5, 5]","[1, 1, 1]","[1, 1, 1]","[5, 5, 5]","[2, 1, 1]",1.3333333333333333,1.0,0.4714045207910317
LIDC-IDRI-0466,1.3.6.1.4.1.14519.5.2.1.6279.6001.275007193025729362844652516689,0,1,3,False,"[227.19231478940617, 207.99924056946836, 73.76099520495883]",24.90980557777485,1.25,0.617188,False,patches/LIDC-IDRI-0466_n01.npz,96,"[5, 5, 5]","[1, 1, 1]","[6, 6, 6]","[4, 4, 3]","[5, 4, 5]","[2, 4, 2]","[1, 1, 1]","[5, 5, 5]","[5, 5, 5]",5.0,5.0,0.0
LIDC-IDRI-0466,1.3.6.1.4.1.14519.5.2.1.6279.6001.275007193025729362844652516689,0,2,3,False,"[221.59270315954765, 99.1960591646033, 78.32240467794843]",21.94537830519856,1.25,0.617188,False,patches/LIDC-IDRI-0466_n02.npz,96,"[2, 1, 3]","[1, 1, 1]","[6, 6, 6]","[4, 4, 3]","[1, 1, 1]","[1, 3, 1]","[1, 1, 5]","[1, 1, 1]","[4, 3, 5]",4.0,4.0,0.816496580927726
LIDC-IDRI-0466,1.3.6.1.4.1.14519.5.2.1.6279.6001.275007193025729362844652516689,0,3,1,False,"[155.1505376344086, 353.7204301075269, 79.17204301075269]",5.520297291588556,1.25,0.617188,False,patches/LIDC-IDRI-0466_n03.npz,96,[3],[1],[6],[3],[1],[2],[1],[3],[3],3.0,3.0,0.0
LIDC-IDRI-0466,1.3.6.1.4.1.14519.5.2.1.6279.6001.275007193025729362844652516689,0,4,1,False,"[268.90909090909093, 128.53030303030303, 174.9848484848485]",6.4436318936214985,1.25,0.617188,False,patches/LIDC-IDRI-0466_n04.npz,96,[1],[1],[6],[4],[1],[1],[1],[1],[2],2.0,2.0,0.0
LIDC-IDRI-0467,1.3.6.1.4.1.14519.5.2.1.6279.6001.303421828981831854739626597495,0,0,4,False,"[320.9295614343074, 404.8150196258485, 76.5464259349286]",9.175774976467157,1.0,0.744140625,False,patches/LIDC-IDRI-0467_n00.npz,96,"[2, 4, 4, 3]","[1, 1, 1, 1]","[6, 6, 6, 6]","[3, 3, 4, 3]","[4, 4, 2, 5]","[1, 2, 1, 2]","[1, 1, 1, 1]","[5, 5, 4, 5]","[1, 4, 3, 2]",2.5,2.5,1.118033988749895
LIDC-IDRI-0468,1.3.6.1.4.1.14519.5.2.1.6279.6001.143782059748737055784173697516,0,0,2,False,"[418.45649311020463, 206.56033790511674, 239.2144027237979]",9.818066054452055,2.0,0.767578125,False,patches/LIDC-IDRI-0468_n00.npz,96,"[3, 1]","[1, 1]","[6, 6]","[3, 5]","[3, 2]","[2, 1]","[2, 1]","[4, 1]","[3, 2]",2.5,2.5,0.5
LIDC-IDRI-0469,1.3.6.1.4.1.14519.5.2.1.6279.6001.258220324170977900491673635112,0,0,4,False,"[387.64737912110047, 369.89340180244875, 121.71326874928093]",18.063480826148513,1.25,0.585938,False,patches/LIDC-IDRI-0469_n00.npz,96,"[5, 5, 5, 5]","[1, 1, 1, 1]","[6, 3, 5, 6]","[3, 4, 4, 4]","[4, 5, 3, 4]","[3, 1, 3, 4]","[2, 3, 1, 2]","[5, 5, 5, 5]","[5, 1, 1, 4]",2.75,2.5,1.7853571071357126
LIDC-IDRI-0469,1.3.6.1.4.1.14519.5.2.1.6279.6001.258220324170977900491673635112,0,1,2,False,"[158.19166406005633, 121.32775518715462, 245.09389010530705]",7.494713307278694,1.25,0.585938,False,patches/LIDC-IDRI-0469_n01.npz,96,"[4, 4]","[1, 1]","[6, 6]","[3, 5]","[5, 4]","[1, 4]","[1, 2]","[5, 5]","[3, 3]",3.0,3.0,0.0
LIDC-IDRI-0469,1.3.6.1.4.1.14519.5.2.1.6279.6001.258220324170977900491673635112,0,2,4,False,"[258.7808087319965, 423.8859825496987, 280.37459583337136]",5.766220604108918,1.25,0.585938,False,patches/LIDC-IDRI-0469_n02.npz,96,"[3, 2, 4, 3]","[1, 1, 1, 1]","[6, 6, 6, 6]","[3, 4, 4, 4]","[5, 4, 4, 5]","[1, 2, 1, 1]","[1, 1, 1, 1]","[5, 5, 5, 5]","[3, 3, 3, 2]",2.75,3.0,0.4330127018922193
LIDC-IDRI-0469,1.3.6.1.4.1.14519.5.2.1.6279.6001.258220324170977900491673635112,0,3,1,False,"[290.69711538461536, 80.89663461538461, 383.0432692307692]",8.286414663097666,1.25,0.585938,False,patches/LIDC-IDRI-0469_n03.npz,96,[3],[1],[6],[4],[4],[1],[1],[5],[2],2.0,2.0,0.0
LIDC-IDRI-0469,1.3.6.1.4.1.14519.5.2.1.6279.6001.258220324170977900491673635112,0,4,2,False,"[339.98357064622127, 314.14426537318104, 402.7590361445783]",5.5432119897431145,1.25,0.585938,False,patches/LIDC-IDRI-0469_n04.npz,96,"[4, 1]","[1, 1]","[6, 6]","[3, 2]","[5, 2]","[1, 1]","[1, 1]","[5, 2]","[3, 1]",2.0,2.0,1.0
LIDC-IDRI-0470,1.3.6.1.4.1.14519.5.2.1.6279.6001.625270601160880745954773142570,0,0,1,False,"[163.17748917748918, 222.96103896103895, 147.54545454545453]",22.345662068536928,1.25,0.703125,True,patches/LIDC-IDRI-0470_n00.npz,96,[5],[1],[6],[2],[3],[2],[4],[5],[2],2.0,2.0,0.0
LIDC-IDRI-0470,1.3.6.1.4.1.14519.5.2.1.6279.6001.625270601160880745954773142570,0,1,4,False,"[321.70315847571896, 116.5436131562833, 170.65010135657252]",29.075968562408164,1.25,0.703125,True,patches/LIDC-IDRI-0470_n01.npz,96,"[5, 5, 5, 5]","[1, 1, 1, 1]","[6, 6, 6, 6]","[3, 3, 4, 3]","[2, 5, 5, 4]","[5, 2, 1, 2]","[4, 2, 2, 4]","[5, 5, 5, 5]","[5, 3, 5, 5]",4.5,5.0,0.8660254037844386
LIDC-IDRI-0471,1.3.6.1.4.1.14519.5.2.1.6279.6001.190937805243443708408459490152,0,0,1,False,"[398.67045454545456, 300.17045454545456, 62.20454545454545]",11.479686542976685,2.5,0.65625,False,patches/LIDC-IDRI-0471_n00.npz,96,[4],[1],[6],[2],[4],[2],[1],[4],[2],2.0,2.0,0.0
LIDC-IDRI-0471,1.3.6.1.4.1.14519.5.2.1.6279.6001.190937805243443708408459490152,0,1,1,False,"[404.06666666666666, 317.5111111111111, 72.4]",10.18773964442064,2.5,0.65625,False,patches/LIDC-IDRI-0471_n01.npz,96,[4],[1],[6],[2],[4],[2],[1],[4],[2],2.0,2.0,0.0
LIDC-IDRI-0473,1.3.6.1.4.1.14519.5.2.1.6279.6001.994459772950022352718462251777,0,0,4,False,"[221.14342494089834, 41.552201536643025, 87.12547281323877]",6.987421143781331,1.25,0.820312,False,patches/LIDC-IDRI-0473_n00.npz,96,"[3, 2, 4, 3]","[1, 1, 1, 1]","[3, 6, 6, 6]","[4, 4, 3, 4]","[5, 5, 5, 4]","[1, 1, 1, 1]","[1, 1, 1, 1]","[5, 5, 5, 5]","[1, 3, 2, 2]",2.0,2.0,0.7071067811865476
LIDC-IDRI-0473,1.3.6.1.4.1.14519.5.2.1.6279.6001.994459772950022352718462251777,0,1,4,False,"[166.04261962827002, 113.07519595840245, 126.01628491542041]",5.949480524799573,1.25,0.820312,False,patches/LIDC-IDRI-0473_n01.npz,96,"[3, 2, 4, 2]","[1, 1, 1, 1]","[6, 6, 6, 6]","[3, 4, 4, 5]","[4, 5, 5, 5]","[1, 1, 1, 1]","[1, 1, 1, 1]","[5, 5, 5, 5]","[1, 3, 2, 2]",2.0,2.0,0.7071067811865476
LIDC-IDRI-0473,1.3.6.1.4.1.14519.5.2.1.6279.6001.994459772950022352718462251777,0,2,2,False,"[302.7050865800866, 441.77002164502164, 145.03517316017314]",5.480862300124745,1.25,0.820312,False,patches/LIDC-IDRI-0473_n02.npz,96,"[1, 4]","[1, 1]","[6, 6]","[4, 3]","[3, 5]","[3, 1]","[2, 1]","[3, 5]","[3, 2]",2.5,2.5,0.5
LIDC-IDRI-0473,1.3.6.1.4.1.14519.5.2.1.6279.6001.994459772950022352718462251777,0,3,3,False,"[334.30493827160495, 192.06203703703704, 200.3638888888889]",7.505375378290566,1.25,0.820312,False,patches/LIDC-IDRI-0473_n03.npz,96,"[3, 4, 2]","[1, 1, 1]","[6, 6, 6]","[3, 3, 4]","[3, 5, 3]","[1, 1, 1]","[1, 1, 1]","[1, 5, 2]","[2, 2, 2]",2.0,2.0,0.0
LIDC-IDRI-0474,1.3.6.1.4.1.14519.5.2.1.6279.6001.969607480572818589276327766720,0,0,2,False,"[334.43956043956047, 315.1758241758242, 93.3956043956044]",6.553036796765728,2.0,0.642578125,False,patches/LIDC-IDRI-0474_n00.npz,96,"[4, 5]","[1, 1]","[3, 3]","[5, 5]","[5, 5]","[1, 2]","[1, 1]","[5, 5]","[1, 1]",1.0,1.0,0.0
LIDC-IDRI-0474,1.3.6.1.4.1.14519.5.2.1.6279.6001.969607480572818589276327766720,0,1,2,False,"[256.9659090909091, 154.35454545454547, 119.80454545454546]",7.724312943703829,2.0,0.642578125,False,patches/LIDC-IDRI-0474_n01.npz,96,"[2, 5]","[1, 1]","[6, 6]","[3, 5]","[1, 1]","[2, 3]","[3, 1]","[1, 1]","[3, 3]",3.0,3.0,0.0
LIDC-IDRI-0474,1.3.6.1.4.1.14519.5.2.1.6279.6001.969607480572818589276327766720,0,2,2,False,"[317.0852960242005, 149.06430963699222, 120.30858362143474]",9.267393512716035,2.0,0.642578125,False,patches/LIDC-IDRI-0474_n02.npz,96,"[3, 1]","[1, 1]","[6, 6]","[2, 5]","[1, 1]","[4, 3]","[2, 2]","[1, 1]","[3, 3]",3.0,3.0,0.0
LIDC-IDRI-0474,1.3.6.1.4.1.14519.5.2.1.6279.6001.969607480572818589276327766720,0,3,2,False,"[283.0744949494949, 110.61805555555556, 121.54608585858585]",9.921617356696384,2.0,0.642578125,False,patches/LIDC-IDRI-0474_n03.npz,96,"[3, 1]","[1, 1]","[6, 6]","[5, 4]","[2, 1]","[2, 4]","[1, 3]","[1, 1]","[3, 3]",3.0,3.0,0.0
LIDC-IDRI-0474,1.3.6.1.4.1.14519.5.2.1.6279.6001.969607480572818589276327766720,0,4,1,False,"[230.88235294117646, 112.44117647058823, 138.55882352941177]",4.893729202791457,2.0,0.642578125,False,patches/LIDC-IDRI-0474_n04.npz,96,[3],[1],[6],[5],[5],[1],[1],[5],[2],2.0,2.0,0.0
LIDC-IDRI-0474,1.3.6.1.4.1.14519.5.2.1.6279.6001.969607480572818589276327766720,0,5,2,False,"[334.8101646720263, 203.36686346610634, 152.34170872921615]",18.67902878860664,2.0,0.642578125,False,patches/LIDC-IDRI-0474_n05.npz,96,"[1, 2]","[1, 1]","[6, 6]","[3, 2]","[1, 1]","[5, 5]","[5, 4]","[1, 1]","[3, 3]",3.0,3.0,0.0
LIDC-IDRI-0474,1.3.6.1.4.1.14519.5.2.1.6279.6001.969607480572818589276327766720,0,6,1,False,"[290.70526315789476, 380.9157894736842, 156.66315789473686]",7.817300283078572,2.0,0.642578125,False,patches/LIDC-IDRI-0474_n06.npz,96,[2],[1],[6],[3],[2],[1],[1],[1],[3],3.0,3.0,0.0
LIDC-IDRI-0475,1.3.6.1.4.1.14519.5.2.1.6279.6001.140642535005388188316143069436,0,0,4,False,"[334.9805192452262, 413.0041016325825, 24.628064293106416]",7.301622307818377,3.0,0.64,True,patches/LIDC-IDRI-0475_n00.npz,96,"[1, 2, 1, 5]","[1, 1, 1, 1]","[6, 6, 6, 6]","[4, 5, 4, 5]","[5, 3, 4, 5]","[1, 1, 1, 1]","[1, 1, 1, 1]","[5, 5, 4, 5]","[3, 3, 3, 1]",2.5,3.0,0.8660254037844386
LIDC-IDRI-0476,1.3.6.1.4.1.14519.5.2.1.6279.6001.250397690690072950000431855143,0,0,4,False,"[361.5203528993208, 198.95886956508048, 106.80634749972691]",15.639445278553026,1.25,0.761719,False,patches/LIDC-IDRI-0476_n00.npz,96,"[3, 4, 2, 4]","[1, 1, 1, 1]","[6, 6, 6, 6]","[3, 3, 4, 4]","[2, 3, 1, 1]","[1, 2, 1, 2]","[1, 2, 2, 1]","[1, 3, 1, 1]","[3, 5, 2, 3]",3.25,3.0,1.0897247358851685
LIDC-IDRI-0476,1.3.6.1.4.1.14519.5.2.1.6279.6001.250397690690072950000431855143,0,1,4,False,"[177.10520835368936, 364.7832634280841, 108.16935038285808]",13.356094277067799,1.25,0.761719,False,patches/LIDC-IDRI-0476_n01.npz,96,"[4, 4, 5, 5]","[1, 1, 1, 1]","[6, 6, 6, 6]","[3, 3, 3, 3]","[4, 5, 4, 4]","[1, 1, 1, 1]","[1, 1, 1, 1]","[5, 5, 5, 5]","[3, 4, 4, 3]",3.5,3.5,0.5
LIDC-IDRI-0476,1.3.6.1.4.1.14519.5.2.1.6279.6001.250397690690072950000431855143,0,2,4,False,"[240.6456134234521, 399.1265642484701, 120.30932328540169]",9.657280589035512,1.25,0.761719,False,patches/LIDC-IDRI-0476_n02.npz,96,"[3, 4, 5, 5]","[1, 1, 1, 1]","[6, 6, 6, 6]","[4, 4, 3, 3]","[5, 5, 5, 4]","[1, 2, 1, 3]","[1, 2, 1, 1]","[5, 5, 5, 5]","[3, 4, 4, 2]",3.25,3.5,0.82915619758885
LIDC-IDRI-0476,1.3.6.1.4.1.14519.5.2.1.6279.6001.250397690690072950000431855143,0,3,3,False,"[187.12004892427842, 159.3076841004846, 128.25893719611648]",9.77235500567299,1.25,0.761719,False,patches/LIDC-IDRI-0476_n03.npz,96,"[5, 3, 5]","[1, 1, 1]","[6, 6, 6]","[4, 3, 2]","[5, 5, 4]","[1, 1, 1]","[1, 1, 3]","[5, 5, 5]","[2, 2, 3]",2.3333333333333335,2.0,0.4714045207910317
LIDC-IDRI-0476,1.3.6.1.4.1.14519.5.2.1.6279.6001.250397690690072950000431855143,0,4,4,False,"[210.9204131523831, 363.36910779652067, 134.32971417160394]",12.534814778670277,1.25,0.761719,False,patches/LIDC-IDRI-0476_n04.npz,96,"[5, 4, 5, 5]","[1, 1, 1, 1]","[6, 6, 6, 6]","[4, 3, 4, 3]","[5, 5, 5, 4]","[1, 1, 1, 4]","[1, 1, 1, 1]","[5, 5, 5, 5]","[4, 3, 5, 3]",3.75,3.5,0.82915619758885
LIDC-IDRI-0476,1.3.6.1.4.1.14519.5.2.1.6279.6001.250397690690072950000431855143,0,5,4,False,"[248.00168571817377, 389.94271322378717, 146.47798338946723]",7.427142552726121,1.25,0.761719,False,patches/LIDC-IDRI-0476_n05.npz,96,"[3, 3, 5, 5]","[1, 1, 1, 1]","[6, 6, 6, 6]","[5, 4, 4, 3]","[4, 5, 4, 4]","[1, 1, 1, 3]","[1, 1, 1, 1]","[5, 5, 5, 5]","[3, 2, 4, 2]",2.75,2.5,0.82915619758885
LIDC-IDRI-0477,1.3.6.1.4.1.14519.5.2.1.6279.6001.478062284228419671253422844986,0,0,2,False,"[399.02560975609754, 325.72341463414637, 110.0]",4.492486910433781,1.25,0.644531,False,patches/LIDC-IDRI-0477_n00.npz,96,"[4, 3]","[1, 1]","[5, 3]","[3, 4]","[5, 4]","[2, 2]","[1, 1]","[5, 5]","[1, 1]",1.0,1.0,0.0
LIDC-IDRI-0477,1.3.6.1.4.1.14519.5.2.1.6279.6001.478062284228419671253422844986,0,1,3,False,"[396.7343386576993, 155.62252697211713, 112.20412988650695]",7.942356612698288,1.25,0.644531,False,patches/LIDC-IDRI-0477_n01.npz,96,"[5, 3, 4]","[1, 1, 1]","[3, 6, 3]","[3, 3, 3]","[5, 4, 5]","[1, 2, 1]","[2, 1, 1]","[5, 5, 5]","[1, 3, 1]",1.6666666666666667,1.0,0.9428090415820634
LIDC-IDRI-0477,1.3.6.1.4.1.14519.5.2.1.6279.6001.478062284228419671253422844986,0,2,1,False,"[249.51923076923077, 116.63461538461539, 170.97115384615384]",10.412716974921633,1.25,0.644531,False,patches/LIDC-IDRI-0477_n02.npz,96,[4],[1],[6],[3],[4],[3],[2],[5],[4],4.0,4.0,0.0
LIDC-IDRI-0477,1.3.6.1.4.1.14519.5.2.1.6279.6001.478062284228419671253422844986,0,3,1,False,"[280.88235294117646, 99.03921568627452, 182.15686274509804]",5.314938783969951,1.25,0.644531,False,patches/LIDC-IDRI-0477_n03.npz,96,[4],[1],[6],[3],[5],[1],[1],[5],[2],2.0,2.0,0.0
LIDC-IDRI-0477,1.3.6.1.4.1.14519.5.2.1.6279.6001.478062284228419671253422844986,0,4,1,False,"[286.8201438848921, 169.70503597122303, 212.46043165467626]",7.972408175954937,1.25,0.644531,False,patches/LIDC-IDRI-0477_n04.npz,96,[3],[1],[6],[2],[3],[2],[3],[5],[4],4.0,4.0,0.0
LIDC-IDRI-0478,1.3.6.1.4.1.14519.5.2.1.6279.6001.211071908915618528829547301883,0,0,2,False,"[351.88601265822786, 471.3518987341772, 182.93803797468354]",5.343641685513484,0.75,0.69140625,False,patches/LIDC-IDRI-0478_n00.npz,96,"[5, 5]","[1, 1]","[3, 3]","[4, 5]","[5, 5]","[3, 1]","[1, 1]","[5, 5]","[1, 1]",1.0,1.0,0.0
LIDC-IDRI-0479,1.3.6.1.4.1.14519.5.2.1.6279.6001.188385286346390202873004762827,0,0,1,False,"[122.06410256410257, 166.89743589743588, 105.56410256410257]",5.625,1.25,0.625,False,patches/LIDC-IDRI-0479_n00.npz,96,[1],[1],[6],[5],[5],[1],[1],[4],[2],2.0,2.0,0.0
LIDC-IDRI-0479,1.3.6.1.4.1.14519.5.2.1.6279.6001.188385286346390202873004762827,0,1,3,False,"[151.58155121789667, 97.0465450183563, 145.9891497946276]",6.707150316001221,1.25,0.625,False,patches/LIDC-IDRI-0479_n01.npz,96,"[3, 5, 3]","[1, 1, 1]","[6, 6, 6]","[5, 3, 5]","[3, 4, 5]","[1, 1, 1]","[1, 1, 1]","[1, 5, 5]","[3, 3, 2]",2.6666666666666665,3.0,0.4714045207910317
LIDC-IDRI-0479,1.3.6.1.4.1.14519.5.2.1.6279.6001.188385286346390202873004762827,0,2,2,False,"[350.21268925739, 190.02992069214133, 175.77604542177363]",3.918486196045209,1.25,0.625,False,patches/LIDC-IDRI-0479_n02.npz,96,"[2, 5]","[1, 1]","[3, 3]","[5, 5]","[4, 5]","[1, 1]","[1, 1]","[5, 5]","[1, 1]",1.0,1.0,0.0
LIDC-IDRI-0479,1.3.6.1.4.1.14519.5.2.1.6279.6001.188385286346390202873004762827,0,3,1,False,"[182.0408163265306, 131.18367346938774, 261.53061224489795]",4.759858191164943,1.25,0.625,False,patches/LIDC-IDRI-0479_n03.npz,96,[4],[1],[6],[3],[5],[1],[1],[5],[3],3.0,3.0,0.0
LIDC-IDRI-0480,1.3.6.1.4.1.14519.5.2.1.6279.6001.979083010707182900091062408058,0,0,4,False,"[303.5142615041512, 100.40488153594771, 56.4910577857269]",10.724035023383996,2.5,0.664062,False,patches/LIDC-IDRI-0480_n00.npz,96,"[4, 4, 4, 3]","[1, 1, 1, 1]","[6, 6, 6, 6]","[4, 3, 3, 3]","[4, 5, 3, 4]","[1, 1, 3, 2]","[1, 1, 3, 1]","[4, 1, 3, 4]","[4, 2, 4, 2]",3.0,3.0,1.0
LIDC-IDRI-0480,1.3.6.1.4.1.14519.5.2.1.6279.6001.979083010707182900091062408058,0,1,1,False,"[313.3103448275862, 127.24137931034483, 104.0]",8.658309175207352,2.5,0.664062,False,patches/LIDC-IDRI-0480_n01.npz,96,[4],[1],[6],[3],[2],[4],[2],[2],[3],3.0,3.0,0.0
LIDC-IDRI-0481,1.3.6.1.4.1.14519.5.2.1.6279.6001.107351566259572521472765997306,0,0,3,False,"[263.90908729211424, 414.104576673332, 80.91035704537656]",9.016521192477429,1.0,0.60546875,True,patches/LIDC-IDRI-0481_n00.npz,96,"[3, 3, 5]","[1, 1, 1]","[6, 6, 6]","[4, 3, 4]","[5, 4, 4]","[1, 1, 1]","[1, 2, 1]","[5, 5, 5]","[2, 3, 1]",2.0,2.0,0.816496580927726
LIDC-IDRI-0481,1.3.6.1.4.1.14519.5.2.1.6279.6001.107351566259572521472765997306,0,1,3,False,"[449.62126400996266, 170.15615054656152, 96.00456621004565]",5.768139732415847,1.0,0.60546875,True,patches/LIDC-IDRI-0481_n01.npz,96,"[3, 3, 4]","[1, 1, 1]","[6, 6, 6]","[3, 4, 4]","[5, 4, 3]","[2, 3, 2]","[1, 2, 1]","[5, 5, 5]","[2, 3, 1]",2.0,2.0,0.816496580927726
LIDC-IDRI-0481,1.3.6.1.4.1.14519.5.2.1.6279.6001.107351566259572521472765997306,0,2,4,False,"[269.9849464207405, 448.8446150921193, 109.44217956129478]",7.811309517769159,1.0,0.60546875,True,patches/LIDC-IDRI-0481_n02.npz,96,"[4, 3, 3, 5]","[1, 1, 1, 1]","[3, 6, 6, 6]","[3, 3, 3, 4]","[5, 4, 5, 4]","[2, 3, 1, 1]","[1, 2, 1, 1]","[5, 5, 5, 5]","[1, 3, 3, 2]",2.25,2.5,0.82915619758885
LIDC-IDRI-0481,1.3.6.1.4.1.14519.5.2.1.6279.6001.107351566259572521472765997306,0,3,4,False,"[427.4518255592052, 133.22166914143315, 113.40424201673854]",13.820055166228347,1.0,0.60546875,True,patches/LIDC-IDRI-0481_n03.npz,96,"[4, 4, 5, 4]","[1, 1, 1, 1]","[6, 6, 6, 6]","[3, 3, 3, 3]","[4, 2, 3, 4]","[2, 3, 2, 2]","[2, 2, 3, 1]","[5, 3, 5, 4]","[4, 5, 4, 3]",4.0,4.0,0.7071067811865476
LIDC-IDRI-0481,1.3.6.1.4.1.14519.5.2.1.6279.6001.107351566259572521472765997306,0,4,2,False,"[277.65238095238095, 451.65787545787543, 115.77948717948718]",8.110714661523215,1.0,0.60546875,True,patches/LIDC-IDRI-0481_n04.npz,96,"[4, 3]","[1, 1]","[6, 6]","[3, 3]","[4, 4]","[1, 1]","[1, 2]","[5, 5]","[3, 3]",3.0,3.0,0.0
LIDC-IDRI-0481,1.3.6.1.4.1.14519.5.2.1.6279.6001.107351566259572521472765997306,0,5,4,False,"[317.4102471409694, 68.59889156763006, 117.47354095458613]",9.629240281907649,1.0,0.60546875,True,patches/LIDC-IDRI-0481_n05.npz,96,"[4, 4, 4, 5]","[1, 1, 1, 1]","[6, 6, 6, 6]","[4, 4, 3, 3]","[4, 3, 5, 5]","[1, 2, 2, 1]","[1, 2, 1, 1]","[5, 5, 5, 5]","[3, 3, 3, 2]",2.75,3.0,0.4330127018922193
LIDC-IDRI-0481,1.3.6.1.4.1.14519.5.2.1.6279.6001.107351566259572521472765997306,0,6,3,False,"[424.17546165711246, 382.8402875280508, 125.59333847394238]",9.691788232489664,1.0,0.60546875,True,patches/LIDC-IDRI-0481_n06.npz,96,"[4, 4, 4]","[1, 1, 1]","[6, 6, 6]","[3, 3, 3]","[4, 5, 4]","[1, 1, 1]","[1, 2, 1]","[5, 5, 5]","[4, 4, 2]",3.3333333333333335,4.0,0.9428090415820634
LIDC-IDRI-0483,1.3.6.1.4.1.14519.5.2.1.6279.6001.608029415915051219877530734559,0,0,2,False,"[203.52867647058824, 87.16286764705882, 95.42205882352941]",7.5501457131395915,1.25,0.703125,False,patches/LIDC-IDRI-0483_n00.npz,96,"[4, 4]","[1, 1]","[6, 6]","[4, 3]","[4, 2]","[2, 2]","[2, 1]","[5, 4]","[4, 3]",3.5,3.5,0.5
LIDC-IDRI-0484,1.3.6.1.4.1.14519.5.2.1.6279.6001.132435134414676494105851714351,0,0,4,False,"[382.52529637709665, 146.71112594812928, 35.60434091007106]",20.26380658521652,3.0,0.705078125,False,patches/LIDC-IDRI-0484_n00.npz,96,"[5, 5, 4, 5]","[1, 1, 1, 4]","[6, 6, 6, 6]","[5, 4, 5, 5]","[4, 4, 5, 3]","[5, 3, 5, 5]","[4, 2, 5, 3]","[5, 5, 5, 4]","[5, 3, 3, 1]",3.0,3.0,1.4142135623730951
LIDC-IDRI-0484,1.3.6.1.4.1.14519.5.2.1.6279.6001.132435134414676494105851714351,0,1,1,False,"[271.8103448275862, 122.62068965517241, 36.36206896551724]",9.795258359748788,3.0,0.705078125,False,patches/LIDC-IDRI-0484_n01.npz,96,[2],[1],[6],[5],[3],[5],[5],[5],[4],4.0,4.0,0.0
LIDC-IDRI-0484,1.3.6.1.4.1.14519.5.2.1.6279.6001.145600217263993824806929968211,1,0,4,False,"[373.42069050375505, 148.24200229181776, 40.358628972291434]",18.59316321050914,3.0,0.7109375,False,patches/LIDC-IDRI-0484_s1_n00.npz,96,"[5, 5, 5, 5]","[1, 1, 1, 1]","[6, 6, 6, 6]","[5, 5, 5, 3]","[5, 5, 4, 3]","[1, 1, 1, 1]","[1, 1, 1, 1]","[3, 5, 4, 5]","[2, 5, 5, 3]",3.75,4.0,1.299038105676658
LIDC-IDRI-0484,1.3.6.1.4.1.14519.5.2.1.6279.6001.145600217263993824806929968211,1,1,1,False,"[378.84375, 167.84375, 47.5]",4.324463986383891,3.0,0.7109375,False,patches/LIDC-IDRI-0484_s1_n01.npz,96,[5],[1],[6],[5],[5],[1],[1],[5],[3],3.0,3.0,0.0
LIDC-IDRI-0485,1.3.6.1.4.1.14519.5.2.1.6279.6001.114249388265341701207347458535,0,0,2,False,"[248.15375707668554, 398.3223108594956, 94.50257334019557]",10.09863392213005,1.25,0.742188,True,patches/LIDC-IDRI-0485_n00.npz,96,"[2, 1]","[1, 1]","[6, 6]","[2, 5]","[1, 2]","[2, 1]","[1, 1]","[3, 1]","[2, 2]",2.0,2.0,0.0
LIDC-IDRI-0485,1.3.6.1.4.1.14519.5.2.1.6279.6001.114249388265341701207347458535,0,1,4,False,"[222.52713309378035, 159.43883932158343, 108.94347214175227]",10.66304487983927,1.25,0.742188,True,patches/LIDC-IDRI-0485_n01.npz,96,"[5, 5, 4, 5]","[1, 1, 1, 1]","[3, 5, 5, 3]","[5, 4, 4, 5]","[5, 5, 4, 5]","[1, 1, 1, 1]","[1, 1, 1, 1]","[5, 5, 5, 5]","[1, 1, 1, 1]",1.0,1.0,0.0
LIDC-IDRI-0485,1.3.6.1.4.1.14519.5.2.1.6279.6001.114249388265341701207347458535,0,2,1,False,"[220.9943820224719, 366.8426966292135, 129.3511235955056]",22.278006365852026,1.25,0.742188,True,patches/LIDC-IDRI-0485_n02.npz,96,[2],[1],[6],[4],[1],[1],[1],[1],[2],2.0,2.0,0.0
LIDC-IDRI-0485,1.3.6.1.4.1.14519.5.2.1.6279.6001.114249388265341701207347458535,0,3,3,False,"[327.5244913465597, 380.5641888279162, 168.88966230476993]",6.590400054020328,1.25,0.742188,True,patches/LIDC-IDRI-0485_n03.npz,96,"[4, 3, 2]","[1, 1, 1]","[6, 6, 6]","[4, 5, 5]","[5, 4, 4]","[1, 1, 1]","[1, 1, 1]","[5, 5, 4]","[3, 3, 3]",3.0,3.0,0.0
LIDC-IDRI-0485,1.3.6.1.4.1.14519.5.2.1.6279.6001.114249388265341701207347458535,0,4,4,False,"[342.816030780843, 206.31688191468794, 193.1983951544253]",8.721292801592636,1.25,0.742188,True,patches/LIDC-IDRI-0485_n04.npz,96,"[4, 3, 2, 3]","[1, 1, 1, 1]","[6, 6, 6, 6]","[4, 5, 4, 5]","[5, 4, 3, 5]","[1, 2, 2, 1]","[1, 1, 2, 1]","[5, 5, 5, 5]","[3, 3, 3, 2]",2.75,3.0,0.4330127018922193
LIDC-IDRI-0486,1.3.6.1.4.1.14519.5.2.1.6279.6001.274052674198758621258447180130,0,0,4,False,"[401.05842542334346, 149.6308628640234, 108.44493928395501]",10.74623280605699,2.0,0.662109375,False,patches/LIDC-IDRI-0486_n00.npz,96,"[4, 4, 5, 5]","[1, 1, 1, 1]","[3, 6, 3, 4]","[3, 3, 2, 3]","[4, 4, 3, 4]","[5, 2, 1, 2]","[1, 2, 2, 1]","[3, 5, 5, 5]","[1, 4, 1, 1]",1.75,1.0,1.299038105676658
LIDC-IDRI-0486,1.3.6.1.4.1.14519.5.2.1.6279.6001.274052674198758621258447180130,0,1,3,False,"[300.15888562810795, 142.14479556067963, 157.67808464055713]",9.117223899427005,2.0,0.662109375,False,patches/LIDC-IDRI-0486_n01.npz,96,"[4, 4, 5]","[1, 1, 1]","[6, 6, 6]","[4, 3, 4]","[4, 4, 4]","[2, 2, 1]","[3, 2, 1]","[5, 5, 5]","[3, 4, 3]",3.3333333333333335,3.0,0.4714045207910317
LIDC-IDRI-0487,1.3.6.1.4.1.14519.5.2.1.6279.6001.300270516469599170290456821227,0,0,4,False,"[229.20331366249468, 17.385124648942632, 52.61640029026758]",8.517060909857442,0.75,0.4609375,False,patches/LIDC-IDRI-0487_n00.npz,96,"[3, 5, 5, 5]","[1, 1, 1, 1]","[6, 6, 6, 6]","[4, 4, 3, 3]","[4, 5, 4, 5]","[1, 1, 1, 1]","[1, 1, 1, 1]","[5, 5, 4, 5]","[2, 3, 4, 3]",3.0,3.0,0.7071067811865476
LIDC-IDRI-0487,1.3.6.1.4.1.14519.5.2.1.6279.6001.300270516469599170290456821227,0,1,1,False,"[86.48387096774194, 406.68817204301075, 131.08602150537635]",3.800987998616281,0.75,0.4609375,False,patches/LIDC-IDRI-0487_n01.npz,96,[5],[1],[6],[5],[5],[1],[1],[5],[3],3.0,3.0,0.0
LIDC-IDRI-0487,1.3.6.1.4.1.14519.5.2.1.6279.6001.300270516469599170290456821227,0,2,1,False,"[168.2072072072072, 43.18018018018018, 133.9189189189189]",8.660229370744533,0.75,0.4609375,False,patches/LIDC-IDRI-0487_n02.npz,96,[3],[1],[6],[3],[3],[3],[4],[5],[3],3.0,3.0,0.0
LIDC-IDRI-0487,1.3.6.1.4.1.14519.5.2.1.6279.6001.300270516469599170290456821227,0,3,1,False,"[100.33846153846154, 164.83076923076922, 172.06153846153848]",4.539707893015392,0.75,0.4609375,False,patches/LIDC-IDRI-0487_n03.npz,96,[5],[1],[6],[5],[5],[1],[1],[5],[3],3.0,3.0,0.0
LIDC-IDRI-0487,1.3.6.1.4.1.14519.5.2.1.6279.6001.300270516469599170290456821227,0,4,1,False,"[429.94943820224717, 332.92134831460675, 177.48876404494382]",10.80011087996467,0.75,0.4609375,False,patches/LIDC-IDRI-0487_n04.npz,96,[5],[1],[6],[3],[1],[1],[1],[4],[2],2.0,2.0,0.0
LIDC-IDRI-0487,1.3.6.1.4.1.14519.5.2.1.6279.6001.300270516469599170290456821227,0,5,3,False,"[146.77599224979505, 123.21957224830464, 200.18187644384827]",6.0132793957239175,0.75,0.4609375,False,patches/LIDC-IDRI-0487_n05.npz,96,"[3, 4, 5]","[1, 1, 1]","[3, 3, 6]","[3, 3, 4]","[4, 5, 4]","[1, 1, 1]","[1, 1, 1]","[5, 5, 5]","[1, 1, 3]",1.6666666666666667,1.0,0.9428090415820634
LIDC-IDRI-0487,1.3.6.1.4.1.14519.5.2.1.6279.6001.300270516469599170290456821227,0,6,1,False,"[377.2384105960265, 105.2251655629139, 316.112582781457]",5.153437916894046,0.75,0.4609375,False,patches/LIDC-IDRI-0487_n06.npz,96,[5],[1],[6],[3],[4],[1],[1],[5],[3],3.0,3.0,0.0
LIDC-IDRI-0487,1.3.6.1.4.1.14519.5.2.1.6279.6001.300270516469599170290456821227,0,7,1,False,"[362.0, 90.85046728971963, 316.5981308411215]",7.035905576765243,0.75,0.4609375,False,patches/LIDC-IDRI-0487_n07.npz,96,[5],[1],[6],[3],[3],[1],[1],[5],[3],3.0,3.0,0.0
LIDC-IDRI-0487,1.3.6.1.4.1.14519.5.2.1.6279.6001.300270516469599170290456821227,0,8,1,False,"[383.5, 179.35714285714286, 336.6714285714286]",4.348475678057341,0.75,0.4609375,False,patches/LIDC-IDRI-0487_n08.npz,96,[5],[1],[6],[4],[4],[1],[1],[5],[3],3.0,3.0,0.0
LIDC-IDRI-0488,1.3.6.1.4.1.14519.5.2.1.6279.6001.193964947698259739624715468431,0,0,4,False,"[349.75454149929476, 292.3293357368743, 389.6667388444053]",5.621762984074378,1.25,0.585938,False,patches/LIDC-IDRI-0488_n00.npz,96,"[3, 4, 3, 3]","[1, 1, 1, 1]","[6, 6, 6, 6]","[5, 3, 4, 5]","[5, 5, 4, 4]","[1, 1, 2, 1]","[1, 1, 1, 1]","[5, 5, 5, 5]","[2, 4, 2, 1]",2.25,2.0,1.0897247358851685
LIDC-IDRI-0488,1.3.6.1.4.1.14519.5.2.1.6279.6001.193964947698259739624715468431,0,1,1,False,"[286.66901408450707, 122.98591549295774, 400.4225352112676]",6.680721082317387,1.25,0.585938,False,patches/LIDC-IDRI-0488_n01.npz,96,[5],[1],[6],[4],[5],[1],[1],[5],[4],4.0,4.0,0.0
LIDC-IDRI-0489,1.3.6.1.4.1.14519.5.2.1.6279.6001.290135156874098366424871975734,0,0,4,False,"[363.3382935162345, 160.7424518557825, 41.69078459381435]",18.682093043647406,2.5,0.703125,True,patches/LIDC-IDRI-0489_n00.npz,96,"[5, 5, 5, 4]","[1, 1, 1, 1]","[6, 6, 6, 6]","[3, 4, 4, 3]","[3, 4, 4, 4]","[2, 5, 3, 2]","[5, 1, 1, 2]","[5, 5, 5, 5]","[4, 5, 5, 4]",4.5,4.5,0.5
LIDC-IDRI-0489,1.3.6.1.4.1.14519.5.2.1.6279.6001.290135156874098366424871975734,0,1,1,False,"[320.46590909090907, 87.94318181818181, 49.95454545454545]",10.38151621422661,2.5,0.703125,True,patches/LIDC-IDRI-0489_n01.npz,96,[4],[1],[6],[3],[2],[3],[1],[2],[3],3.0,3.0,0.0
LIDC-IDRI-0489,1.3.6.1.4.1.14519.5.2.1.6279.6001.290135156874098366424871975734,0,2,4,False,"[395.16095866832757, 169.34038216195745, 67.64775133499852]",22.353782146454172,2.5,0.703125,True,patches/LIDC-IDRI-0489_n02.npz,96,"[5, 5, 5, 5]","[1, 1, 1, 1]","[6, 6, 6, 6]","[4, 4, 5, 3]","[3, 2, 3, 4]","[4, 4, 3, 3]","[3, 1, 2, 2]","[5, 5, 5, 5]","[5, 5, 5, 5]",5.0,5.0,0.0
LIDC-IDRI-0489,1.3.6.1.4.1.14519.5.2.1.6279.6001.290135156874098366424871975734,0,3,3,False,"[288.88571129268803, 354.8105282872725, 75.89391399856515]",8.206095639481765,2.5,0.703125,True,patches/LIDC-IDRI-0489_n03.npz,96,"[5, 4, 2]","[1, 1, 1]","[6, 6, 6]","[3, 4, 4]","[3, 2, 4]","[1, 2, 3]","[3, 1, 1]","[5, 4, 5]","[2, 3, 4]",3.0,3.0,0.816496580927726
LIDC-IDRI-0489,1.3.6.1.4.1.14519.5.2.1.6279.6001.290135156874098366424871975734,0,4,4,False,"[293.57346330999565, 385.6422851220489, 76.84050029669189]",10.620216848353081,2.5,0.703125,True,patches/LIDC-IDRI-0489_n04.npz,96,"[5, 4, 4, 4]","[1, 1, 1, 1]","[6, 6, 6, 6]","[3, 4, 4, 4]","[2, 3, 4, 4]","[2, 2, 4, 2]","[2, 1, 2, 1]","[5, 4, 5, 5]","[3, 4, 3, 3]",3.25,3.0,0.4330127018922193
LIDC-IDRI-0489,1.3.6.1.4.1.14519.5.2.1.6279.6001.290135156874098366424871975734,0,5,2,False,"[216.12087087087087, 135.54154154154156, 89.48898898898898]",6.419635585131136,2.5,0.703125,True,patches/LIDC-IDRI-0489_n05.npz,96,"[5, 3]","[1, 1]","[6, 6]","[3, 3]","[3, 2]","[3, 1]","[2, 1]","[5, 4]","[2, 3]",2.5,2.5,0.5
LIDC-IDRI-0489,1.3.6.1.4.1.14519.5.2.1.6279.6001.290135156874098366424871975734,0,6,4,False,"[349.63159686582793, 368.0432306645491, 94.4645178414258]",19.477469467004816,2.5,0.703125,True,patches/LIDC-IDRI-0489_n06.npz,96,"[5, 5, 5, 4]","[1, 1, 1, 1]","[6, 6, 6, 6]","[2, 4, 3, 3]","[3, 4, 4, 4]","[3, 2, 3, 1]","[3, 1, 1, 1]","[5, 5, 5, 5]","[4, 5, 4, 3]",4.0,4.0,0.7071067811865476
LIDC-IDRI-0490,1.3.6.1.4.1.14519.5.2.1.6279.6001.247816269490470394602288565775,0,0,4,False,"[233.30577155135416, 356.9386226866208, 362.1938460075063]",17.928187057065397,0.9,0.626953125,False,patches/LIDC-IDRI-0490_n00.npz,96,"[5, 5, 4, 5]","[1, 1, 1, 1]","[6, 6, 6, 6]","[4, 3, 3, 4]","[3, 4, 4, 5]","[3, 1, 2, 1]","[1, 2, 2, 2]","[5, 5, 5, 5]","[5, 5, 3, 3]",4.0,4.0,1.0
LIDC-IDRI-0490,1.3.6.1.4.1.14519.5.2.1.6279.6001.247816269490470394602288565775,0,1,3,False,"[372.56873396560576, 184.26031753442922, 511.4975031738374]",5.782749697843912,0.9,0.626953125,False,patches/LIDC-IDRI-0490_n01.npz,96,"[3, 3, 3]","[1, 1, 1]","[6, 6, 6]","[5, 4, 3]","[3, 5, 4]","[1, 1, 2]","[1, 1, 1]","[4, 5, 4]","[2, 3, 3]",2.6666666666666665,3.0,0.4714045207910317
LIDC-IDRI-0491,1.3.6.1.4.1.14519.5.2.1.6279.6001.187966156856911682643615997798,0,0,4,False,"[358.82993551587305, 157.1449652777778, 92.36093749999999]",5.815638493515733,1.25,0.664062,False,patches/LIDC-IDRI-0491_n00.npz,96,"[5, 5, 4, 5]","[1, 1, 1, 1]","[3, 3, 3, 3]","[5, 4, 5, 4]","[5, 5, 5, 5]","[1, 1, 1, 1]","[1, 1, 1, 1]","[5, 5, 5, 5]","[1, 1, 1, 1]",1.0,1.0,0.0
LIDC-IDRI-0491,1.3.6.1.4.1.14519.5.2.1.6279.6001.187966156856911682643615997798,0,1,1,False,"[226.56617647058823, 81.80147058823529, 112.80882352941177]",5.673748215123061,1.25,0.664062,False,patches/LIDC-IDRI-0491_n01.npz,96,[5],[1],[3],[5],[5],[1],[1],[5],[1],1.0,1.0,0.0
LIDC-IDRI-0491,1.3.6.1.4.1.14519.5.2.1.6279.6001.187966156856911682643615997798,0,2,2,False,"[391.66470588235296, 149.9764705882353, 137.08235294117648]",4.834444333295409,1.25,0.664062,False,patches/LIDC-IDRI-0491_n02.npz,96,"[5, 4]","[1, 1]","[3, 3]","[5, 5]","[5, 5]","[1, 1]","[1, 1]","[5, 5]","[1, 1]",1.0,1.0,0.0
LIDC-IDRI-0491,1.3.6.1.4.1.14519.5.2.1.6279.6001.187966156856911682643615997798,0,3,3,False,"[201.4726631514341, 435.86872717598976, 160.07131189812753]",6.170958035634828,1.25,0.664062,False,patches/LIDC-IDRI-0491_n03.npz,96,"[5, 5, 5]","[1, 1, 1]","[3, 3, 3]","[5, 5, 5]","[5, 5, 5]","[1, 1, 1]","[1, 1, 1]","[5, 5, 5]","[1, 1, 1]",1.0,1.0,0.0
LIDC-IDRI-0491,1.3.6.1.4.1.14519.5.2.1.6279.6001.187966156856911682643615997798,0,4,1,False,"[379.97435897435895, 116.2051282051282, 254.21794871794873]",4.199896855133477,1.25,0.664062,False,patches/LIDC-IDRI-0491_n04.npz,96,[5],[1],[3],[5],[5],[1],[1],[5],[1],1.0,1.0,0.0
LIDC-IDRI-0491,1.3.6.1.4.1.14519.5.2.1.6279.6001.187966156856911682643615997798,0,5,2,False,"[435.1929901423877, 177.10460021905806, 293.57710843373496]",4.674054556556297,1.25,0.664062,False,patches/LIDC-IDRI-0491_n05.npz,96,"[5, 4]","[1, 1]","[3, 3]","[5, 5]","[5, 4]","[1, 1]","[1, 1]","[5, 5]","[1, 1]",1.0,1.0,0.0
LIDC-IDRI-0491,1.3.6.1.4.1.14519.5.2.1.6279.6001.187966156856911682643615997798,0,6,2,False,"[187.2313853336553, 304.9710214923931, 312.25863318039126]",5.683588085226232,1.25,0.664062,False,patches/LIDC-IDRI-0491_n06.npz,96,"[4, 4]","[1, 1]","[3, 3]","[5, 4]","[5, 5]","[1, 1]","[1, 1]","[5, 5]","[1, 1]",1.0,1.0,0.0
LIDC-IDRI-0491,1.3.6.1.4.1.14519.5.2.1.6279.6001.187966156856911682643615997798,0,7,4,False,"[231.7172670531223, 375.5919152941357, 315.8268117025518]",6.812126491595631,1.25,0.664062,False,patches/LIDC-IDRI-0491_n07.npz,96,"[5, 5, 4, 4]","[1, 1, 1, 1]","[3, 3, 3, 3]","[3, 3, 2, 2]","[5, 5, 5, 5]","[3, 1, 1, 1]","[2, 1, 1, 3]","[5, 5, 5, 5]","[1, 1, 1, 1]",1.0,1.0,0.0
LIDC-IDRI-0491,1.3.6.1.4.1.14519.5.2.1.6279.6001.187966156856911682643615997798,0,8,4,False,"[418.59083413184965, 193.42301237644455, 316.0373547768809]",11.212404287186299,1.25,0.664062,False,patches/LIDC-IDRI-0491_n08.npz,96,"[5, 5, 5, 5]","[1, 1, 1, 1]","[2, 6, 6, 6]","[5, 4, 5, 3]","[5, 5, 5, 5]","[1, 5, 1, 1]","[1, 5, 1, 1]","[5, 5, 5, 5]","[1, 4, 5, 1]",2.75,2.5,1.7853571071357126
LIDC-IDRI-0491,1.3.6.1.4.1.14519.5.2.1.6279.6001.187966156856911682643615997798,0,9,2,False,"[230.94144496609286, 182.62023995826812, 424.051512780386]",5.094141669073025,1.25,0.664062,False,patches/LIDC-IDRI-0491_n09.npz,96,"[4, 2]","[1, 1]","[3, 3]","[4, 5]","[5, 5]","[1, 1]","[1, 1]","[5, 5]","[1, 1]",1.0,1.0,0.0
LIDC-IDRI-0492,1.3.6.1.4.1.14519.5.2.1.6279.6001.443400977949406454649939526179,0,0,3,False,"[398.9350077429346, 350.0768825009679, 125.454766744096]",6.157357777365017,1.0,0.642578125,False,patches/LIDC-IDRI-0492_n00.npz,96,"[3, 4, 5]","[1, 1, 1]","[6, 6, 6]","[2, 4, 4]","[4, 5, 5]","[3, 1, 1]","[2, 1, 1]","[5, 5, 5]","[3, 2, 3]",2.6666666666666665,3.0,0.4714045207910317
LIDC-IDRI-0492,1.3.6.1.4.1.14519.5.2.1.6279.6001.443400977949406454649939526179,0,1,4,False,"[245.767149821342, 139.95544660011132, 164.81869523548738]",6.54078218464176,1.0,0.642578125,False,patches/LIDC-IDRI-0492_n01.npz,96,"[5, 5, 5, 5]","[1, 1, 1, 1]","[3, 3, 3, 3]","[3, 4, 5, 4]","[5, 5, 5, 5]","[3, 1, 1, 1]","[2, 1, 1, 1]","[5, 5, 5, 5]","[1, 1, 1, 1]",1.0,1.0,0.0
LIDC-IDRI-0492,1.3.6.1.4.1.14519.5.2.1.6279.6001.443400977949406454649939526179,0,2,2,False,"[184.36047297297296, 96.57128378378378, 183.20304054054054]",6.402371964861095,1.0,0.642578125,False,patches/LIDC-IDRI-0492_n02.npz,96,"[5, 5]","[1, 1]","[6, 4]","[2, 4]","[4, 5]","[2, 1]","[2, 1]","[5, 5]","[3, 1]",2.0,2.0,1.0
LIDC-IDRI-0492,1.3.6.1.4.1.14519.5.2.1.6279.6001.443400977949406454649939526179,0,3,2,False,"[227.17222222222222, 78.75396825396825, 210.97460317460317]",6.768262460428932,1.0,0.642578125,False,patches/LIDC-IDRI-0492_n03.npz,96,"[4, 5]","[1, 1]","[6, 4]","[2, 3]","[4, 5]","[2, 1]","[2, 1]","[5, 5]","[3, 1]",2.0,2.0,1.0
LIDC-IDRI-0493,1.3.6.1.4.1.14519.5.2.1.6279.6001.997611074084993415992563148335,0,0,3,False,"[369.91431722855333, 338.5849655745489, 92.87122111427668]",5.45529435418955,2.5,0.585938,True,patches/LIDC-IDRI-0493_n00.npz,96,"[4, 4, 3]","[1, 1, 1]","[6, 3, 3]","[4, 5, 3]","[5, 5, 5]","[1, 1, 1]","[1, 1, 1]","[5, 5, 5]","[3, 1, 1]",1.6666666666666667,1.0,0.9428090415820634
LIDC-IDRI-0493,1.3.6.1.4.1.14519.5.2.1.6279.6001.997611074084993415992563148335,0,1,3,False,"[299.1270519701436, 227.1612892833747, 128.07752009519646]",26.924078186627636,2.5,0.585938,True,patches/LIDC-IDRI-0493_n01.npz,96,"[5, 5, 5]","[1, 1, 1]","[6, 6, 6]","[5, 4, 4]","[5, 4, 2]","[3, 2, 2]","[1, 2, 3]","[5, 5, 5]","[3, 5, 5]",4.333333333333333,5.0,0.9428090415820634
LIDC-IDRI-0494,1.3.6.1.4.1.14519.5.2.1.6279.6001.145474881373882284343459153872,0,0,1,False,"[398.3394495412844, 148.57798165137615, 75.10091743119266]",10.692365134433626,2.5,0.585938,False,patches/LIDC-IDRI-0494_n00.npz,96,[5],[1],[6],[5],[5],[1],[3],[5],[2],2.0,2.0,0.0
LIDC-IDRI-0494,1.3.6.1.4.1.14519.5.2.1.6279.6001.145474881373882284343459153872,0,1,1,False,"[396.6198347107438, 183.71900826446281, 78.6198347107438]",8.963127887266596,2.5,0.585938,False,patches/LIDC-IDRI-0494_n01.npz,96,[5],[1],[6],[5],[5],[1],[1],[5],[2],2.0,2.0,0.0
LIDC-IDRI-0495,1.3.6.1.4.1.14519.5.2.1.6279.6001.111780708132595903430640048766,0,0,1,False,"[116.66666666666667, 147.12820512820514, 199.84615384615384]",5.668774979272418,1.0,0.703125,False,patches/LIDC-IDRI-0495_n00.npz,96,[4],[1],[6],[5],[5],[1],[1],[5],[2],2.0,2.0,0.0
LIDC-IDRI-0496,1.3.6.1.4.1.14519.5.2.1.6279.6001.504845428620607044098514803031,0,0,4,False,"[323.15922504462145, 450.9278231901093, 80.66979968220801]",8.863407981929155,1.25,0.585938,False,patches/LIDC-IDRI-0496_n00.npz,96,"[4, 4, 4, 5]","[1, 1, 1, 1]","[6, 6, 6, 6]","[3, 3, 3, 2]","[5, 4, 4, 4]","[1, 1, 1, 2]","[1, 1, 1, 3]","[5, 5, 4, 5]","[3, 3, 3, 3]",3.0,3.0,0.0
LIDC-IDRI-0496,1.3.6.1.4.1.14519.5.2.1.6279.6001.504845428620607044098514803031,0,1,3,False,"[154.90386002886004, 91.35443722943722, 87.57070707070709]",6.218030573533576,1.25,0.585938,False,patches/LIDC-IDRI-0496_n01.npz,96,"[4, 3, 4]","[1, 1, 1]","[6, 6, 6]","[3, 3, 2]","[5, 4, 4]","[1, 1, 2]","[1, 1, 2]","[5, 5, 5]","[2, 2, 2]",2.0,2.0,0.0
LIDC-IDRI-0496,1.3.6.1.4.1.14519.5.2.1.6279.6001.504845428620607044098514803031,0,2,3,False,"[203.2819718844985, 70.32562689969605, 140.50121580547113]",4.70265976882416,1.25,0.585938,False,patches/LIDC-IDRI-0496_n02.npz,96,"[4, 2, 4]","[1, 1, 1]","[6, 6, 6]","[5, 4, 4]","[5, 1, 2]","[1, 1, 2]","[1, 1, 2]","[5, 1, 5]","[2, 3, 3]",2.6666666666666665,3.0,0.4714045207910317
LIDC-IDRI-0496,1.3.6.1.4.1.14519.5.2.1.6279.6001.504845428620607044098514803031,0,3,1,False,"[329.531914893617, 129.63829787234042, 226.46808510638297]",5.558695942931208,1.25,0.585938,False,patches/LIDC-IDRI-0496_n03.npz,96,[1],[1],[6],[4],[1],[1],[2],[1],[2],2.0,2.0,0.0
LIDC-IDRI-0497,1.3.6.1.4.1.14519.5.2.1.6279.6001.265780642925621389994857727416,0,0,4,False,"[227.29666528053227, 89.56684793039473, 140.85393528884907]",18.388957804876817,1.25,0.703125,False,patches/LIDC-IDRI-0497_n00.npz,96,"[3, 5, 5, 3]","[1, 1, 1, 1]","[6, 6, 6, 6]","[5, 4, 4, 4]","[1, 4, 1, 1]","[2, 1, 3, 1]","[2, 1, 2, 1]","[1, 1, 1, 1]","[4, 4, 3, 4]",3.75,4.0,0.4330127018922193
LIDC-IDRI-0498,1.3.6.1.4.1.14519.5.2.1.6279.6001.961063442349005937536597225349,0,0,1,False,"[140.67045454545453, 153.14772727272728, 107.02272727272727]",6.367067675252871,1.25,0.703125,False,patches/LIDC-IDRI-0498_n00.npz,96,[5],[1],[6],[5],[5],[1],[1],[5],[3],3.0,3.0,0.0
LIDC-IDRI-0498,1.3.6.1.4.1.14519.5.2.1.6279.6001.961063442349005937536597225349,0,1,3,False,"[256.92747879293563, 157.37324433319426, 377.84139897093587]",8.624965637001305,1.25,0.703125,False,patches/LIDC-IDRI-0498_n01.npz,96,"[1, 4, 1]","[1, 1, 1]","[6, 6, 6]","[3, 4, 5]","[2, 3, 2]","[2, 2, 2]","[2, 2, 1]","[1, 4, 1]","[3, 5, 3]",3.6666666666666665,3.0,0.9428090415820634
LIDC-IDRI-0499,1.3.6.1.4.1.14519.5.2.1.6279.6001.206310993373699650907461884037,0,0,2,False,"[348.48387096774195, 187.40698924731183, 55.75]",7.267043068568506,3.0,0.56640625,False,patches/LIDC-IDRI-0499_n00.npz,96,"[2, 5]","[1, 1]","[6, 6]","[3, 3]","[5, 4]","[1, 1]","[1, 1]","[5, 3]","[2, 4]",3.0,3.0,1.0
LIDC-IDRI-0499,1.3.6.1.4.1.14519.5.2.1.6279.6001.206310993373699650907461884037,0,1,2,False,"[149.93612078977932, 85.46980255516841, 56.50609756097561]",4.776400484446075,3.0,0.56640625,False,patches/LIDC-IDRI-0499_n01.npz,96,"[4, 5]","[1, 1]","[6, 6]","[2, 4]","[4, 4]","[1, 1]","[1, 1]","[4, 5]","[1, 3]",2.0,2.0,1.0
LIDC-IDRI-0499,1.3.6.1.4.1.14519.5.2.1.6279.6001.206310993373699650907461884037,0,2,2,False,"[272.7442810457517, 431.1127450980392, 81.52859477124183]",3.7995686336422207,3.0,0.56640625,False,patches/LIDC-IDRI-0499_n02.npz,96,"[3, 5]","[1, 1]","[6, 6]","[4, 5]","[5, 5]","[1, 1]","[1, 1]","[5, 5]","[2, 3]",2.5,2.5,0.5
LIDC-IDRI-0499,1.3.6.1.4.1.14519.5.2.1.6279.6001.206310993373699650907461884037,0,3,2,False,"[169.92575187969925, 134.01315789473682, 83.21052631578948]",6.395319629064645,3.0,0.56640625,False,patches/LIDC-IDRI-0499_n03.npz,96,"[4, 3]","[1, 1]","[6, 6]","[4, 4]","[4, 4]","[3, 1]","[3, 1]","[5, 4]","[3, 2]",2.5,2.5,0.5
LIDC-IDRI-0499,1.3.6.1.4.1.14519.5.2.1.6279.6001.206310993373699650907461884037,0,4,2,False,"[175.93269230769232, 141.90918803418805, 96.53525641025641]",4.368697858118616,3.0,0.56640625,False,patches/LIDC-IDRI-0499_n04.npz,96,"[4, 5]","[1, 1]","[6, 6]","[5, 5]","[5, 5]","[1, 1]","[1, 1]","[5, 5]","[2, 3]",2.5,2.5,0.5
LIDC-IDRI-0499,1.3.6.1.4.1.14519.5.2.1.6279.6001.206310993373699650907461884037,0,5,2,False,"[356.64814814814815, 309.1111111111111, 106.0]",7.026543681773637,3.0,0.56640625,False,patches/LIDC-IDRI-0499_n05.npz,96,"[3, 5]","[1, 1]","[6, 6]","[3, 4]","[4, 5]","[1, 1]","[1, 1]","[3, 5]","[2, 3]",2.5,2.5,0.5
LIDC-IDRI-0499,1.3.6.1.4.1.14519.5.2.1.6279.6001.206310993373699650907461884037,0,6,1,False,"[335.2631578947368, 186.31578947368422, 108.0]",4.313621485743229,3.0,0.56640625,False,patches/LIDC-IDRI-0499_n06.npz,96,[5],[1],[6],[4],[5],[1],[1],[5],[3],3.0,3.0,0.0
LIDC-IDRI-0500,1.3.6.1.4.1.14519.5.2.1.6279.6001.149463915556499304732434215056,0,0,4,False,"[163.89883420252062, 138.97391420726166, 75.4281531745091]",11.667932228163588,2.5,0.664062,False,patches/LIDC-IDRI-0500_n00.npz,96,"[4, 5, 4, 3]","[1, 1, 1, 1]","[6, 6, 6, 6]","[3, 2, 4, 5]","[4, 4, 4, 5]","[3, 2, 1, 3]","[2, 1, 4, 1]","[5, 5, 5, 5]","[3, 4, 3, 2]",3.0,3.0,0.7071067811865476
LIDC-IDRI-0501,1.3.6.1.4.1.14519.5.2.1.6279.6001.900182736599353600185270496549,0,0,4,False,"[306.078285560165, 79.64733462675535, 87.94837487781035]",5.096281092108063,1.25,0.642578,False,patches/LIDC-IDRI-0501_n00.npz,96,"[2, 5, 4, 2]","[1, 1, 1, 1]","[6, 6, 6, 6]","[5, 5, 4, 5]","[5, 4, 5, 4]","[1, 2, 1, 1]","[1, 2, 1, 1]","[5, 5, 5, 5]","[3, 3, 3, 3]",3.0,3.0,0.0
LIDC-IDRI-0501,1.3.6.1.4.1.14519.5.2.1.6279.6001.900182736599353600185270496549,0,1,4,False,"[320.3576808895561, 344.3647658708392, 175.07517658323468]",6.025372165849398,1.25,0.642578,False,patches/LIDC-IDRI-0501_n01.npz,96,"[2, 5, 3, 2]","[1, 1, 1, 1]","[6, 6, 6, 6]","[5, 5, 4, 5]","[5, 5, 5, 4]","[1, 1, 1, 1]","[1, 1, 1, 1]","[5, 5, 5, 4]","[3, 3, 2, 3]",2.75,3.0,0.4330127018922193
LIDC-IDRI-0502,1.3.6.1.4.1.14519.5.2.1.6279.6001.259018373683540453277752706262,0,0,1,False,"[411.2564102564103, 207.0, 51.56410256410256]",6.174375570576202,2.5,0.722656,False,patches/LIDC-IDRI-0502_n00.npz,96,[3],[1],[6],[4],[5],[1],[1],[5],[3],3.0,3.0,0.0
LIDC-IDRI-0503,1.3.6.1.4.1.14519.5.2.1.6279.6001.150684298696437181894923266019,0,0,1,False,"[397.13513513513516, 116.37837837837837, 82.43243243243244]",5.492832021214671,2.0,0.76171875,False,patches/LIDC-IDRI-0503_n00.npz,96,[3],[1],[6],[4],[2],[3],[4],[3],[3],3.0,3.0,0.0
LIDC-IDRI-0503,1.3.6.1.4.1.14519.5.2.1.6279.6001.150684298696437181894923266019,0,1,3,False,"[213.66706365409917, 123.10934168141192, 94.5002381924595]",7.936337585135405,2.0,0.76171875,False,patches/LIDC-IDRI-0503_n01.npz,96,"[4, 4, 4]","[1, 1, 1]","[6, 6, 6]","[4, 5, 4]","[5, 5, 4]","[1, 1, 4]","[1, 1, 4]","[5, 5, 4]","[3, 2, 3]",2.6666666666666665,3.0,0.4714045207910317
LIDC-IDRI-0504,1.3.6.1.4.1.14519.5.2.1.6279.6001.793644252453691436883431768064,0,0,4,False,"[127.57061277706897, 137.02807240064783, 58.164999684891285]",13.163476201867109,3.0,0.607,True,patches/LIDC-IDRI-0504_n00.npz,96,"[5, 5, 5, 5]","[1, 1, 1, 1]","[6, 6, 6, 6]","[3, 4, 4, 2]","[5, 5, 5, 5]","[1, 1, 1, 2]","[1, 1, 1, 1]","[5, 5, 5, 5]","[3, 4, 4, 2]",3.25,3.5,0.82915619758885
LIDC-IDRI-0505,1.3.6.1.4.1.14519.5.2.1.6279.6001.314789075871001236641548593165,0,0,2,False,"[375.862400530504, 210.44040872920183, 98.72546419098143]",11.40925320375477,2.0,0.72265625,False,patches/LIDC-IDRI-0505_n00.npz,96,"[4, 4]","[1, 1]","[6, 6]","[4, 3]","[4, 3]","[3, 1]","[1, 1]","[4, 2]","[4, 3]",3.5,3.5,0.5
LIDC-IDRI-0505,1.3.6.1.4.1.14519.5.2.1.6279.6001.314789075871001236641548593165,0,1,3,False,"[319.63407113906555, 180.93281026555155, 148.52156415430963]",10.269160135933728,2.0,0.72265625,False,patches/LIDC-IDRI-0505_n01.npz,96,"[2, 2, 3]","[1, 1, 1]","[6, 6, 6]","[2, 3, 4]","[3, 3, 1]","[2, 1, 2]","[1, 2, 2]","[3, 4, 3]","[3, 2, 3]",2.6666666666666665,3.0,0.4714045207910317
LIDC-IDRI-0507,1.3.6.1.4.1.14519.5.2.1.6279.6001.301462380687644451483231621986,0,0,4,False,"[319.73290575388137, 385.8708106261324, 188.4883903752101]",17.91702446648756,1.0,0.703125,False,patches/LIDC-IDRI-0507_n00.npz,96,"[5, 4, 4, 1]","[1, 1, 1, 1]","[6, 6, 6, 6]","[3, 3, 2, 5]","[4, 3, 2, 2]","[2, 3, 2, 1]","[2, 2, 2, 1]","[3, 2, 5, 1]","[4, 4, 4, 2]",3.5,4.0,0.8660254037844386
LIDC-IDRI-0507,1.3.6.1.4.1.14519.5.2.1.6279.6001.301462380687644451483231621986,0,1,1,False,"[376.21606648199446, 172.0803324099723, 202.14958448753464]",13.849956283775771,1.0,0.703125,False,patches/LIDC-IDRI-0507_n01.npz,96,[4],[1],[6],[3],[4],[2],[1],[4],[4],4.0,4.0,0.0
LIDC-IDRI-0507,1.3.6.1.4.1.14519.5.2.1.6279.6001.301462380687644451483231621986,0,2,4,False,"[300.1657663098597, 359.8600710391994, 205.6257718728333]",18.69260121633274,1.0,0.703125,False,patches/LIDC-IDRI-0507_n02.npz,96,"[4, 3, 4, 1]","[1, 1, 1, 1]","[6, 6, 6, 6]","[3, 3, 2, 5]","[4, 3, 2, 2]","[3, 3, 2, 1]","[2, 2, 2, 1]","[5, 5, 5, 1]","[5, 5, 4, 2]",4.0,4.5,1.224744871391589
LIDC-IDRI-0507,1.3.6.1.4.1.14519.5.2.1.6279.6001.301462380687644451483231621986,0,3,3,False,"[359.75196883880693, 343.17134067264686, 237.2193327896805]",12.140634798047136,1.0,0.703125,False,patches/LIDC-IDRI-0507_n03.npz,96,"[4, 2, 1]","[1, 1, 1]","[6, 6, 6]","[3, 3, 5]","[4, 2, 2]","[2, 1, 1]","[2, 1, 1]","[4, 1, 1]","[4, 3, 2]",3.0,3.0,0.816496580927726
LIDC-IDRI-0508,1.3.6.1.4.1.14519.5.2.1.6279.6001.404768898286087278137462774930,0,0,4,False,"[362.17545844241323, 371.20423206193243, 81.22690716215028]",28.43609982042804,2.0,0.833984375,False,patches/LIDC-IDRI-0508_n00.npz,96,"[5, 5, 5, 5]","[1, 1, 1, 1]","[6, 6, 6, 6]","[5, 3, 3, 3]","[3, 3, 2, 4]","[5, 3, 5, 5]","[1, 3, 2, 1]","[5, 4, 4, 5]","[4, 5, 3, 3]",3.75,3.5,0.82915619758885
LIDC-IDRI-0508,1.3.6.1.4.1.14519.5.2.1.6279.6001.404768898286087278137462774930,0,1,1,False,"[158.0677966101695, 221.84745762711864, 114.50847457627118]",5.594537264018029,2.0,0.833984375,False,patches/LIDC-IDRI-0508_n01.npz,96,[3],[1],[6],[4],[5],[1],[1],[5],[2],2.0,2.0,0.0
LIDC-IDRI-0509,1.3.6.1.4.1.14519.5.2.1.6279.6001.200783211179294046901893379828,0,0,4,False,"[338.62294254658383, 347.98156702898547, 108.66651785714285]",6.345004062433492,5.0,0.69140625,False,patches/LIDC-IDRI-0509_n00.npz,96,"[2, 2, 4, 3]","[1, 1, 1, 1]","[6, 6, 6, 6]","[3, 5, 4, 5]","[4, 4, 4, 5]","[1, 1, 2, 1]","[1, 1, 1, 1]","[5, 4, 4, 5]","[3, 3, 3, 2]",2.75,3.0,0.4330127018922193
LIDC-IDRI-0509,1.3.6.1.4.1.14519.5.2.1.6279.6001.200783211179294046901893379828,0,1,1,False,"[263.45454545454544, 106.0, 117.51515151515152]",5.265593123976218,5.0,0.69140625,False,patches/LIDC-IDRI-0509_n01.npz,96,[3],[1],[6],[5],[5],[1],[1],[5],[2],2.0,2.0,0.0
LIDC-IDRI-0509,1.3.6.1.4.1.14519.5.2.1.6279.6001.200783211179294046901893379828,0,2,3,False,"[325.5783941362652, 160.6226553389972, 121.01449275362319]",8.282262402804717,5.0,0.69140625,False,patches/LIDC-IDRI-0509_n02.npz,96,"[4, 5, 3]","[1, 1, 1]","[6, 6, 6]","[3, 5, 5]","[4, 4, 5]","[1, 1, 1]","[2, 3, 1]","[4, 4, 5]","[3, 3, 2]",2.6666666666666665,3.0,0.4714045207910317
LIDC-IDRI-0509,1.3.6.1.4.1.14519.5.2.1.6279.6001.200783211179294046901893379828,0,3,3,False,"[322.6710167125114, 226.7361475785613, 123.74402454780362]",7.807540010870394,5.0,0.69140625,False,patches/LIDC-IDRI-0509_n03.npz,96,"[3, 4, 3]","[1, 1, 1]","[6, 6, 6]","[4, 4, 5]","[4, 4, 5]","[1, 1, 1]","[2, 2, 1]","[5, 4, 5]","[3, 3, 2]",2.6666666666666665,3.0,0.4714045207910317
LIDC-IDRI-0509,1.3.6.1.4.1.14519.5.2.1.6279.6001.200783211179294046901893379828,0,4,4,False,"[361.48138277806487, 389.4064285463264, 124.18197925835648]",11.391541780664364,5.0,0.69140625,False,patches/LIDC-IDRI-0509_n04.npz,96,"[5, 4, 5, 3]","[1, 1, 1, 1]","[6, 6, 6, 6]","[3, 3, 4, 5]","[4, 5, 4, 5]","[1, 1, 1, 1]","[1, 3, 2, 1]","[4, 5, 5, 5]","[3, 3, 4, 2]",3.0,3.0,0.7071067811865476
LIDC-IDRI-0510,1.3.6.1.4.1.14519.5.2.1.6279.6001.161855583909753609742728521805,0,0,3,False,"[408.29641051968224, 322.5474300321359, 35.67299238721822]",16.17374137268577,2.0,0.78125,False,patches/LIDC-IDRI-0510_n00.npz,96,"[4, 4, 5]","[1, 1, 1]","[6, 6, 6]","[4, 4, 3]","[1, 4, 2]","[1, 1, 1]","[1, 1, 1]","[5, 5, 3]","[1, 4, 4]",3.0,4.0,1.4142135623730951
LIDC-IDRI-0510,1.3.6.1.4.1.14519.5.2.1.6279.6001.161855583909753609742728521805,0,1,3,False,"[272.678961572068, 432.92386892107237, 42.990401981672825]",10.603825026080019,2.0,0.78125,False,patches/LIDC-IDRI-0510_n01.npz,96,"[3, 2, 5]","[1, 1, 1]","[6, 6, 6]","[3, 4, 3]","[5, 4, 5]","[1, 2, 1]","[1, 1, 1]","[5, 5, 5]","[2, 3, 4]",3.0,3.0,0.816496580927726
LIDC-IDRI-0510,1.3.6.1.4.1.14519.5.2.1.6279.6001.161855583909753609742728521805,0,2,2,False,"[405.40951143451144, 300.27671517671513, 48.61668399168399]",8.320800463907439,2.0,0.78125,False,patches/LIDC-IDRI-0510_n02.npz,96,"[3, 5]","[1, 1]","[6, 6]","[5, 4]","[5, 4]","[1, 1]","[1, 1]","[5, 5]","[3, 3]",3.0,3.0,0.0
LIDC-IDRI-0510,1.3.6.1.4.1.14519.5.2.1.6279.6001.161855583909753609742728521805,0,3,3,False,"[404.97231401740584, 350.1175947524552, 80.30870038509018]",9.978043965623277,2.0,0.78125,False,patches/LIDC-IDRI-0510_n03.npz,96,"[5, 4, 5]","[1, 1, 1]","[6, 6, 6]","[4, 5, 4]","[5, 5, 4]","[1, 1, 1]","[1, 1, 1]","[5, 5, 5]","[2, 3, 4]",3.0,3.0,0.816496580927726
LIDC-IDRI-0510,1.3.6.1.4.1.14519.5.2.1.6279.6001.161855583909753609742728521805,0,4,3,False,"[367.2964088257026, 207.79565741966715, 91.21330808510429]",11.833941812467046,2.0,0.78125,False,patches/LIDC-IDRI-0510_n04.npz,96,"[5, 5, 5]","[1, 1, 1]","[6, 6, 6]","[4, 4, 4]","[4, 5, 4]","[1, 1, 1]","[1, 1, 1]","[5, 5, 5]","[2, 3, 4]",3.0,3.0,0.816496580927726
LIDC-IDRI-0510,1.3.6.1.4.1.14519.5.2.1.6279.6001.161855583909753609742728521805,0,5,3,False,"[381.6784485729145, 141.22918488781815, 102.66595585893754]",12.989482942890575,2.0,0.78125,False,patches/LIDC-IDRI-0510_n05.npz,96,"[5, 5, 5]","[1, 1, 1]","[6, 6, 6]","[5, 4, 4]","[5, 4, 5]","[1, 1, 1]","[1, 1, 1]","[5, 5, 5]","[2, 3, 4]",3.0,3.0,0.816496580927726
LIDC-IDRI-0510,1.3.6.1.4.1.14519.5.2.1.6279.6001.161855583909753609742728521805,0,6,1,False,"[172.77272727272728, 227.43636363636364, 116.43636363636364]",8.907620508587016,2.0,0.78125,False,patches/LIDC-IDRI-0510_n06.npz,96,[5],[1],[6],[4],[4],[4],[1],[5],[3],3.0,3.0,0.0
LIDC-IDRI-0510,1.3.6.1.4.1.14519.5.2.1.6279.6001.161855583909753609742728521805,0,7,1,False,"[391.56626506024094, 294.2409638554217, 135.95180722891567]",6.720566614877052,2.0,0.78125,False,patches/LIDC-IDRI-0510_n07.npz,96,[5],[5],[6],[5],[5],[1],[1],[5],[3],3.0,3.0,0.0
LIDC-IDRI-0510,1.3.6.1.4.1.14519.5.2.1.6279.6001.161855583909753609742728521805,0,8,2,False,"[208.5885984023239, 376.82988380537404, 149.97748729121278]",6.841901579092021,2.0,0.78125,False,patches/LIDC-IDRI-0510_n08.npz,96,"[3, 4]","[1, 1]","[6, 6]","[5, 4]","[4, 4]","[1, 1]","[1, 1]","[4, 5]","[3, 3]",3.0,3.0,0.0
LIDC-IDRI-0510,1.3.6.1.4.1.14519.5.2.1.6279.6001.161855583909753609742728521805,0,9,1,False,"[193.50292397660817, 266.80116959064327, 167.12865497076024]",8.450510801868726,2.0,0.78125,False,patches/LIDC-IDRI-0510_n09.npz,96,[5],[1],[6],[5],[5],[1],[1],[5],[3],3.0,3.0,0.0
LIDC-IDRI-0515,1.3.6.1.4.1.14519.5.2.1.6279.6001.168737928729363683423228050295,0,0,4,False,"[357.0990310551733, 208.09794443269544, 179.3320497801775]",21.156858804261113,1.25,0.763672,True,patches/LIDC-IDRI-0515_n00.npz,96,"[5, 4, 5, 5]","[1, 1, 1, 1]","[6, 6, 6, 6]","[3, 3, 3, 5]","[4, 4, 4, 4]","[2, 4, 3, 1]","[2, 4, 3, 5]","[5, 5, 4, 4]","[5, 5, 3, 4]",4.25,4.5,0.82915619758885
LIDC-IDRI-0516,1.3.6.1.4.1.14519.5.2.1.6279.6001.811825890493256320617655474043,0,0,2,False,"[280.8595571095571, 409.20104895104896, 61.230769230769226]",4.872747863999516,2.5,0.570312,False,patches/LIDC-IDRI-0516_n00.npz,96,"[1, 3]","[1, 1]","[6, 6]","[2, 3]","[2, 4]","[2, 3]","[2, 1]","[2, 5]","[2, 1]",1.5,1.5,0.5
LIDC-IDRI-0516,1.3.6.1.4.1.14519.5.2.1.6279.6001.811825890493256320617655474043,0,1,1,False,"[376.3103448275862, 94.55172413793103, 67.62068965517241]",3.8257692011515823,2.5,0.570312,False,patches/LIDC-IDRI-0516_n01.npz,96,[2],[1],[6],[5],[2],[1],[1],[1],[1],1.0,1.0,0.0
LIDC-IDRI-0517,1.3.6.1.4.1.14519.5.2.1.6279.6001.202476538079060560282495099956,0,0,1,False,"[283.55555555555554, 391.48148148148147, 68.0]",7.15216662431072,2.5,0.664062,False,patches/LIDC-IDRI-0517_n00.npz,96,[1],[1],[6],[5],[2],[3],[1],[1],[3],3.0,3.0,0.0
LIDC-IDRI-0517,1.3.6.1.4.1.14519.5.2.1.6279.6001.202476538079060560282495099956,0,1,1,False,"[253.98958333333334, 140.39583333333334, 97.69791666666667]",7.996365379181984,2.5,0.664062,False,patches/LIDC-IDRI-0517_n01.npz,96,[4],[1],[6],[3],[2],[1],[1],[3],[3],3.0,3.0,0.0
LIDC-IDRI-0518,1.3.6.1.4.1.14519.5.2.1.6279.6001.501205984478455794251416553685,0,0,4,False,"[370.67991966574056, 393.70979948741143, 46.9030846848011]",10.27083531807493,3.0,0.877,True,patches/LIDC-IDRI-0518_n00.npz,96,"[4, 3, 5, 5]","[1, 1, 1, 1]","[6, 6, 6, 6]","[5, 5, 5, 5]","[5, 5, 5, 5]","[1, 1, 1, 1]","[1, 1, 1, 1]","[5, 5, 5, 5]","[3, 3, 4, 2]",3.0,3.0,0.7071067811865476
LIDC-IDRI-0518,1.3.6.1.4.1.14519.5.2.1.6279.6001.501205984478455794251416553685,0,1,2,False,"[357.5811111111111, 219.1937037037037, 85.5762962962963]",9.764873980204246,3.0,0.877,True,patches/LIDC-IDRI-0518_n01.npz,96,"[1, 4]","[1, 1]","[6, 6]","[5, 4]","[4, 5]","[1, 1]","[1, 1]","[1, 5]","[2, 2]",2.0,2.0,0.0
LIDC-IDRI-0518,1.3.6.1.4.1.14519.5.2.1.6279.6001.501205984478455794251416553685,0,2,2,False,"[329.0046323674354, 361.847181155135, 89.69209540705697]",12.669336689373734,3.0,0.877,True,patches/LIDC-IDRI-0518_n02.npz,96,"[4, 5]","[1, 1]","[5, 6]","[3, 4]","[5, 4]","[1, 1]","[1, 1]","[5, 5]","[1, 2]",1.5,1.5,0.5
LIDC-IDRI-0520,1.3.6.1.4.1.14519.5.2.1.6279.6001.222087811960706096424718056430,0,0,1,False,"[326.46610169491527, 434.1694915254237, 200.51694915254237]",4.550068680800324,1.25,0.625,False,patches/LIDC-IDRI-0520_n00.npz,96,[5],[1],[3],[4],[5],[1],[1],[5],[1],1.0,1.0,0.0
LIDC-IDRI-0520,1.3.6.1.4.1.14519.5.2.1.6279.6001.222087811960706096424718056430,0,1,1,False,"[326.5785714285714, 207.94285714285715, 373.4428571428571]",5.896238207535378,1.25,0.625,False,patches/LIDC-IDRI-0520_n01.npz,96,[3],[1],[6],[3],[4],[1],[1],[5],[1],1.0,1.0,0.0
LIDC-IDRI-0521,1.3.6.1.4.1.14519.5.2.1.6279.6001.187694838527128312070807533473,0,0,4,False,"[181.6201644427262, 414.54615523919824, 146.9345657261193]",21.21251478013602,1.0,0.703125,False,patches/LIDC-IDRI-0521_n00.npz,96,"[5, 5, 5, 5]","[1, 1, 1, 1]","[6, 6, 6, 6]","[3, 5, 3, 5]","[4, 5, 4, 5]","[2, 3, 2, 4]","[1, 1, 2, 1]","[5, 5, 5, 5]","[4, 5, 3, 3]",3.75,3.5,0.82915619758885
LIDC-IDRI-0521,1.3.6.1.4.1.14519.5.2.1.6279.6001.187694838527128312070807533473,0,1,1,False,"[181.0857142857143, 386.1714285714286, 168.4857142857143]",5.118827265900364,1.0,0.703125,False,patches/LIDC-IDRI-0521_n01.npz,96,[3],[1],[3],[5],[5],[1],[1],[5],[1],1.0,1.0,0.0
LIDC-IDRI-0522,1.3.6.1.4.1.14519.5.2.1.6279.6001.663019255629770796363333877035,0,0,3,False,"[215.80102851799907, 186.98948106591865, 179.77585320243102]",6.1703987760021235,2.0,0.583984375,False,patches/LIDC-IDRI-0522_n00.npz,96,"[2, 3, 2]","[1, 1, 1]","[6, 6, 6]","[4, 4, 3]","[3, 5, 3]","[2, 2, 3]","[1, 1, 2]","[5, 5, 4]","[1, 4, 3]",2.6666666666666665,3.0,1.247219128924647
LIDC-IDRI-0523,1.3.6.1.4.1.14519.5.2.1.6279.6001.212608679077007918190529579976,0,0,2,False,"[226.50613658506882, 395.5686152721958, 49.63879551820728]",20.393713342606503,1.25,0.703125,False,patches/LIDC-IDRI-0523_n00.npz,96,"[4, 5]","[1, 1]","[6, 6]","[4, 3]","[4, 3]","[2, 3]","[1, 4]","[5, 5]","[3, 3]",3.0,3.0,0.0
LIDC-IDRI-0523,1.3.6.1.4.1.14519.5.2.1.6279.6001.212608679077007918190529579976,0,1,4,False,"[172.00578193141976, 160.64860416636552, 54.303382541134575]",12.064629544674432,1.25,0.703125,False,patches/LIDC-IDRI-0523_n01.npz,96,"[4, 5, 4, 5]","[1, 1, 1, 1]","[6, 6, 6, 3]","[4, 3, 4, 4]","[4, 4, 4, 4]","[1, 1, 1, 1]","[1, 3, 1, 1]","[5, 5, 5, 5]","[3, 3, 3, 1]",2.5,3.0,0.8660254037844386
LIDC-IDRI-0523,1.3.6.1.4.1.14519.5.2.1.6279.6001.212608679077007918190529579976,0,2,2,False,"[354.0905797101449, 187.25644122383255, 102.22624798711755]",7.135182471440743,1.25,0.703125,False,patches/LIDC-IDRI-0523_n02.npz,96,"[1, 2]","[1, 1]","[6, 4]","[4, 4]","[2, 2]","[1, 1]","[1, 1]","[4, 2]","[2, 2]",2.0,2.0,0.0
LIDC-IDRI-0523,1.3.6.1.4.1.14519.5.2.1.6279.6001.212608679077007918190529579976,0,3,2,False,"[356.5952574525745, 319.2485094850948, 116.78726287262873]",7.012180545577351,1.25,0.703125,False,patches/LIDC-IDRI-0523_n03.npz,96,"[3, 4]","[1, 1]","[6, 6]","[4, 4]","[4, 3]","[2, 2]","[1, 2]","[5, 5]","[2, 2]",2.0,2.0,0.0
LIDC-IDRI-0523,1.3.6.1.4.1.14519.5.2.1.6279.6001.212608679077007918190529579976,0,4,4,False,"[270.7172433224512, 175.28279380555472, 128.59270599452526]",6.544113728693278,1.25,0.703125,False,patches/LIDC-IDRI-0523_n04.npz,96,"[4, 5, 5, 5]","[1, 1, 1, 1]","[3, 3, 3, 3]","[4, 3, 4, 4]","[5, 5, 5, 5]","[1, 1, 1, 1]","[1, 4, 1, 1]","[5, 5, 5, 5]","[1, 1, 1, 1]",1.0,1.0,0.0
LIDC-IDRI-0524,1.3.6.1.4.1.14519.5.2.1.6279.6001.842317928015463083368074520378,0,0,4,False,"[373.10819107251666, 76.71652929051484, 146.04384407665475]",5.720999814166166,0.75,0.53125,False,patches/LIDC-IDRI-0524_n00.npz,96,"[3, 3, 2, 5]","[1, 1, 1, 1]","[6, 3, 6, 6]","[3, 5, 4, 5]","[2, 5, 4, 5]","[1, 1, 2, 1]","[1, 1, 1, 1]","[5, 5, 4, 5]","[1, 1, 3, 3]",2.0,2.0,1.0
LIDC-IDRI-0524,1.3.6.1.4.1.14519.5.2.1.6279.6001.842317928015463083368074520378,0,1,1,False,"[297.4782608695652, 55.68695652173913, 207.50434782608696]",4.045879462490201,0.75,0.53125,False,patches/LIDC-IDRI-0524_n01.npz,96,[5],[1],[6],[5],[5],[1],[1],[5],[2],2.0,2.0,0.0
LIDC-IDRI-0524,1.3.6.1.4.1.14519.5.2.1.6279.6001.842317928015463083368074520378,0,2,1,False,"[341.8453608247423, 441.50515463917526, 210.93814432989691]",4.283074428783604,0.75,0.53125,False,patches/LIDC-IDRI-0524_n02.npz,96,[5],[1],[6],[5],[5],[1],[1],[5],[2],2.0,2.0,0.0
LIDC-IDRI-0524,1.3.6.1.4.1.14519.5.2.1.6279.6001.842317928015463083368074520378,0,3,1,False,"[215.125, 465.15909090909093, 237.01136363636363]",4.14919514032541,0.75,0.53125,False,patches/LIDC-IDRI-0524_n03.npz,96,[5],[1],[6],[5],[5],[1],[1],[5],[2],2.0,2.0,0.0
LIDC-IDRI-0524,1.3.6.1.4.1.14519.5.2.1.6279.6001.842317928015463083368074520378,0,4,1,False,"[170.51685393258427, 134.58426966292134, 241.92134831460675]",4.751644452187053,0.75,0.53125,False,patches/LIDC-IDRI-0524_n04.npz,96,[4],[1],[6],[5],[5],[1],[1],[5],[2],2.0,2.0,0.0
LIDC-IDRI-0524,1.3.6.1.4.1.14519.5.2.1.6279.6001.842317928015463083368074520378,0,5,1,False,"[271.2835820895522, 60.83582089552239, 291.2835820895522]",4.045879462490201,0.75,0.53125,False,patches/LIDC-IDRI-0524_n05.npz,96,[5],[1],[6],[5],[5],[1],[1],[5],[3],3.0,3.0,0.0
LIDC-IDRI-0525,1.3.6.1.4.1.14519.5.2.1.6279.6001.716498695101447665580610403574,0,0,2,False,"[390.14558037882466, 373.97735551238463, 176.39296988829528]",5.658568791399212,0.75,0.53710938,False,patches/LIDC-IDRI-0525_n00.npz,96,"[4, 3]","[1, 1]","[6, 6]","[4, 5]","[3, 5]","[1, 1]","[1, 1]","[3, 5]","[3, 2]",2.5,2.5,0.5
LIDC-IDRI-0525,1.3.6.1.4.1.14519.5.2.1.6279.6001.716498695101447665580610403574,0,1,1,False,"[283.0, 423.6617647058824, 223.44117647058823]",4.5890645543651845,0.75,0.53710938,False,patches/LIDC-IDRI-0525_n01.npz,96,[2],[1],[3],[4],[5],[1],[1],[5],[1],1.0,1.0,0.0
LIDC-IDRI-0525,1.3.6.1.4.1.14519.5.2.1.6279.6001.716498695101447665580610403574,0,2,4,False,"[287.4900924325677, 131.36489485273006, 328.57478818901177]",12.62118041334374,0.75,0.53710938,False,patches/LIDC-IDRI-0525_n02.npz,96,"[3, 4, 5, 5]","[1, 1, 1, 1]","[6, 6, 6, 6]","[2, 2, 3, 5]","[1, 3, 3, 4]","[3, 1, 1, 1]","[3, 3, 1, 5]","[3, 4, 3, 4]","[4, 4, 3, 3]",3.5,3.5,0.5
LIDC-IDRI-0525,1.3.6.1.4.1.14519.5.2.1.6279.6001.716498695101447665580610403574,0,3,1,False,"[227.5974025974026, 334.90909090909093, 387.12987012987014]",7.305477392035169,0.75,0.53710938,False,patches/LIDC-IDRI-0525_n03.npz,96,[1],[1],[6],[4],[1],[1],[1],[1],[3],3.0,3.0,0.0
LIDC-IDRI-0526,1.3.6.1.4.1.14519.5.2.1.6279.6001.180720061816899490466115851736,0,0,4,False,"[391.138643546479, 325.409179269884, 50.46493006965402]",12.928476907716558,3.0,0.808,True,patches/LIDC-IDRI-0526_n00.npz,96,"[5, 5, 5, 3]","[1, 1, 1, 1]","[6, 6, 6, 6]","[5, 5, 5, 5]","[5, 5, 5, 5]","[1, 1, 1, 1]","[1, 1, 1, 1]","[5, 5, 5, 5]","[5, 5, 5, 2]",4.25,5.0,1.299038105676658
LIDC-IDRI-0526,1.3.6.1.4.1.14519.5.2.1.6279.6001.180720061816899490466115851736,0,1,4,False,"[178.80456214278774, 187.29801160297052, 57.32502247332086]",15.390275778142458,3.0,0.808,True,patches/LIDC-IDRI-0526_n01.npz,96,"[3, 5, 5, 3]","[1, 1, 1, 1]","[6, 6, 6, 6]","[2, 3, 3, 3]","[2, 5, 4, 3]","[1, 1, 1, 1]","[1, 1, 1, 1]","[4, 5, 3, 3]","[3, 4, 4, 1]",3.0,3.5,1.224744871391589
LIDC-IDRI-0526,1.3.6.1.4.1.14519.5.2.1.6279.6001.180720061816899490466115851736,0,2,1,False,"[293.5, 92.5, 61.0]",6.5143042606252335,3.0,0.808,True,patches/LIDC-IDRI-0526_n02.npz,96,[1],[1],[6],[4],[2],[1],[1],[1],[2],2.0,2.0,0.0
LIDC-IDRI-0526,1.3.6.1.4.1.14519.5.2.1.6279.6001.180720061816899490466115851736,0,3,3,False,"[206.85549268094334, 359.1827482605945, 66.65781151170145]",11.12036309097043,3.0,0.808,True,patches/LIDC-IDRI-0526_n03.npz,96,"[3, 3, 4]","[1, 1, 1]","[6, 6, 6]","[3, 3, 4]","[3, 4, 4]","[1, 1, 1]","[1, 1, 1]","[5, 5, 4]","[3, 3, 3]",3.0,3.0,0.0
LIDC-IDRI-0526,1.3.6.1.4.1.14519.5.2.1.6279.6001.180720061816899490466115851736,0,4,3,False,"[369.97758010048597, 172.25867720945556, 75.77415369409438]",8.170747364924237,3.0,0.808,True,patches/LIDC-IDRI-0526_n04.npz,96,"[1, 3, 5]","[1, 1, 1]","[6, 6, 6]","[4, 4, 4]","[3, 4, 4]","[1, 1, 3]","[1, 3, 1]","[2, 5, 4]","[2, 3, 3]",2.6666666666666665,3.0,0.4714045207910317
LIDC-IDRI-0526,1.3.6.1.4.1.14519.5.2.1.6279.6001.180720061816899490466115851736,0,5,4,False,"[299.25383008963763, 167.1524728370556, 82.26073066224498]",29.17361593109026,3.0,0.808,True,patches/LIDC-IDRI-0526_n05.npz,96,"[5, 5, 5, 5]","[1, 1, 1, 1]","[6, 6, 6, 6]","[4, 5, 4, 5]","[5, 5, 5, 5]","[1, 1, 1, 1]","[1, 1, 1, 1]","[5, 5, 5, 5]","[5, 5, 5, 2]",4.25,5.0,1.299038105676658
LIDC-IDRI-0527,1.3.6.1.4.1.14519.5.2.1.6279.6001.271181474656996637903928248007,0,0,4,False,"[276.3863733319258, 133.1143808181276, 43.871004398605805]",14.291241702459743,3.0,0.73046875,False,patches/LIDC-IDRI-0527_n00.npz,96,"[5, 4, 5, 3]","[1, 1, 1, 1]","[6, 6, 6, 6]","[5, 5, 5, 5]","[4, 5, 5, 5]","[2, 1, 1, 1]","[2, 1, 1, 1]","[5, 5, 5, 5]","[4, 3, 5, 2]",3.5,3.5,1.118033988749895
LIDC-IDRI-0529,1.3.6.1.4.1.14519.5.2.1.6279.6001.168605638657404145360275453085,0,0,1,False,"[229.7099002302379, 449.76592478894855, 123.58787413660782]",29.041701226964133,1.25,0.703125,False,patches/LIDC-IDRI-0529_n00.npz,96,[5],[1],[6],[2],[4],[3],[3],[4],[4],4.0,4.0,0.0
LIDC-IDRI-0529,1.3.6.1.4.1.14519.5.2.1.6279.6001.168605638657404145360275453085,0,1,1,False,"[337.319587628866, 438.9072164948454, 168.95876288659792]",6.288941186718159,1.25,0.703125,False,patches/LIDC-IDRI-0529_n01.npz,96,[3],[1],[6],[4],[5],[5],[5],[5],[3],3.0,3.0,0.0
LIDC-IDRI-0529,1.3.6.1.4.1.14519.5.2.1.6279.6001.168605638657404145360275453085,0,2,2,False,"[387.89291777831676, 182.40293662195188, 267.1299651112894]",10.074820447154252,1.25,0.703125,False,patches/LIDC-IDRI-0529_n02.npz,96,"[4, 4]","[1, 1]","[6, 6]","[4, 3]","[5, 5]","[5, 5]","[5, 5]","[5, 5]","[3, 3]",3.0,3.0,0.0
LIDC-IDRI-0529,1.3.6.1.4.1.14519.5.2.1.6279.6001.168605638657404145360275453085,0,3,4,False,"[157.3889262137829, 409.2062717151576, 331.6016786760929]",8.475636944329812,1.25,0.703125,False,patches/LIDC-IDRI-0529_n03.npz,96,"[4, 4, 4, 4]","[1, 1, 1, 1]","[6, 6, 6, 6]","[4, 3, 3, 5]","[5, 5, 4, 5]","[5, 5, 1, 1]","[5, 5, 1, 1]","[5, 5, 5, 5]","[3, 2, 1, 2]",2.0,2.0,0.7071067811865476
LIDC-IDRI-0530,1.3.6.1.4.1.14519.5.2.1.6279.6001.561458563853929400124470098603,0,0,4,False,"[213.70090945247273, 385.3091036457306, 59.73516277768239]",10.396122821077912,2.5,0.585938,False,patches/LIDC-IDRI-0530_n00.npz,96,"[4, 5, 5, 5]","[1, 1, 1, 1]","[3, 3, 6, 3]","[3, 4, 3, 4]","[5, 5, 4, 5]","[3, 3, 2, 1]","[1, 1, 1, 1]","[5, 5, 5, 5]","[1, 1, 4, 1]",1.75,1.0,1.299038105676658
LIDC-IDRI-0530,1.3.6.1.4.1.14519.5.2.1.6279.6001.561458563853929400124470098603,0,1,3,False,"[194.18008463318264, 90.41413969473693, 65.66505316930869]",9.34085755794788,2.5,0.585938,False,patches/LIDC-IDRI-0530_n01.npz,96,"[2, 3, 5]","[1, 1, 1]","[6, 6, 6]","[3, 3, 3]","[2, 5, 5]","[4, 2, 2]","[2, 1, 1]","[2, 3, 5]","[3, 2, 4]",3.0,3.0,0.816496580927726
LIDC-IDRI-0530,1.3.6.1.4.1.14519.5.2.1.6279.6001.561458563853929400124470098603,0,2,1,False,"[139.36486486486487, 174.52702702702703, 81.64864864864865]",4.831768528126311,2.5,0.585938,False,patches/LIDC-IDRI-0530_n02.npz,96,[4],[1],[6],[4],[5],[1],[1],[5],[2],2.0,2.0,0.0
LIDC-IDRI-0530,1.3.6.1.4.1.14519.5.2.1.6279.6001.561458563853929400124470098603,0,3,1,False,"[315.56666666666666, 121.8, 110.0]",6.680721082317405,2.5,0.585938,False,patches/LIDC-IDRI-0530_n03.npz,96,[4],[1],[6],[3],[5],[1],[1],[5],[2],2.0,2.0,0.0
LIDC-IDRI-0532,1.3.6.1.4.1.14519.5.2.1.6279.6001.139577698050713461261415990027,0,0,2,False,"[414.45166666666665, 128.84932098765432, 238.49179012345678]",7.718489207491812,1.0,0.68359375,False,patches/LIDC-IDRI-0532_n00.npz,96,"[4, 5]","[1, 1]","[3, 3]","[5, 5]","[5, 5]","[1, 1]","[1, 1]","[5, 5]","[1, 1]",1.0,1.0,0.0
LIDC-IDRI-0533,1.3.6.1.4.1.14519.5.2.1.6279.6001.273509906901630724765262021367,0,0,4,False,"[334.8106729066209, 368.8578193444537, 80.52211085657352]",12.776001645446161,3.0,0.66796875,False,patches/LIDC-IDRI-0533_n00.npz,96,"[4, 4, 3, 5]","[4, 1, 1, 1]","[6, 6, 6, 6]","[5, 5, 3, 5]","[5, 5, 4, 5]","[1, 1, 2, 1]","[1, 1, 1, 1]","[5, 5, 5, 5]","[4, 4, 3, 2]",3.25,3.5,0.82915619758885
LIDC-IDRI-0534,1.3.6.1.4.1.14519.5.2.1.6279.6001.255233548387770235844350895151,0,0,2,False,"[392.018825564361, 171.82466008907403, 54.013091645045336]",25.9408167693518,3.0,0.66796875,False,patches/LIDC-IDRI-0534_n00.npz,96,"[5, 5]","[1, 1]","[6, 6]","[2, 3]","[4, 4]","[4, 1]","[2, 3]","[5, 5]","[3, 2]",2.5,2.5,0.5
LIDC-IDRI-0534,1.3.6.1.4.1.14519.5.2.1.6279.6001.255233548387770235844350895151,0,1,2,False,"[377.026247645951, 333.4632768361582, 81.06862052730696]",6.839667222821795,3.0,0.66796875,False,patches/LIDC-IDRI-0534_n01.npz,96,"[4, 5]","[1, 1]","[3, 3]","[3, 4]","[4, 5]","[1, 1]","[1, 1]","[5, 5]","[1, 1]",1.0,1.0,0.0
LIDC-IDRI-0535,1.3.6.1.4.1.14519.5.2.1.6279.6001.275986221854423197884953496664,0,0,4,False,"[317.78870286760696, 123.8587202817499, 107.26276831077175]",6.317099294853149,1.0,0.716796875,False,patches/LIDC-IDRI-0535_n00.npz,96,"[2, 3, 1, 3]","[1, 1, 1, 1]","[6, 6, 6, 6]","[4, 4, 3, 5]","[5, 5, 2, 5]","[4, 1, 3, 1]","[1, 1, 3, 1]","[5, 5, 3, 5]","[3, 3, 3, 2]",2.75,3.0,0.4330127018922193
LIDC-IDRI-0535,1.3.6.1.4.1.14519.5.2.1.6279.6001.275986221854423197884953496664,0,1,3,False,"[265.70139743297636, 161.98385357332725, 120.45746183640921]",5.998167900620625,1.0,0.716796875,False,patches/LIDC-IDRI-0535_n01.npz,96,"[2, 4, 3]","[1, 1, 1]","[6, 6, 6]","[4, 4, 5]","[4, 4, 5]","[1, 1, 1]","[1, 1, 1]","[5, 4, 5]","[2, 4, 2]",2.6666666666666665,2.0,0.9428090415820634
LIDC-IDRI-0535,1.3.6.1.4.1.14519.5.2.1.6279.6001.275986221854423197884953496664,0,2,1,False,"[335.6111111111111, 146.25, 147.98611111111111]",8.014032692797098,1.0,0.716796875,False,patches/LIDC-IDRI-0535_n02.npz,96,[3],[1],[6],[2],[5],[1],[1],[4],[3],3.0,3.0,0.0
LIDC-IDRI-0535,1.3.6.1.4.1.14519.5.2.1.6279.6001.275986221854423197884953496664,0,3,1,False,"[409.64, 325.6, 157.56]",3.8600693051139903,1.0,0.716796875,False,patches/LIDC-IDRI-0535_n03.npz,96,[3],[1],[6],[5],[5],[1],[1],[5],[2],2.0,2.0,0.0
LIDC-IDRI-0535,1.3.6.1.4.1.14519.5.2.1.6279.6001.275986221854423197884953496664,0,4,2,False,"[319.89955357142856, 388.3808035714286, 163.0857142857143]",4.1967453972480016,1.0,0.716796875,False,patches/LIDC-IDRI-0535_n04.npz,96,"[3, 3]","[1, 1]","[6, 6]","[4, 5]","[5, 5]","[1, 1]","[1, 1]","[5, 5]","[3, 2]",2.5,2.5,0.5
LIDC-IDRI-0535,1.3.6.1.4.1.14519.5.2.1.6279.6001.275986221854423197884953496664,0,5,1,False,"[327.969696969697, 116.36363636363636, 173.06060606060606]",3.205613077118839,1.0,0.716796875,False,patches/LIDC-IDRI-0535_n05.npz,96,[1],[1],[6],[5],[4],[1],[1],[5],[1],1.0,1.0,0.0
LIDC-IDRI-0537,1.3.6.1.4.1.14519.5.2.1.6279.6001.291539125579672469833850180824,0,0,4,False,"[186.66706448153167, 426.8135241482139, 118.24912884627363]",8.359365145580146,1.25,0.742188,False,patches/LIDC-IDRI-0537_n00.npz,96,"[4, 4, 3, 4]","[1, 1, 1, 1]","[6, 6, 3, 6]","[3, 3, 2, 3]","[4, 5, 4, 5]","[1, 1, 1, 2]","[1, 1, 1, 1]","[5, 5, 5, 5]","[2, 3, 1, 2]",2.0,2.0,0.7071067811865476
LIDC-IDRI-0538,1.3.6.1.4.1.14519.5.2.1.6279.6001.339039410276356623209709113755,0,0,2,False,"[366.4695110868775, 307.18697746274086, 323.31443111595786]",6.193271463291268,0.75,0.56640625,False,patches/LIDC-IDRI-0538_n00.npz,96,"[3, 5]","[1, 1]","[6, 6]","[5, 3]","[3, 4]","[1, 1]","[1, 1]","[5, 4]","[2, 3]",2.5,2.5,0.5
LIDC-IDRI-0539,1.3.6.1.4.1.14519.5.2.1.6279.6001.283733738239331719775105586296,0,0,3,False,"[395.91202167341953, 354.06016946427417, 136.99506988659508]",9.665729044645111,1.25,0.601562,False,patches/LIDC-IDRI-0539_n00.npz,96,"[4, 4, 3]","[1, 1, 1]","[6, 6, 6]","[3, 4, 4]","[4, 1, 1]","[2, 2, 3]","[1, 2, 1]","[3, 1, 1]","[5, 3, 3]",3.6666666666666665,3.0,0.9428090415820634
LIDC-IDRI-0541,1.3.6.1.4.1.14519.5.2.1.6279.6001.292287048883545067541391539652,0,0,2,False,"[331.195744680851, 79.94255319148937, 41.76205673758865]",5.1506170943317535,3.0,0.769,True,patches/LIDC-IDRI-0541_n00.npz,96,"[4, 2]","[1, 1]","[3, 3]","[5, 5]","[5, 5]","[1, 1]","[1, 1]","[5, 5]","[1, 1]",1.0,1.0,0.0
LIDC-IDRI-0541,1.3.6.1.4.1.14519.5.2.1.6279.6001.292287048883545067541391539652,0,1,4,False,"[377.68582026875697, 130.85596304591266, 65.3892777155655]",7.612131957671879,3.0,0.769,True,patches/LIDC-IDRI-0541_n01.npz,96,"[5, 4, 4, 5]","[1, 1, 1, 1]","[3, 3, 3, 3]","[5, 5, 4, 5]","[5, 5, 5, 5]","[1, 1, 1, 1]","[1, 1, 1, 1]","[5, 5, 5, 5]","[1, 1, 1, 1]",1.0,1.0,0.0
LIDC-IDRI-0542,1.3.6.1.4.1.14519.5.2.1.6279.6001.970264865033574190975654369557,0,0,2,False,"[248.93245302973747, 469.7335915142466, 101.87840612168719]",4.556721918257352,1.25,0.546875,False,patches/LIDC-IDRI-0542_n00.npz,96,"[5, 5]","[1, 1]","[3, 3]","[5, 5]","[5, 5]","[1, 1]","[1, 1]","[5, 5]","[1, 1]",1.0,1.0,0.0
LIDC-IDRI-0542,1.3.6.1.4.1.14519.5.2.1.6279.6001.970264865033574190975654369557,0,1,1,False,"[271.90361445783134, 56.975903614457835, 179.12048192771084]",3.6685490255855924,1.25,0.546875,False,patches/LIDC-IDRI-0542_n01.npz,96,[5],[1],[3],[5],[5],[1],[1],[5],[1],1.0,1.0,0.0
LIDC-IDRI-0542,1.3.6.1.4.1.14519.5.2.1.6279.6001.970264865033574190975654369557,0,2,3,False,"[343.88091488563924, 106.23672532004927, 200.19931704965452]",4.834582966840088,1.25,0.546875,False,patches/LIDC-IDRI-0542_n02.npz,96,"[5, 5, 5]","[1, 1, 1]","[3, 3, 3]","[5, 5, 5]","[5, 5, 5]","[1, 1, 1]","[1, 1, 1]","[5, 5, 5]","[1, 1, 1]",1.0,1.0,0.0
LIDC-IDRI-0542,1.3.6.1.4.1.14519.5.2.1.6279.6001.970264865033574190975654369557,0,3,1,False,"[179.4214876033058, 364.07438016528926, 337.10743801652893]",3.943571707538738,1.25,0.546875,False,patches/LIDC-IDRI-0542_n03.npz,96,[5],[1],[3],[4],[5],[1],[1],[5],[3],3.0,3.0,0.0
LIDC-IDRI-0543,1.3.6.1.4.1.14519.5.2.1.6279.6001.792381786708289670758399079830,0,0,4,False,"[305.28235541788774, 430.535326378965, 394.53887638609143]",11.458912715621908,1.5,0.65234375,False,patches/LIDC-IDRI-0543_n00.npz,96,"[4, 3, 3, 4]","[1, 1, 1, 1]","[6, 6, 6, 6]","[2, 2, 3, 3]","[5, 5, 5, 4]","[2, 1, 1, 2]","[1, 1, 1, 1]","[5, 5, 5, 5]","[4, 3, 3, 2]",3.0,3.0,0.7071067811865476
LIDC-IDRI-0543,1.3.6.1.4.1.14519.5.2.1.6279.6001.792381786708289670758399079830,0,1,4,False,"[310.78642365404386, 413.0568723362751, 427.4779725207308]",16.652111419503687,1.5,0.65234375,False,patches/LIDC-IDRI-0543_n01.npz,96,"[5, 4, 5, 5]","[1, 1, 1, 1]","[6, 6, 6, 6]","[4, 2, 5, 3]","[4, 4, 5, 4]","[1, 2, 1, 2]","[1, 2, 2, 2]","[5, 5, 5, 5]","[5, 5, 3, 3]",4.0,4.0,1.0
LIDC-IDRI-0545,1.3.6.1.4.1.14519.5.2.1.6279.6001.248425363469507808613979846863,0,0,1,False,"[285.06451612903226, 398.0806451612903, 336.8709677419355]",7.370297759419222,1.25,0.78125,False,patches/LIDC-IDRI-0545_n00.npz,96,[5],[1],[6],[3],[4],[1],[1],[4],[2],2.0,2.0,0.0
LIDC-IDRI-0545,1.3.6.1.4.1.14519.5.2.1.6279.6001.248425363469507808613979846863,0,1,1,False,"[297.85185185185185, 286.8222222222222, 438.6296296296296]",7.8125,1.25,0.78125,False,patches/LIDC-IDRI-0545_n01.npz,96,[5],[1],[6],[4],[4],[1],[1],[5],[3],3.0,3.0,0.0
LIDC-IDRI-0546,1.3.6.1.4.1.14519.5.2.1.6279.6001.204802250386343794613980417281,0,0,4,False,"[272.68199214290246, 415.8986017013064, 202.45337158600768]",22.034755982388777,2.0,0.634765625,False,patches/LIDC-IDRI-0546_n00.npz,96,"[5, 5, 5, 5]","[1, 1, 1, 1]","[6, 6, 6, 6]","[5, 5, 5, 5]","[5, 5, 5, 5]","[3, 2, 1, 4]","[1, 1, 1, 1]","[5, 5, 5, 5]","[5, 5, 5, 3]",4.5,5.0,0.8660254037844386
LIDC-IDRI-0547,1.3.6.1.4.1.14519.5.2.1.6279.6001.725236073737175770730904408416,0,0,2,False,"[357.55892614023145, 428.08521953710004, 74.54548162014976]",6.18728515433963,1.25,0.703125,False,patches/LIDC-IDRI-0547_n00.npz,96,"[3, 4]","[1, 1]","[6, 6]","[5, 3]","[5, 3]","[1, 1]","[1, 1]","[5, 5]","[2, 2]",2.0,2.0,0.0
LIDC-IDRI-0547,1.3.6.1.4.1.14519.5.2.1.6279.6001.725236073737175770730904408416,0,1,3,False,"[315.20945863291576, 99.42442811440942, 128.87207123627107]",9.072886158042026,1.25,0.703125,False,patches/LIDC-IDRI-0547_n01.npz,96,"[5, 4, 5]","[1, 3, 1]","[6, 6, 6]","[5, 4, 4]","[5, 5, 4]","[1, 1, 1]","[1, 1, 1]","[5, 5, 5]","[2, 2, 4]",2.6666666666666665,2.0,0.9428090415820634
LIDC-IDRI-0547,1.3.6.1.4.1.14519.5.2.1.6279.6001.725236073737175770730904408416,0,2,1,False,"[295.1842105263158, 395.7894736842105, 167.0]",9.768124680081893,1.25,0.703125,False,patches/LIDC-IDRI-0547_n02.npz,96,[2],[1],[6],[4],[1],[3],[1],[1],[3],3.0,3.0,0.0
LIDC-IDRI-0549,1.3.6.1.4.1.14519.5.2.1.6279.6001.154837327827713479309898027966,0,0,3,False,"[346.5891547049441, 431.8387161084529, 71.41296650717703]",6.321025698060442,1.25,0.673828,False,patches/LIDC-IDRI-0549_n00.npz,96,"[3, 2, 1]","[1, 1, 1]","[6, 6, 6]","[4, 5, 3]","[2, 5, 4]","[1, 1, 2]","[1, 1, 1]","[4, 5, 4]","[3, 3, 2]",2.6666666666666665,3.0,0.4714045207910317
LIDC-IDRI-0549,1.3.6.1.4.1.14519.5.2.1.6279.6001.154837327827713479309898027966,0,1,4,False,"[178.01973052061496, 421.0742552642126, 87.76588629981605]",7.780611334103576,1.25,0.673828,False,patches/LIDC-IDRI-0549_n01.npz,96,"[5, 4, 4, 3]","[1, 1, 1, 1]","[6, 6, 6, 6]","[3, 2, 4, 3]","[2, 5, 5, 4]","[1, 1, 1, 1]","[2, 1, 1, 2]","[4, 5, 5, 5]","[3, 2, 3, 3]",2.75,3.0,0.4330127018922193
LIDC-IDRI-0549,1.3.6.1.4.1.14519.5.2.1.6279.6001.154837327827713479309898027966,0,2,4,False,"[356.2256947816323, 414.7411781717577, 101.6351982050526]",6.553219918114812,1.25,0.673828,False,patches/LIDC-IDRI-0549_n02.npz,96,"[5, 3, 4, 4]","[1, 1, 1, 1]","[6, 6, 6, 6]","[4, 5, 4, 4]","[5, 4, 5, 4]","[1, 1, 1, 1]","[1, 1, 1, 2]","[5, 5, 5, 5]","[3, 2, 4, 3]",3.0,3.0,0.7071067811865476
LIDC-IDRI-0549,1.3.6.1.4.1.14519.5.2.1.6279.6001.154837327827713479309898027966,0,3,4,False,"[160.6097560262957, 155.48741036206954, 113.38169959996343]",8.026005127850889,1.25,0.673828,False,patches/LIDC-IDRI-0549_n03.npz,96,"[5, 4, 4, 4]","[1, 1, 1, 1]","[6, 6, 6, 6]","[4, 4, 3, 2]","[3, 4, 5, 3]","[1, 1, 1, 1]","[3, 1, 1, 2]","[4, 5, 5, 4]","[3, 3, 3, 3]",3.0,3.0,0.0
LIDC-IDRI-0549,1.3.6.1.4.1.14519.5.2.1.6279.6001.154837327827713479309898027966,0,4,4,False,"[378.0571347342618, 103.30959486069415, 123.85921340777449]",5.567416966072889,1.25,0.673828,False,patches/LIDC-IDRI-0549_n04.npz,96,"[4, 3, 4, 3]","[1, 1, 1, 1]","[6, 6, 6, 6]","[4, 5, 4, 3]","[2, 5, 5, 4]","[1, 1, 1, 1]","[1, 1, 1, 2]","[4, 5, 5, 5]","[2, 2, 4, 3]",2.75,2.5,0.82915619758885
LIDC-IDRI-0549,1.3.6.1.4.1.14519.5.2.1.6279.6001.154837327827713479309898027966,0,5,4,False,"[310.1052007020111, 142.5194345068217, 134.6368669755319]",10.076496303465044,1.25,0.673828,False,patches/LIDC-IDRI-0549_n05.npz,96,"[5, 4, 4, 4]","[1, 1, 1, 1]","[6, 6, 6, 6]","[3, 2, 2, 2]","[5, 5, 5, 4]","[1, 1, 2, 1]","[3, 1, 1, 2]","[5, 5, 5, 4]","[2, 2, 4, 3]",2.75,2.5,0.82915619758885
LIDC-IDRI-0550,1.3.6.1.4.1.14519.5.2.1.6279.6001.110399334711437930497698442208,0,0,4,False,"[171.4296613436349, 395.15171952789876, 56.26921013379639]",12.504873498691675,3.0,0.789,True,patches/LIDC-IDRI-0550_n00.npz,96,"[5, 5, 5, 5]","[1, 1, 1, 1]","[6, 6, 6, 6]","[5, 5, 5, 5]","[5, 5, 5, 5]","[1, 2, 2, 1]","[1, 3, 1, 1]","[5, 5, 5, 5]","[4, 4, 3, 2]",3.25,3.5,0.82915619758885
LIDC-IDRI-0551,1.3.6.1.4.1.14519.5.2.1.6279.6001.270788655216695628640355888562,0,0,1,False,"[343.29545454545456, 111.4659090909091, 345.04545454545456]",5.35484046506056,1.25,0.703125,False,patches/LIDC-IDRI-0551_n00.npz,96,[4],[1],[6],[4],[5],[1],[1],[5],[3],3.0,3.0,0.0
LIDC-IDRI-0552,1.3.6.1.4.1.14519.5.2.1.6279.6001.270152671889301412052226973069,0,0,3,False,"[364.25382241215567, 83.693779677113, 54.9346391263058]",9.165384820232676,2.5,0.556641,False,patches/LIDC-IDRI-0552_n00.npz,96,"[4, 5, 5]","[1, 1, 1]","[6, 6, 6]","[3, 3, 4]","[3, 5, 5]","[1, 3, 1]","[1, 1, 1]","[3, 5, 5]","[3, 4, 5]",4.0,4.0,0.816496580927726
LIDC-IDRI-0553,1.3.6.1.4.1.14519.5.2.1.6279.6001.965620538050807352935663552285,0,0,2,False,"[192.16369198312236, 165.7173206751055, 378.9043459915612]",8.745675948854384,1.25,0.742188,False,patches/LIDC-IDRI-0553_n00.npz,96,"[1, 3]","[1, 1]","[6, 6]","[2, 3]","[2, 4]","[1, 1]","[1, 1]","[3, 4]","[2, 4]",3.0,3.0,1.0
LIDC-IDRI-0553,1.3.6.1.4.1.14519.5.2.1.6279.6001.965620538050807352935663552285,0,1,2,False,"[290.75155749989875, 138.882488759266, 407.74607958304637]",16.80450067991056,1.25,0.742188,False,patches/LIDC-IDRI-0553_n01.npz,96,"[1, 2]","[1, 1]","[6, 6]","[5, 3]","[2, 1]","[1, 1]","[1, 1]","[1, 1]","[2, 4]",3.0,3.0,1.0
LIDC-IDRI-0554,1.3.6.1.4.1.14519.5.2.1.6279.6001.306788423710427765311352901943,0,0,2,False,"[401.2939958592133, 155.71687370600415, 69.56780538302277]",6.068884782211249,1.0,0.60546875,False,patches/LIDC-IDRI-0554_n00.npz,96,"[2, 1]","[1, 1]","[6, 6]","[4, 4]","[4, 4]","[1, 1]","[1, 1]","[5, 5]","[3, 3]",3.0,3.0,0.0
LIDC-IDRI-0555,1.3.6.1.4.1.14519.5.2.1.6279.6001.163994693532965040247348251579,0,0,4,False,"[216.52582883847492, 56.81902255460974, 147.56168659412353]",7.19344383787994,1.25,0.615234,False,patches/LIDC-IDRI-0555_n00.npz,96,"[2, 5, 2, 3]","[1, 1, 1, 1]","[6, 6, 6, 6]","[4, 3, 3, 3]","[4, 5, 4, 4]","[1, 1, 2, 1]","[1, 1, 2, 1]","[5, 5, 4, 5]","[2, 4, 3, 3]",3.0,3.0,0.7071067811865476
LIDC-IDRI-0556,1.3.6.1.4.1.14519.5.2.1.6279.6001.311476128731958142981941696518,0,0,4,False,"[387.41968805022833, 133.04532802737947, 94.16977686797202]",9.660601985256669,2.0,0.8046875,False,patches/LIDC-IDRI-0556_n00.npz,96,"[5, 4, 5, 5]","[1, 1, 1, 1]","[6, 6, 6, 6]","[5, 4, 5, 5]","[4, 4, 4, 5]","[1, 1, 1, 1]","[1, 1, 1, 1]","[5, 5, 5, 5]","[3, 3, 5, 3]",3.5,3.0,0.8660254037844386
LIDC-IDRI-0556,1.3.6.1.4.1.14519.5.2.1.6279.6001.311476128731958142981941696518,0,1,1,False,"[277.6119402985075, 136.92537313432837, 135.53731343283582]",5.858213426530417,2.0,0.8046875,False,patches/LIDC-IDRI-0556_n01.npz,96,[5],[1],[6],[5],[5],[1],[1],[5],[3],3.0,3.0,0.0
LIDC-IDRI-0556,1.3.6.1.4.1.14519.5.2.1.6279.6001.311476128731958142981941696518,0,2,1,False,"[335.9626168224299, 211.62616822429908, 194.33644859813083]",6.128317421124864,2.0,0.8046875,False,patches/LIDC-IDRI-0556_n02.npz,96,[5],[1],[6],[5],[5],[1],[1],[5],[3],3.0,3.0,0.0
LIDC-IDRI-0557,1.3.6.1.4.1.14519.5.2.1.6279.6001.129055977637338639741695800950,0,0,1,False,"[169.30769230769232, 407.20512820512823, 275.88461538461536]",4.975924704028011,0.75,0.6171875,False,patches/LIDC-IDRI-0557_n00.npz,96,[5],[1],[6],[5],[5],[1],[1],[5],[2],2.0,2.0,0.0
LIDC-IDRI-0557,1.3.6.1.4.1.14519.5.2.1.6279.6001.129055977637338639741695800950,0,1,3,False,"[354.4901408117662, 117.44492655955041, 370.2902101732855]",10.69240348033703,0.75,0.6171875,False,patches/LIDC-IDRI-0557_n01.npz,96,"[4, 4, 2]","[1, 1, 1]","[6, 6, 6]","[3, 4, 3]","[2, 2, 1]","[3, 2, 4]","[1, 2, 3]","[3, 2, 2]","[3, 5, 3]",3.6666666666666665,3.0,0.9428090415820634
LIDC-IDRI-0558,1.3.6.1.4.1.14519.5.2.1.6279.6001.275849601663847251574860892603,0,0,2,False,"[387.69128594547493, 94.8103448275862, 177.30059753516744]",9.765139090373102,2.0,0.54296875,False,patches/LIDC-IDRI-0558_n00.npz,96,"[2, 2]","[1, 1]","[6, 6]","[3, 3]","[2, 1]","[1, 3]","[1, 1]","[3, 1]","[3, 3]",3.0,3.0,0.0
LIDC-IDRI-0559,1.3.6.1.4.1.14519.5.2.1.6279.6001.226889213794065160713547677129,0,0,4,False,"[397.00264338740413, 343.7623177328519, 41.34257977825042]",5.977940291802579,2.5,0.742188,True,patches/LIDC-IDRI-0559_n00.npz,96,"[5, 5, 5, 4]","[1, 1, 1, 1]","[3, 3, 3, 3]","[5, 3, 5, 4]","[5, 5, 5, 5]","[1, 1, 1, 1]","[1, 1, 1, 1]","[5, 5, 5, 5]","[1, 1, 1, 1]",1.0,1.0,0.0
LIDC-IDRI-0559,1.3.6.1.4.1.14519.5.2.1.6279.6001.226889213794065160713547677129,0,1,2,False,"[387.57088122605364, 374.5868454661558, 66.39208173690932]",5.248061677152805,2.5,0.742188,True,patches/LIDC-IDRI-0559_n01.npz,96,"[5, 3]","[1, 1]","[3, 3]","[4, 5]","[5, 5]","[1, 1]","[1, 1]","[5, 5]","[1, 1]",1.0,1.0,0.0
LIDC-IDRI-0560,1.3.6.1.4.1.14519.5.2.1.6279.6001.447468612991222399440694673357,0,0,1,False,"[393.38, 168.18, 83.6]",7.78789770440689,2.5,0.644531,False,patches/LIDC-IDRI-0560_n00.npz,96,[4],[1],[6],[3],[5],[1],[1],[5],[3],3.0,3.0,0.0
LIDC-IDRI-0562,1.3.6.1.4.1.14519.5.2.1.6279.6001.219087313261026510628926082729,0,0,3,False,"[379.86524276377213, 147.79185340802988, 47.90396825396825]",6.031786841995803,2.0,0.61328125,False,patches/LIDC-IDRI-0562_n00.npz,96,"[4, 1, 3]","[1, 1, 1]","[6, 6, 6]","[4, 4, 5]","[5, 4, 5]","[1, 1, 1]","[1, 2, 1]","[5, 4, 5]","[3, 3, 2]",2.6666666666666665,3.0,0.4714045207910317
LIDC-IDRI-0562,1.3.6.1.4.1.14519.5.2.1.6279.6001.219087313261026510628926082729,0,1,4,False,"[336.90341639767655, 140.9294792450665, 213.8496334451383]",17.670179373057643,2.0,0.61328125,False,patches/LIDC-IDRI-0562_n01.npz,96,"[2, 5, 4, 5]","[1, 1, 1, 1]","[6, 6, 6, 6]","[4, 2, 2, 3]","[1, 4, 1, 5]","[1, 2, 5, 2]","[4, 4, 5, 3]","[4, 5, 3, 5]","[4, 5, 3, 4]",4.0,4.0,0.7071067811865476
LIDC-IDRI-0563,1.3.6.1.4.1.14519.5.2.1.6279.6001.671278273674156798801285503514,0,0,1,False,"[260.44444444444446, 33.916666666666664, 79.52777777777777]",5.353843035979506,2.0,0.6640625,False,patches/LIDC-IDRI-0563_n00.npz,96,[4],[1],[6],[4],[5],[1],[1],[5],[3],3.0,3.0,0.0
LIDC-IDRI-0563,1.3.6.1.4.1.14519.5.2.1.6279.6001.671278273674156798801285503514,0,1,1,False,"[184.609756097561, 72.07317073170732, 95.02439024390245]",4.039334492776161,2.0,0.6640625,False,patches/LIDC-IDRI-0563_n01.npz,96,[3],[1],[6],[5],[5],[1],[1],[5],[2],2.0,2.0,0.0
LIDC-IDRI-0563,1.3.6.1.4.1.14519.5.2.1.6279.6001.671278273674156798801285503514,0,2,1,False,"[153.85714285714286, 122.25714285714285, 105.4]",5.353843035979506,2.0,0.6640625,False,patches/LIDC-IDRI-0563_n02.npz,96,[4],[1],[6],[4],[5],[1],[1],[5],[3],3.0,3.0,0.0
LIDC-IDRI-0565,1.3.6.1.4.1.14519.5.2.1.6279.6001.292057261351416339496913597985,0,0,4,False,"[269.15288353742574, 417.6006146109915, 88.35026600265078]",8.384904367086182,2.0,0.68359375,False,patches/LIDC-IDRI-0565_n00.npz,96,"[4, 2, 4, 5]","[1, 1, 1, 1]","[6, 6, 6, 6]","[3, 3, 3, 3]","[4, 3, 3, 2]","[1, 1, 1, 1]","[1, 1, 4, 1]","[5, 2, 1, 2]","[2, 2, 2, 2]",2.0,2.0,0.0
LIDC-IDRI-0565,1.3.6.1.4.1.14519.5.2.1.6279.6001.292057261351416339496913597985,0,1,4,False,"[393.162011480146, 124.30994722631321, 95.83440806290523]",9.049175440698887,2.0,0.68359375,False,patches/LIDC-IDRI-0565_n01.npz,96,"[4, 2, 2, 5]","[1, 1, 1, 1]","[6, 6, 6, 6]","[3, 3, 3, 3]","[4, 3, 2, 3]","[2, 3, 1, 1]","[1, 1, 1, 1]","[4, 5, 3, 3]","[4, 2, 2, 2]",2.5,2.0,0.8660254037844386
LIDC-IDRI-0565,1.3.6.1.4.1.14519.5.2.1.6279.6001.292057261351416339496913597985,0,2,2,False,"[248.90542005420053, 434.2108401084011, 98.46395663956639]",6.30242296885256,2.0,0.68359375,False,patches/LIDC-IDRI-0565_n02.npz,96,"[1, 5]","[1, 1]","[6, 6]","[5, 3]","[2, 2]","[1, 1]","[1, 1]","[2, 1]","[2, 2]",2.0,2.0,0.0
LIDC-IDRI-0565,1.3.6.1.4.1.14519.5.2.1.6279.6001.292057261351416339496913597985,0,3,4,False,"[228.54641042780747, 111.12952540106953, 106.0870655080214]",5.416903012979072,2.0,0.68359375,False,patches/LIDC-IDRI-0565_n03.npz,96,"[4, 3, 4, 5]","[1, 1, 1, 1]","[6, 6, 6, 6]","[4, 3, 4, 5]","[5, 4, 3, 4]","[1, 1, 1, 1]","[1, 1, 1, 1]","[5, 5, 2, 3]","[2, 2, 3, 3]",2.5,2.5,0.5
LIDC-IDRI-0565,1.3.6.1.4.1.14519.5.2.1.6279.6001.292057261351416339496913597985,0,4,4,False,"[293.8172565405076, 358.72756020019983, 137.10124404752233]",19.407182845740525,2.0,0.68359375,False,patches/LIDC-IDRI-0565_n04.npz,96,"[5, 5, 5, 5]","[1, 1, 1, 1]","[6, 6, 6, 6]","[3, 4, 4, 3]","[4, 5, 5, 3]","[3, 4, 1, 5]","[4, 3, 4, 1]","[5, 5, 5, 5]","[5, 5, 5, 4]",4.75,5.0,0.4330127018922193
LIDC-IDRI-0566,1.3.6.1.4.1.14519.5.2.1.6279.6001.137375498893536422914241295628,0,0,4,False,"[408.4969452248464, 185.94921779329684, 89.127381523938]",8.643248767934487,2.0,0.6640625,False,patches/LIDC-IDRI-0566_n00.npz,96,"[3, 4, 4, 5]","[1, 1, 1, 1]","[6, 6, 6, 6]","[2, 5, 5, 4]","[4, 4, 4, 4]","[1, 1, 3, 1]","[1, 1, 2, 1]","[4, 5, 5, 5]","[2, 3, 3, 2]",2.5,2.5,0.5
LIDC-IDRI-0567,1.3.6.1.4.1.14519.5.2.1.6279.6001.179683407589764683292800449011,0,0,2,False,"[342.30769230769226, 410.1123680241327, 44.00980392156863]",4.09936561777636,1.0,0.658203125,False,patches/LIDC-IDRI-0567_n00.npz,96,"[2, 3]","[1, 1]","[6, 6]","[5, 4]","[4, 5]","[1, 1]","[1, 1]","[5, 5]","[1, 1]",1.0,1.0,0.0
LIDC-IDRI-0567,1.3.6.1.4.1.14519.5.2.1.6279.6001.179683407589764683292800449011,0,1,2,False,"[399.7795454545454, 349.9613636363636, 180.58181818181816]",4.126655775210111,1.0,0.658203125,False,patches/LIDC-IDRI-0567_n01.npz,96,"[2, 4]","[1, 1]","[6, 6]","[5, 5]","[4, 5]","[1, 1]","[1, 1]","[5, 5]","[1, 1]",1.0,1.0,0.0
LIDC-IDRI-0568,1.3.6.1.4.1.14519.5.2.1.6279.6001.156016499715048493339281864474,0,0,1,False,"[379.2705882352941, 360.49411764705883, 101.01176470588236]",8.697175929037252,2.5,0.703125,True,patches/LIDC-IDRI-0568_n00.npz,96,[5],[1],[6],[3],[3],[1],[1],[2],[3],3.0,3.0,0.0
LIDC-IDRI-0568,1.3.6.1.4.1.14519.5.2.1.6279.6001.156016499715048493339281864474,0,1,4,False,"[218.8808618263405, 88.16261452604198, 160.984905500485]",8.299409758176802,2.5,0.703125,True,patches/LIDC-IDRI-0568_n01.npz,96,"[5, 5, 5, 5]","[1, 1, 1, 1]","[6, 3, 3, 3]","[5, 3, 5, 3]","[5, 4, 5, 5]","[1, 3, 1, 1]","[1, 2, 1, 1]","[5, 5, 5, 5]","[1, 1, 1, 1]",1.0,1.0,0.0
LIDC-IDRI-0568,1.3.6.1.4.1.14519.5.2.1.6279.6001.156016499715048493339281864474,0,2,4,False,"[263.3533667983322, 104.05180436690804, 169.5126909150757]",7.117504640624083,2.5,0.703125,True,patches/LIDC-IDRI-0568_n02.npz,96,"[5, 5, 5, 5]","[1, 1, 1, 1]","[6, 3, 3, 3]","[5, 4, 5, 4]","[5, 5, 5, 5]","[1, 1, 1, 1]","[1, 2, 1, 1]","[5, 5, 5, 5]","[1, 1, 1, 1]",1.0,1.0,0.0
LIDC-IDRI-0568,1.3.6.1.4.1.14519.5.2.1.6279.6001.156016499715048493339281864474,0,3,4,False,"[339.79874646391204, 146.35260136785539, 234.66532318992057]",7.134192232018082,2.5,0.703125,True,patches/LIDC-IDRI-0568_n03.npz,96,"[5, 5, 2, 4]","[1, 1, 1, 1]","[6, 6, 6, 6]","[4, 3, 5, 4]","[5, 3, 5, 5]","[1, 3, 1, 1]","[1, 2, 1, 1]","[5, 5, 5, 5]","[3, 3, 2, 3]",2.75,3.0,0.4330127018922193
LIDC-IDRI-0569,1.3.6.1.4.1.14519.5.2.1.6279.6001.121824995088859376862458155637,0,0,2,False,"[440.82379862700225, 180.91361556064072, 73.55892448512586]",6.031854750197043,2.0,0.625,False,patches/LIDC-IDRI-0569_n00.npz,96,"[4, 5]","[1, 1]","[6, 6]","[3, 3]","[5, 2]","[1, 2]","[1, 1]","[5, 3]","[2, 3]",2.5,2.5,0.5
LIDC-IDRI-0569,1.3.6.1.4.1.14519.5.2.1.6279.6001.121824995088859376862458155637,0,1,4,False,"[312.59077649077653, 89.47501072501072, 142.25181252681253]",7.437265621583032,2.0,0.625,False,patches/LIDC-IDRI-0569_n01.npz,96,"[4, 3, 5, 3]","[1, 1, 1, 1]","[6, 6, 6, 6]","[3, 3, 3, 5]","[4, 4, 2, 5]","[1, 2, 1, 1]","[1, 2, 1, 1]","[5, 5, 4, 5]","[3, 3, 3, 2]",2.75,3.0,0.4330127018922193
LIDC-IDRI-0569,1.3.6.1.4.1.14519.5.2.1.6279.6001.121824995088859376862458155637,0,2,4,False,"[354.2190836940837, 357.28499278499277, 152.80133477633478]",5.210722125183298,2.0,0.625,False,patches/LIDC-IDRI-0569_n02.npz,96,"[5, 4, 5, 5]","[1, 1, 1, 1]","[3, 3, 3, 3]","[5, 4, 4, 5]","[5, 5, 5, 5]","[1, 2, 1, 1]","[1, 1, 1, 1]","[5, 5, 5, 5]","[1, 1, 1, 1]",1.0,1.0,0.0
LIDC-IDRI-0570,1.3.6.1.4.1.14519.5.2.1.6279.6001.131150737314367975651717513386,0,0,1,False,"[334.9111111111111, 157.66666666666666, 109.37777777777778]",12.269184571215225,2.5,0.568359,False,patches/LIDC-IDRI-0570_n00.npz,96,[4],[1],[6],[3],[3],[3],[4],[4],[3],3.0,3.0,0.0
LIDC-IDRI-0571,1.3.6.1.4.1.14519.5.2.1.6279.6001.253317247142837717905329340520,0,0,1,False,"[129.9453125, 203.765625, 50.4140625]",7.8347184059160675,2.5,0.5625,False,patches/LIDC-IDRI-0571_n00.npz,96,[4],[2],[6],[3],[3],[1],[1],[5],[1],1.0,1.0,0.0
LIDC-IDRI-0571,1.3.6.1.4.1.14519.5.2.1.6279.6001.253317247142837717905329340520,0,1,2,False,"[147.0772727272727, 383.82272727272726, 51.52613636363637]",7.06531156192079,2.5,0.5625,False,patches/LIDC-IDRI-0571_n01.npz,96,"[4, 4]","[1, 1]","[6, 6]","[4, 3]","[3, 5]","[1, 1]","[1, 1]","[5, 5]","[1, 3]",2.0,2.0,1.0
LIDC-IDRI-0571,1.3.6.1.4.1.14519.5.2.1.6279.6001.253317247142837717905329340520,0,2,1,False,"[123.06666666666666, 180.61666666666667, 59.18333333333333]",5.031152949374527,2.5,0.5625,False,patches/LIDC-IDRI-0571_n02.npz,96,[4],[1],[6],[4],[5],[1],[1],[5],[3],3.0,3.0,0.0
LIDC-IDRI-0571,1.3.6.1.4.1.14519.5.2.1.6279.6001.253317247142837717905329340520,0,3,1,False,"[255.75, 127.8125, 81.375]",4.095061812720291,2.5,0.5625,False,patches/LIDC-IDRI-0571_n03.npz,96,[3],[1],[6],[3],[4],[1],[1],[1],[2],2.0,2.0,0.0
LIDC-IDRI-0572,1.3.6.1.4.1.14519.5.2.1.6279.6001.331079701650130000691651987949,0,0,3,False,"[300.1866353558662, 75.38984842314828, 70.06856612822949]",7.933824006920627,1.25,0.664062,False,patches/LIDC-IDRI-0572_n00.npz,96,"[4, 2, 2]","[1, 1, 1]","[6, 6, 6]","[2, 4, 2]","[5, 5, 4]","[2, 1, 1]","[1, 2, 1]","[5, 5, 5]","[2, 2, 1]",1.6666666666666667,2.0,0.4714045207910317
LIDC-IDRI-0574,1.3.6.1.4.1.14519.5.2.1.6279.6001.216526102138308489357443843021,0,0,2,False,"[276.8581844456122, 387.87559117183395, 95.5352732527588]",13.354355985203853,1.25,0.644531,False,patches/LIDC-IDRI-0574_n00.npz,96,"[3, 2]","[1, 1]","[6, 6]","[3, 2]","[2, 3]","[1, 2]","[1, 2]","[5, 4]","[3, 3]",3.0,3.0,0.0
LIDC-IDRI-0575,1.3.6.1.4.1.14519.5.2.1.6279.6001.743969234977916254223533321294,0,0,1,False,"[353.84138381201046, 356.3113577023499, 116.93472584856397]",37.21243911651049,1.25,0.625,False,patches/LIDC-IDRI-0575_n00.npz,96,[5],[1],[6],[4],[3],[2],[1],[5],[4],4.0,4.0,0.0
LIDC-IDRI-0576,1.3.6.1.4.1.14519.5.2.1.6279.6001.877026508860018521147620598474,0,0,2,False,"[356.7756732972647, 180.92780251489347, 51.89132649634809]",33.93325517817768,1.0,0.564453125,False,patches/LIDC-IDRI-0576_n00.npz,96,"[5, 5]","[1, 1]","[6, 6]","[3, 3]","[4, 4]","[2, 4]","[1, 1]","[5, 5]","[2, 3]",2.5,2.5,0.5
LIDC-IDRI-0576,1.3.6.1.4.1.14519.5.2.1.6279.6001.877026508860018521147620598474,0,1,2,False,"[404.01101968851015, 390.85356058379864, 136.42991478107552]",6.342304235714345,1.0,0.564453125,False,patches/LIDC-IDRI-0576_n01.npz,96,"[4, 5]","[1, 1]","[6, 6]","[4, 5]","[4, 4]","[1, 2]","[1, 1]","[4, 3]","[4, 2]",3.0,3.0,1.0
LIDC-IDRI-0576,1.3.6.1.4.1.14519.5.2.1.6279.6001.877026508860018521147620598474,0,2,4,False,"[287.89127064971836, 169.91641882102454, 204.29806411885204]",11.416432757286891,1.0,0.564453125,False,patches/LIDC-IDRI-0576_n02.npz,96,"[4, 4, 5, 5]","[1, 1, 1, 1]","[6, 6, 6, 6]","[4, 3, 5, 5]","[4, 4, 5, 5]","[3, 2, 1, 1]","[1, 1, 1, 1]","[5, 5, 4, 5]","[5, 5, 4, 2]",4.0,4.5,1.224744871391589
LIDC-IDRI-0576,1.3.6.1.4.1.14519.5.2.1.6279.6001.877026508860018521147620598474,0,3,2,False,"[252.88095238095238, 69.33035714285714, 210.97470238095238]",4.55076658058258,1.0,0.564453125,False,patches/LIDC-IDRI-0576_n03.npz,96,"[4, 1]","[1, 1]","[6, 6]","[4, 5]","[5, 5]","[1, 1]","[1, 1]","[5, 1]","[1, 2]",1.5,1.5,0.5
LIDC-IDRI-0577,1.3.6.1.4.1.14519.5.2.1.6279.6001.323132750133803288886848693067,0,0,1,False,"[382.85714285714283, 314.18367346938777, 83.0]",4.795317654872596,3.0,0.71484375,False,patches/LIDC-IDRI-0577_n00.npz,96,[3],[1],[6],[5],[3],[1],[1],[4],[2],2.0,2.0,0.0
LIDC-IDRI-0577,1.3.6.1.4.1.14519.5.2.1.6279.6001.323132750133803288886848693067,0,1,1,False,"[155.0, 218.80519480519482, 90.51948051948052]",5.7632545622602915,3.0,0.71484375,False,patches/LIDC-IDRI-0577_n01.npz,96,[3],[1],[6],[3],[3],[2],[3],[4],[2],2.0,2.0,0.0
LIDC-IDRI-0577,1.3.6.1.4.1.14519.5.2.1.6279.6001.323132750133803288886848693067,0,2,4,False,"[307.5028073916134, 123.03952652861234, 95.0240464344942]",8.033884037487352,3.0,0.71484375,False,patches/LIDC-IDRI-0577_n02.npz,96,"[5, 3, 4, 5]","[1, 1, 1, 1]","[3, 6, 6, 5]","[3, 3, 3, 4]","[5, 5, 5, 4]","[1, 1, 1, 2]","[2, 1, 1, 1]","[5, 5, 5, 5]","[1, 3, 3, 1]",2.0,2.0,1.0
LIDC-IDRI-0577,1.3.6.1.4.1.14519.5.2.1.6279.6001.323132750133803288886848693067,0,3,4,False,"[271.91957322041793, 99.80990115620197, 96.50663887433794]",11.67358479364883,3.0,0.71484375,False,patches/LIDC-IDRI-0577_n03.npz,96,"[5, 3, 3, 5]","[1, 1, 1, 1]","[6, 6, 6, 5]","[3, 3, 2, 2]","[4, 3, 3, 4]","[2, 1, 2, 4]","[2, 1, 2, 4]","[5, 5, 4, 5]","[3, 3, 3, 1]",2.5,3.0,0.8660254037844386
LIDC-IDRI-0577,1.3.6.1.4.1.14519.5.2.1.6279.6001.323132750133803288886848693067,0,4,4,False,"[293.43681651956774, 111.30109799887194, 108.33987255145625]",29.612185799307774,3.0,0.71484375,False,patches/LIDC-IDRI-0577_n04.npz,96,"[5, 5, 5, 5]","[1, 1, 1, 1]","[6, 6, 6, 5]","[4, 3, 3, 3]","[3, 4, 3, 5]","[3, 2, 2, 5]","[4, 2, 2, 5]","[4, 5, 4, 5]","[3, 5, 3, 1]",3.0,3.0,1.4142135623730951
LIDC-IDRI-0577,1.3.6.1.4.1.14519.5.2.1.6279.6001.323132750133803288886848693067,0,5,1,False,"[356.3333333333333, 351.27272727272725, 115.45454545454545]",5.204141053665371,3.0,0.71484375,False,patches/LIDC-IDRI-0577_n05.npz,96,[4],[1],[6],[3],[4],[2],[2],[4],[3],3.0,3.0,0.0
LIDC-IDRI-0578,1.3.6.1.4.1.14519.5.2.1.6279.6001.313605260055394498989743099991,0,0,4,False,"[226.4071022727273, 132.549273989899, 72.53083964646464]",6.623685914481603,2.5,0.78125,True,patches/LIDC-IDRI-0578_n00.npz,96,"[2, 4, 2, 5]","[1, 1, 1, 1]","[6, 6, 6, 6]","[5, 4, 5, 5]","[2, 5, 3, 4]","[1, 1, 1, 1]","[1, 1, 1, 1]","[3, 5, 5, 5]","[2, 3, 2, 2]",2.25,2.0,0.4330127018922193
LIDC-IDRI-0579,1.3.6.1.4.1.14519.5.2.1.6279.6001.404457313935200882843898832756,0,0,4,False,"[248.44174705863196, 406.6617288572105, 111.96569342796234]",14.895944280954852,2.0,0.7421875,False,patches/LIDC-IDRI-0579_n00.npz,96,"[5, 5, 5, 3]","[1, 1, 1, 1]","[6, 4, 4, 6]","[4, 4, 4, 5]","[4, 5, 5, 5]","[1, 1, 1, 1]","[1, 1, 1, 1]","[5, 5, 5, 5]","[4, 3, 2, 2]",2.75,2.5,0.82915619758885
LIDC-IDRI-0580,1.3.6.1.4.1.14519.5.2.1.6279.6001.237215747217294006286437405216,0,0,4,False,"[183.9304869187614, 177.42140347623786, 158.02297898427383]",6.288490766738836,1.25,0.703125,False,patches/LIDC-IDRI-0580_n00.npz,96,"[3, 3, 4, 5]","[1, 1, 1, 1]","[6, 6, 6, 6]","[3, 5, 4, 3]","[4, 5, 5, 4]","[2, 1, 2, 2]","[1, 1, 1, 2]","[5, 5, 5, 5]","[3, 2, 3, 4]",3.0,3.0,0.7071067811865476
LIDC-IDRI-0581,1.3.6.1.4.1.14519.5.2.1.6279.6001.116492508532884962903000261147,0,0,1,False,"[168.89473684210526, 78.94736842105263, 44.5]",5.186091733169399,2.5,0.628906,False,patches/LIDC-IDRI-0581_n00.npz,96,[3],[1],[6],[5],[5],[1],[1],[5],[2],2.0,2.0,0.0
LIDC-IDRI-0582,1.3.6.1.4.1.14519.5.2.1.6279.6001.124822907934319930841506266464,0,0,1,False,"[121.82159624413146, 401.11737089201876, 239.30985915492957]",9.140504806902078,0.75,0.65625,False,patches/LIDC-IDRI-0582_n00.npz,96,[4],[1],[6],[3],[4],[3],[1],[5],[2],2.0,2.0,0.0
LIDC-IDRI-0582,1.3.6.1.4.1.14519.5.2.1.6279.6001.124822907934319930841506266464,0,1,3,False,"[432.24480460031026, 178.78730299247152, 255.92304013921992]",7.874624948988234,0.75,0.65625,False,patches/LIDC-IDRI-0582_n01.npz,96,"[5, 4, 3]","[1, 1, 1]","[4, 6, 6]","[3, 4, 3]","[4, 4, 3]","[2, 2, 1]","[3, 2, 1]","[5, 5, 5]","[2, 3, 2]",2.3333333333333335,2.0,0.4714045207910317
LIDC-IDRI-0582,1.3.6.1.4.1.14519.5.2.1.6279.6001.124822907934319930841506266464,0,2,3,False,"[425.543609323313, 377.84123058062784, 258.76679199239123]",7.045425137426523,0.75,0.65625,False,patches/LIDC-IDRI-0582_n02.npz,96,"[5, 3, 2]","[1, 1, 1]","[6, 6, 6]","[1, 3, 2]","[3, 2, 3]","[2, 1, 1]","[2, 1, 1]","[5, 5, 5]","[3, 3, 1]",2.3333333333333335,3.0,0.9428090415820634
LIDC-IDRI-0582,1.3.6.1.4.1.14519.5.2.1.6279.6001.124822907934319930841506266464,0,3,3,False,"[431.1390524109015, 169.5872077294686, 304.55047014857354]",7.49422515824919,0.75,0.65625,False,patches/LIDC-IDRI-0582_n03.npz,96,"[5, 4, 3]","[1, 1, 1]","[4, 6, 6]","[3, 4, 3]","[4, 4, 4]","[3, 1, 1]","[3, 1, 1]","[5, 4, 5]","[2, 3, 2]",2.3333333333333335,2.0,0.4714045207910317
LIDC-IDRI-0582,1.3.6.1.4.1.14519.5.2.1.6279.6001.124822907934319930841506266464,0,4,2,False,"[233.88099834528407, 138.88899613899613, 329.25013789299504]",5.640627287280063,0.75,0.65625,False,patches/LIDC-IDRI-0582_n04.npz,96,"[5, 5]","[1, 1]","[3, 3]","[4, 5]","[5, 5]","[1, 1]","[3, 1]","[5, 5]","[1, 1]",1.0,1.0,0.0
LIDC-IDRI-0582,1.3.6.1.4.1.14519.5.2.1.6279.6001.124822907934319930841506266464,0,5,3,False,"[182.28103412722962, 384.47597690483553, 419.6493452933292]",7.228635027041018,0.75,0.65625,False,patches/LIDC-IDRI-0582_n05.npz,96,"[3, 2, 5]","[1, 1, 1]","[4, 6, 6]","[2, 3, 2]","[4, 5, 5]","[2, 1, 2]","[1, 2, 3]","[5, 5, 5]","[2, 3, 2]",2.3333333333333335,2.0,0.4714045207910317
LIDC-IDRI-0582,1.3.6.1.4.1.14519.5.2.1.6279.6001.124822907934319930841506266464,0,6,1,False,"[231.98888888888888, 403.84444444444443, 455.8333333333333]",6.225734143456497,0.75,0.65625,False,patches/LIDC-IDRI-0582_n06.npz,96,[3],[1],[6],[3],[3],[2],[2],[2],[3],3.0,3.0,0.0
LIDC-IDRI-0582,1.3.6.1.4.1.14519.5.2.1.6279.6001.124822907934319930841506266464,0,7,3,False,"[326.2171185539607, 311.07894736842104, 499.19117490696436]",7.143188474546201,0.75,0.65625,False,patches/LIDC-IDRI-0582_n07.npz,96,"[4, 1, 3]","[1, 1, 1]","[6, 6, 6]","[2, 2, 3]","[4, 3, 3]","[2, 2, 1]","[2, 2, 1]","[5, 5, 5]","[3, 3, 2]",2.6666666666666665,3.0,0.4714045207910317
LIDC-IDRI-0582,1.3.6.1.4.1.14519.5.2.1.6279.6001.124822907934319930841506266464,0,8,2,False,"[295.83744557329464, 256.30261248185775, 503.6380624092888]",8.848478981865277,0.75,0.65625,False,patches/LIDC-IDRI-0582_n08.npz,96,"[2, 2]","[1, 1]","[6, 6]","[3, 4]","[4, 3]","[2, 1]","[3, 1]","[1, 1]","[2, 1]",1.5,1.5,0.5
LIDC-IDRI-0583,1.3.6.1.4.1.14519.5.2.1.6279.6001.955688628308192728558382581802,0,0,1,False,"[326.0188679245283, 200.41509433962264, 66.0754716981132]",5.149137272839113,2.0,0.638671875,False,patches/LIDC-IDRI-0583_n00.npz,96,[5],[1],[6],[4],[5],[1],[1],[5],[3],3.0,3.0,0.0
LIDC-IDRI-0583,1.3.6.1.4.1.14519.5.2.1.6279.6001.955688628308192728558382581802,0,1,3,False,"[333.48377156923556, 434.6290529008188, 81.4324400340396]",5.7395766289839285,2.0,0.638671875,False,patches/LIDC-IDRI-0583_n01.npz,96,"[4, 4, 5]","[1, 1, 1]","[6, 6, 6]","[4, 3, 4]","[5, 2, 5]","[1, 2, 1]","[1, 1, 1]","[5, 3, 5]","[2, 3, 3]",2.6666666666666665,3.0,0.4714045207910317
LIDC-IDRI-0583,1.3.6.1.4.1.14519.5.2.1.6279.6001.955688628308192728558382581802,0,2,1,False,"[212.93396226415095, 131.9433962264151, 91.5754716981132]",4.9881868047294455,2.0,0.638671875,False,patches/LIDC-IDRI-0583_n02.npz,96,[5],[1],[6],[5],[5],[1],[1],[5],[3],3.0,3.0,0.0
LIDC-IDRI-0583,1.3.6.1.4.1.14519.5.2.1.6279.6001.955688628308192728558382581802,0,3,2,False,"[225.77314814814815, 73.25854700854701, 101.99038461538461]",4.284341183451746,2.0,0.638671875,False,patches/LIDC-IDRI-0583_n03.npz,96,"[3, 5]","[1, 1]","[6, 6]","[5, 5]","[5, 4]","[1, 1]","[1, 1]","[5, 5]","[1, 3]",2.0,2.0,1.0
LIDC-IDRI-0583,1.3.6.1.4.1.14519.5.2.1.6279.6001.955688628308192728558382581802,0,4,1,False,"[293.74747474747477, 412.3636363636364, 110.0909090909091]",5.45681489202897,2.0,0.638671875,False,patches/LIDC-IDRI-0583_n04.npz,96,[5],[1],[6],[5],[5],[1],[1],[5],[3],3.0,3.0,0.0
LIDC-IDRI-0583,1.3.6.1.4.1.14519.5.2.1.6279.6001.955688628308192728558382581802,0,5,2,False,"[271.9920780711825, 65.4121699196326, 116.9699196326062]",5.741016655177091,2.0,0.638671875,False,patches/LIDC-IDRI-0583_n05.npz,96,"[4, 5]","[1, 1]","[6, 6]","[4, 4]","[4, 2]","[1, 1]","[1, 1]","[3, 5]","[3, 3]",3.0,3.0,0.0
LIDC-IDRI-0583,1.3.6.1.4.1.14519.5.2.1.6279.6001.955688628308192728558382581802,0,6,1,False,"[384.24285714285713, 220.37142857142857, 136.4142857142857]",5.149137272839113,2.0,0.638671875,False,patches/LIDC-IDRI-0583_n06.npz,96,[5],[1],[6],[4],[5],[1],[1],[5],[3],3.0,3.0,0.0
LIDC-IDRI-0583,1.3.6.1.4.1.14519.5.2.1.6279.6001.955688628308192728558382581802,0,7,1,False,"[188.31372549019608, 170.7058823529412, 138.01960784313727]",4.089495362579183,2.0,0.638671875,False,patches/LIDC-IDRI-0583_n07.npz,96,[5],[1],[6],[5],[5],[1],[1],[5],[3],3.0,3.0,0.0
LIDC-IDRI-0583,1.3.6.1.4.1.14519.5.2.1.6279.6001.955688628308192728558382581802,0,8,2,False,"[154.24828720197314, 383.20889284735546, 141.93676349684847]",4.756790761144753,2.0,0.638671875,False,patches/LIDC-IDRI-0583_n08.npz,96,"[4, 5]","[1, 1]","[6, 6]","[4, 4]","[5, 4]","[1, 1]","[1, 1]","[5, 5]","[2, 3]",2.5,2.5,0.5
LIDC-IDRI-0583,1.3.6.1.4.1.14519.5.2.1.6279.6001.955688628308192728558382581802,0,9,4,False,"[416.99335369359665, 351.28038457509206, 159.5632505275524]",7.941919165191524,2.0,0.638671875,False,patches/LIDC-IDRI-0583_n09.npz,96,"[4, 4, 5, 5]","[1, 1, 1, 1]","[6, 6, 6, 6]","[3, 3, 3, 4]","[4, 4, 2, 4]","[3, 2, 1, 1]","[1, 1, 1, 1]","[5, 5, 4, 5]","[3, 4, 3, 3]",3.25,3.0,0.4330127018922193
LIDC-IDRI-0583,1.3.6.1.4.1.14519.5.2.1.6279.6001.955688628308192728558382581802,0,10,3,False,"[397.538874341677, 200.62851311057196, 161.1308940864351]",7.748820796325956,2.0,0.638671875,False,patches/LIDC-IDRI-0583_n10.npz,96,"[2, 4, 4]","[1, 1, 1]","[6, 6, 6]","[2, 4, 3]","[3, 4, 2]","[3, 2, 4]","[3, 1, 1]","[5, 5, 3]","[2, 4, 3]",3.0,3.0,0.816496580927726
LIDC-IDRI-0583,1.3.6.1.4.1.14519.5.2.1.6279.6001.955688628308192728558382581802,0,11,1,False,"[193.87878787878788, 356.8030303030303, 165.3939393939394]",4.284341183451746,2.0,0.638671875,False,patches/LIDC-IDRI-0583_n11.npz,96,[5],[1],[6],[4],[5],[1],[1],[5],[3],3.0,3.0,0.0
LIDC-IDRI-0583,1.3.6.1.4.1.14519.5.2.1.6279.6001.955688628308192728558382581802,0,12,1,False,"[401.17333333333335, 207.08, 178.05333333333334]",4.284341183451746,2.0,0.638671875,False,patches/LIDC-IDRI-0583_n12.npz,96,[5],[1],[6],[5],[5],[1],[1],[5],[3],3.0,3.0,0.0
LIDC-IDRI-0583,1.3.6.1.4.1.14519.5.2.1.6279.6001.955688628308192728558382581802,0,13,3,False,"[277.813036146359, 87.08372644384309, 178.3373187196787]",6.148152541330273,2.0,0.638671875,False,patches/LIDC-IDRI-0583_n13.npz,96,"[3, 4, 5]","[1, 1, 1]","[6, 6, 6]","[3, 4, 5]","[2, 5, 5]","[1, 1, 1]","[1, 1, 1]","[4, 5, 5]","[1, 2, 3]",2.0,2.0,0.816496580927726
LIDC-IDRI-0583,1.3.6.1.4.1.14519.5.2.1.6279.6001.955688628308192728558382581802,0,14,2,False,"[284.8141319285387, 106.18621163536417, 186.55989464040312]",4.891357669564414,2.0,0.638671875,False,patches/LIDC-IDRI-0583_n14.npz,96,"[4, 5]","[1, 1]","[6, 6]","[4, 5]","[2, 5]","[1, 1]","[1, 1]","[2, 5]","[3, 3]",3.0,3.0,0.0
LIDC-IDRI-0583,1.3.6.1.4.1.14519.5.2.1.6279.6001.955688628308192728558382581802,0,15,1,False,"[239.8139534883721, 410.93023255813955, 192.40697674418604]",6.878706609113214,2.0,0.638671875,False,patches/LIDC-IDRI-0583_n15.npz,96,[3],[1],[6],[3],[5],[1],[1],[5],[2],2.0,2.0,0.0
LIDC-IDRI-0583,1.3.6.1.4.1.14519.5.2.1.6279.6001.955688628308192728558382581802,0,16,1,False,"[410.7615894039735, 367.02649006622516, 197.5496688741722]",7.475462638291636,2.0,0.638671875,False,patches/LIDC-IDRI-0583_n16.npz,96,[5],[1],[6],[5],[5],[1],[1],[5],[3],3.0,3.0,0.0
LIDC-IDRI-0583,1.3.6.1.4.1.14519.5.2.1.6279.6001.955688628308192728558382581802,0,17,1,False,"[247.89830508474577, 98.9322033898305, 200.47457627118644]",3.724064979715651,2.0,0.638671875,False,patches/LIDC-IDRI-0583_n17.npz,96,[4],[1],[3],[5],[5],[1],[1],[5],[1],1.0,1.0,0.0
LIDC-IDRI-0583,1.3.6.1.4.1.14519.5.2.1.6279.6001.955688628308192728558382581802,0,18,2,False,"[177.4470598845599, 223.4121572871573, 204.45553751803752]",5.603259059465492,2.0,0.638671875,False,patches/LIDC-IDRI-0583_n18.npz,96,"[4, 5]","[1, 1]","[6, 6]","[4, 5]","[5, 5]","[1, 1]","[1, 1]","[5, 5]","[2, 3]",2.5,2.5,0.5
LIDC-IDRI-0583,1.3.6.1.4.1.14519.5.2.1.6279.6001.955688628308192728558382581802,0,19,4,False,"[372.64653196895665, 400.0977836730802, 212.00903101584873]",14.385138060910695,2.0,0.638671875,False,patches/LIDC-IDRI-0583_n19.npz,96,"[5, 4, 5, 5]","[1, 1, 1, 1]","[6, 6, 2, 6]","[5, 3, 5, 5]","[4, 4, 5, 5]","[1, 1, 1, 1]","[1, 1, 1, 1]","[5, 4, 5, 5]","[5, 4, 3, 2]",3.5,3.5,1.118033988749895
LIDC-IDRI-0583,1.3.6.1.4.1.14519.5.2.1.6279.6001.955688628308192728558382581802,0,20,1,False,"[345.9056603773585, 148.0943396226415, 221.9811320754717]",4.284341183451746,2.0,0.638671875,False,patches/LIDC-IDRI-0583_n20.npz,96,[5],[1],[6],[4],[4],[1],[1],[4],[3],3.0,3.0,0.0
LIDC-IDRI-0583,1.3.6.1.4.1.14519.5.2.1.6279.6001.955688628308192728558382581802,0,21,1,False,"[285.8378378378378, 367.13513513513516, 246.51351351351352]",4.863980089096676,2.0,0.638671875,False,patches/LIDC-IDRI-0583_n21.npz,96,[5],[1],[6],[5],[5],[1],[1],[5],[3],3.0,3.0,0.0
LIDC-IDRI-0583,1.3.6.1.4.1.14519.5.2.1.6279.6001.955688628308192728558382581802,0,22,1,False,"[293.5982142857143, 335.2232142857143, 267.1517857142857]",5.888263745185106,2.0,0.638671875,False,patches/LIDC-IDRI-0583_n22.npz,96,[5],[1],[6],[3],[4],[1],[1],[5],[3],3.0,3.0,0.0
LIDC-IDRI-0584,1.3.6.1.4.1.14519.5.2.1.6279.6001.232011770495640253949434620907,0,0,1,False,"[373.2345679012346, 206.87654320987653, 23.117283950617285]",10.570286516043451,2.5,0.703125,False,patches/LIDC-IDRI-0584_n00.npz,96,[5],[1],[6],[3],[3],[1],[1],[4],[3],3.0,3.0,0.0
LIDC-IDRI-0586,1.3.6.1.4.1.14519.5.2.1.6279.6001.130765375502800983459674173881,0,0,4,False,"[265.9021139373624, 77.93294308061388, 37.45161030595813]",6.305011648820555,2.5,0.576172,False,patches/LIDC-IDRI-0586_n00.npz,96,"[4, 5, 3, 3]","[1, 2, 1, 1]","[6, 6, 6, 6]","[4, 3, 3, 2]","[4, 3, 5, 3]","[2, 1, 1, 1]","[1, 1, 1, 1]","[5, 1, 5, 5]","[3, 3, 2, 1]",2.25,2.5,0.82915619758885
LIDC-IDRI-0586,1.3.6.1.4.1.14519.5.2.1.6279.6001.130765375502800983459674173881,0,1,4,False,"[274.49489141810574, 426.54381214024073, 42.48265960230246]",5.2991718058506,2.5,0.576172,False,patches/LIDC-IDRI-0586_n01.npz,96,"[4, 4, 3, 3]","[1, 2, 1, 1]","[6, 6, 6, 6]","[4, 4, 5, 3]","[5, 3, 5, 3]","[1, 1, 1, 1]","[1, 1, 1, 1]","[5, 3, 5, 5]","[3, 3, 2, 1]",2.25,2.5,0.82915619758885
LIDC-IDRI-0586,1.3.6.1.4.1.14519.5.2.1.6279.6001.130765375502800983459674173881,0,2,1,False,"[168.45, 415.75, 51.0]",4.645247171352669,2.5,0.576172,False,patches/LIDC-IDRI-0586_n02.npz,96,[3],[1],[6],[4],[5],[1],[1],[5],[3],3.0,3.0,0.0
LIDC-IDRI-0586,1.3.6.1.4.1.14519.5.2.1.6279.6001.130765375502800983459674173881,0,3,1,False,"[327.55555555555554, 129.97222222222223, 69.5]",3.8650792761960306,2.5,0.576172,False,patches/LIDC-IDRI-0586_n03.npz,96,[1],[1],[6],[5],[5],[1],[1],[3],[2],2.0,2.0,0.0
LIDC-IDRI-0587,1.3.6.1.4.1.14519.5.2.1.6279.6001.213140617640021803112060161074,0,0,4,False,"[334.6184587936225, 407.1304478887315, 103.28348485231842]",8.932489712751925,2.0,0.6171875,False,patches/LIDC-IDRI-0587_n00.npz,96,"[2, 4, 4, 2]","[1, 1, 1, 1]","[6, 6, 6, 6]","[2, 3, 4, 4]","[1, 5, 1, 1]","[1, 1, 1, 2]","[1, 1, 1, 1]","[2, 5, 1, 2]","[4, 4, 3, 2]",3.25,3.5,0.82915619758885
LIDC-IDRI-0587,1.3.6.1.4.1.14519.5.2.1.6279.6001.213140617640021803112060161074,0,1,2,False,"[374.2369214876033, 135.92878099173555, 153.57340909090908]",10.161569744092896,2.0,0.6171875,False,patches/LIDC-IDRI-0587_n01.npz,96,"[4, 5]","[1, 1]","[6, 6]","[3, 2]","[1, 2]","[3, 1]","[2, 1]","[2, 3]","[3, 3]",3.0,3.0,0.0
LIDC-IDRI-0587,1.3.6.1.4.1.14519.5.2.1.6279.6001.213140617640021803112060161074,0,2,1,False,"[314.6666666666667, 97.77777777777777, 183.55555555555554]",4.700359963775381,2.0,0.6171875,False,patches/LIDC-IDRI-0587_n02.npz,96,[3],[1],[6],[5],[5],[1],[1],[5],[1],1.0,1.0,0.0
LIDC-IDRI-0587,1.3.6.1.4.1.14519.5.2.1.6279.6001.213140617640021803112060161074,0,3,2,False,"[393.5798245614035, 272.982023095714, 198.00655118809684]",8.73950312037683,2.0,0.6171875,False,patches/LIDC-IDRI-0587_n03.npz,96,"[3, 5]","[1, 1]","[6, 6]","[4, 3]","[1, 2]","[2, 2]","[1, 1]","[3, 1]","[3, 4]",3.5,3.5,0.5
LIDC-IDRI-0587,1.3.6.1.4.1.14519.5.2.1.6279.6001.213140617640021803112060161074,0,4,3,False,"[184.89765722299458, 318.4672803214241, 198.6776204105656]",23.343167943080605,2.0,0.6171875,False,patches/LIDC-IDRI-0587_n04.npz,96,"[5, 5, 5]","[1, 1, 1]","[6, 6, 6]","[3, 3, 4]","[2, 4, 2]","[4, 2, 4]","[2, 2, 1]","[4, 4, 5]","[5, 5, 5]",5.0,5.0,0.0
LIDC-IDRI-0587,1.3.6.1.4.1.14519.5.2.1.6279.6001.213140617640021803112060161074,0,5,2,False,"[418.6454545454545, 335.874025974026, 202.34025974025974]",5.106467151095439,2.0,0.6171875,False,patches/LIDC-IDRI-0587_n05.npz,96,"[3, 4]","[1, 1]","[6, 6]","[2, 3]","[4, 2]","[1, 2]","[2, 1]","[4, 2]","[3, 3]",3.0,3.0,0.0
LIDC-IDRI-0587,1.3.6.1.4.1.14519.5.2.1.6279.6001.213140617640021803112060161074,0,6,3,False,"[307.9036957051663, 385.98559583118407, 211.78685938244766]",6.904098386092451,2.0,0.6171875,False,patches/LIDC-IDRI-0587_n06.npz,96,"[2, 3, 4]","[1, 1, 1]","[6, 6, 6]","[3, 4, 4]","[3, 5, 2]","[2, 1, 1]","[1, 1, 1]","[4, 5, 1]","[3, 1, 3]",2.3333333333333335,3.0,0.9428090415820634
LIDC-IDRI-0587,1.3.6.1.4.1.14519.5.2.1.6279.6001.213140617640021803112060161074,0,7,2,False,"[355.3596540178571, 99.73800223214286, 224.86104910714286]",9.421756168360762,2.0,0.6171875,False,patches/LIDC-IDRI-0587_n07.npz,96,"[3, 4]","[1, 1]","[6, 6]","[4, 4]","[1, 2]","[1, 1]","[2, 1]","[2, 1]","[3, 3]",3.0,3.0,0.0
LIDC-IDRI-0588,1.3.6.1.4.1.14519.5.2.1.6279.6001.245546033414728092794968890929,0,0,1,False,"[258.1551724137931, 157.9655172413793, 72.46551724137932]",8.458471618680996,2.5,0.722656,True,patches/LIDC-IDRI-0588_n00.npz,96,[2],[1],[6],[3],[2],[1],[1],[5],[2],2.0,2.0,0.0
LIDC-IDRI-0590,1.3.6.1.4.1.14519.5.2.1.6279.6001.245248446973732759194067808002,0,0,4,False,"[252.48418036024384, 416.67439291948546, 257.40721774681333]",8.510878422688606,1.25,0.703125,False,patches/LIDC-IDRI-0590_n00.npz,96,"[5, 3, 5, 4]","[1, 1, 1, 1]","[6, 6, 6, 6]","[5, 5, 3, 4]","[4, 1, 5, 2]","[4, 1, 2, 2]","[4, 1, 1, 2]","[4, 2, 5, 1]","[4, 3, 5, 4]",4.0,4.0,0.7071067811865476
LIDC-IDRI-0591,1.3.6.1.4.1.14519.5.2.1.6279.6001.173556680294801532247454313511,0,0,3,False,"[357.94432314736105, 334.09459084604714, 180.15139963909147]",6.748786937669622,1.25,0.623047,False,patches/LIDC-IDRI-0591_n00.npz,96,"[5, 4, 4]","[1, 1, 1]","[6, 6, 6]","[4, 4, 2]","[2, 4, 3]","[1, 2, 2]","[1, 1, 2]","[3, 5, 5]","[3, 4, 2]",3.0,3.0,0.816496580927726
LIDC-IDRI-0592,1.3.6.1.4.1.14519.5.2.1.6279.6001.228934821089041845791238006047,0,0,4,False,"[326.3503489126907, 394.3751541707238, 94.53823433950016]",6.400927241335433,1.25,0.765625,False,patches/LIDC-IDRI-0592_n00.npz,96,"[4, 3, 5, 2]","[1, 1, 1, 1]","[6, 6, 6, 6]","[3, 4, 5, 5]","[4, 5, 4, 4]","[1, 1, 1, 1]","[1, 1, 1, 1]","[4, 5, 4, 5]","[3, 2, 3, 3]",2.75,3.0,0.4330127018922193
LIDC-IDRI-0592,1.3.6.1.4.1.14519.5.2.1.6279.6001.228934821089041845791238006047,0,1,1,False,"[239.7246376811594, 118.14492753623189, 190.43478260869566]",11.147668267960794,1.25,0.765625,False,patches/LIDC-IDRI-0592_n01.npz,96,[1],[1],[6],[5],[1],[1],[1],[1],[3],3.0,3.0,0.0
LIDC-IDRI-0593,1.3.6.1.4.1.14519.5.2.1.6279.6001.306520140119968755187868602181,0,0,1,False,"[216.0857142857143, 403.8285714285714, 64.51428571428572]",4.462370862103683,2.5,0.585938,False,patches/LIDC-IDRI-0593_n00.npz,96,[3],[1],[6],[4],[5],[1],[1],[5],[3],3.0,3.0,0.0
LIDC-IDRI-0594,1.3.6.1.4.1.14519.5.2.1.6279.6001.797637294244261543517154417124,0,0,4,False,"[195.44446256114387, 449.7812743007651, 67.1418640183346]",8.880316766310921,1.25,0.59375,False,patches/LIDC-IDRI-0594_n00.npz,96,"[4, 5, 4, 4]","[1, 1, 1, 1]","[6, 6, 6, 6]","[3, 3, 3, 2]","[3, 4, 4, 4]","[2, 1, 1, 1]","[2, 1, 1, 2]","[5, 4, 5, 5]","[3, 3, 2, 3]",2.75,3.0,0.4330127018922193
LIDC-IDRI-0594,1.3.6.1.4.1.14519.5.2.1.6279.6001.797637294244261543517154417124,0,1,1,False,"[371.9259259259259, 87.72222222222223, 85.5925925925926]",7.174308546821777,1.25,0.59375,False,patches/LIDC-IDRI-0594_n01.npz,96,[3],[1],[6],[4],[5],[1],[1],[5],[2],2.0,2.0,0.0
LIDC-IDRI-0594,1.3.6.1.4.1.14519.5.2.1.6279.6001.797637294244261543517154417124,0,2,2,False,"[172.58333823399687, 387.21880160205274, 89.13891562759703]",20.85295726979058,1.25,0.59375,False,patches/LIDC-IDRI-0594_n02.npz,96,"[5, 5]","[1, 1]","[6, 6]","[2, 3]","[4, 4]","[3, 1]","[2, 1]","[5, 5]","[3, 3]",3.0,3.0,0.0
LIDC-IDRI-0594,1.3.6.1.4.1.14519.5.2.1.6279.6001.797637294244261543517154417124,0,3,1,False,"[193.44444444444446, 124.4320987654321, 157.7037037037037]",5.474104521517652,1.25,0.59375,False,patches/LIDC-IDRI-0594_n03.npz,96,[1],[1],[6],[5],[2],[1],[1],[1],[2],2.0,2.0,0.0
LIDC-IDRI-0595,1.3.6.1.4.1.14519.5.2.1.6279.6001.228049788831266512062175089637,0,0,4,False,"[361.87246801235005, 146.48543716022343, 71.6722353552618]",24.669491779401348,3.0,0.586,True,patches/LIDC-IDRI-0595_n00.npz,96,"[5, 5, 5, 3]","[1, 1, 1, 1]","[6, 6, 6, 6]","[5, 4, 4, 5]","[4, 4, 4, 5]","[1, 3, 1, 1]","[1, 3, 1, 1]","[5, 5, 5, 5]","[3, 5, 5, 2]",3.75,4.0,1.299038105676658
LIDC-IDRI-0596,1.3.6.1.4.1.14519.5.2.1.6279.6001.323859712968543712594665815359,0,0,3,False,"[156.53977423048426, 98.27021351114702, 184.15109099481379]",5.692660094900635,1.25,0.595703,False,patches/LIDC-IDRI-0596_n00.npz,96,"[2, 5, 4]","[1, 1, 1]","[6, 6, 6]","[4, 3, 3]","[3, 5, 4]","[3, 2, 1]","[2, 1, 1]","[4, 5, 5]","[3, 4, 3]",3.3333333333333335,3.0,0.4714045207910317
LIDC-IDRI-0596,1.3.6.1.4.1.14519.5.2.1.6279.6001.323859712968543712594665815359,0,1,4,False,"[356.0886449869872, 138.06961682898645, 212.17637510558112]",8.86368168401275,1.25,0.595703,False,patches/LIDC-IDRI-0596_n01.npz,96,"[3, 5, 5, 4]","[1, 1, 1, 1]","[6, 6, 6, 6]","[3, 3, 2, 3]","[3, 4, 4, 4]","[2, 2, 2, 4]","[2, 2, 1, 3]","[4, 5, 5, 5]","[3, 4, 3, 3]",3.25,3.0,0.4330127018922193
LIDC-IDRI-0597,1.3.6.1.4.1.14519.5.2.1.6279.6001.186809786614942675852829709376,0,0,4,False,"[351.0841734728376, 335.6798658242933, 102.0689185341857]",14.162281753391477,3.0,0.854,True,patches/LIDC-IDRI-0597_n00.npz,96,"[5, 4, 4, 5]","[1, 1, 1, 1]","[6, 6, 6, 6]","[3, 4, 4, 5]","[4, 5, 4, 5]","[2, 1, 3, 1]","[2, 1, 2, 1]","[5, 5, 5, 5]","[3, 4, 4, 3]",3.5,3.5,0.5
LIDC-IDRI-0598,1.3.6.1.4.1.14519.5.2.1.6279.6001.939152384493874708850321969356,0,0,4,False,"[363.8697687400319, 422.9740849282296, 67.89150119617224]",7.606164724633853,2.0,0.68359375,False,patches/LIDC-IDRI-0598_n00.npz,96,"[5, 4, 2, 5]","[1, 1, 1, 1]","[6, 6, 6, 6]","[4, 5, 4, 3]","[4, 5, 4, 5]","[2, 1, 3, 2]","[1, 1, 2, 1]","[5, 5, 4, 5]","[5, 2, 3, 2]",3.0,2.5,1.224744871391589
LIDC-IDRI-0599,1.3.6.1.4.1.14519.5.2.1.6279.6001.139444426690868429919252698606,0,0,1,False,"[435.6060606060606, 334.09090909090907, 218.4090909090909]",3.7471607904195694,0.75,0.55859375,False,patches/LIDC-IDRI-0599_n00.npz,96,[5],[1],[3],[5],[5],[1],[1],[5],[1],1.0,1.0,0.0
LIDC-IDRI-0599,1.3.6.1.4.1.14519.5.2.1.6279.6001.139444426690868429919252698606,0,1,1,False,"[257.0194174757282, 162.76699029126215, 393.00970873786406]",5.299285610204042,0.75,0.55859375,False,patches/LIDC-IDRI-0599_n01.npz,96,[5],[1],[3],[4],[5],[1],[1],[5],[1],1.0,1.0,0.0
LIDC-IDRI-0601,1.3.6.1.4.1.14519.5.2.1.6279.6001.224465398054769500989828256685,0,0,4,False,"[360.65352950794215, 294.4561925842441, 65.94475701148653]",9.584536599284915,1.0,0.671875,False,patches/LIDC-IDRI-0601_n00.npz,96,"[3, 4, 5, 4]","[1, 1, 1, 1]","[6, 6, 6, 6]","[3, 4, 3, 3]","[3, 4, 4, 4]","[1, 2, 2, 1]","[4, 1, 5, 1]","[5, 4, 4, 5]","[1, 3, 3, 2]",2.25,2.5,0.82915619758885
LIDC-IDRI-0601,1.3.6.1.4.1.14519.5.2.1.6279.6001.224465398054769500989828256685,0,1,4,False,"[315.3466710837483, 67.37703680807488, 66.58088750115475]",15.002037662604582,1.0,0.671875,False,patches/LIDC-IDRI-0601_n01.npz,96,"[3, 3, 4, 4]","[1, 1, 1, 1]","[6, 6, 6, 6]","[1, 3, 4, 3]","[3, 4, 3, 4]","[1, 2, 4, 1]","[1, 1, 1, 1]","[5, 5, 4, 5]","[1, 3, 3, 2]",2.25,2.5,0.82915619758885
LIDC-IDRI-0601,1.3.6.1.4.1.14519.5.2.1.6279.6001.224465398054769500989828256685,0,2,2,False,"[271.9654906181273, 315.6837256094708, 74.77075476112489]",11.059780590994505,1.0,0.671875,False,patches/LIDC-IDRI-0601_n02.npz,96,"[3, 4]","[1, 1]","[1, 5]","[4, 3]","[3, 4]","[3, 1]","[1, 1]","[5, 5]","[1, 1]",1.0,1.0,0.0
LIDC-IDRI-0601,1.3.6.1.4.1.14519.5.2.1.6279.6001.224465398054769500989828256685,0,3,4,False,"[403.2261216568583, 192.73033101247978, 97.42090254984362]",15.218246846750358,1.0,0.671875,False,patches/LIDC-IDRI-0601_n03.npz,96,"[5, 5, 5, 5]","[1, 1, 1, 1]","[6, 6, 6, 6]","[4, 4, 4, 4]","[5, 4, 5, 5]","[1, 2, 5, 1]","[4, 1, 1, 1]","[5, 5, 5, 5]","[3, 4, 5, 3]",3.75,3.5,0.82915619758885
LIDC-IDRI-0601,1.3.6.1.4.1.14519.5.2.1.6279.6001.224465398054769500989828256685,0,4,3,False,"[380.2238943351751, 102.20813919126944, 108.13145522362417]",9.13296840280353,1.0,0.671875,False,patches/LIDC-IDRI-0601_n04.npz,96,"[4, 4, 4]","[1, 1, 1]","[3, 6, 5]","[2, 2, 3]","[5, 5, 5]","[1, 1, 1]","[3, 1, 1]","[5, 5, 5]","[1, 3, 1]",1.6666666666666667,1.0,0.9428090415820634
LIDC-IDRI-0602,1.3.6.1.4.1.14519.5.2.1.6279.6001.246758220302211646532176593724,0,0,1,False,"[345.7303370786517, 98.42696629213484, 115.28089887640449]",7.4601321759416255,1.0,0.654296875,False,patches/LIDC-IDRI-0602_n00.npz,96,[5],[1],[6],[3],[1],[1],[1],[1],[3],3.0,3.0,0.0
LIDC-IDRI-0602,1.3.6.1.4.1.14519.5.2.1.6279.6001.246758220302211646532176593724,0,1,4,False,"[254.88048499702913, 415.22699049316697, 166.3545417409388]",5.545713032353191,1.0,0.654296875,False,patches/LIDC-IDRI-0602_n01.npz,96,"[3, 4, 5, 5]","[1, 1, 1, 1]","[6, 6, 3, 6]","[3, 4, 4, 5]","[4, 5, 5, 5]","[1, 1, 1, 1]","[1, 2, 1, 1]","[5, 5, 5, 5]","[1, 3, 1, 2]",1.75,1.5,0.82915619758885
LIDC-IDRI-0602,1.3.6.1.4.1.14519.5.2.1.6279.6001.246758220302211646532176593724,0,2,1,False,"[220.3728813559322, 179.61016949152543, 197.15254237288136]",5.275110050156278,1.0,0.654296875,False,patches/LIDC-IDRI-0602_n02.npz,96,[3],[1],[6],[2],[4],[1],[4],[3],[2],2.0,2.0,0.0
LIDC-IDRI-0602,1.3.6.1.4.1.14519.5.2.1.6279.6001.246758220302211646532176593724,0,3,4,False,"[222.4346770320177, 380.94782072875495, 228.8300431384809]",5.559549096988858,1.0,0.654296875,False,patches/LIDC-IDRI-0602_n03.npz,96,"[2, 3, 5, 5]","[1, 1, 1, 1]","[6, 6, 3, 6]","[4, 5, 4, 5]","[4, 5, 5, 5]","[1, 1, 1, 1]","[1, 1, 1, 1]","[5, 5, 5, 5]","[1, 3, 1, 3]",2.0,2.0,1.0
LIDC-IDRI-0604,1.3.6.1.4.1.14519.5.2.1.6279.6001.217697417596902141600884006982,0,0,1,False,"[259.56028368794324, 142.8368794326241, 98.36170212765957]",8.78906999999999,1.25,0.585938,False,patches/LIDC-IDRI-0604_n00.npz,96,[3],[1],[6],[5],[3],[1],[2],[4],[3],3.0,3.0,0.0
LIDC-IDRI-0604,1.3.6.1.4.1.14519.5.2.1.6279.6001.217697417596902141600884006982,0,1,4,False,"[230.03745912889838, 429.7840832987622, 142.2316466325412]",5.69720422011163,1.25,0.585938,False,patches/LIDC-IDRI-0604_n01.npz,96,"[5, 5, 4, 4]","[1, 1, 1, 1]","[3, 3, 3, 3]","[5, 5, 3, 4]","[5, 5, 5, 5]","[1, 1, 1, 1]","[1, 1, 1, 1]","[5, 5, 5, 5]","[1, 1, 1, 1]",1.0,1.0,0.0
LIDC-IDRI-0604,1.3.6.1.4.1.14519.5.2.1.6279.6001.217697417596902141600884006982,0,2,4,False,"[279.12204482958543, 99.68144344028451, 199.45331869391748]",7.700118590331719,1.25,0.585938,False,patches/LIDC-IDRI-0604_n02.npz,96,"[3, 5, 3, 4]","[1, 1, 1, 1]","[6, 6, 6, 6]","[4, 4, 2, 3]","[3, 5, 3, 3]","[1, 1, 1, 3]","[1, 1, 1, 3]","[5, 5, 4, 4]","[2, 3, 2, 4]",2.75,2.5,0.82915619758885
LIDC-IDRI-0604,1.3.6.1.4.1.14519.5.2.1.6279.6001.217697417596902141600884006982,0,3,2,False,"[196.10616367759224, 367.37183055040197, 220.4821686250258]",6.2276304124732365,1.25,0.585938,False,patches/LIDC-IDRI-0604_n03.npz,96,"[4, 2]","[1, 1]","[6, 6]","[4, 4]","[5, 2]","[1, 1]","[1, 1]","[5, 5]","[2, 2]",2.0,2.0,0.0
LIDC-IDRI-0604,1.3.6.1.4.1.14519.5.2.1.6279.6001.217697417596902141600884006982,0,4,4,False,"[226.81795115715937, 368.5689360033333, 229.44557502308868]",6.271320676859448,1.25,0.585938,False,patches/LIDC-IDRI-0604_n04.npz,96,"[4, 4, 3, 3]","[1, 1, 1, 1]","[6, 6, 6, 6]","[4, 4, 4, 4]","[3, 5, 4, 4]","[1, 1, 1, 2]","[1, 1, 1, 1]","[5, 5, 5, 5]","[2, 2, 1, 3]",2.0,2.0,0.7071067811865476
LIDC-IDRI-0604,1.3.6.1.4.1.14519.5.2.1.6279.6001.217697417596902141600884006982,0,5,1,False,"[132.6551724137931, 283.7389162561576, 229.67733990147784]",7.817387958406053,1.25,0.585938,False,patches/LIDC-IDRI-0604_n05.npz,96,[2],[1],[6],[2],[2],[1],[1],[5],[1],1.0,1.0,0.0
LIDC-IDRI-0605,1.3.6.1.4.1.14519.5.2.1.6279.6001.168833925301530155818375859047,0,0,3,False,"[165.74184362625402, 402.14234444017666, 55.17985347106002]",11.136113296316353,2.5,0.703125,False,patches/LIDC-IDRI-0605_n00.npz,96,"[3, 3, 4]","[1, 1, 1]","[6, 6, 6]","[3, 2, 4]","[5, 3, 5]","[1, 1, 2]","[1, 2, 1]","[5, 5, 5]","[2, 1, 4]",2.3333333333333335,2.0,1.247219128924647
LIDC-IDRI-0605,1.3.6.1.4.1.14519.5.2.1.6279.6001.168833925301530155818375859047,0,1,3,False,"[250.08395061728393, 442.8530864197531, 62.14320987654321]",5.824798299574547,2.5,0.703125,False,patches/LIDC-IDRI-0605_n01.npz,96,"[2, 2, 4]","[1, 1, 1]","[6, 6, 6]","[4, 5, 4]","[5, 3, 5]","[1, 1, 1]","[1, 1, 1]","[5, 5, 5]","[2, 1, 2]",1.6666666666666667,2.0,0.4714045207910317
LIDC-IDRI-0605,1.3.6.1.4.1.14519.5.2.1.6279.6001.168833925301530155818375859047,0,2,3,False,"[275.0938795058253, 90.23402272786508, 77.15556337477518]",5.988406266472322,2.5,0.703125,False,patches/LIDC-IDRI-0605_n02.npz,96,"[4, 2, 3]","[1, 1, 1]","[6, 6, 6]","[5, 5, 5]","[5, 4, 5]","[1, 1, 1]","[1, 1, 1]","[5, 5, 5]","[3, 1, 2]",2.0,2.0,0.816496580927726
LIDC-IDRI-0605,1.3.6.1.4.1.14519.5.2.1.6279.6001.168833925301530155818375859047,0,3,3,False,"[363.9090014475092, 378.4600161342922, 77.65395948118523]",5.511337144118259,2.5,0.703125,False,patches/LIDC-IDRI-0605_n03.npz,96,"[2, 2, 3]","[1, 1, 1]","[6, 6, 6]","[5, 4, 3]","[4, 3, 5]","[1, 1, 1]","[1, 1, 1]","[5, 5, 4]","[2, 1, 2]",1.6666666666666667,2.0,0.4714045207910317
LIDC-IDRI-0605,1.3.6.1.4.1.14519.5.2.1.6279.6001.168833925301530155818375859047,0,4,3,False,"[176.0823867751188, 91.1576187763434, 84.72980776729976]",10.29962880701865,2.5,0.703125,False,patches/LIDC-IDRI-0605_n04.npz,96,"[4, 4, 4]","[1, 1, 1]","[6, 6, 6]","[3, 2, 3]","[5, 5, 5]","[1, 1, 1]","[1, 1, 1]","[5, 5, 5]","[3, 1, 3]",2.3333333333333335,3.0,0.9428090415820634
LIDC-IDRI-0605,1.3.6.1.4.1.14519.5.2.1.6279.6001.168833925301530155818375859047,0,5,2,False,"[228.68175287356323, 397.5330459770115, 90.79166666666666]",7.73449103380311,2.5,0.703125,False,patches/LIDC-IDRI-0605_n05.npz,96,"[3, 2]","[1, 1]","[6, 6]","[5, 4]","[5, 3]","[1, 1]","[1, 1]","[5, 4]","[2, 3]",2.5,2.5,0.5
LIDC-IDRI-0606,1.3.6.1.4.1.14519.5.2.1.6279.6001.110678335949765929063942738609,0,0,4,False,"[298.90947523688794, 186.9706305422226, 410.3353497959573]",19.020626725021852,0.6,0.541015625,False,patches/LIDC-IDRI-0606_n00.npz,96,"[5, 4, 5, 5]","[1, 1, 1, 1]","[6, 6, 6, 6]","[4, 3, 2, 3]","[2, 2, 3, 1]","[5, 5, 4, 4]","[3, 5, 5, 5]","[5, 5, 5, 5]","[5, 5, 5, 4]",4.75,5.0,0.4330127018922193
LIDC-IDRI-0606,1.3.6.1.4.1.14519.5.2.1.6279.6001.110678335949765929063942738609,0,1,1,False,"[363.0514184397163, 315.77748226950354, 427.4982269503546]",20.714611531969652,0.6,0.541015625,False,patches/LIDC-IDRI-0606_n01.npz,96,[4],[1],[6],[2],[1],[3],[3],[5],[3],3.0,3.0,0.0
LIDC-IDRI-0606,1.3.6.1.4.1.14519.5.2.1.6279.6001.110678335949765929063942738609,0,2,1,False,"[295.0877192982456, 108.71929824561404, 548.7105263157895]",5.826916607719756,0.6,0.541015625,False,patches/LIDC-IDRI-0606_n02.npz,96,[4],[1],[6],[4],[1],[1],[1],[3],[3],3.0,3.0,0.0
LIDC-IDRI-0607,1.3.6.1.4.1.14519.5.2.1.6279.6001.255409701134762680010928250229,0,0,1,False,"[196.03389830508473, 88.71186440677967, 62.13559322033898]",5.929270612815711,2.5,0.625,False,patches/LIDC-IDRI-0607_n00.npz,96,[1],[1],[6],[4],[1],[5],[5],[1],[2],2.0,2.0,0.0
LIDC-IDRI-0607,1.3.6.1.4.1.14519.5.2.1.6279.6001.255409701134762680010928250229,0,1,2,False,"[189.91962441314553, 344.80591549295775, 107.05835680751173]",10.670821604546903,2.5,0.625,False,patches/LIDC-IDRI-0607_n01.npz,96,"[1, 2]","[1, 1]","[6, 6]","[3, 3]","[1, 2]","[5, 5]","[5, 4]","[2, 1]","[3, 2]",2.5,2.5,0.5
LIDC-IDRI-0608,1.3.6.1.4.1.14519.5.2.1.6279.6001.334517907433161353885866806005,0,0,4,False,"[237.6717040480504, 96.77552184202526, 140.8993308204331]",9.725999432217021,2.0,0.67578125,False,patches/LIDC-IDRI-0608_n00.npz,96,"[5, 5, 4, 4]","[1, 1, 1, 1]","[6, 6, 6, 6]","[5, 4, 3, 4]","[5, 5, 5, 4]","[1, 1, 1, 1]","[1, 1, 1, 1]","[5, 5, 5, 4]","[4, 4, 4, 3]",3.75,4.0,0.4330127018922193
LIDC-IDRI-0608,1.3.6.1.4.1.14519.5.2.1.6279.6001.334517907433161353885866806005,0,1,4,False,"[254.95656348463748, 108.28268184617907, 145.53576358400744]",9.218333505610062,2.0,0.67578125,False,patches/LIDC-IDRI-0608_n01.npz,96,"[5, 5, 5, 5]","[1, 1, 1, 1]","[3, 3, 3, 5]","[4, 3, 5, 4]","[4, 5, 5, 4]","[1, 1, 1, 1]","[1, 1, 1, 1]","[5, 5, 5, 5]","[1, 1, 1, 1]",1.0,1.0,0.0
LIDC-IDRI-0608,1.3.6.1.4.1.14519.5.2.1.6279.6001.334517907433161353885866806005,0,2,1,False,"[217.22413793103448, 162.5344827586207, 156.58620689655172]",4.274015900071325,2.0,0.67578125,False,patches/LIDC-IDRI-0608_n02.npz,96,[3],[1],[3],[5],[5],[1],[1],[5],[1],1.0,1.0,0.0
LIDC-IDRI-0608,1.3.6.1.4.1.14519.5.2.1.6279.6001.334517907433161353885866806005,0,3,1,False,"[200.85365853658536, 379.8780487804878, 167.90243902439025]",4.274015900071325,2.0,0.67578125,False,patches/LIDC-IDRI-0608_n03.npz,96,[4],[1],[6],[4],[5],[1],[1],[5],[3],3.0,3.0,0.0
LIDC-IDRI-0608,1.3.6.1.4.1.14519.5.2.1.6279.6001.334517907433161353885866806005,0,4,1,False,"[394.6515151515151, 352.59090909090907, 183.83333333333334]",7.555464064598898,2.0,0.67578125,False,patches/LIDC-IDRI-0608_n04.npz,96,[3],[1],[6],[2],[3],[1],[1],[4],[1],1.0,1.0,0.0
LIDC-IDRI-0608,1.3.6.1.4.1.14519.5.2.1.6279.6001.334517907433161353885866806005,0,5,5,True,"[353.8916196187315, 130.23584174875486, 198.6640064821319]",17.586244228068693,2.0,0.67578125,False,patches/LIDC-IDRI-0608_n05.npz,96,"[5, 5, 3, 5, 5]","[1, 1, 1, 1, 1]","[6, 6, 6, 6, 6]","[5, 2, 2, 3, 4]","[3, 4, 4, 3, 4]","[4, 3, 1, 4, 3]","[3, 4, 1, 3, 4]","[5, 4, 4, 5, 5]","[5, 5, 2, 4, 4]",4.0,4.0,1.0954451150103321
LIDC-IDRI-0609,1.3.6.1.4.1.14519.5.2.1.6279.6001.201890795870532056891161597218,0,0,2,False,"[139.29483030453906, 137.46942162476142, 180.0034851879512]",6.18728515433963,1.25,0.703125,False,patches/LIDC-IDRI-0609_n00.npz,96,"[4, 2]","[1, 1]","[6, 6]","[4, 4]","[5, 3]","[1, 3]","[1, 1]","[5, 2]","[3, 2]",2.5,2.5,0.5
LIDC-IDRI-0609,1.3.6.1.4.1.14519.5.2.1.6279.6001.201890795870532056891161597218,0,1,1,False,"[214.64383561643837, 146.986301369863, 288.52054794520546]",3.786444005016448,1.25,0.703125,False,patches/LIDC-IDRI-0609_n01.npz,96,[3],[1],[3],[5],[5],[1],[1],[5],[1],1.0,1.0,0.0
LIDC-IDRI-0610,1.3.6.1.4.1.14519.5.2.1.6279.6001.174692377730646477496286081479,0,0,2,False,"[343.9894736842105, 353.1565789473684, 110.49934210526317]",6.19304523253028,2.5,0.703125,False,patches/LIDC-IDRI-0610_n00.npz,96,"[5, 5]","[1, 1]","[3, 6]","[4, 5]","[5, 5]","[2, 1]","[1, 1]","[5, 5]","[1, 1]",1.0,1.0,0.0
LIDC-IDRI-0610,1.3.6.1.4.1.14519.5.2.1.6279.6001.174692377730646477496286081479,0,1,4,False,"[337.94913567108455, 184.79771724861655, 143.16669789147298]",15.046980093257039,2.5,0.703125,False,patches/LIDC-IDRI-0610_n01.npz,96,"[5, 5, 5, 4]","[1, 1, 1, 1]","[6, 6, 6, 6]","[4, 3, 4, 3]","[3, 3, 4, 2]","[3, 1, 2, 3]","[3, 1, 2, 4]","[5, 5, 5, 4]","[4, 3, 4, 4]",3.75,4.0,0.4330127018922193
LIDC-IDRI-0611,1.3.6.1.4.1.14519.5.2.1.6279.6001.198489333332254008035861390326,0,0,1,False,"[296.1818181818182, 403.3863636363636, 50.43181818181818]",5.744208363039904,3.0,0.623046875,False,patches/LIDC-IDRI-0611_n00.npz,96,[2],[1],[6],[4],[4],[1],[1],[1],[3],3.0,3.0,0.0
LIDC-IDRI-0613,1.3.6.1.4.1.14519.5.2.1.6279.6001.241570579760883349458693655367,0,0,4,False,"[294.4133025292034, 58.838798012718485, 93.84211629579282]",7.401116079389579,2.0,0.611328125,False,patches/LIDC-IDRI-0613_n00.npz,96,"[5, 4, 5, 5]","[1, 1, 1, 1]","[6, 6, 6, 6]","[4, 4, 4, 3]","[4, 4, 3, 5]","[2, 2, 1, 1]","[2, 1, 1, 1]","[5, 5, 4, 5]","[2, 4, 3, 2]",2.75,2.5,0.82915619758885
LIDC-IDRI-0614,1.3.6.1.4.1.14519.5.2.1.6279.6001.301582691063019848479942618641,0,0,2,False,"[317.2361268461524, 367.0978976839808, 322.3474927235945]",27.88851074192158,1.25,0.703125,False,patches/LIDC-IDRI-0614_n00.npz,96,"[5, 5]","[1, 1]","[6, 6]","[1, 2]","[1, 4]","[1, 2]","[4, 3]","[5, 5]","[2, 3]",2.5,2.5,0.5
LIDC-IDRI-0614,1.3.6.1.4.1.14519.5.2.1.6279.6001.301582691063019848479942618641,0,1,2,False,"[214.8432531861779, 415.72487189594005, 410.51501116804627]",6.826494193761958,1.25,0.703125,False,patches/LIDC-IDRI-0614_n01.npz,96,"[4, 2]","[1, 1]","[6, 6]","[4, 3]","[5, 5]","[1, 1]","[1, 1]","[5, 5]","[3, 3]",3.0,3.0,0.0
LIDC-IDRI-0614,1.3.6.1.4.1.14519.5.2.1.6279.6001.301582691063019848479942618641,0,2,4,False,"[174.99435404427925, 373.4034044121921, 416.3171250147057]",13.53333094298243,1.25,0.703125,False,patches/LIDC-IDRI-0614_n02.npz,96,"[5, 3, 5, 4]","[1, 1, 1, 1]","[6, 6, 6, 6]","[2, 5, 2, 4]","[4, 5, 3, 5]","[3, 1, 2, 1]","[4, 1, 1, 1]","[5, 5, 5, 5]","[5, 2, 5, 4]",4.0,4.5,1.224744871391589
LIDC-IDRI-0615,1.3.6.1.4.1.14519.5.2.1.6279.6001.218476624578721885561483687176,0,0,4,False,"[226.66575150732126, 84.22925495262704, 106.9335066186137]",6.914783674473643,1.25,0.703125,False,patches/LIDC-IDRI-0615_n00.npz,96,"[3, 4, 3, 2]","[1, 1, 1, 1]","[6, 6, 6, 6]","[2, 3, 5, 3]","[4, 5, 5, 5]","[1, 1, 1, 1]","[1, 1, 1, 1]","[5, 5, 5, 5]","[2, 2, 2, 3]",2.25,2.0,0.4330127018922193
LIDC-IDRI-0615,1.3.6.1.4.1.14519.5.2.1.6279.6001.218476624578721885561483687176,0,1,4,False,"[284.06578054298643, 386.5336538461539, 135.1587669683258]",6.642223919145698,1.25,0.703125,False,patches/LIDC-IDRI-0615_n01.npz,96,"[4, 5, 5, 4]","[1, 1, 1, 1]","[3, 3, 3, 3]","[3, 4, 5, 5]","[5, 5, 5, 5]","[1, 1, 1, 1]","[1, 1, 1, 1]","[5, 5, 5, 5]","[1, 1, 1, 1]",1.0,1.0,0.0
LIDC-IDRI-0615,1.3.6.1.4.1.14519.5.2.1.6279.6001.218476624578721885561483687176,0,2,2,False,"[278.84611151870877, 151.57905355832725, 140.05319148936172]",5.733446132648627,1.25,0.703125,False,patches/LIDC-IDRI-0615_n02.npz,96,"[3, 4]","[1, 1]","[6, 6]","[4, 2]","[4, 5]","[2, 1]","[1, 1]","[5, 5]","[2, 2]",2.0,2.0,0.0
LIDC-IDRI-0617,1.3.6.1.4.1.14519.5.2.1.6279.6001.188619674701053082195613114069,0,0,1,False,"[197.48717948717947, 119.77564102564102, 75.98717948717949]",6.62109375,2.0,0.662109375,False,patches/LIDC-IDRI-0617_n00.npz,96,[2],[1],[6],[2],[4],[1],[1],[5],[1],1.0,1.0,0.0
LIDC-IDRI-0617,1.3.6.1.4.1.14519.5.2.1.6279.6001.188619674701053082195613114069,0,1,4,False,"[254.1728291079408, 113.38656530193639, 180.6060672154194]",15.209345636623613,2.0,0.662109375,False,patches/LIDC-IDRI-0617_n01.npz,96,"[5, 5, 5, 5]","[1, 1, 1, 1]","[6, 6, 6, 6]","[4, 3, 3, 5]","[3, 4, 4, 5]","[4, 2, 2, 2]","[1, 2, 1, 2]","[5, 5, 5, 5]","[5, 5, 4, 2]",4.0,4.5,1.224744871391589
LIDC-IDRI-0617,1.3.6.1.4.1.14519.5.2.1.6279.6001.188619674701053082195613114069,0,2,4,False,"[324.65370954341546, 130.8778096604722, 233.9163688018951]",9.204578401580369,2.0,0.662109375,False,patches/LIDC-IDRI-0617_n02.npz,96,"[5, 5, 5, 5]","[1, 1, 1, 1]","[6, 6, 6, 6]","[5, 4, 4, 5]","[5, 4, 5, 5]","[1, 1, 1, 3]","[2, 2, 1, 1]","[5, 5, 5, 5]","[5, 4, 5, 2]",4.0,4.5,1.224744871391589
LIDC-IDRI-0618,1.3.6.1.4.1.14519.5.2.1.6279.6001.190298296009658115773239776160,0,0,4,False,"[304.09597237411776, 177.2852026222513, 73.78600314735908]",8.749357602619579,1.25,0.689453,False,patches/LIDC-IDRI-0618_n00.npz,96,"[4, 5, 3, 3]","[1, 1, 1, 1]","[6, 6, 6, 6]","[3, 2, 3, 3]","[4, 4, 4, 5]","[1, 3, 2, 3]","[1, 1, 2, 1]","[5, 4, 5, 5]","[3, 3, 3, 4]",3.25,3.0,0.4330127018922193
LIDC-IDRI-0619,1.3.6.1.4.1.14519.5.2.1.6279.6001.167237290696350215427953159586,0,0,4,False,"[345.8228269078904, 370.9983626518374, 59.83167948491618]",16.08863592642026,1.25,0.722656,False,patches/LIDC-IDRI-0619_n00.npz,96,"[4, 5, 3, 5]","[1, 1, 1, 1]","[6, 6, 6, 5]","[4, 5, 3, 5]","[4, 4, 4, 4]","[2, 1, 2, 2]","[2, 2, 2, 1]","[5, 5, 5, 5]","[4, 3, 5, 1]",3.25,3.5,1.479019945774904
LIDC-IDRI-0619,1.3.6.1.4.1.14519.5.2.1.6279.6001.167237290696350215427953159586,0,1,4,False,"[238.45031061985654, 109.34019489886828, 132.06058112762696]",27.822888101754724,1.25,0.722656,False,patches/LIDC-IDRI-0619_n01.npz,96,"[5, 5, 5, 5]","[1, 1, 1, 1]","[6, 6, 6, 6]","[3, 4, 3, 3]","[3, 3, 3, 1]","[3, 2, 3, 5]","[3, 3, 3, 4]","[5, 5, 5, 5]","[5, 5, 5, 5]",5.0,5.0,0.0
LIDC-IDRI-0620,1.3.6.1.4.1.14519.5.2.1.6279.6001.199670099218798685977406484591,0,0,3,False,"[270.86878523367886, 395.10487065556276, 87.31686604574327]",14.195557957011466,1.25,0.603516,False,patches/LIDC-IDRI-0620_n00.npz,96,"[2, 4, 4]","[1, 1, 1]","[6, 6, 6]","[2, 2, 2]","[4, 5, 5]","[2, 5, 1]","[4, 4, 5]","[5, 5, 5]","[5, 4, 4]",4.333333333333333,4.0,0.4714045207910317
LIDC-IDRI-0620,1.3.6.1.4.1.14519.5.2.1.6279.6001.199670099218798685977406484591,0,1,4,False,"[135.2531642464678, 118.5504954866562, 90.48821624803767]",5.760478387592634,1.25,0.603516,False,patches/LIDC-IDRI-0620_n01.npz,96,"[3, 3, 2, 2]","[1, 1, 1, 1]","[6, 6, 6, 6]","[3, 3, 3, 2]","[5, 2, 2, 3]","[1, 2, 2, 3]","[1, 1, 1, 1]","[5, 1, 1, 2]","[2, 2, 3, 2]",2.25,2.0,0.4330127018922193
LIDC-IDRI-0620,1.3.6.1.4.1.14519.5.2.1.6279.6001.199670099218798685977406484591,0,2,2,False,"[125.50152129817444, 139.1419878296146, 134.03803245436106]",5.144899739326416,1.25,0.603516,False,patches/LIDC-IDRI-0620_n02.npz,96,"[4, 3]","[1, 1]","[6, 6]","[4, 3]","[5, 3]","[1, 1]","[1, 1]","[5, 3]","[3, 1]",2.0,2.0,1.0
LIDC-IDRI-0620,1.3.6.1.4.1.14519.5.2.1.6279.6001.199670099218798685977406484591,0,3,2,False,"[235.83956065509463, 98.28650583504952, 159.34142394822007]",7.173110881396061,1.25,0.603516,False,patches/LIDC-IDRI-0620_n03.npz,96,"[4, 3]","[1, 1]","[6, 6]","[3, 4]","[5, 3]","[1, 1]","[1, 1]","[5, 4]","[4, 2]",3.0,3.0,1.0
LIDC-IDRI-0620,1.3.6.1.4.1.14519.5.2.1.6279.6001.199670099218798685977406484591,0,4,1,False,"[358.8636363636364, 312.1136363636364, 213.4090909090909]",6.21357752016792,1.25,0.603516,False,patches/LIDC-IDRI-0620_n04.npz,96,[4],[1],[6],[3],[5],[1],[1],[5],[3],3.0,3.0,0.0
LIDC-IDRI-0621,1.3.6.1.4.1.14519.5.2.1.6279.6001.146429221666426688999739595820,0,0,1,False,"[307.47058823529414, 416.76838235294116, 293.35661764705884]",7.231271691978052,0.6,0.73046875,False,patches/LIDC-IDRI-0621_n00.npz,96,[3],[1],[6],[5],[5],[1],[1],[5],[2],2.0,2.0,0.0
LIDC-IDRI-0624,1.3.6.1.4.1.14519.5.2.1.6279.6001.226383054119800793308721198594,0,0,2,False,"[246.52549688089366, 64.57456840272741, 79.21325982881183]",7.34741411931375,2.0,0.6484375,False,patches/LIDC-IDRI-0624_n00.npz,96,"[4, 5]","[1, 1]","[6, 6]","[4, 5]","[5, 5]","[1, 1]","[1, 1]","[5, 5]","[3, 3]",3.0,3.0,0.0
LIDC-IDRI-0624,1.3.6.1.4.1.14519.5.2.1.6279.6001.226383054119800793308721198594,0,1,1,False,"[387.6241610738255, 164.14093959731542, 96.91946308724832]",7.2497516458000995,2.0,0.6484375,False,patches/LIDC-IDRI-0624_n01.npz,96,[5],[1],[6],[3],[4],[1],[1],[5],[3],3.0,3.0,0.0
LIDC-IDRI-0624,1.3.6.1.4.1.14519.5.2.1.6279.6001.226383054119800793308721198594,0,2,2,False,"[191.0310245310245, 102.98513708513708, 120.47604617604617]",4.644101930406844,2.0,0.6484375,False,patches/LIDC-IDRI-0624_n02.npz,96,"[3, 5]","[1, 1]","[6, 6]","[3, 5]","[5, 5]","[1, 1]","[1, 1]","[5, 5]","[1, 3]",2.0,2.0,1.0
LIDC-IDRI-0624,1.3.6.1.4.1.14519.5.2.1.6279.6001.226383054119800793308721198594,0,3,4,False,"[253.71230681350121, 94.48889384343538, 143.42858666285255]",26.341645704677042,2.0,0.6484375,False,patches/LIDC-IDRI-0624_n03.npz,96,"[5, 5, 5, 5]","[1, 1, 1, 1]","[6, 6, 6, 6]","[2, 3, 4, 3]","[1, 2, 3, 1]","[5, 2, 1, 2]","[5, 3, 1, 1]","[3, 3, 5, 5]","[5, 5, 3, 3]",4.0,4.0,1.0
LIDC-IDRI-0624,1.3.6.1.4.1.14519.5.2.1.6279.6001.226383054119800793308721198594,0,4,1,False,"[387.9673913043478, 184.0072463768116, 161.3586956521739]",14.162088768991008,2.0,0.6484375,False,patches/LIDC-IDRI-0624_n04.npz,96,[5],[1],[6],[3],[4],[1],[1],[4],[3],3.0,3.0,0.0
LIDC-IDRI-0624,1.3.6.1.4.1.14519.5.2.1.6279.6001.226383054119800793308721198594,0,5,1,False,"[391.90423162583517, 161.84855233853006, 174.15367483296214]",15.777165312961007,2.0,0.6484375,False,patches/LIDC-IDRI-0624_n05.npz,96,[5],[1],[6],[3],[5],[1],[1],[5],[3],3.0,3.0,0.0
LIDC-IDRI-0624,1.3.6.1.4.1.14519.5.2.1.6279.6001.226383054119800793308721198594,0,6,1,False,"[351.5982142857143, 123.91964285714286, 188.11607142857142]",6.98388560925256,2.0,0.6484375,False,patches/LIDC-IDRI-0624_n06.npz,96,[5],[1],[6],[3],[1],[1],[1],[4],[3],3.0,3.0,0.0
LIDC-IDRI-0624,1.3.6.1.4.1.14519.5.2.1.6279.6001.226383054119800793308721198594,0,7,1,False,"[387.14351851851853, 173.46296296296296, 208.23611111111111]",10.455740517324681,2.0,0.6484375,False,patches/LIDC-IDRI-0624_n07.npz,96,[5],[1],[6],[4],[4],[1],[1],[4],[3],3.0,3.0,0.0
LIDC-IDRI-0625,1.3.6.1.4.1.14519.5.2.1.6279.6001.627998298349675613581885874395,0,0,4,False,"[296.5207574555162, 460.5699589012489, 238.40333014786967]",11.73543658447474,0.75,0.66015625,False,patches/LIDC-IDRI-0625_n00.npz,96,"[5, 5, 5, 5]","[1, 1, 1, 1]","[6, 6, 6, 6]","[3, 5, 4, 4]","[5, 5, 5, 5]","[2, 1, 1, 1]","[2, 2, 1, 1]","[5, 5, 5, 5]","[4, 5, 5, 3]",4.25,4.5,0.82915619758885
LIDC-IDRI-0625,1.3.6.1.4.1.14519.5.2.1.6279.6001.627998298349675613581885874395,0,1,1,False,"[339.8817204301075, 449.01075268817203, 371.97849462365593]",5.678878789571109,0.75,0.66015625,False,patches/LIDC-IDRI-0625_n01.npz,96,[5],[1],[6],[4],[5],[1],[1],[5],[3],3.0,3.0,0.0
LIDC-IDRI-0626,1.3.6.1.4.1.14519.5.2.1.6279.6001.776800177074349870648765614630,0,0,3,False,"[244.07875469672572, 114.35433172302737, 74.0]",5.580808085340098,2.5,0.595703,False,patches/LIDC-IDRI-0626_n00.npz,96,"[1, 3, 2]","[1, 1, 1]","[6, 6, 6]","[5, 4, 4]","[2, 5, 3]","[1, 1, 1]","[1, 1, 1]","[1, 3, 2]","[3, 2, 2]",2.3333333333333335,2.0,0.4714045207910317
LIDC-IDRI-0628,1.3.6.1.4.1.14519.5.2.1.6279.6001.299476369290630280560355838785,0,0,1,False,"[364.2325581395349, 401.4186046511628, 82.44186046511628]",7.184763336934965,1.25,0.779297,False,patches/LIDC-IDRI-0628_n00.npz,96,[4],[1],[6],[3],[3],[1],[1],[3],[4],4.0,4.0,0.0
LIDC-IDRI-0628,1.3.6.1.4.1.14519.5.2.1.6279.6001.299476369290630280560355838785,0,1,1,False,"[292.5272727272727, 451.6181818181818, 82.61818181818182]",6.086504141685016,1.25,0.779297,False,patches/LIDC-IDRI-0628_n01.npz,96,[5],[1],[6],[3],[4],[1],[1],[5],[4],4.0,4.0,0.0
LIDC-IDRI-0628,1.3.6.1.4.1.14519.5.2.1.6279.6001.299476369290630280560355838785,0,2,1,False,"[279.22222222222223, 407.64444444444445, 86.02222222222223]",5.510461932583307,1.25,0.779297,False,patches/LIDC-IDRI-0628_n02.npz,96,[5],[1],[6],[3],[4],[1],[1],[5],[3],3.0,3.0,0.0
LIDC-IDRI-0628,1.3.6.1.4.1.14519.5.2.1.6279.6001.299476369290630280560355838785,0,3,3,False,"[341.6022370252152, 82.1422841326564, 86.63523921867953]",7.24218743542995,1.25,0.779297,False,patches/LIDC-IDRI-0628_n03.npz,96,"[4, 4, 5]","[1, 1, 1]","[6, 6, 6]","[3, 4, 4]","[4, 5, 5]","[1, 1, 1]","[1, 1, 1]","[5, 5, 5]","[3, 3, 5]",3.6666666666666665,3.0,0.9428090415820634
LIDC-IDRI-0628,1.3.6.1.4.1.14519.5.2.1.6279.6001.299476369290630280560355838785,0,4,1,False,"[177.1578947368421, 100.44736842105263, 141.44736842105263]",6.2828932764758,1.25,0.779297,False,patches/LIDC-IDRI-0628_n04.npz,96,[4],[1],[6],[4],[5],[1],[1],[5],[2],2.0,2.0,0.0
LIDC-IDRI-0628,1.3.6.1.4.1.14519.5.2.1.6279.6001.299476369290630280560355838785,0,5,4,False,"[198.28789770227095, 116.07529439055656, 161.14714027435]",9.862563918145614,1.25,0.779297,False,patches/LIDC-IDRI-0628_n05.npz,96,"[5, 4, 4, 5]","[1, 1, 1, 1]","[6, 6, 6, 6]","[3, 3, 5, 4]","[4, 5, 5, 5]","[1, 2, 4, 1]","[2, 1, 1, 2]","[5, 5, 5, 5]","[3, 3, 3, 5]",3.5,3.0,0.8660254037844386
LIDC-IDRI-0628,1.3.6.1.4.1.14519.5.2.1.6279.6001.299476369290630280560355838785,0,6,1,False,"[201.73170731707316, 143.73170731707316, 164.90243902439025]",4.5440433187972635,1.25,0.779297,False,patches/LIDC-IDRI-0628_n06.npz,96,[2],[1],[6],[2],[4],[1],[1],[5],[3],3.0,3.0,0.0
LIDC-IDRI-0628,1.3.6.1.4.1.14519.5.2.1.6279.6001.299476369290630280560355838785,0,7,2,False,"[234.76027397260276, 100.41407222914071, 169.67699252801992]",7.708285803469396,1.25,0.779297,False,patches/LIDC-IDRI-0628_n07.npz,96,"[4, 4]","[1, 1]","[6, 6]","[2, 4]","[4, 4]","[2, 2]","[2, 1]","[5, 5]","[3, 4]",3.5,3.5,0.5
LIDC-IDRI-0629,1.3.6.1.4.1.14519.5.2.1.6279.6001.927394449308471452920270961822,0,0,1,False,"[375.90651558073654, 217.73937677053826, 166.5212464589235]",13.213512925339915,2.0,0.6328125,False,patches/LIDC-IDRI-0629_n00.npz,96,[4],[1],[6],[2],[1],[1],[1],[5],[2],2.0,2.0,0.0
LIDC-IDRI-0629,1.3.6.1.4.1.14519.5.2.1.6279.6001.927394449308471452920270961822,0,1,1,False,"[303.01408450704224, 204.77464788732394, 205.55633802816902]",9.213889078620657,2.0,0.6328125,False,patches/LIDC-IDRI-0629_n01.npz,96,[5],[1],[6],[2],[4],[2],[2],[3],[4],4.0,4.0,0.0
LIDC-IDRI-0630,1.3.6.1.4.1.14519.5.2.1.6279.6001.171919524048654494439256263785,0,0,1,False,"[168.25581395348837, 411.5348837209302, 54.372093023255815]",7.056305519843651,2.5,0.583984,False,patches/LIDC-IDRI-0630_n00.npz,96,[3],[1],[6],[3],[5],[1],[1],[5],[2],2.0,2.0,0.0
LIDC-IDRI-0631,1.3.6.1.4.1.14519.5.2.1.6279.6001.191266041369462391833537519639,0,0,3,False,"[350.9540495867768, 106.8905785123967, 197.49355371900825]",7.172428611720288,0.75,0.6328125,False,patches/LIDC-IDRI-0631_n00.npz,96,"[5, 3, 5]","[1, 1, 1]","[6, 6, 6]","[4, 5, 4]","[4, 4, 4]","[3, 2, 1]","[2, 3, 1]","[5, 5, 5]","[3, 3, 3]",3.0,3.0,0.0
LIDC-IDRI-0631,1.3.6.1.4.1.14519.5.2.1.6279.6001.191266041369462391833537519639,0,1,1,False,"[351.8909090909091, 201.6909090909091, 352.1636363636364]",5.101897481345176,0.75,0.6328125,False,patches/LIDC-IDRI-0631_n01.npz,96,[5],[1],[6],[4],[5],[1],[1],[5],[3],3.0,3.0,0.0
LIDC-IDRI-0633,1.3.6.1.4.1.14519.5.2.1.6279.6001.281489753704424911132261151767,0,0,4,False,"[198.67322665323692, 451.758122333369, 55.49141083907513]",6.969648400005011,1.25,0.585938,False,patches/LIDC-IDRI-0633_n00.npz,96,"[3, 4, 3, 3]","[1, 1, 1, 1]","[6, 6, 6, 6]","[5, 3, 3, 3]","[5, 4, 4, 4]","[1, 3, 2, 2]","[1, 2, 2, 1]","[5, 5, 5, 5]","[2, 3, 3, 4]",3.0,3.0,0.7071067811865476
LIDC-IDRI-0634,1.3.6.1.4.1.14519.5.2.1.6279.6001.162901839201654862079549658100,0,0,1,False,"[389.62295081967216, 129.54098360655738, 18.950819672131146]",5.711980763549897,2.0,0.60546875,False,patches/LIDC-IDRI-0634_n00.npz,96,[5],[1],[3],[5],[5],[1],[1],[5],[1],1.0,1.0,0.0
LIDC-IDRI-0634,1.3.6.1.4.1.14519.5.2.1.6279.6001.162901839201654862079549658100,0,1,3,False,"[378.26906302027896, 383.9182046453232, 94.46315947487649]",12.772299137841735,2.0,0.60546875,False,patches/LIDC-IDRI-0634_n01.npz,96,"[3, 2, 5]","[1, 1, 1]","[6, 6, 6]","[2, 4, 4]","[3, 3, 2]","[2, 2, 1]","[3, 2, 1]","[3, 2, 1]","[3, 3, 3]",3.0,3.0,0.0
LIDC-IDRI-0635,1.3.6.1.4.1.14519.5.2.1.6279.6001.210353683590129128335470610043,0,0,4,False,"[404.09041758207405, 162.76868964407998, 44.57027261193733]",16.267721459496805,3.0,0.751,True,patches/LIDC-IDRI-0635_n00.npz,96,"[5, 4, 5, 3]","[1, 1, 1, 1]","[6, 6, 6, 6]","[5, 5, 5, 5]","[5, 5, 5, 5]","[1, 1, 1, 1]","[1, 1, 1, 1]","[5, 5, 5, 5]","[4, 3, 5, 2]",3.5,3.5,1.118033988749895
LIDC-IDRI-0636,1.3.6.1.4.1.14519.5.2.1.6279.6001.125124219978170516876304987559,0,0,2,False,"[371.0783155487805, 103.88700457317074, 109.0217225609756]",9.308263705024125,1.0,0.76171875,True,patches/LIDC-IDRI-0636_n00.npz,96,"[3, 4]","[1, 1]","[6, 6]","[3, 4]","[5, 4]","[1, 1]","[1, 1]","[5, 4]","[2, 3]",2.5,2.5,0.5
LIDC-IDRI-0636,1.3.6.1.4.1.14519.5.2.1.6279.6001.125124219978170516876304987559,0,1,2,False,"[184.27406832298135, 83.8944099378882, 137.39544513457557]",8.793396836722486,1.0,0.76171875,True,patches/LIDC-IDRI-0636_n01.npz,96,"[3, 4]","[1, 1]","[6, 6]","[3, 4]","[5, 4]","[1, 1]","[1, 1]","[5, 5]","[2, 3]",2.5,2.5,0.5
LIDC-IDRI-0636,1.3.6.1.4.1.14519.5.2.1.6279.6001.125124219978170516876304987559,0,2,3,False,"[350.1251098938257, 418.9101391271202, 150.90232821212737]",6.092277574961511,1.0,0.76171875,True,patches/LIDC-IDRI-0636_n02.npz,96,"[3, 3, 4]","[1, 1, 1]","[6, 6, 6]","[3, 4, 2]","[4, 4, 2]","[1, 1, 1]","[2, 1, 1]","[5, 5, 4]","[3, 2, 3]",2.6666666666666665,3.0,0.4714045207910317
LIDC-IDRI-0636,1.3.6.1.4.1.14519.5.2.1.6279.6001.125124219978170516876304987559,0,3,3,False,"[294.1577126577127, 402.68884818884817, 189.08175620675624]",6.611780354174705,1.0,0.76171875,True,patches/LIDC-IDRI-0636_n03.npz,96,"[3, 2, 3]","[1, 1, 1]","[6, 6, 6]","[4, 2, 3]","[5, 4, 2]","[1, 1, 1]","[1, 1, 1]","[5, 5, 4]","[2, 1, 3]",2.0,2.0,0.816496580927726
LIDC-IDRI-0636,1.3.6.1.4.1.14519.5.2.1.6279.6001.125124219978170516876304987559,0,4,4,False,"[299.0944279840838, 163.605653005596, 272.1331227237053]",17.194348223711405,1.0,0.76171875,True,patches/LIDC-IDRI-0636_n04.npz,96,"[4, 3, 3, 1]","[1, 1, 1, 1]","[6, 6, 6, 6]","[3, 4, 4, 5]","[4, 1, 2, 2]","[2, 1, 3, 1]","[2, 1, 1, 1]","[2, 1, 1, 1]","[4, 4, 3, 2]",3.25,3.5,0.82915619758885
LIDC-IDRI-0637,1.3.6.1.4.1.14519.5.2.1.6279.6001.227796349777753378641347819780,0,0,4,False,"[293.65838200917284, 462.1121155915862, 183.01868325471796]",7.073153329122994,0.75,0.69921875,False,patches/LIDC-IDRI-0637_n00.npz,96,"[2, 3, 2, 3]","[1, 1, 1, 1]","[6, 6, 6, 6]","[3, 3, 3, 5]","[3, 5, 4, 5]","[1, 1, 2, 1]","[1, 1, 2, 1]","[5, 5, 5, 5]","[1, 3, 3, 2]",2.25,2.5,0.82915619758885
LIDC-IDRI-0637,1.3.6.1.4.1.14519.5.2.1.6279.6001.227796349777753378641347819780,0,1,4,False,"[264.92954960563674, 42.06327085509541, 202.3991489655698]",8.336925515751272,0.75,0.69921875,False,patches/LIDC-IDRI-0637_n01.npz,96,"[4, 4, 3, 5]","[1, 1, 1, 1]","[6, 6, 6, 6]","[5, 5, 3, 5]","[4, 3, 4, 5]","[1, 1, 2, 1]","[1, 2, 2, 1]","[5, 5, 5, 5]","[1, 4, 3, 2]",2.5,2.5,1.118033988749895
LIDC-IDRI-0637,1.3.6.1.4.1.14519.5.2.1.6279.6001.227796349777753378641347819780,0,2,1,False,"[177.96226415094338, 423.47169811320754, 256.9622641509434]",5.32509135136578,0.75,0.69921875,False,patches/LIDC-IDRI-0637_n02.npz,96,[2],[1],[6],[3],[3],[1],[1],[5],[2],2.0,2.0,0.0
LIDC-IDRI-0637,1.3.6.1.4.1.14519.5.2.1.6279.6001.227796349777753378641347819780,0,3,2,False,"[152.76336454243432, 380.3908184838417, 260.4598308668076]",6.539924924542669,0.75,0.69921875,False,patches/LIDC-IDRI-0637_n03.npz,96,"[2, 3]","[1, 1]","[6, 6]","[3, 5]","[3, 5]","[1, 1]","[1, 1]","[5, 5]","[2, 2]",2.0,2.0,0.0
LIDC-IDRI-0637,1.3.6.1.4.1.14519.5.2.1.6279.6001.227796349777753378641347819780,0,4,1,False,"[166.64772727272728, 143.42045454545453, 266.60227272727275]",6.88650604109962,0.75,0.69921875,False,patches/LIDC-IDRI-0637_n04.npz,96,[3],[1],[6],[4],[4],[2],[2],[5],[3],3.0,3.0,0.0
LIDC-IDRI-0637,1.3.6.1.4.1.14519.5.2.1.6279.6001.227796349777753378641347819780,0,5,4,False,"[162.29162688984115, 126.1164559378845, 309.8641948463377]",8.279484895076308,0.75,0.69921875,False,patches/LIDC-IDRI-0637_n05.npz,96,"[3, 4, 4, 3]","[1, 1, 1, 1]","[6, 6, 6, 6]","[3, 4, 3, 5]","[4, 4, 2, 5]","[1, 1, 2, 1]","[1, 1, 1, 1]","[5, 5, 5, 5]","[1, 3, 3, 2]",2.25,2.5,0.82915619758885
LIDC-IDRI-0637,1.3.6.1.4.1.14519.5.2.1.6279.6001.227796349777753378641347819780,0,6,2,False,"[246.05968468468467, 408.53973616473615, 375.903314028314]",5.613489269450026,0.75,0.69921875,False,patches/LIDC-IDRI-0637_n06.npz,96,"[2, 3]","[1, 1]","[3, 6]","[5, 5]","[5, 5]","[1, 1]","[1, 1]","[5, 5]","[1, 2]",1.5,1.5,0.5
LIDC-IDRI-0637,1.3.6.1.4.1.14519.5.2.1.6279.6001.227796349777753378641347819780,0,7,2,False,"[364.49950980392157, 343.6779411764706, 388.4139705882353]",7.315311995848124,0.75,0.69921875,False,patches/LIDC-IDRI-0637_n07.npz,96,"[3, 5]","[1, 1]","[6, 6]","[3, 4]","[4, 5]","[2, 1]","[1, 1]","[5, 5]","[3, 3]",3.0,3.0,0.0
LIDC-IDRI-0637,1.3.6.1.4.1.14519.5.2.1.6279.6001.227796349777753378641347819780,0,8,1,False,"[269.9045454545454, 195.4090909090909, 389.4590909090909]",11.055619163479294,0.75,0.69921875,False,patches/LIDC-IDRI-0637_n08.npz,96,[2],[1],[6],[2],[4],[2],[1],[5],[3],3.0,3.0,0.0
LIDC-IDRI-0637,1.3.6.1.4.1.14519.5.2.1.6279.6001.227796349777753378641347819780,0,9,2,False,"[298.6716346153846, 400.8216346153846, 400.7110576923077]",8.495525250797158,0.75,0.69921875,False,patches/LIDC-IDRI-0637_n09.npz,96,"[2, 3]","[1, 1]","[6, 6]","[4, 5]","[3, 5]","[2, 1]","[1, 1]","[5, 5]","[3, 2]",2.5,2.5,0.5
LIDC-IDRI-0637,1.3.6.1.4.1.14519.5.2.1.6279.6001.227796349777753378641347819780,0,10,2,False,"[190.0475318209572, 141.78718707435067, 409.8469775961674]",6.9921875,0.75,0.69921875,False,patches/LIDC-IDRI-0637_n10.npz,96,"[2, 4]","[1, 1]","[6, 6]","[3, 4]","[4, 4]","[1, 1]","[1, 2]","[5, 5]","[1, 3]",2.0,2.0,1.0
LIDC-IDRI-0638,1.3.6.1.4.1.14519.5.2.1.6279.6001.133132722052053001903031735878,0,0,2,False,"[172.99346405228758, 138.5467320261438, 70.70490196078433]",8.190248820237626,2.5,0.605469,False,patches/LIDC-IDRI-0638_n00.npz,96,"[2, 4]","[1, 1]","[6, 6]","[4, 3]","[3, 4]","[1, 2]","[1, 1]","[5, 5]","[3, 4]",3.5,3.5,0.5
LIDC-IDRI-0638,1.3.6.1.4.1.14519.5.2.1.6279.6001.133132722052053001903031735878,0,1,1,False,"[336.0125, 145.6125, 111.5375]",5.208441277111027,2.5,0.605469,False,patches/LIDC-IDRI-0638_n01.npz,96,[5],[1],[6],[4],[5],[1],[1],[5],[2],2.0,2.0,0.0
LIDC-IDRI-0639,1.3.6.1.4.1.14519.5.2.1.6279.6001.293593766328917170359373773080,0,0,3,False,"[350.29712184094205, 140.59398471505213, 305.0832211424908]",9.82723515361266,1.25,0.703125,False,patches/LIDC-IDRI-0639_n00.npz,96,"[5, 4, 4]","[1, 1, 1]","[6, 6, 6]","[4, 4, 3]","[4, 1, 2]","[2, 1, 4]","[2, 4, 3]","[5, 3, 2]","[4, 4, 4]",4.0,4.0,0.0
LIDC-IDRI-0639,1.3.6.1.4.1.14519.5.2.1.6279.6001.293593766328917170359373773080,0,1,2,False,"[282.54857142857145, 359.9422281167109, 325.13918908677533]",10.103915448679327,1.25,0.703125,False,patches/LIDC-IDRI-0639_n01.npz,96,"[1, 4]","[1, 1]","[6, 6]","[4, 5]","[1, 3]","[1, 1]","[1, 2]","[1, 1]","[4, 3]",3.5,3.5,0.5
LIDC-IDRI-0640,1.3.6.1.4.1.14519.5.2.1.6279.6001.175773779529863791864938329989,0,0,4,False,"[213.6878576541236, 421.93238245519444, 42.89606812857886]",8.617029170958517,3.0,0.58984375,False,patches/LIDC-IDRI-0640_n00.npz,96,"[5, 5, 5, 5]","[1, 1, 1, 1]","[3, 3, 3, 5]","[5, 5, 5, 5]","[4, 5, 5, 5]","[2, 1, 1, 1]","[1, 1, 1, 1]","[5, 5, 5, 5]","[1, 1, 1, 1]",1.0,1.0,0.0
LIDC-IDRI-0640,1.3.6.1.4.1.14519.5.2.1.6279.6001.175773779529863791864938329989,0,1,3,False,"[168.652046659597, 329.03982325910215, 71.54060091905266]",5.947343833508827,3.0,0.58984375,False,patches/LIDC-IDRI-0640_n01.npz,96,"[4, 3, 3]","[1, 1, 1]","[6, 6, 6]","[3, 4, 4]","[4, 2, 3]","[1, 1, 1]","[3, 1, 1]","[5, 1, 1]","[3, 3, 4]",3.3333333333333335,3.0,0.4714045207910317
LIDC-IDRI-0641,1.3.6.1.4.1.14519.5.2.1.6279.6001.299767339686526858593516834230,0,0,1,False,"[234.80357142857142, 52.035714285714285, 37.910714285714285]",4.90860185569555,2.5,0.644531,False,patches/LIDC-IDRI-0641_n00.npz,96,[5],[1],[3],[4],[5],[1],[1],[5],[2],2.0,2.0,0.0
LIDC-IDRI-0641,1.3.6.1.4.1.14519.5.2.1.6279.6001.299767339686526858593516834230,0,1,3,False,"[135.93849820630007, 156.99776401788787, 45.507936507936506]",5.232059888407165,2.5,0.644531,False,patches/LIDC-IDRI-0641_n01.npz,96,"[5, 3, 3]","[1, 1, 1]","[6, 6, 6]","[3, 2, 4]","[4, 2, 5]","[1, 3, 1]","[1, 3, 1]","[5, 5, 5]","[2, 3, 2]",2.3333333333333335,2.0,0.4714045207910317
LIDC-IDRI-0641,1.3.6.1.4.1.14519.5.2.1.6279.6001.299767339686526858593516834230,0,2,2,False,"[383.22077922077926, 181.96103896103895, 46.72467532467533]",5.226533581193905,2.5,0.644531,False,patches/LIDC-IDRI-0641_n02.npz,96,"[5, 4]","[1, 1]","[6, 6]","[4, 4]","[5, 4]","[1, 2]","[1, 1]","[5, 5]","[2, 3]",2.5,2.5,0.5
LIDC-IDRI-0641,1.3.6.1.4.1.14519.5.2.1.6279.6001.299767339686526858593516834230,0,3,4,False,"[370.6560244966805, 179.27712876971205, 52.09813126668549]",14.997064150866684,2.5,0.644531,False,patches/LIDC-IDRI-0641_n03.npz,96,"[5, 5, 5, 5]","[1, 1, 1, 1]","[3, 3, 3, 6]","[4, 3, 5, 3]","[4, 5, 5, 4]","[1, 4, 1, 3]","[1, 4, 1, 2]","[5, 5, 5, 5]","[1, 1, 1, 5]",2.0,1.0,1.7320508075688772
LIDC-IDRI-0641,1.3.6.1.4.1.14519.5.2.1.6279.6001.299767339686526858593516834230,0,4,4,False,"[261.01083910727755, 156.3118864973874, 63.31316804365977]",9.151307229137538,2.5,0.644531,False,patches/LIDC-IDRI-0641_n04.npz,96,"[5, 5, 4, 4]","[1, 1, 1, 1]","[3, 3, 3, 3]","[5, 4, 4, 5]","[5, 5, 5, 5]","[1, 2, 1, 1]","[1, 3, 1, 1]","[5, 5, 5, 5]","[1, 1, 1, 1]",1.0,1.0,0.0
LIDC-IDRI-0641,1.3.6.1.4.1.14519.5.2.1.6279.6001.299767339686526858593516834230,0,5,3,False,"[198.0825193325193, 85.24409849409848, 70.53856328856328]",5.509065868144588,2.5,0.644531,False,patches/LIDC-IDRI-0641_n05.npz,96,"[5, 4, 4]","[1, 1, 1]","[6, 6, 6]","[4, 3, 4]","[4, 4, 5]","[1, 1, 1]","[1, 3, 1]","[5, 5, 5]","[3, 3, 2]",2.6666666666666665,3.0,0.4714045207910317
LIDC-IDRI-0641,1.3.6.1.4.1.14519.5.2.1.6279.6001.299767339686526858593516834230,0,6,3,False,"[184.1608868241401, 418.8471649690651, 81.6412299068682]",9.03063183650584,2.5,0.644531,False,patches/LIDC-IDRI-0641_n06.npz,96,"[5, 5, 4]","[1, 1, 1]","[6, 6, 6]","[3, 3, 3]","[5, 4, 5]","[1, 2, 1]","[1, 2, 1]","[5, 5, 5]","[2, 3, 2]",2.3333333333333335,2.0,0.4714045207910317
LIDC-IDRI-0641,1.3.6.1.4.1.14519.5.2.1.6279.6001.299767339686526858593516834230,0,7,1,False,"[249.43333333333334, 80.86666666666666, 93.36666666666666]",4.557522407849471,2.5,0.644531,False,patches/LIDC-IDRI-0641_n07.npz,96,[5],[1],[6],[4],[5],[1],[1],[5],[2],2.0,2.0,0.0
LIDC-IDRI-0642,1.3.6.1.4.1.14519.5.2.1.6279.6001.699408489230474820984000839814,0,0,4,False,"[343.6409433888144, 308.16820025141726, 46.0044098493914]",10.901211555773187,3.0,0.65,True,patches/LIDC-IDRI-0642_n00.npz,96,"[5, 4, 4, 3]","[1, 1, 1, 1]","[6, 6, 6, 6]","[4, 5, 4, 5]","[4, 5, 5, 5]","[2, 1, 1, 1]","[2, 1, 2, 1]","[5, 5, 5, 5]","[3, 4, 4, 2]",3.25,3.5,0.82915619758885
LIDC-IDRI-0642,1.3.6.1.4.1.14519.5.2.1.6279.6001.699408489230474820984000839814,0,1,3,False,"[343.4328395061728, 93.4225925925926, 50.52185185185186]",7.550372806802695,3.0,0.65,True,patches/LIDC-IDRI-0642_n01.npz,96,"[5, 4, 4]","[1, 1, 1]","[6, 6, 6]","[5, 5, 4]","[3, 3, 4]","[1, 1, 2]","[3, 2, 1]","[5, 4, 5]","[3, 3, 3]",3.0,3.0,0.0
LIDC-IDRI-0642,1.3.6.1.4.1.14519.5.2.1.6279.6001.699408489230474820984000839814,0,2,2,False,"[266.30232558139534, 88.4186046511628, 54.44186046511628]",6.166441437328338,3.0,0.65,True,patches/LIDC-IDRI-0642_n02.npz,96,"[5, 4]","[1, 1]","[6, 6]","[5, 5]","[4, 3]","[2, 1]","[2, 1]","[5, 4]","[3, 2]",2.5,2.5,0.5
LIDC-IDRI-0642,1.3.6.1.4.1.14519.5.2.1.6279.6001.699408489230474820984000839814,0,3,3,False,"[166.9519422321334, 294.634061803122, 61.34177551237124]",6.116256413151791,3.0,0.65,True,patches/LIDC-IDRI-0642_n03.npz,96,"[5, 4, 5]","[1, 1, 1]","[3, 3, 3]","[3, 4, 5]","[5, 5, 5]","[4, 1, 1]","[1, 1, 1]","[5, 5, 5]","[1, 1, 1]",1.0,1.0,0.0
LIDC-IDRI-0642,1.3.6.1.4.1.14519.5.2.1.6279.6001.699408489230474820984000839814,0,4,1,False,"[293.30232558139534, 270.0, 89.48837209302326]",5.553602434456381,3.0,0.65,True,patches/LIDC-IDRI-0642_n04.npz,96,[5],[1],[6],[5],[3],[2],[3],[5],[3],3.0,3.0,0.0
LIDC-IDRI-0643,1.3.6.1.4.1.14519.5.2.1.6279.6001.245391706475696258069508046497,0,0,1,False,"[320.5, 52.53846153846154, 36.0]",6.113279999999998,2.5,0.611328,False,patches/LIDC-IDRI-0643_n00.npz,96,[1],[1],[6],[4],[1],[3],[1],[1],[1],1.0,1.0,0.0
LIDC-IDRI-0643,1.3.6.1.4.1.14519.5.2.1.6279.6001.245391706475696258069508046497,0,1,1,False,"[169.92537313432837, 404.74626865671644, 58.26865671641791]",7.386704328945621,2.5,0.611328,False,patches/LIDC-IDRI-0643_n01.npz,96,[2],[1],[6],[2],[2],[2],[3],[2],[3],3.0,3.0,0.0
LIDC-IDRI-0643,1.3.6.1.4.1.14519.5.2.1.6279.6001.245391706475696258069508046497,0,2,4,False,"[151.48114955436057, 426.2858319247514, 66.6442740724404]",8.00614055401952,2.5,0.611328,False,patches/LIDC-IDRI-0643_n02.npz,96,"[5, 3, 3, 3]","[1, 1, 1, 1]","[6, 6, 6, 6]","[4, 3, 3, 4]","[5, 4, 4, 3]","[2, 2, 1, 2]","[1, 2, 1, 1]","[5, 4, 5, 3]","[3, 3, 2, 2]",2.5,2.5,0.5
LIDC-IDRI-0644,1.3.6.1.4.1.14519.5.2.1.6279.6001.910607280658963002048724648683,0,0,4,False,"[283.5106096571313, 323.4389749442077, 158.43523635625886]",6.121031134478338,1.0,0.76953125,False,patches/LIDC-IDRI-0644_n00.npz,96,"[2, 5, 4, 4]","[1, 1, 1, 1]","[6, 6, 6, 6]","[4, 4, 4, 4]","[3, 5, 4, 4]","[1, 1, 1, 1]","[1, 1, 1, 1]","[4, 5, 5, 5]","[3, 2, 3, 2]",2.5,2.5,0.5
LIDC-IDRI-0645,1.3.6.1.4.1.14519.5.2.1.6279.6001.670107649586205629860363487713,0,0,4,False,"[408.01541768764326, 190.84128173810052, 108.58322791083407]",10.13742630410021,1.25,0.585938,False,patches/LIDC-IDRI-0645_n00.npz,96,"[5, 5, 5, 3]","[1, 1, 1, 1]","[6, 6, 6, 6]","[5, 5, 4, 5]","[5, 3, 4, 4]","[1, 1, 2, 1]","[1, 1, 1, 1]","[5, 5, 5, 4]","[4, 4, 5, 3]",4.0,4.0,0.7071067811865476
LIDC-IDRI-0645,1.3.6.1.4.1.14519.5.2.1.6279.6001.670107649586205629860363487713,0,1,1,False,"[321.463768115942, 366.5217391304348, 212.43478260869566]",9.264493238218705,1.25,0.585938,False,patches/LIDC-IDRI-0645_n01.npz,96,[1],[1],[6],[5],[2],[1],[1],[1],[3],3.0,3.0,0.0
LIDC-IDRI-0647,1.3.6.1.4.1.14519.5.2.1.6279.6001.231834776365874788440767645596,0,0,2,False,"[124.16103896103897, 161.57238095238097, 208.11021645021646]",6.449482980030037,1.25,0.625,False,patches/LIDC-IDRI-0647_n00.npz,96,"[3, 2]","[1, 1]","[6, 6]","[4, 4]","[4, 4]","[2, 1]","[1, 1]","[5, 5]","[4, 3]",3.5,3.5,0.5
LIDC-IDRI-0648,1.3.6.1.4.1.14519.5.2.1.6279.6001.162845309248822193437735868939,0,0,1,False,"[352.76428571428573, 339.0785714285714, 466.87619047619046]",8.279039541368254,1.0,0.646484375,False,patches/LIDC-IDRI-0648_n00.npz,96,[5],[1],[3],[3],[5],[4],[3],[5],[1],1.0,1.0,0.0
LIDC-IDRI-0648,1.3.6.1.4.1.14519.5.2.1.6279.6001.162845309248822193437735868939,0,1,2,False,"[374.4279711438346, 356.7333779562695, 488.5711363974416]",5.244404663634349,1.0,0.646484375,False,patches/LIDC-IDRI-0648_n01.npz,96,"[5, 5]","[1, 1]","[3, 3]","[5, 4]","[5, 5]","[1, 1]","[1, 1]","[5, 5]","[1, 1]",1.0,1.0,0.0
LIDC-IDRI-0648,1.3.6.1.4.1.14519.5.2.1.6279.6001.162845309248822193437735868939,0,2,4,False,"[393.90582881552507, 294.6638300659621, 500.9389802273272]",11.361591853803867,1.0,0.646484375,False,patches/LIDC-IDRI-0648_n02.npz,96,"[5, 5, 5, 5]","[1, 1, 1, 1]","[3, 3, 3, 3]","[4, 5, 5, 5]","[5, 5, 5, 5]","[2, 1, 1, 1]","[1, 1, 1, 1]","[5, 5, 5, 5]","[1, 1, 1, 1]",1.0,1.0,0.0
LIDC-IDRI-0649,1.3.6.1.4.1.14519.5.2.1.6279.6001.202187810895588720702176009630,0,0,4,False,"[331.0480769230769, 64.25988247863248, 67.43108974358975]",5.9931803582108385,1.25,0.703125,False,patches/LIDC-IDRI-0649_n00.npz,96,"[3, 3, 3, 5]","[1, 1, 1, 1]","[3, 3, 3, 3]","[4, 5, 5, 4]","[5, 5, 5, 5]","[1, 1, 1, 1]","[2, 1, 1, 1]","[5, 5, 5, 5]","[1, 1, 1, 1]",1.0,1.0,0.0
LIDC-IDRI-0649,1.3.6.1.4.1.14519.5.2.1.6279.6001.202187810895588720702176009630,0,1,4,False,"[209.49415963659965, 69.39995673804889, 68.58555050832793]",5.35484046506056,1.25,0.703125,False,patches/LIDC-IDRI-0649_n01.npz,96,"[3, 1, 3, 5]","[1, 1, 1, 1]","[3, 3, 3, 6]","[3, 2, 3, 5]","[4, 5, 5, 5]","[1, 2, 1, 1]","[3, 1, 1, 1]","[5, 5, 5, 5]","[1, 1, 1, 1]",1.0,1.0,0.0
LIDC-IDRI-0649,1.3.6.1.4.1.14519.5.2.1.6279.6001.202187810895588720702176009630,0,2,3,False,"[349.6310234305924, 345.4008804892426, 69.02298850574714]",5.096599658205918,1.25,0.703125,False,patches/LIDC-IDRI-0649_n02.npz,96,"[3, 1, 2]","[1, 1, 1]","[3, 3, 3]","[2, 4, 3]","[5, 5, 5]","[1, 2, 1]","[2, 1, 1]","[5, 5, 5]","[1, 1, 1]",1.0,1.0,0.0
LIDC-IDRI-0649,1.3.6.1.4.1.14519.5.2.1.6279.6001.202187810895588720702176009630,0,3,4,False,"[214.5696595856973, 449.5324960416941, 81.08478691120202]",5.5118077221664885,1.25,0.703125,False,patches/LIDC-IDRI-0649_n03.npz,96,"[3, 1, 4, 4]","[1, 1, 1, 1]","[3, 3, 3, 3]","[3, 3, 5, 4]","[5, 5, 5, 5]","[1, 1, 1, 1]","[1, 1, 1, 1]","[5, 5, 5, 5]","[1, 1, 1, 1]",1.0,1.0,0.0
LIDC-IDRI-0649,1.3.6.1.4.1.14519.5.2.1.6279.6001.202187810895588720702176009630,0,4,1,False,"[351.94117647058823, 139.55882352941177, 98.47058823529412]",5.118827265900364,1.25,0.703125,False,patches/LIDC-IDRI-0649_n04.npz,96,[3],[1],[3],[5],[5],[1],[1],[5],[1],1.0,1.0,0.0
LIDC-IDRI-0649,1.3.6.1.4.1.14519.5.2.1.6279.6001.202187810895588720702176009630,0,5,4,False,"[270.59460106623294, 455.73311855759675, 101.49539135753557]",5.021784771027384,1.25,0.703125,False,patches/LIDC-IDRI-0649_n05.npz,96,"[3, 1, 2, 5]","[1, 1, 1, 1]","[3, 3, 6, 6]","[2, 3, 4, 4]","[4, 5, 5, 5]","[1, 1, 1, 1]","[2, 1, 1, 1]","[5, 5, 5, 5]","[1, 1, 1, 1]",1.0,1.0,0.0
LIDC-IDRI-0649,1.3.6.1.4.1.14519.5.2.1.6279.6001.202187810895588720702176009630,0,6,4,False,"[184.58786536704966, 100.52383232109568, 121.77648069804337]",6.080064713810362,1.25,0.703125,False,patches/LIDC-IDRI-0649_n06.npz,96,"[5, 2, 4, 4]","[1, 1, 1, 1]","[3, 3, 3, 3]","[4, 4, 5, 4]","[5, 5, 5, 5]","[1, 2, 1, 1]","[2, 1, 1, 1]","[5, 5, 5, 5]","[1, 1, 1, 1]",1.0,1.0,0.0
LIDC-IDRI-0649,1.3.6.1.4.1.14519.5.2.1.6279.6001.202187810895588720702176009630,0,7,4,False,"[242.10745570454355, 77.8079331750481, 136.52434877311524]",5.3749651575204656,1.25,0.703125,False,patches/LIDC-IDRI-0649_n07.npz,96,"[3, 2, 4, 5]","[1, 1, 1, 1]","[3, 3, 3, 6]","[3, 2, 2, 4]","[3, 4, 5, 5]","[1, 3, 1, 1]","[2, 1, 1, 1]","[4, 5, 5, 5]","[1, 1, 1, 1]",1.0,1.0,0.0
LIDC-IDRI-0649,1.3.6.1.4.1.14519.5.2.1.6279.6001.202187810895588720702176009630,0,8,2,False,"[324.02061614541566, 177.792101042502, 149.14404570970328]",11.174235317217654,1.25,0.703125,False,patches/LIDC-IDRI-0649_n08.npz,96,"[2, 2]","[1, 1]","[6, 6]","[2, 3]","[2, 2]","[1, 2]","[1, 1]","[3, 4]","[3, 3]",3.0,3.0,0.0
LIDC-IDRI-0649,1.3.6.1.4.1.14519.5.2.1.6279.6001.202187810895588720702176009630,0,9,3,False,"[235.43651676106455, 412.705390685494, 200.92007325624897]",6.971248962956082,1.25,0.703125,False,patches/LIDC-IDRI-0649_n09.npz,96,"[2, 1, 4]","[1, 1, 1]","[3, 3, 3]","[2, 1, 3]","[4, 5, 5]","[1, 2, 1]","[1, 1, 1]","[5, 5, 5]","[1, 1, 1]",1.0,1.0,0.0
LIDC-IDRI-0649,1.3.6.1.4.1.14519.5.2.1.6279.6001.202187810895588720702176009630,0,10,4,False,"[244.25364774114774, 291.8842567155067, 207.56079822954823]",5.45280442237644,1.25,0.703125,False,patches/LIDC-IDRI-0649_n10.npz,96,"[3, 2, 3, 5]","[1, 1, 1, 1]","[3, 3, 3, 3]","[2, 2, 3, 3]","[5, 5, 5, 5]","[1, 3, 1, 1]","[3, 1, 1, 1]","[5, 5, 5, 5]","[1, 1, 1, 1]",1.0,1.0,0.0
LIDC-IDRI-0650,1.3.6.1.4.1.14519.5.2.1.6279.6001.276351267409869539593937734609,0,0,2,False,"[317.03892288861687, 177.37268461852307, 205.29404324765403]",8.38408042854229,1.25,0.585938,False,patches/LIDC-IDRI-0650_n00.npz,96,"[5, 4]","[1, 1]","[6, 6]","[5, 4]","[4, 5]","[1, 2]","[1, 1]","[4, 5]","[4, 4]",4.0,4.0,0.0
LIDC-IDRI-0651,1.3.6.1.4.1.14519.5.2.1.6279.6001.397522780537301776672854630421,0,0,4,False,"[353.85559527730925, 115.77366071333333, 119.76540439484975]",13.624832458532039,0.9,0.60546875,False,patches/LIDC-IDRI-0651_n00.npz,96,"[4, 5, 4, 5]","[1, 1, 1, 1]","[6, 6, 6, 6]","[3, 4, 3, 4]","[4, 4, 4, 4]","[1, 2, 2, 1]","[1, 2, 2, 1]","[5, 5, 4, 5]","[3, 4, 3, 3]",3.25,3.0,0.4330127018922193
LIDC-IDRI-0651,1.3.6.1.4.1.14519.5.2.1.6279.6001.397522780537301776672854630421,0,1,2,False,"[172.21781609195403, 60.98026819923372, 246.64885057471264]",6.15928397095063,0.9,0.60546875,False,patches/LIDC-IDRI-0651_n01.npz,96,"[1, 5]","[1, 1]","[6, 6]","[3, 4]","[3, 4]","[1, 1]","[2, 1]","[1, 5]","[3, 3]",3.0,3.0,0.0
LIDC-IDRI-0651,1.3.6.1.4.1.14519.5.2.1.6279.6001.397522780537301776672854630421,0,2,4,False,"[333.6076668229743, 287.04192376822596, 494.4614758239357]",15.038768125837871,0.9,0.60546875,False,patches/LIDC-IDRI-0651_n02.npz,96,"[4, 5, 4, 5]","[1, 1, 1, 1]","[6, 6, 1, 6]","[3, 3, 4, 5]","[4, 5, 5, 5]","[1, 1, 2, 1]","[1, 1, 1, 1]","[5, 5, 5, 5]","[3, 4, 3, 3]",3.25,3.0,0.4330127018922193
LIDC-IDRI-0651,1.3.6.1.4.1.14519.5.2.1.6279.6001.397522780537301776672854630421,0,3,2,False,"[336.4708310964542, 358.52578162947054, 497.0671702840197]",5.764859229048325,0.9,0.60546875,False,patches/LIDC-IDRI-0651_n03.npz,96,"[4, 5]","[1, 1]","[6, 3]","[5, 4]","[5, 5]","[1, 1]","[1, 1]","[5, 5]","[3, 1]",2.0,2.0,1.0
LIDC-IDRI-0652,1.3.6.1.4.1.14519.5.2.1.6279.6001.152684536713461901635595118048,0,0,2,False,"[169.15, 421.60526315789474, 62.5125]",5.574185778633675,2.5,0.683594,False,patches/LIDC-IDRI-0652_n00.npz,96,"[5, 4]","[1, 1]","[6, 6]","[5, 5]","[5, 5]","[1, 1]","[1, 1]","[5, 5]","[3, 1]",2.0,2.0,1.0
LIDC-IDRI-0652,1.3.6.1.4.1.14519.5.2.1.6279.6001.152684536713461901635595118048,0,1,1,False,"[290.5208333333333, 434.1041666666667, 124.52083333333333]",6.732620100160974,2.5,0.683594,False,patches/LIDC-IDRI-0652_n01.npz,96,[5],[1],[6],[2],[5],[1],[1],[5],[3],3.0,3.0,0.0
LIDC-IDRI-0654,1.3.6.1.4.1.14519.5.2.1.6279.6001.143813757344903170810482790787,0,0,2,False,"[102.86043956043956, 159.2896103896104, 95.48761238761239]",5.377254301261804,1.25,0.664062,False,patches/LIDC-IDRI-0654_n00.npz,96,"[5, 4]","[1, 1]","[6, 6]","[2, 4]","[4, 5]","[1, 1]","[2, 1]","[5, 5]","[3, 3]",3.0,3.0,0.0
LIDC-IDRI-0655,1.3.6.1.4.1.14519.5.2.1.6279.6001.204303454658845815034433453512,0,0,2,False,"[168.85522650193798, 47.40406976744186, 136.2188105620155]",5.688935803494017,0.75,0.6484375,False,patches/LIDC-IDRI-0655_n00.npz,96,"[2, 5]","[1, 1]","[6, 6]","[2, 3]","[4, 4]","[1, 1]","[4, 1]","[5, 4]","[2, 3]",2.5,2.5,0.5
LIDC-IDRI-0655,1.3.6.1.4.1.14519.5.2.1.6279.6001.204303454658845815034433453512,0,1,4,False,"[269.24185983276783, 42.23782396574684, 208.70117224700903]",6.903617995100624,0.75,0.6484375,False,patches/LIDC-IDRI-0655_n01.npz,96,"[4, 4, 5, 3]","[1, 1, 1, 1]","[6, 6, 6, 6]","[5, 5, 5, 5]","[5, 4, 4, 5]","[1, 2, 1, 1]","[1, 2, 1, 1]","[5, 5, 5, 5]","[2, 3, 4, 2]",2.75,2.5,0.82915619758885
LIDC-IDRI-0655,1.3.6.1.4.1.14519.5.2.1.6279.6001.204303454658845815034433453512,0,2,2,False,"[226.8735280103465, 484.74897896671433, 215.2065039820298]",6.567751935024431,0.75,0.6484375,False,patches/LIDC-IDRI-0655_n02.npz,96,"[3, 5]","[1, 1]","[6, 6]","[5, 4]","[4, 4]","[1, 1]","[1, 1]","[5, 4]","[2, 3]",2.5,2.5,0.5
LIDC-IDRI-0655,1.3.6.1.4.1.14519.5.2.1.6279.6001.204303454658845815034433453512,0,3,2,False,"[84.06227525335078, 164.26250408630273, 283.9879045439686]",6.52477648122009,0.75,0.6484375,False,patches/LIDC-IDRI-0655_n03.npz,96,"[3, 5]","[1, 1]","[6, 6]","[3, 4]","[3, 4]","[1, 1]","[1, 1]","[5, 4]","[2, 3]",2.5,2.5,0.5
LIDC-IDRI-0655,1.3.6.1.4.1.14519.5.2.1.6279.6001.204303454658845815034433453512,0,4,4,False,"[100.38731732094287, 150.2023803337457, 298.3692878102797]",8.427644648328013,0.75,0.6484375,False,patches/LIDC-IDRI-0655_n04.npz,96,"[4, 4, 5, 4]","[1, 1, 1, 1]","[6, 6, 6, 6]","[4, 3, 3, 3]","[4, 4, 4, 5]","[1, 1, 1, 1]","[1, 2, 1, 1]","[5, 5, 4, 5]","[3, 3, 4, 3]",3.25,3.0,0.4330127018922193
LIDC-IDRI-0655,1.3.6.1.4.1.14519.5.2.1.6279.6001.204303454658845815034433453512,0,5,4,False,"[290.0044026480631, 60.16375545205344, 299.37973070873716]",22.24780951982539,0.75,0.6484375,False,patches/LIDC-IDRI-0655_n05.npz,96,"[5, 4, 5, 5]","[1, 1, 1, 1]","[6, 6, 6, 6]","[2, 2, 4, 4]","[1, 2, 4, 4]","[4, 5, 5, 2]","[2, 4, 2, 5]","[3, 5, 4, 5]","[5, 4, 4, 4]",4.25,4.0,0.4330127018922193
LIDC-IDRI-0655,1.3.6.1.4.1.14519.5.2.1.6279.6001.204303454658845815034433453512,0,6,4,False,"[348.5611009011466, 195.62478226903733, 494.19009556459343]",9.378933738134744,0.75,0.6484375,False,patches/LIDC-IDRI-0655_n06.npz,96,"[3, 4, 5, 3]","[1, 1, 1, 1]","[6, 6, 6, 6]","[2, 2, 2, 5]","[4, 4, 4, 5]","[1, 2, 1, 2]","[1, 3, 1, 2]","[5, 5, 4, 5]","[2, 3, 3, 2]",2.5,2.5,0.5
LIDC-IDRI-0655,1.3.6.1.4.1.14519.5.2.1.6279.6001.204303454658845815034433453512,0,7,4,False,"[338.12658504917914, 185.8433921194171, 504.7576188761959]",7.530760648551826,0.75,0.6484375,False,patches/LIDC-IDRI-0655_n07.npz,96,"[3, 4, 5, 3]","[1, 1, 1, 1]","[6, 3, 6, 6]","[2, 3, 3, 5]","[4, 5, 4, 5]","[1, 1, 1, 1]","[1, 2, 1, 1]","[5, 5, 4, 5]","[2, 1, 3, 2]",2.0,2.0,0.7071067811865476
LIDC-IDRI-0656,1.3.6.1.4.1.14519.5.2.1.6279.6001.252814707117018427472206147014,0,0,4,False,"[358.8410997850357, 321.7561080404774, 103.21483247610645]",8.04168444439042,1.25,0.703125,False,patches/LIDC-IDRI-0656_n00.npz,96,"[3, 4, 4, 1]","[1, 1, 1, 1]","[6, 6, 6, 6]","[3, 2, 2, 3]","[4, 4, 4, 4]","[2, 3, 2, 2]","[1, 2, 1, 1]","[4, 5, 5, 5]","[3, 2, 2, 3]",2.5,2.5,0.5
LIDC-IDRI-0656,1.3.6.1.4.1.14519.5.2.1.6279.6001.252814707117018427472206147014,0,1,3,False,"[212.03381564779815, 82.19615347037774, 136.16960577830557]",8.85863617561135,1.25,0.703125,False,patches/LIDC-IDRI-0656_n01.npz,96,"[3, 5, 4]","[1, 1, 1]","[6, 6, 6]","[3, 2, 3]","[4, 3, 4]","[2, 3, 2]","[2, 2, 2]","[5, 5, 5]","[3, 3, 4]",3.3333333333333335,3.0,0.4714045207910317
LIDC-IDRI-0657,1.3.6.1.4.1.14519.5.2.1.6279.6001.113586291551175790743673929831,0,0,2,False,"[362.3019222903886, 163.18952965235172, 293.3547511929107]",7.678849485903022,1.25,0.703125,False,patches/LIDC-IDRI-0657_n00.npz,96,"[3, 4]","[1, 1]","[6, 6]","[3, 2]","[3, 4]","[3, 2]","[2, 1]","[5, 5]","[3, 5]",4.0,4.0,1.0
LIDC-IDRI-0658,1.3.6.1.4.1.14519.5.2.1.6279.6001.167919147233131417984739058859,0,0,4,False,"[336.35761151986264, 199.38104119302923, 246.96753380815056]",9.193352093533393,1.25,0.669922,False,patches/LIDC-IDRI-0658_n00.npz,96,"[4, 4, 5, 5]","[1, 1, 1, 1]","[6, 3, 5, 6]","[2, 4, 4, 4]","[4, 4, 3, 3]","[2, 1, 1, 4]","[3, 1, 1, 5]","[5, 5, 5, 5]","[5, 1, 1, 5]",3.0,3.0,2.0
LIDC-IDRI-0659,1.3.6.1.4.1.14519.5.2.1.6279.6001.130036599816889919308975074972,0,0,1,False,"[205.8664812239221, 180.35605006954103, 69.53546592489569]",17.682027988031557,2.0,0.6640625,False,patches/LIDC-IDRI-0659_n00.npz,96,[2],[1],[6],[4],[2],[1],[1],[1],[2],2.0,2.0,0.0
LIDC-IDRI-0659,1.3.6.1.4.1.14519.5.2.1.6279.6001.130036599816889919308975074972,0,1,1,False,"[161.34883720930233, 177.07441860465116, 102.65581395348838]",13.429832932604048,2.0,0.6640625,False,patches/LIDC-IDRI-0659_n01.npz,96,[2],[1],[6],[3],[2],[3],[1],[1],[3],3.0,3.0,0.0
LIDC-IDRI-0659,1.3.6.1.4.1.14519.5.2.1.6279.6001.130036599816889919308975074972,0,2,1,False,"[174.64367816091954, 392.0478927203065, 113.70114942528735]",27.34776756199672,2.0,0.6640625,False,patches/LIDC-IDRI-0659_n02.npz,96,[4],[1],[6],[5],[2],[1],[1],[1],[3],3.0,3.0,0.0
LIDC-IDRI-0659,1.3.6.1.4.1.14519.5.2.1.6279.6001.130036599816889919308975074972,0,3,4,False,"[170.13888757861633, 113.50426362683439, 118.86633647798742]",7.968734321977259,2.0,0.6640625,False,patches/LIDC-IDRI-0659_n03.npz,96,"[4, 4, 3, 5]","[1, 1, 1, 1]","[6, 6, 6, 6]","[4, 3, 3, 5]","[5, 4, 4, 5]","[1, 2, 3, 3]","[1, 2, 2, 3]","[5, 5, 4, 5]","[3, 2, 3, 4]",3.0,3.0,0.7071067811865476
LIDC-IDRI-0659,1.3.6.1.4.1.14519.5.2.1.6279.6001.130036599816889919308975074972,0,4,1,False,"[136.0, 134.05882352941177, 119.0]",4.454666673925362,2.0,0.6640625,False,patches/LIDC-IDRI-0659_n04.npz,96,[2],[1],[6],[3],[2],[3],[2],[3],[3],3.0,3.0,0.0
LIDC-IDRI-0660,1.3.6.1.4.1.14519.5.2.1.6279.6001.226456162308124493341905600418,0,0,1,False,"[410.4512195121951, 313.780487804878, 93.04878048780488]",8.215576254967408,1.25,0.589844,False,patches/LIDC-IDRI-0660_n00.npz,96,[3],[1],[6],[3],[1],[1],[1],[2],[3],3.0,3.0,0.0
LIDC-IDRI-0660,1.3.6.1.4.1.14519.5.2.1.6279.6001.226456162308124493341905600418,0,1,2,False,"[360.28684348739495, 87.93988970588236, 105.75015756302521]",8.893200636027249,1.25,0.589844,False,patches/LIDC-IDRI-0660_n01.npz,96,"[1, 3]","[1, 1]","[6, 6]","[4, 4]","[1, 3]","[1, 2]","[1, 2]","[1, 1]","[3, 3]",3.0,3.0,0.0
LIDC-IDRI-0660,1.3.6.1.4.1.14519.5.2.1.6279.6001.226456162308124493341905600418,0,2,2,False,"[292.28960597323874, 68.3515007022991, 106.5878243512974]",11.518065767459515,1.25,0.589844,False,patches/LIDC-IDRI-0660_n02.npz,96,"[1, 2]","[1, 1]","[6, 6]","[2, 3]","[1, 2]","[1, 2]","[1, 2]","[1, 1]","[3, 3]",3.0,3.0,0.0
LIDC-IDRI-0660,1.3.6.1.4.1.14519.5.2.1.6279.6001.226456162308124493341905600418,0,3,3,False,"[312.46580661675057, 426.77546823436296, 122.20462109113193]",16.468925826056577,1.25,0.589844,False,patches/LIDC-IDRI-0660_n03.npz,96,"[4, 2, 3]","[1, 1, 1]","[6, 6, 6]","[3, 4, 3]","[3, 1, 2]","[2, 2, 2]","[1, 1, 2]","[2, 1, 1]","[4, 3, 3]",3.3333333333333335,3.0,0.4714045207910317
LIDC-IDRI-0660,1.3.6.1.4.1.14519.5.2.1.6279.6001.226456162308124493341905600418,0,4,4,False,"[360.6875462877607, 404.98476468637364, 135.89040872675258]",10.444586554718619,1.25,0.589844,False,patches/LIDC-IDRI-0660_n04.npz,96,"[4, 4, 4, 5]","[1, 1, 1, 1]","[6, 6, 6, 6]","[3, 4, 5, 3]","[3, 1, 2, 2]","[3, 4, 3, 3]","[2, 1, 3, 2]","[5, 4, 4, 4]","[5, 3, 4, 4]",4.0,4.0,0.7071067811865476
LIDC-IDRI-0660,1.3.6.1.4.1.14519.5.2.1.6279.6001.226456162308124493341905600418,0,5,1,False,"[368.4901960784314, 123.25490196078431, 184.40196078431373]",8.506851146099116,1.25,0.589844,False,patches/LIDC-IDRI-0660_n05.npz,96,[3],[1],[6],[3],[1],[1],[2],[3],[3],3.0,3.0,0.0
LIDC-IDRI-0660,1.3.6.1.4.1.14519.5.2.1.6279.6001.226456162308124493341905600418,0,6,1,False,"[262.2125, 98.15, 186.025]",7.199963590606829,1.25,0.589844,False,patches/LIDC-IDRI-0660_n06.npz,96,[3],[1],[6],[4],[1],[1],[3],[3],[3],3.0,3.0,0.0
LIDC-IDRI-0661,1.3.6.1.4.1.14519.5.2.1.6279.6001.185226274332527104841463955058,0,0,1,False,"[250.76271186440678, 428.6779661016949, 77.88135593220339]",6.758443666606079,1.25,0.791016,False,patches/LIDC-IDRI-0661_n00.npz,96,[3],[1],[6],[3],[4],[1],[2],[5],[2],2.0,2.0,0.0
LIDC-IDRI-0661,1.3.6.1.4.1.14519.5.2.1.6279.6001.185226274332527104841463955058,0,1,4,False,"[268.5480704155654, 427.5211383997529, 78.94916382052426]",9.196891451617585,1.25,0.791016,False,patches/LIDC-IDRI-0661_n01.npz,96,"[1, 2, 4, 3]","[1, 1, 1, 1]","[6, 6, 6, 6]","[3, 3, 4, 2]","[5, 4, 5, 4]","[1, 1, 2, 2]","[1, 1, 1, 1]","[5, 5, 5, 5]","[3, 3, 3, 2]",2.75,3.0,0.4330127018922193
LIDC-IDRI-0661,1.3.6.1.4.1.14519.5.2.1.6279.6001.185226274332527104841463955058,0,2,1,False,"[222.5, 162.22727272727272, 104.52272727272727]",6.804576923434993,1.25,0.791016,False,patches/LIDC-IDRI-0661_n02.npz,96,[1],[1],[6],[3],[4],[1],[1],[5],[3],3.0,3.0,0.0
LIDC-IDRI-0661,1.3.6.1.4.1.14519.5.2.1.6279.6001.185226274332527104841463955058,0,3,3,False,"[204.50450450450452, 135.56756756756758, 113.49549549549549]",6.053418886105097,1.25,0.791016,False,patches/LIDC-IDRI-0661_n03.npz,96,"[1, 3, 2]","[1, 1, 1]","[6, 6, 6]","[4, 4, 3]","[3, 5, 4]","[1, 2, 1]","[1, 1, 3]","[5, 5, 5]","[3, 2, 2]",2.3333333333333335,2.0,0.4714045207910317
LIDC-IDRI-0661,1.3.6.1.4.1.14519.5.2.1.6279.6001.185226274332527104841463955058,0,4,2,False,"[286.46942314713397, 154.71819094560058, 187.58712121212122]",46.01761220168004,1.25,0.791016,False,patches/LIDC-IDRI-0661_n04.npz,96,"[5, 5]","[1, 1]","[6, 6]","[4, 3]","[3, 4]","[1, 3]","[3, 4]","[5, 5]","[5, 5]",5.0,5.0,0.0
LIDC-IDRI-0662,1.3.6.1.4.1.14519.5.2.1.6279.6001.226564372605239604660221582288,0,0,1,False,"[243.80769230769232, 370.4230769230769, 76.21153846153847]",7.605459721681853,1.25,0.703125,False,patches/LIDC-IDRI-0662_n00.npz,96,[1],[1],[6],[2],[4],[1],[1],[5],[3],3.0,3.0,0.0
LIDC-IDRI-0662,1.3.6.1.4.1.14519.5.2.1.6279.6001.226564372605239604660221582288,0,1,2,False,"[216.84625668449198, 162.06075460487227, 142.59031491384434]",8.309986243985156,1.25,0.703125,False,patches/LIDC-IDRI-0662_n01.npz,96,"[3, 4]","[1, 1]","[6, 6]","[2, 3]","[4, 5]","[2, 1]","[1, 1]","[4, 5]","[2, 1]",1.5,1.5,0.5
LIDC-IDRI-0662,1.3.6.1.4.1.14519.5.2.1.6279.6001.226564372605239604660221582288,0,2,1,False,"[310.1111111111111, 116.09722222222223, 151.95833333333334]",8.016858457728313,1.25,0.703125,False,patches/LIDC-IDRI-0662_n02.npz,96,[4],[1],[6],[3],[5],[1],[1],[5],[2],2.0,2.0,0.0
LIDC-IDRI-0662,1.3.6.1.4.1.14519.5.2.1.6279.6001.226564372605239604660221582288,0,3,2,False,"[339.52173913043475, 224.10461956521738, 157.02083333333331]",5.393801122586391,1.25,0.703125,False,patches/LIDC-IDRI-0662_n03.npz,96,"[2, 3]","[1, 1]","[6, 6]","[5, 4]","[4, 4]","[1, 1]","[1, 1]","[4, 5]","[3, 3]",3.0,3.0,0.0
LIDC-IDRI-0662,1.3.6.1.4.1.14519.5.2.1.6279.6001.226564372605239604660221582288,0,4,1,False,"[296.0612244897959, 116.71428571428571, 161.8673469387755]",6.007502633426389,1.25,0.703125,False,patches/LIDC-IDRI-0662_n04.npz,96,[4],[1],[6],[4],[5],[1],[2],[5],[2],2.0,2.0,0.0
LIDC-IDRI-0662,1.3.6.1.4.1.14519.5.2.1.6279.6001.226564372605239604660221582288,0,5,2,False,"[213.2227068793619, 364.23454636091725, 173.67833998005983]",5.4584722759626,1.25,0.703125,False,patches/LIDC-IDRI-0662_n05.npz,96,"[1, 2]","[1, 1]","[6, 6]","[3, 2]","[4, 4]","[2, 1]","[1, 1]","[5, 5]","[3, 2]",2.5,2.5,0.5
LIDC-IDRI-0663,1.3.6.1.4.1.14519.5.2.1.6279.6001.147250707071097813243473865421,0,0,2,False,"[137.54248768472905, 134.93636083743843, 241.46748768472906]",6.15696641121275,1.25,0.644531,False,patches/LIDC-IDRI-0663_n00.npz,96,"[4, 3]","[1, 1]","[6, 6]","[3, 3]","[4, 4]","[2, 2]","[2, 3]","[5, 2]","[5, 3]",4.0,4.0,1.0
LIDC-IDRI-0663,1.3.6.1.4.1.14519.5.2.1.6279.6001.147250707071097813243473865421,0,1,3,False,"[352.8492334737427, 214.76591149704916, 292.85429637638725]",9.1710103324746,1.25,0.644531,False,patches/LIDC-IDRI-0663_n01.npz,96,"[5, 3, 4]","[1, 1, 1]","[6, 6, 6]","[3, 3, 3]","[5, 3, 2]","[1, 1, 4]","[1, 1, 2]","[5, 3, 2]","[2, 3, 3]",2.6666666666666665,3.0,0.4714045207910317
LIDC-IDRI-0663,1.3.6.1.4.1.14519.5.2.1.6279.6001.147250707071097813243473865421,0,2,3,False,"[268.9363194311564, 361.59482177653376, 415.64247691829223]",9.219791063261376,1.25,0.644531,False,patches/LIDC-IDRI-0663_n02.npz,96,"[5, 5, 4]","[1, 1, 1]","[6, 6, 6]","[4, 4, 5]","[4, 3, 2]","[2, 1, 4]","[1, 2, 2]","[5, 3, 1]","[4, 4, 4]",4.0,4.0,0.0
LIDC-IDRI-0664,1.3.6.1.4.1.14519.5.2.1.6279.6001.317613170669207528926259976488,0,0,1,False,"[237.17006802721087, 94.72789115646259, 368.97278911564626]",6.347894167849425,1.25,0.644531,False,patches/LIDC-IDRI-0664_n00.npz,96,[5],[1],[6],[3],[4],[2],[1],[5],[4],4.0,4.0,0.0
LIDC-IDRI-0666,1.3.6.1.4.1.14519.5.2.1.6279.6001.325580698241281352835338693869,0,0,1,False,"[337.1475409836066, 418.2950819672131, 48.90163934426229]",5.625,2.5,0.625,False,patches/LIDC-IDRI-0666_n00.npz,96,[5],[1],[6],[3],[1],[1],[1],[1],[2],2.0,2.0,0.0
LIDC-IDRI-0666,1.3.6.1.4.1.14519.5.2.1.6279.6001.325580698241281352835338693869,0,1,1,False,"[376.6092715231788, 137.74172185430464, 56.841059602649004]",10.019512213675874,2.5,0.625,False,patches/LIDC-IDRI-0666_n01.npz,96,[5],[1],[6],[3],[3],[1],[1],[1],[2],2.0,2.0,0.0
LIDC-IDRI-0666,1.3.6.1.4.1.14519.5.2.1.6279.6001.325580698241281352835338693869,0,2,2,False,"[379.4088851160159, 198.68732314657612, 80.20090548953027]",5.0499302659942,2.5,0.625,False,patches/LIDC-IDRI-0666_n02.npz,96,"[5, 2]","[1, 1]","[6, 6]","[3, 5]","[4, 4]","[1, 1]","[1, 1]","[5, 5]","[3, 2]",2.5,2.5,0.5
LIDC-IDRI-0666,1.3.6.1.4.1.14519.5.2.1.6279.6001.325580698241281352835338693869,0,3,1,False,"[330.7151515151515, 397.6, 96.5939393939394]",11.180339887498949,2.5,0.625,False,patches/LIDC-IDRI-0666_n03.npz,96,[4],[1],[6],[3],[1],[1],[1],[1],[2],2.0,2.0,0.0
LIDC-IDRI-0666,1.3.6.1.4.1.14519.5.2.1.6279.6001.325580698241281352835338693869,0,4,1,False,"[362.15492957746477, 188.35211267605635, 112.09859154929578]",7.126096406869612,2.5,0.625,False,patches/LIDC-IDRI-0666_n04.npz,96,[5],[1],[6],[3],[5],[1],[1],[5],[3],3.0,3.0,0.0
LIDC-IDRI-0669,1.3.6.1.4.1.14519.5.2.1.6279.6001.980362852713685276785310240144,0,0,2,False,"[243.64306044998642, 132.52354974247766, 373.895432366495]",6.19304523253028,1.25,0.703125,False,patches/LIDC-IDRI-0669_n00.npz,96,"[2, 4]","[1, 1]","[6, 6]","[4, 4]","[3, 5]","[1, 1]","[1, 1]","[3, 5]","[2, 3]",2.5,2.5,0.5
LIDC-IDRI-0670,1.3.6.1.4.1.14519.5.2.1.6279.6001.139595277234735528205899724196,0,0,1,False,"[236.44565217391303, 187.94565217391303, 127.38586956521739]",11.423961527099793,2.0,0.60546875,False,patches/LIDC-IDRI-0670_n00.npz,96,[1],[1],[6],[2],[1],[1],[1],[1],[4],4.0,4.0,0.0
LIDC-IDRI-0671,1.3.6.1.4.1.14519.5.2.1.6279.6001.964952370561266624992539111877,0,0,1,False,"[192.02158273381295, 117.97122302158273, 113.99280575539568]",9.787576571929351,1.25,0.683594,False,patches/LIDC-IDRI-0671_n00.npz,96,[3],[1],[6],[2],[4],[2],[2],[4],[3],3.0,3.0,0.0
LIDC-IDRI-0671,1.3.6.1.4.1.14519.5.2.1.6279.6001.964952370561266624992539111877,0,1,1,False,"[172.64835164835165, 151.21978021978023, 158.6153846153846]",6.9713182907498865,1.25,0.683594,False,patches/LIDC-IDRI-0671_n01.npz,96,[2],[1],[6],[3],[3],[2],[2],[4],[3],3.0,3.0,0.0
LIDC-IDRI-0671,1.3.6.1.4.1.14519.5.2.1.6279.6001.964952370561266624992539111877,0,2,4,False,"[307.57545542737466, 221.12289764214142, 194.1661999110769]",14.06887599371533,1.25,0.683594,False,patches/LIDC-IDRI-0671_n02.npz,96,"[4, 4, 4, 5]","[1, 1, 1, 1]","[6, 6, 6, 6]","[3, 4, 3, 4]","[4, 4, 3, 3]","[2, 3, 2, 3]","[1, 2, 2, 3]","[5, 5, 4, 5]","[4, 4, 3, 4]",3.75,4.0,0.4330127018922193
LIDC-IDRI-0671,1.3.6.1.4.1.14519.5.2.1.6279.6001.964952370561266624992539111877,0,3,4,False,"[193.38018231447444, 190.0727265846507, 199.45977537732358]",19.719690125169535,1.25,0.683594,False,patches/LIDC-IDRI-0671_n03.npz,96,"[5, 5, 5, 5]","[1, 1, 1, 1]","[6, 6, 6, 6]","[3, 4, 4, 4]","[3, 5, 4, 2]","[3, 3, 2, 4]","[3, 3, 3, 3]","[5, 5, 5, 5]","[5, 5, 3, 4]",4.25,4.5,0.82915619758885
LIDC-IDRI-0671,1.3.6.1.4.1.14519.5.2.1.6279.6001.964952370561266624992539111877,0,4,1,False,"[195.52941176470588, 171.41176470588235, 201.01960784313727]",4.5856879590329696,1.25,0.683594,False,patches/LIDC-IDRI-0671_n04.npz,96,[1],[1],[6],[4],[4],[1],[1],[4],[3],3.0,3.0,0.0
LIDC-IDRI-0671,1.3.6.1.4.1.14519.5.2.1.6279.6001.964952370561266624992539111877,0,5,3,False,"[247.59165830638787, 382.45664179063414, 202.3898561542962]",6.001314415016349,1.25,0.683594,False,patches/LIDC-IDRI-0671_n05.npz,96,"[2, 2, 4]","[1, 1, 1]","[6, 6, 6]","[3, 3, 3]","[5, 4, 4]","[1, 1, 2]","[1, 2, 2]","[5, 4, 5]","[3, 3, 3]",3.0,3.0,0.0
LIDC-IDRI-0671,1.3.6.1.4.1.14519.5.2.1.6279.6001.964952370561266624992539111877,0,6,4,False,"[203.51022011671725, 375.8099037240286, 204.0563058451909]",7.188209607336297,1.25,0.683594,False,patches/LIDC-IDRI-0671_n06.npz,96,"[4, 3, 3, 5]","[1, 1, 1, 1]","[6, 6, 6, 6]","[3, 5, 5, 5]","[4, 5, 4, 4]","[1, 1, 2, 1]","[1, 1, 1, 1]","[5, 5, 4, 5]","[4, 3, 3, 3]",3.25,3.0,0.4330127018922193
LIDC-IDRI-0672,1.3.6.1.4.1.14519.5.2.1.6279.6001.329334252028672866365623335798,0,0,4,False,"[163.2935943946507, 86.29213335283521, 179.57753714147327]",6.948114551161504,1.25,0.742188,False,patches/LIDC-IDRI-0672_n00.npz,96,"[3, 3, 4, 4]","[1, 1, 1, 1]","[6, 6, 6, 6]","[5, 2, 4, 5]","[5, 4, 4, 5]","[1, 2, 1, 1]","[1, 1, 2, 1]","[5, 5, 5, 5]","[2, 1, 3, 3]",2.25,2.5,0.82915619758885
LIDC-IDRI-0673,1.3.6.1.4.1.14519.5.2.1.6279.6001.119209873306155771318545953948,0,0,4,False,"[154.4506537651755, 202.12371890402915, 198.7155367899925]",9.30979623797839,1.25,0.644531,False,patches/LIDC-IDRI-0673_n00.npz,96,"[5, 5, 4, 5]","[1, 1, 1, 1]","[6, 6, 6, 6]","[3, 3, 3, 3]","[4, 5, 5, 5]","[1, 1, 1, 2]","[1, 1, 1, 2]","[5, 5, 5, 5]","[3, 2, 3, 4]",3.0,3.0,0.7071067811865476
LIDC-IDRI-0673,1.3.6.1.4.1.14519.5.2.1.6279.6001.119209873306155771318545953948,0,1,4,False,"[151.55234930153023, 139.76144804391316, 272.06309333152717]",9.429413158494759,1.25,0.644531,False,patches/LIDC-IDRI-0673_n01.npz,96,"[5, 5, 4, 5]","[1, 1, 1, 1]","[6, 6, 6, 6]","[3, 4, 3, 5]","[4, 4, 5, 5]","[2, 1, 1, 1]","[4, 1, 1, 1]","[5, 5, 5, 5]","[3, 3, 3, 2]",2.75,3.0,0.4330127018922193
LIDC-IDRI-0673,1.3.6.1.4.1.14519.5.2.1.6279.6001.119209873306155771318545953948,0,2,1,False,"[352.6779661016949, 127.90677966101696, 408.93220338983053]",4.557522407849471,1.25,0.644531,False,patches/LIDC-IDRI-0673_n02.npz,96,[5],[1],[6],[4],[5],[1],[1],[5],[3],3.0,3.0,0.0
LIDC-IDRI-0673,1.3.6.1.4.1.14519.5.2.1.6279.6001.119209873306155771318545953948,0,3,1,False,"[345.5, 132.36170212765958, 429.8936170212766]",6.477456383956675,1.25,0.644531,False,patches/LIDC-IDRI-0673_n03.npz,96,[5],[1],[6],[3],[4],[1],[1],[5],[2],2.0,2.0,0.0
LIDC-IDRI-0673,1.3.6.1.4.1.14519.5.2.1.6279.6001.119209873306155771318545953948,0,4,2,False,"[312.4477163461538, 317.16796875, 476.6878004807692]",5.372539147082215,1.25,0.644531,False,patches/LIDC-IDRI-0673_n04.npz,96,"[5, 5]","[1, 1]","[6, 6]","[4, 4]","[4, 5]","[2, 1]","[2, 1]","[5, 5]","[2, 3]",2.5,2.5,0.5
LIDC-IDRI-0674,1.3.6.1.4.1.14519.5.2.1.6279.6001.308655308958459380153492314021,0,0,1,False,"[393.7313432835821, 308.5223880597015, 121.1044776119403]",5.55869119951473,1.0,0.5859375,False,patches/LIDC-IDRI-0674_n00.npz,96,[4],[1],[6],[3],[5],[1],[1],[4],[3],3.0,3.0,0.0
LIDC-IDRI-0674,1.3.6.1.4.1.14519.5.2.1.6279.6001.308655308958459380153492314021,0,1,1,False,"[298.64473684210526, 470.9605263157895, 130.55263157894737]",5.006252194521991,1.0,0.5859375,False,patches/LIDC-IDRI-0674_n01.npz,96,[3],[1],[6],[4],[4],[1],[2],[5],[4],4.0,4.0,0.0
LIDC-IDRI-0674,1.3.6.1.4.1.14519.5.2.1.6279.6001.308655308958459380153492314021,0,2,1,False,"[386.39344262295083, 300.9016393442623, 164.50819672131146]",6.85822260393728,1.0,0.5859375,False,patches/LIDC-IDRI-0674_n02.npz,96,[3],[1],[6],[3],[2],[1],[1],[3],[3],3.0,3.0,0.0
LIDC-IDRI-0674,1.3.6.1.4.1.14519.5.2.1.6279.6001.308655308958459380153492314021,0,3,4,False,"[384.51421112833157, 182.36179628560987, 182.03511493532724]",8.561236365281655,1.0,0.5859375,False,patches/LIDC-IDRI-0674_n03.npz,96,"[4, 3, 5, 5]","[1, 1, 1, 1]","[6, 6, 6, 6]","[3, 3, 3, 5]","[4, 4, 5, 5]","[2, 2, 1, 4]","[2, 2, 1, 1]","[5, 5, 5, 5]","[4, 3, 3, 3]",3.25,3.0,0.4330127018922193
LIDC-IDRI-0674,1.3.6.1.4.1.14519.5.2.1.6279.6001.308655308958459380153492314021,0,4,3,False,"[199.36650796012498, 115.79124634231017, 277.7355453057581]",6.875246833381326,1.0,0.5859375,False,patches/LIDC-IDRI-0674_n04.npz,96,"[5, 3, 5]","[1, 1, 1]","[3, 3, 3]","[4, 4, 3]","[5, 5, 5]","[1, 1, 1]","[1, 1, 1]","[5, 5, 5]","[1, 1, 1]",1.0,1.0,0.0
LIDC-IDRI-0675,1.3.6.1.4.1.14519.5.2.1.6279.6001.385151742584074711135621089321,0,0,1,False,"[191.51612903225808, 164.70967741935485, 89.0]",9.059559099330162,2.5,0.742188,False,patches/LIDC-IDRI-0675_n00.npz,96,[2],[1],[6],[3],[5],[5],[5],[5],[3],3.0,3.0,0.0
LIDC-IDRI-0676,1.3.6.1.4.1.14519.5.2.1.6279.6001.143412474064515942785157561636,0,0,4,False,"[317.3298418982978, 427.30205330209003, 169.7915895685197]",8.05816431116019,1.25,0.625,False,patches/LIDC-IDRI-0676_n00.npz,96,"[4, 4, 3, 3]","[1, 1, 1, 1]","[6, 6, 6, 6]","[5, 5, 4, 3]","[5, 4, 3, 4]","[1, 1, 1, 1]","[1, 2, 1, 1]","[5, 5, 1, 4]","[3, 3, 3, 3]",3.0,3.0,0.0
LIDC-IDRI-0677,1.3.6.1.4.1.14519.5.2.1.6279.6001.814122498113547115932318256859,0,0,1,False,"[205.67924528301887, 357.20754716981133, 101.94339622641509]",4.550068680800324,2.5,0.625,False,patches/LIDC-IDRI-0677_n00.npz,96,[5],[1],[3],[5],[5],[1],[1],[5],[1],1.0,1.0,0.0
LIDC-IDRI-0677,1.3.6.1.4.1.14519.5.2.1.6279.6001.814122498113547115932318256859,0,1,1,False,"[290.04347826086956, 120.19565217391305, 116.5]",5.376453291901642,2.5,0.625,False,patches/LIDC-IDRI-0677_n01.npz,96,[5],[1],[6],[5],[4],[1],[1],[5],[3],3.0,3.0,0.0
LIDC-IDRI-0678,1.3.6.1.4.1.14519.5.2.1.6279.6001.202643836890896697853521610450,0,0,4,False,"[273.40242275993506, 125.08338620935, 106.29139008575628]",12.614265349883302,2.5,0.527344,False,patches/LIDC-IDRI-0678_n00.npz,96,"[5, 4, 5, 5]","[1, 1, 1, 1]","[6, 6, 6, 6]","[2, 3, 3, 3]","[4, 3, 5, 4]","[2, 2, 5, 2]","[5, 3, 2, 2]","[5, 4, 4, 3]","[5, 5, 5, 4]",4.75,5.0,0.4330127018922193
LIDC-IDRI-0680,1.3.6.1.4.1.14519.5.2.1.6279.6001.329326052298830421573852261436,0,0,1,False,"[382.67297297297296, 175.27027027027026, 69.44594594594595]",17.05016184671198,2.5,0.605469,False,patches/LIDC-IDRI-0680_n00.npz,96,[2],[1],[6],[4],[1],[1],[1],[1],[3],3.0,3.0,0.0
LIDC-IDRI-0680,1.3.6.1.4.1.14519.5.2.1.6279.6001.329326052298830421573852261436,0,1,1,False,"[162.25423728813558, 158.08474576271186, 83.49152542372882]",7.489237920111304,2.5,0.605469,False,patches/LIDC-IDRI-0680_n01.npz,96,[4],[1],[6],[3],[4],[2],[1],[4],[4],4.0,4.0,0.0
LIDC-IDRI-0681,1.3.6.1.4.1.14519.5.2.1.6279.6001.277662902666135640561346462196,0,0,4,False,"[260.5470344477782, 397.1772474016769, 315.42621039206745]",21.815009903115403,1.25,0.761719,False,patches/LIDC-IDRI-0681_n00.npz,96,"[5, 1, 4, 4]","[4, 1, 4, 1]","[6, 6, 6, 6]","[4, 5, 5, 3]","[3, 2, 3, 4]","[3, 1, 1, 1]","[3, 1, 1, 1]","[1, 1, 1, 3]","[1, 2, 4, 5]",3.0,3.0,1.5811388300841898
LIDC-IDRI-0682,1.3.6.1.4.1.14519.5.2.1.6279.6001.270951128717816232360812849541,0,0,3,False,"[365.407914205121, 357.0731200874538, 161.70851083702527]",11.587434087310266,1.25,0.71875,False,patches/LIDC-IDRI-0682_n00.npz,96,"[4, 3, 4]","[1, 1, 1]","[6, 6, 6]","[2, 3, 3]","[2, 3, 4]","[3, 2, 2]","[2, 3, 1]","[3, 4, 5]","[4, 4, 2]",3.3333333333333335,4.0,0.9428090415820634
LIDC-IDRI-0682,1.3.6.1.4.1.14519.5.2.1.6279.6001.270951128717816232360812849541,0,1,2,False,"[317.2657156673114, 384.00894584139263, 169.93004513217278]",10.138064003323462,1.25,0.71875,False,patches/LIDC-IDRI-0682_n01.npz,96,"[3, 3]","[1, 1]","[6, 6]","[3, 3]","[1, 4]","[1, 1]","[3, 1]","[1, 1]","[3, 3]",3.0,3.0,0.0
LIDC-IDRI-0682,1.3.6.1.4.1.14519.5.2.1.6279.6001.270951128717816232360812849541,0,2,2,False,"[304.16259592680046, 389.08579299488395, 177.85740112160568]",18.18886609130972,1.25,0.71875,False,patches/LIDC-IDRI-0682_n02.npz,96,"[4, 3]","[1, 1]","[6, 6]","[2, 3]","[1, 5]","[1, 1]","[3, 1]","[1, 1]","[4, 3]",3.5,3.5,0.5
LIDC-IDRI-0684,1.3.6.1.4.1.14519.5.2.1.6279.6001.111172165674661221381920536987,0,0,3,False,"[351.66906306723826, 427.18879040667366, 187.01096049125246]",6.829828919321291,1.25,0.742188,False,patches/LIDC-IDRI-0684_n00.npz,96,"[5, 3, 2]","[1, 1, 1]","[6, 6, 6]","[4, 5, 3]","[4, 5, 1]","[2, 1, 1]","[1, 1, 1]","[4, 5, 5]","[4, 3, 2]",3.0,3.0,0.816496580927726
LIDC-IDRI-0686,1.3.6.1.4.1.14519.5.2.1.6279.6001.195557219224169985110295082004,0,0,2,False,"[327.58992673992674, 324.6979853479853, 76.6647435897436]",12.04377321169978,1.25,0.703125,False,patches/LIDC-IDRI-0686_n00.npz,96,"[2, 4]","[1, 1]","[6, 6]","[5, 4]","[1, 1]","[3, 3]","[2, 3]","[1, 1]","[3, 3]",3.0,3.0,0.0
LIDC-IDRI-0686,1.3.6.1.4.1.14519.5.2.1.6279.6001.195557219224169985110295082004,0,1,1,False,"[173.66666666666666, 176.44444444444446, 87.52777777777777]",5.118827265900364,1.25,0.703125,False,patches/LIDC-IDRI-0686_n01.npz,96,[4],[1],[6],[4],[1],[1],[1],[3],[4],4.0,4.0,0.0
LIDC-IDRI-0686,1.3.6.1.4.1.14519.5.2.1.6279.6001.195557219224169985110295082004,0,2,1,False,"[365.1559633027523, 116.1559633027523, 97.5229357798165]",9.167628382316225,1.25,0.703125,False,patches/LIDC-IDRI-0686_n02.npz,96,[5],[1],[6],[3],[4],[1],[2],[3],[3],3.0,3.0,0.0
LIDC-IDRI-0686,1.3.6.1.4.1.14519.5.2.1.6279.6001.195557219224169985110295082004,0,3,3,False,"[204.31059423626814, 345.9270296337049, 120.20411530180466]",8.611265051527296,1.25,0.703125,False,patches/LIDC-IDRI-0686_n03.npz,96,"[2, 3, 4]","[1, 1, 1]","[6, 6, 6]","[5, 4, 4]","[1, 1, 1]","[3, 1, 3]","[2, 1, 2]","[1, 1, 1]","[4, 4, 3]",3.6666666666666665,4.0,0.4714045207910317
LIDC-IDRI-0686,1.3.6.1.4.1.14519.5.2.1.6279.6001.195557219224169985110295082004,0,4,4,False,"[190.38623004547935, 386.41498541508736, 125.28875679234575]",9.11883332476307,1.25,0.703125,False,patches/LIDC-IDRI-0686_n04.npz,96,"[4, 2, 3, 4]","[1, 1, 1, 1]","[6, 6, 6, 6]","[3, 5, 4, 4]","[5, 1, 1, 1]","[1, 3, 1, 2]","[1, 1, 1, 2]","[3, 1, 1, 1]","[2, 4, 4, 3]",3.25,3.5,0.82915619758885
LIDC-IDRI-0686,1.3.6.1.4.1.14519.5.2.1.6279.6001.195557219224169985110295082004,0,5,4,False,"[204.80730673783773, 143.9626129606218, 132.70026611103307]",9.824435050322707,1.25,0.703125,False,patches/LIDC-IDRI-0686_n05.npz,96,"[4, 2, 4, 5]","[1, 1, 1, 1]","[6, 6, 6, 6]","[3, 2, 4, 3]","[5, 4, 2, 3]","[1, 3, 1, 2]","[1, 2, 1, 2]","[3, 5, 3, 5]","[2, 2, 4, 3]",2.75,2.5,0.82915619758885
LIDC-IDRI-0686,1.3.6.1.4.1.14519.5.2.1.6279.6001.195557219224169985110295082004,0,6,1,False,"[190.0, 181.60526315789474, 140.5]",5.070306481121235,1.25,0.703125,False,patches/LIDC-IDRI-0686_n06.npz,96,[2],[1],[6],[4],[1],[1],[1],[1],[4],4.0,4.0,0.0
LIDC-IDRI-0686,1.3.6.1.4.1.14519.5.2.1.6279.6001.195557219224169985110295082004,0,7,3,False,"[268.3515792523906, 378.69386651212216, 142.16714317911072]",9.154904480719049,1.25,0.703125,False,patches/LIDC-IDRI-0686_n07.npz,96,"[3, 3, 4]","[1, 1, 1]","[6, 6, 6]","[5, 4, 4]","[1, 1, 2]","[3, 1, 2]","[1, 1, 2]","[1, 2, 1]","[3, 4, 3]",3.3333333333333335,3.0,0.4714045207910317
LIDC-IDRI-0686,1.3.6.1.4.1.14519.5.2.1.6279.6001.195557219224169985110295082004,0,8,3,False,"[243.14804722571546, 380.9913637155144, 149.30158190615762]",10.448943418535181,1.25,0.703125,False,patches/LIDC-IDRI-0686_n08.npz,96,"[2, 3, 4]","[1, 1, 1]","[6, 6, 6]","[3, 4, 2]","[1, 1, 2]","[1, 1, 2]","[1, 1, 1]","[1, 1, 1]","[3, 4, 3]",3.3333333333333335,3.0,0.4714045207910317
LIDC-IDRI-0686,1.3.6.1.4.1.14519.5.2.1.6279.6001.195557219224169985110295082004,0,9,2,False,"[256.4677765843179, 98.08722699606159, 151.98035266738276]",13.995920843541553,1.25,0.703125,False,patches/LIDC-IDRI-0686_n09.npz,96,"[4, 4]","[1, 1]","[6, 6]","[4, 3]","[1, 1]","[1, 2]","[1, 3]","[1, 1]","[4, 3]",3.5,3.5,0.5
LIDC-IDRI-0686,1.3.6.1.4.1.14519.5.2.1.6279.6001.195557219224169985110295082004,0,10,1,False,"[341.4875, 189.9625, 153.3375]",6.670429439417675,1.25,0.703125,False,patches/LIDC-IDRI-0686_n10.npz,96,[1],[1],[6],[4],[1],[1],[1],[2],[4],4.0,4.0,0.0
LIDC-IDRI-0686,1.3.6.1.4.1.14519.5.2.1.6279.6001.195557219224169985110295082004,0,11,4,False,"[280.12754575714723, 372.50733840009127, 178.01419105416693]",14.903035255115954,1.25,0.703125,False,patches/LIDC-IDRI-0686_n11.npz,96,"[4, 3, 4, 5]","[1, 1, 1, 1]","[6, 6, 6, 6]","[3, 4, 4, 4]","[5, 1, 1, 1]","[1, 2, 1, 2]","[1, 1, 1, 1]","[3, 1, 1, 1]","[2, 4, 4, 3]",3.25,3.5,0.82915619758885
LIDC-IDRI-0686,1.3.6.1.4.1.14519.5.2.1.6279.6001.195557219224169985110295082004,0,12,2,False,"[326.2753759398496, 121.15394736842106, 181.91278195488724]",7.918366107130707,1.25,0.703125,False,patches/LIDC-IDRI-0686_n12.npz,96,"[1, 4]","[1, 1]","[6, 6]","[4, 3]","[1, 1]","[1, 1]","[1, 2]","[1, 1]","[4, 3]",3.5,3.5,0.5
LIDC-IDRI-0686,1.3.6.1.4.1.14519.5.2.1.6279.6001.195557219224169985110295082004,0,13,1,False,"[244.29850746268656, 144.91044776119404, 182.73134328358208]",6.482492196534062,1.25,0.703125,False,patches/LIDC-IDRI-0686_n13.npz,96,[1],[1],[6],[4],[1],[1],[1],[3],[4],4.0,4.0,0.0
LIDC-IDRI-0686,1.3.6.1.4.1.14519.5.2.1.6279.6001.195557219224169985110295082004,0,14,4,False,"[203.14514603133685, 173.89953877109247, 192.3347502644259]",9.566814137249237,1.25,0.703125,False,patches/LIDC-IDRI-0686_n14.npz,96,"[4, 2, 3, 4]","[1, 1, 1, 1]","[6, 6, 6, 6]","[3, 5, 4, 4]","[5, 1, 1, 1]","[1, 3, 1, 1]","[1, 2, 1, 2]","[3, 1, 1, 1]","[2, 4, 4, 3]",3.25,3.5,0.82915619758885
LIDC-IDRI-0686,1.3.6.1.4.1.14519.5.2.1.6279.6001.195557219224169985110295082004,0,15,4,False,"[251.47697140047384, 184.76193297257507, 193.616939688846]",10.681199814326659,1.25,0.703125,False,patches/LIDC-IDRI-0686_n15.npz,96,"[4, 2, 3, 4]","[1, 1, 1, 1]","[6, 6, 6, 6]","[3, 5, 5, 4]","[5, 1, 1, 2]","[1, 3, 1, 2]","[1, 2, 1, 3]","[3, 1, 1, 1]","[2, 4, 4, 3]",3.25,3.5,0.82915619758885
LIDC-IDRI-0686,1.3.6.1.4.1.14519.5.2.1.6279.6001.195557219224169985110295082004,0,16,4,False,"[263.8145318642551, 399.47878829177904, 194.7074603085492]",9.985269786976438,1.25,0.703125,False,patches/LIDC-IDRI-0686_n16.npz,96,"[4, 2, 2, 4]","[1, 1, 1, 1]","[6, 6, 6, 6]","[4, 4, 4, 4]","[4, 1, 1, 1]","[1, 3, 1, 3]","[1, 1, 1, 1]","[3, 2, 1, 1]","[4, 4, 4, 3]",3.75,4.0,0.4330127018922193
LIDC-IDRI-0686,1.3.6.1.4.1.14519.5.2.1.6279.6001.195557219224169985110295082004,0,17,1,False,"[283.15966386554624, 144.05042016806723, 197.91596638655463]",14.009666375511053,1.25,0.703125,False,patches/LIDC-IDRI-0686_n17.npz,96,[3],[1],[6],[4],[1],[1],[1],[1],[4],4.0,4.0,0.0
LIDC-IDRI-0686,1.3.6.1.4.1.14519.5.2.1.6279.6001.195557219224169985110295082004,0,18,1,False,"[302.7631578947368, 379.63157894736844, 208.47368421052633]",5.118827265900364,1.25,0.703125,False,patches/LIDC-IDRI-0686_n18.npz,96,[1],[1],[6],[5],[1],[1],[1],[1],[3],3.0,3.0,0.0
LIDC-IDRI-0686,1.3.6.1.4.1.14519.5.2.1.6279.6001.195557219224169985110295082004,0,19,1,False,"[268.0857142857143, 363.6857142857143, 209.4857142857143]",5.118827265900364,1.25,0.703125,False,patches/LIDC-IDRI-0686_n19.npz,96,[4],[1],[6],[4],[1],[1],[1],[3],[3],3.0,3.0,0.0
LIDC-IDRI-0686,1.3.6.1.4.1.14519.5.2.1.6279.6001.195557219224169985110295082004,0,20,2,False,"[275.9274864086984, 169.47965302206586, 215.12707866965144]",10.811985886301912,1.25,0.703125,False,patches/LIDC-IDRI-0686_n20.npz,96,"[1, 1]","[1, 1]","[6, 6]","[4, 4]","[1, 1]","[1, 1]","[1, 3]","[1, 1]","[3, 3]",3.0,3.0,0.0
LIDC-IDRI-0687,1.3.6.1.4.1.14519.5.2.1.6279.6001.138674679709964033277400089532,0,0,1,False,"[358.09090909090907, 100.21212121212122, 46.45454545454545]",4.716705890038619,2.5,0.703125,False,patches/LIDC-IDRI-0687_n00.npz,96,[3],[1],[6],[4],[4],[2],[2],[5],[3],3.0,3.0,0.0
LIDC-IDRI-0687,1.3.6.1.4.1.14519.5.2.1.6279.6001.138674679709964033277400089532,0,1,2,False,"[363.996479791395, 307.6752281616689, 54.048500651890485]",6.148221910072274,2.5,0.703125,False,patches/LIDC-IDRI-0687_n01.npz,96,"[5, 4]","[1, 1]","[6, 6]","[4, 3]","[4, 5]","[2, 1]","[2, 1]","[5, 5]","[3, 2]",2.5,2.5,0.5
LIDC-IDRI-0687,1.3.6.1.4.1.14519.5.2.1.6279.6001.138674679709964033277400089532,0,2,1,False,"[291.037037037037, 91.22222222222223, 57.592592592592595]",4.446952959611783,2.5,0.703125,False,patches/LIDC-IDRI-0687_n02.npz,96,[4],[1],[6],[4],[4],[2],[2],[5],[3],3.0,3.0,0.0
LIDC-IDRI-0687,1.3.6.1.4.1.14519.5.2.1.6279.6001.138674679709964033277400089532,0,3,1,False,"[400.2888888888889, 159.66666666666666, 67.84444444444445]",4.716705890038619,2.5,0.703125,False,patches/LIDC-IDRI-0687_n03.npz,96,[4],[1],[6],[4],[4],[2],[2],[5],[3],3.0,3.0,0.0
LIDC-IDRI-0687,1.3.6.1.4.1.14519.5.2.1.6279.6001.138674679709964033277400089532,0,4,1,False,"[401.6896551724138, 165.82758620689654, 76.44827586206897]",4.099888051063102,2.5,0.703125,False,patches/LIDC-IDRI-0687_n04.npz,96,[4],[1],[6],[4],[2],[2],[2],[2],[3],3.0,3.0,0.0
LIDC-IDRI-0687,1.3.6.1.4.1.14519.5.2.1.6279.6001.138674679709964033277400089532,0,5,1,False,"[376.2888888888889, 310.3333333333333, 78.97777777777777]",4.099888051063102,2.5,0.703125,False,patches/LIDC-IDRI-0687_n05.npz,96,[5],[1],[6],[5],[4],[2],[2],[5],[3],3.0,3.0,0.0
LIDC-IDRI-0687,1.3.6.1.4.1.14519.5.2.1.6279.6001.138674679709964033277400089532,0,6,1,False,"[383.5111111111111, 320.8666666666667, 82.53333333333333]",6.048509953389347,2.5,0.703125,False,patches/LIDC-IDRI-0687_n06.npz,96,[4],[1],[6],[2],[2],[1],[2],[3],[3],3.0,3.0,0.0
LIDC-IDRI-0687,1.3.6.1.4.1.14519.5.2.1.6279.6001.138674679709964033277400089532,0,7,1,False,"[166.33333333333334, 317.3, 103.63333333333334]",4.716705890038619,2.5,0.703125,False,patches/LIDC-IDRI-0687_n07.npz,96,[4],[1],[6],[5],[4],[1],[1],[5],[3],3.0,3.0,0.0
LIDC-IDRI-0688,1.3.6.1.4.1.14519.5.2.1.6279.6001.850739282072340578344345230132,0,0,1,False,"[284.5, 36.96153846153846, 144.22115384615384]",5.46875,1.25,0.546875,False,patches/LIDC-IDRI-0688_n00.npz,96,[3],[1],[6],[4],[5],[1],[1],[5],[2],2.0,2.0,0.0
LIDC-IDRI-0688,1.3.6.1.4.1.14519.5.2.1.6279.6001.850739282072340578344345230132,0,1,1,False,"[248.1098901098901, 168.5879120879121, 155.80769230769232]",15.04651803834113,1.25,0.546875,False,patches/LIDC-IDRI-0688_n01.npz,96,[4],[1],[4],[4],[4],[2],[2],[5],[2],2.0,2.0,0.0
LIDC-IDRI-0688,1.3.6.1.4.1.14519.5.2.1.6279.6001.850739282072340578344345230132,0,2,4,False,"[190.69283603997025, 172.86357443399393, 165.75127451381903]",18.691131824597306,1.25,0.546875,False,patches/LIDC-IDRI-0688_n02.npz,96,"[4, 3, 5, 5]","[1, 1, 1, 1]","[6, 6, 6, 4]","[4, 3, 5, 4]","[4, 2, 5, 3]","[2, 2, 1, 2]","[2, 2, 1, 3]","[4, 5, 5, 5]","[4, 3, 4, 2]",3.25,3.5,0.82915619758885
LIDC-IDRI-0692,1.3.6.1.4.1.14519.5.2.1.6279.6001.404364125369979066736354549484,0,0,3,False,"[346.2296602787456, 436.6899825783972, 69.3068524970964]",5.915137541513456,2.0,0.5859375,False,patches/LIDC-IDRI-0692_n00.npz,96,"[4, 4, 3]","[1, 1, 1]","[6, 6, 6]","[5, 5, 4]","[5, 5, 4]","[1, 1, 2]","[1, 1, 1]","[5, 5, 4]","[3, 3, 3]",3.0,3.0,0.0
LIDC-IDRI-0693,1.3.6.1.4.1.14519.5.2.1.6279.6001.285926554490515269336267972830,0,0,1,False,"[211.2, 428.05, 50.05]",5.248061677152805,2.5,0.742188,False,patches/LIDC-IDRI-0693_n00.npz,96,[1],[1],[6],[4],[4],[1],[1],[5],[1],1.0,1.0,0.0
LIDC-IDRI-0694,1.3.6.1.4.1.14519.5.2.1.6279.6001.194246472548954252250399902051,0,0,4,False,"[268.15787666281085, 212.19691456204615, 97.26982922048713]",8.289664543443056,2.5,0.722656,False,patches/LIDC-IDRI-0694_n00.npz,96,"[3, 4, 3, 3]","[1, 1, 1, 1]","[6, 6, 6, 6]","[4, 4, 5, 4]","[4, 4, 5, 4]","[2, 2, 1, 1]","[2, 1, 1, 1]","[4, 5, 5, 5]","[3, 4, 3, 2]",3.0,3.0,0.7071067811865476
LIDC-IDRI-0695,1.3.6.1.4.1.14519.5.2.1.6279.6001.145759169833745025756371695397,0,0,4,False,"[260.1489010052084, 150.5268442384814, 37.046893425404996]",8.963004255132555,2.5,0.625,False,patches/LIDC-IDRI-0695_n00.npz,96,"[5, 4, 3, 3]","[1, 1, 1, 1]","[6, 6, 6, 6]","[5, 3, 5, 3]","[5, 5, 3, 3]","[1, 1, 1, 1]","[1, 1, 1, 1]","[5, 5, 5, 5]","[3, 4, 3, 3]",3.25,3.0,0.4330127018922193
LIDC-IDRI-0695,1.3.6.1.4.1.14519.5.2.1.6279.6001.145759169833745025756371695397,0,1,2,False,"[304.03125, 197.26114341085272, 91.52664728682171]",6.33993932188363,2.5,0.625,False,patches/LIDC-IDRI-0695_n01.npz,96,"[5, 2]","[1, 1]","[6, 6]","[5, 3]","[4, 4]","[1, 1]","[1, 1]","[5, 5]","[3, 2]",2.5,2.5,0.5
LIDC-IDRI-0696,1.3.6.1.4.1.14519.5.2.1.6279.6001.129567032250534530765928856531,0,0,4,False,"[209.52164341433127, 370.925776900496, 287.99842773903515]",6.039128966500835,1.25,0.625,False,patches/LIDC-IDRI-0696_n00.npz,96,"[3, 4, 2, 3]","[1, 1, 1, 1]","[6, 6, 6, 6]","[4, 3, 2, 3]","[4, 5, 3, 5]","[1, 1, 1, 1]","[1, 1, 1, 1]","[5, 5, 5, 5]","[2, 3, 2, 3]",2.5,2.5,0.5
LIDC-IDRI-0697,1.3.6.1.4.1.14519.5.2.1.6279.6001.943403138251347598519939390311,0,0,4,False,"[192.66614313463833, 330.8420209088864, 171.9400624767379]",39.62516134864617,1.25,0.878906,False,patches/LIDC-IDRI-0697_n00.npz,96,"[5, 5, 5, 5]","[1, 1, 1, 1]","[6, 6, 6, 6]","[4, 3, 4, 3]","[3, 2, 4, 4]","[5, 3, 5, 3]","[2, 4, 2, 2]","[5, 5, 5, 5]","[5, 5, 5, 5]",5.0,5.0,0.0
LIDC-IDRI-0698,1.3.6.1.4.1.14519.5.2.1.6279.6001.208511362832825683639135205368,0,0,3,False,"[278.37128597730214, 251.8600833445655, 342.62905497982985]",15.940659841839233,1.25,0.703125,False,patches/LIDC-IDRI-0698_n00.npz,96,"[5, 4, 5]","[1, 1, 1]","[6, 6, 6]","[2, 3, 3]","[1, 4, 4]","[4, 3, 3]","[4, 2, 4]","[5, 5, 5]","[5, 3, 5]",4.333333333333333,5.0,0.9428090415820634
LIDC-IDRI-0698,1.3.6.1.4.1.14519.5.2.1.6279.6001.208511362832825683639135205368,0,1,4,False,"[306.1650093567131, 149.34496701514342, 352.89604684008435]",26.182772685964906,1.25,0.703125,False,patches/LIDC-IDRI-0698_n01.npz,96,"[5, 5, 5, 5]","[1, 1, 1, 1]","[6, 6, 6, 6]","[2, 5, 4, 3]","[1, 4, 2, 3]","[4, 1, 3, 3]","[5, 5, 3, 4]","[5, 4, 5, 5]","[5, 4, 5, 5]",4.75,5.0,0.4330127018922193
LIDC-IDRI-0699,1.3.6.1.4.1.14519.5.2.1.6279.6001.192419869605596446455526220766,0,0,4,False,"[150.48655225958856, 365.69902725660313, 134.16540350397753]",8.341980198601032,1.25,0.703125,False,patches/LIDC-IDRI-0699_n00.npz,96,"[4, 2, 5, 2]","[1, 1, 1, 1]","[6, 6, 6, 6]","[4, 4, 2, 3]","[5, 3, 3, 3]","[2, 2, 3, 3]","[1, 2, 2, 1]","[5, 3, 5, 5]","[4, 3, 3, 3]",3.25,3.0,0.4330127018922193
LIDC-IDRI-0700,1.3.6.1.4.1.14519.5.2.1.6279.6001.227885601428639043345478571594,0,0,3,False,"[385.07010791747234, 149.52420642058993, 305.4654200322985]",8.598639612239467,1.25,0.703125,False,patches/LIDC-IDRI-0700_n00.npz,96,"[5, 5, 4]","[1, 1, 1]","[6, 6, 6]","[4, 5, 4]","[5, 5, 4]","[1, 3, 1]","[1, 1, 1]","[5, 5, 5]","[4, 2, 1]",2.3333333333333335,2.0,1.247219128924647
LIDC-IDRI-0701,1.3.6.1.4.1.14519.5.2.1.6279.6001.205993750485568250373835565680,0,0,1,False,"[375.2368421052632, 108.44736842105263, 145.47368421052633]",4.098495034742876,1.25,0.568359,False,patches/LIDC-IDRI-0701_n00.npz,96,[3],[1],[6],[2],[2],[5],[4],[3],[1],1.0,1.0,0.0
LIDC-IDRI-0701,1.3.6.1.4.1.14519.5.2.1.6279.6001.205993750485568250373835565680,0,1,2,False,"[380.5445523648649, 291.2426097972973, 187.9548141891892]",5.797228933160781,1.25,0.568359,False,patches/LIDC-IDRI-0701_n01.npz,96,"[5, 4]","[1, 1]","[6, 6]","[4, 5]","[5, 5]","[4, 4]","[4, 5]","[5, 5]","[2, 3]",2.5,2.5,0.5
LIDC-IDRI-0701,1.3.6.1.4.1.14519.5.2.1.6279.6001.205993750485568250373835565680,0,2,1,False,"[315.57142857142856, 209.45142857142858, 205.86285714285714]",14.61246457153415,1.25,0.568359,False,patches/LIDC-IDRI-0701_n02.npz,96,[2],[1],[6],[4],[2],[5],[5],[3],[3],3.0,3.0,0.0
LIDC-IDRI-0701,1.3.6.1.4.1.14519.5.2.1.6279.6001.205993750485568250373835565680,0,3,3,False,"[260.0178686639557, 352.65799396720826, 236.97950423270086]",30.424106976457338,1.25,0.568359,False,patches/LIDC-IDRI-0701_n03.npz,96,"[5, 5, 5]","[1, 1, 1]","[6, 6, 6]","[2, 2, 3]","[3, 1, 2]","[4, 1, 2]","[1, 2, 4]","[4, 4, 5]","[5, 5, 3]",4.333333333333333,5.0,0.9428090415820634
LIDC-IDRI-0701,1.3.6.1.4.1.14519.5.2.1.6279.6001.205993750485568250373835565680,0,4,4,False,"[332.6279076356519, 351.09915257825827, 251.01310529346233]",10.993181133675726,1.25,0.568359,False,patches/LIDC-IDRI-0701_n04.npz,96,"[3, 5, 4, 3]","[1, 1, 1, 1]","[6, 6, 6, 6]","[2, 4, 4, 2]","[4, 4, 3, 2]","[3, 4, 4, 4]","[4, 3, 3, 4]","[4, 5, 5, 3]","[4, 3, 2, 3]",3.0,3.0,0.7071067811865476
LIDC-IDRI-0701,1.3.6.1.4.1.14519.5.2.1.6279.6001.205993750485568250373835565680,0,5,4,False,"[325.08049948448155, 336.97191324897904, 252.5284427791093]",7.579748747643718,1.25,0.568359,False,patches/LIDC-IDRI-0701_n05.npz,96,"[3, 5, 2, 3]","[1, 1, 1, 1]","[6, 6, 6, 6]","[2, 4, 5, 3]","[4, 5, 5, 2]","[4, 3, 5, 3]","[3, 3, 4, 3]","[4, 5, 5, 4]","[4, 3, 2, 3]",3.0,3.0,0.7071067811865476
LIDC-IDRI-0702,1.3.6.1.4.1.14519.5.2.1.6279.6001.286422846896797433168187085942,0,0,2,False,"[310.10205454388915, 351.59512893366053, 152.57547139351675]",12.51878471350654,1.25,0.703125,False,patches/LIDC-IDRI-0702_n00.npz,96,"[2, 1]","[1, 1]","[6, 6]","[4, 4]","[2, 1]","[2, 2]","[3, 2]","[4, 1]","[2, 3]",2.5,2.5,0.5
LIDC-IDRI-0702,1.3.6.1.4.1.14519.5.2.1.6279.6001.286422846896797433168187085942,0,1,1,False,"[332.73259493670884, 108.81882911392405, 199.58939873417722]",24.918813487503773,1.25,0.703125,False,patches/LIDC-IDRI-0702_n01.npz,96,[5],[1],[6],[4],[2],[2],[2],[1],[5],5.0,5.0,0.0
LIDC-IDRI-0702,1.3.6.1.4.1.14519.5.2.1.6279.6001.286422846896797433168187085942,0,2,2,False,"[211.00934579439252, 382.5607476635514, 265.0373831775701]",5.35484046506056,1.25,0.703125,False,patches/LIDC-IDRI-0702_n02.npz,96,"[1, 1]","[1, 1]","[6, 6]","[3, 5]","[2, 2]","[1, 1]","[1, 1]","[1, 1]","[2, 2]",2.0,2.0,0.0
LIDC-IDRI-0702,1.3.6.1.4.1.14519.5.2.1.6279.6001.286422846896797433168187085942,0,3,1,False,"[254.96428571428572, 111.35714285714286, 352.59285714285716]",7.766269465209793,1.25,0.703125,False,patches/LIDC-IDRI-0702_n03.npz,96,[4],[1],[6],[4],[4],[1],[1],[4],[3],3.0,3.0,0.0
LIDC-IDRI-0702,1.3.6.1.4.1.14519.5.2.1.6279.6001.286422846896797433168187085942,0,4,3,False,"[308.5179248709162, 142.19982087711466, 361.33699025907345]",35.304642639857896,1.25,0.703125,False,patches/LIDC-IDRI-0702_n04.npz,96,"[5, 5, 5]","[1, 1, 1]","[6, 6, 6]","[2, 4, 3]","[3, 2, 3]","[3, 4, 5]","[3, 2, 5]","[3, 3, 4]","[4, 5, 5]",4.666666666666667,5.0,0.4714045207910317
LIDC-IDRI-0702,1.3.6.1.4.1.14519.5.2.1.6279.6001.286422846896797433168187085942,0,5,2,False,"[284.814606741573, 163.82022471910113, 367.0168539325843]",12.279550216340377,1.25,0.703125,False,patches/LIDC-IDRI-0702_n05.npz,96,"[4, 2]","[1, 1]","[6, 6]","[4, 4]","[1, 1]","[2, 2]","[3, 2]","[3, 1]","[4, 2]",3.0,3.0,1.0
LIDC-IDRI-0702,1.3.6.1.4.1.14519.5.2.1.6279.6001.286422846896797433168187085942,0,6,1,False,"[236.18, 326.05, 392.66]",8.229867124724736,1.25,0.703125,False,patches/LIDC-IDRI-0702_n06.npz,96,[2],[1],[6],[5],[2],[5],[2],[2],[2],2.0,2.0,0.0
LIDC-IDRI-0702,1.3.6.1.4.1.14519.5.2.1.6279.6001.286422846896797433168187085942,0,7,1,False,"[271.30366492146595, 287.13612565445027, 404.4450261780105]",10.452704587958324,1.25,0.703125,False,patches/LIDC-IDRI-0702_n07.npz,96,[4],[1],[6],[5],[1],[5],[2],[2],[2],2.0,2.0,0.0
LIDC-IDRI-0703,1.3.6.1.4.1.14519.5.2.1.6279.6001.138080888843357047811238713686,0,0,3,False,"[317.65228758169934, 59.03366013071895, 124.90915032679737]",9.624761818151569,2.0,0.681640625,False,patches/LIDC-IDRI-0703_n00.npz,96,"[5, 5, 4]","[1, 1, 1]","[6, 6, 6]","[3, 3, 3]","[1, 4, 4]","[1, 2, 1]","[1, 1, 1]","[5, 4, 5]","[3, 4, 1]",2.6666666666666665,3.0,1.247219128924647
LIDC-IDRI-0703,1.3.6.1.4.1.14519.5.2.1.6279.6001.138080888843357047811238713686,0,1,1,False,"[373.1344387755102, 136.01045918367348, 162.40331632653061]",49.76443417739804,2.0,0.681640625,False,patches/LIDC-IDRI-0703_n01.npz,96,[5],[1],[6],[3],[1],[1],[4],[4],[5],5.0,5.0,0.0
LIDC-IDRI-0703,1.3.6.1.4.1.14519.5.2.1.6279.6001.138080888843357047811238713686,0,2,2,False,"[345.41968992248064, 370.19162790697675, 205.46248062015502]",5.895197116296597,2.0,0.681640625,False,patches/LIDC-IDRI-0703_n02.npz,96,"[1, 3]","[1, 1]","[6, 6]","[3, 5]","[1, 5]","[1, 1]","[1, 1]","[2, 4]","[2, 3]",2.5,2.5,0.5
LIDC-IDRI-0704,1.3.6.1.4.1.14519.5.2.1.6279.6001.603166427542096384265514998412,0,0,4,False,"[324.89245010352147, 358.66910746963015, 242.1077952325564]",6.675433157146606,1.25,0.703125,False,patches/LIDC-IDRI-0704_n00.npz,96,"[5, 5, 5, 4]","[1, 1, 1, 1]","[3, 3, 3, 3]","[3, 5, 5, 4]","[5, 5, 5, 5]","[2, 1, 1, 2]","[1, 1, 1, 1]","[5, 5, 5, 5]","[1, 1, 1, 1]",1.0,1.0,0.0
LIDC-IDRI-0704,1.3.6.1.4.1.14519.5.2.1.6279.6001.603166427542096384265514998412,0,1,2,False,"[269.84169377128285, 381.0577824606411, 313.61087696794783]",9.498472865765923,1.25,0.703125,False,patches/LIDC-IDRI-0704_n01.npz,96,"[2, 3]","[1, 1]","[6, 6]","[3, 3]","[2, 4]","[3, 2]","[1, 1]","[4, 3]","[3, 4]",3.5,3.5,0.5
LIDC-IDRI-0705,1.3.6.1.4.1.14519.5.2.1.6279.6001.249530219848512542668813996730,0,0,4,False,"[310.2189130238178, 441.5683497576166, 96.32035363517187]",13.884014006973773,1.25,0.605469,False,patches/LIDC-IDRI-0705_n00.npz,96,"[5, 4, 5, 5]","[1, 1, 1, 1]","[6, 6, 6, 6]","[4, 4, 4, 5]","[4, 5, 5, 4]","[1, 2, 2, 2]","[2, 1, 1, 2]","[5, 5, 5, 5]","[2, 3, 4, 5]",3.5,3.5,1.118033988749895
LIDC-IDRI-0705,1.3.6.1.4.1.14519.5.2.1.6279.6001.249530219848512542668813996730,0,1,4,False,"[257.7917930232125, 476.367947598476, 129.80129434915855]",10.2502808763684,1.25,0.605469,False,patches/LIDC-IDRI-0705_n01.npz,96,"[4, 4, 4, 4]","[1, 1, 1, 1]","[6, 6, 6, 6]","[5, 3, 5, 4]","[1, 4, 5, 4]","[1, 3, 1, 2]","[2, 1, 1, 2]","[5, 4, 5, 4]","[2, 3, 3, 3]",2.75,3.0,0.4330127018922193
LIDC-IDRI-0705,1.3.6.1.4.1.14519.5.2.1.6279.6001.249530219848512542668813996730,0,2,3,False,"[264.367835038092, 72.72250248780567, 246.1607987079724]",8.486894241994511,1.25,0.605469,False,patches/LIDC-IDRI-0705_n02.npz,96,"[4, 4, 4]","[1, 1, 1]","[6, 6, 6]","[3, 4, 3]","[4, 5, 4]","[2, 1, 2]","[1, 1, 2]","[5, 5, 5]","[3, 3, 3]",3.0,3.0,0.0
LIDC-IDRI-0706,1.3.6.1.4.1.14519.5.2.1.6279.6001.213262690132344539993794081003,0,0,4,False,"[267.98673763641386, 128.5344181297015, 85.53009071757776]",14.830387110004143,5.0,0.58984375,False,patches/LIDC-IDRI-0706_n00.npz,96,"[5, 5, 4, 3]","[1, 1, 1, 1]","[6, 6, 6, 6]","[4, 4, 5, 5]","[5, 5, 5, 5]","[1, 1, 1, 1]","[1, 1, 1, 1]","[5, 5, 5, 5]","[3, 5, 4, 2]",3.5,3.5,1.118033988749895
LIDC-IDRI-0707,1.3.6.1.4.1.14519.5.2.1.6279.6001.254921765503801141457177972447,0,0,1,False,"[239.05555555555554, 387.44444444444446, 41.47222222222222]",4.838649811672681,3.0,0.671,True,patches/LIDC-IDRI-0707_n00.npz,96,[4],[1],[6],[4],[3],[1],[1],[4],[2],2.0,2.0,0.0
LIDC-IDRI-0707,1.3.6.1.4.1.14519.5.2.1.6279.6001.254921765503801141457177972447,0,1,2,False,"[348.0249169435216, 89.03599114064231, 42.23255813953489]",5.633117131343478,3.0,0.671,True,patches/LIDC-IDRI-0707_n01.npz,96,"[2, 4]","[1, 1]","[6, 6]","[5, 5]","[5, 5]","[1, 1]","[1, 1]","[5, 5]","[3, 1]",2.0,2.0,1.0
LIDC-IDRI-0707,1.3.6.1.4.1.14519.5.2.1.6279.6001.254921765503801141457177972447,0,2,4,False,"[304.05622136829413, 366.40876657625074, 61.985952380952384]",7.292589667783723,3.0,0.671,True,patches/LIDC-IDRI-0707_n02.npz,96,"[4, 3, 3, 5]","[1, 1, 1, 1]","[6, 6, 6, 6]","[5, 5, 3, 5]","[5, 5, 4, 5]","[2, 1, 1, 1]","[1, 1, 1, 1]","[5, 5, 5, 5]","[3, 3, 3, 1]",2.5,3.0,0.8660254037844386
LIDC-IDRI-0707,1.3.6.1.4.1.14519.5.2.1.6279.6001.254921765503801141457177972447,0,3,2,False,"[314.30696873343936, 184.24364069952304, 73.00675675675676]",6.743466541772125,3.0,0.671,True,patches/LIDC-IDRI-0707_n03.npz,96,"[2, 4]","[1, 1]","[6, 6]","[3, 5]","[5, 4]","[1, 1]","[1, 1]","[5, 5]","[3, 2]",2.5,2.5,0.5
LIDC-IDRI-0707,1.3.6.1.4.1.14519.5.2.1.6279.6001.254921765503801141457177972447,0,4,2,False,"[252.5568181818182, 173.84659090909093, 76.4971590909091]",8.142941604175281,3.0,0.671,True,patches/LIDC-IDRI-0707_n04.npz,96,"[4, 2]","[1, 1]","[6, 6]","[5, 4]","[3, 3]","[2, 2]","[2, 2]","[5, 5]","[2, 2]",2.0,2.0,0.0
LIDC-IDRI-0707,1.3.6.1.4.1.14519.5.2.1.6279.6001.254921765503801141457177972447,0,5,1,False,"[278.64497041420117, 188.4792899408284, 76.57988165680473]",14.218235087379885,3.0,0.671,True,patches/LIDC-IDRI-0707_n05.npz,96,[5],[1],[6],[3],[4],[2],[2],[5],[3],3.0,3.0,0.0
LIDC-IDRI-0708,1.3.6.1.4.1.14519.5.2.1.6279.6001.741709061958490690246385302477,0,0,4,False,"[225.61226598470765, 396.3172240636288, 86.5879275650003]",32.43414474791086,2.5,0.742188,True,patches/LIDC-IDRI-0708_n00.npz,96,"[5, 5, 5, 5]","[1, 1, 1, 1]","[6, 6, 6, 6]","[5, 3, 4, 4]","[2, 3, 1, 3]","[4, 3, 4, 4]","[5, 5, 5, 4]","[5, 5, 5, 5]","[5, 5, 5, 5]",5.0,5.0,0.0
LIDC-IDRI-0708,1.3.6.1.4.1.14519.5.2.1.6279.6001.741709061958490690246385302477,0,1,4,False,"[299.0194311284107, 124.16231513859972, 98.65044704101118]",6.100076447781765,2.5,0.742188,True,patches/LIDC-IDRI-0708_n01.npz,96,"[5, 5, 5, 5]","[1, 1, 1, 1]","[3, 3, 3, 3]","[5, 5, 3, 5]","[5, 5, 5, 5]","[1, 1, 1, 1]","[1, 1, 3, 1]","[5, 5, 5, 5]","[1, 1, 1, 1]",1.0,1.0,0.0
LIDC-IDRI-0709,1.3.6.1.4.1.14519.5.2.1.6279.6001.309707676674808510671394142910,0,0,1,False,"[176.66666666666666, 432.19444444444446, 59.416666666666664]",4.452954075667094,3.0,0.54,True,patches/LIDC-IDRI-0709_n00.npz,96,[4],[1],[3],[3],[5],[1],[1],[5],[1],1.0,1.0,0.0
LIDC-IDRI-0709,1.3.6.1.4.1.14519.5.2.1.6279.6001.309707676674808510671394142910,0,1,4,False,"[163.81232488672822, 134.89429913245016, 69.68203138016861]",26.11558386712174,3.0,0.54,True,patches/LIDC-IDRI-0709_n01.npz,96,"[5, 5, 5, 5]","[1, 1, 1, 1]","[6, 6, 6, 6]","[4, 3, 3, 5]","[1, 4, 2, 4]","[5, 4, 4, 1]","[2, 5, 3, 5]","[4, 5, 4, 4]","[5, 5, 4, 4]",4.5,4.5,0.5
LIDC-IDRI-0709,1.3.6.1.4.1.14519.5.2.1.6279.6001.309707676674808510671394142910,0,2,2,False,"[295.85531605395397, 451.07057656704575, 73.0252578682888]",10.419582200605904,3.0,0.54,True,patches/LIDC-IDRI-0709_n02.npz,96,"[4, 3]","[1, 1]","[6, 6]","[2, 5]","[4, 5]","[2, 1]","[1, 1]","[5, 5]","[3, 2]",2.5,2.5,0.5
LIDC-IDRI-0709,1.3.6.1.4.1.14519.5.2.1.6279.6001.309707676674808510671394142910,0,3,2,False,"[186.5591823630137, 154.5748073630137, 82.13591609589041]",5.243124355227335,3.0,0.54,True,patches/LIDC-IDRI-0709_n03.npz,96,"[4, 4]","[1, 1]","[3, 3]","[5, 5]","[5, 5]","[1, 1]","[1, 1]","[5, 5]","[1, 1]",1.0,1.0,0.0
LIDC-IDRI-0709,1.3.6.1.4.1.14519.5.2.1.6279.6001.309707676674808510671394142910,0,4,4,False,"[234.37975601626917, 187.10496180561972, 90.05913720880825]",5.091650628432023,3.0,0.54,True,patches/LIDC-IDRI-0709_n04.npz,96,"[4, 5, 4, 5]","[1, 1, 1, 1]","[3, 3, 3, 3]","[5, 5, 5, 5]","[5, 5, 5, 5]","[1, 1, 1, 1]","[1, 1, 1, 1]","[5, 5, 5, 5]","[1, 1, 1, 1]",1.0,1.0,0.0
LIDC-IDRI-0709,1.3.6.1.4.1.14519.5.2.1.6279.6001.309707676674808510671394142910,0,5,1,False,"[271.98214285714283, 358.375, 92.5]",7.1025910765015725,3.0,0.54,True,patches/LIDC-IDRI-0709_n05.npz,96,[3],[1],[3],[3],[5],[1],[1],[5],[1],1.0,1.0,0.0
LIDC-IDRI-0712,1.3.6.1.4.1.14519.5.2.1.6279.6001.206539885154775002929031534291,0,0,4,False,"[272.537668908379, 452.7056596583745, 44.938339914521244]",8.972502760992864,2.0,0.703125,False,patches/LIDC-IDRI-0712_n00.npz,96,"[5, 4, 4, 5]","[1, 1, 1, 1]","[6, 6, 6, 6]","[4, 4, 4, 5]","[5, 5, 4, 5]","[1, 3, 4, 2]","[1, 1, 2, 1]","[5, 5, 4, 5]","[3, 4, 3, 3]",3.25,3.0,0.4330127018922193
LIDC-IDRI-0712,1.3.6.1.4.1.14519.5.2.1.6279.6001.206539885154775002929031534291,0,1,3,False,"[245.3393541324576, 462.77276044517424, 70.97217661010764]",6.827741422417691,2.0,0.703125,False,patches/LIDC-IDRI-0712_n01.npz,96,"[4, 2, 5]","[1, 1, 1]","[6, 6, 6]","[4, 4, 5]","[5, 4, 5]","[1, 2, 2]","[1, 2, 1]","[5, 4, 5]","[3, 3, 4]",3.3333333333333335,3.0,0.4714045207910317
LIDC-IDRI-0713,1.3.6.1.4.1.14519.5.2.1.6279.6001.205113715251629496479289015582,0,0,4,False,"[382.60837517359255, 58.048338852686676, 33.07432432432432]",6.430490274772311,3.0,0.66796875,False,patches/LIDC-IDRI-0713_n00.npz,96,"[4, 4, 5, 5]","[1, 1, 1, 1]","[3, 3, 3, 3]","[3, 4, 4, 5]","[5, 5, 5, 5]","[1, 1, 1, 1]","[1, 1, 1, 2]","[5, 5, 5, 5]","[1, 1, 1, 1]",1.0,1.0,0.0
LIDC-IDRI-0713,1.3.6.1.4.1.14519.5.2.1.6279.6001.205113715251629496479289015582,0,1,2,False,"[342.21276595744683, 410.9148936170213, 36.4468085106383]",7.468117659227813,3.0,0.66796875,False,patches/LIDC-IDRI-0713_n01.npz,96,"[3, 5]","[1, 1]","[3, 3]","[4, 5]","[4, 5]","[1, 1]","[1, 1]","[5, 5]","[1, 1]",1.0,1.0,0.0
LIDC-IDRI-0713,1.3.6.1.4.1.14519.5.2.1.6279.6001.205113715251629496479289015582,0,2,2,False,"[316.2980769230769, 90.76923076923077, 41.05769230769231]",6.01171875,3.0,0.66796875,False,patches/LIDC-IDRI-0713_n02.npz,96,"[4, 5]","[1, 1]","[3, 3]","[4, 5]","[5, 5]","[1, 1]","[1, 1]","[5, 5]","[1, 1]",1.0,1.0,0.0
LIDC-IDRI-0713,1.3.6.1.4.1.14519.5.2.1.6279.6001.205113715251629496479289015582,0,3,1,False,"[157.69387755102042, 168.59183673469389, 57.0]",14.831313149261103,3.0,0.66796875,False,patches/LIDC-IDRI-0713_n03.npz,96,[4],[1],[6],[3],[2],[3],[4],[3],[3],3.0,3.0,0.0
LIDC-IDRI-0713,1.3.6.1.4.1.14519.5.2.1.6279.6001.205113715251629496479289015582,0,4,2,False,"[176.66101694915255, 156.67796610169492, 58.13559322033898]",6.336907967446791,3.0,0.66796875,False,patches/LIDC-IDRI-0713_n04.npz,96,"[4, 5]","[1, 1]","[3, 3]","[4, 5]","[4, 5]","[1, 1]","[1, 2]","[5, 5]","[1, 1]",1.0,1.0,0.0
LIDC-IDRI-0713,1.3.6.1.4.1.14519.5.2.1.6279.6001.205113715251629496479289015582,0,5,3,False,"[318.24135644596004, 125.01744103438477, 59.93724542957279]",8.554823503279154,3.0,0.66796875,False,patches/LIDC-IDRI-0713_n05.npz,96,"[4, 4, 5]","[1, 1, 1]","[3, 3, 3]","[2, 3, 3]","[5, 4, 5]","[1, 1, 1]","[1, 1, 1]","[5, 5, 5]","[1, 1, 1]",1.0,1.0,0.0
LIDC-IDRI-0713,1.3.6.1.4.1.14519.5.2.1.6279.6001.205113715251629496479289015582,0,6,3,False,"[383.930532602103, 157.8066978576959, 95.57519596408831]",33.61890413545343,3.0,0.66796875,False,patches/LIDC-IDRI-0713_n06.npz,96,"[5, 5, 5]","[1, 1, 1]","[6, 6, 6]","[2, 3, 4]","[4, 4, 4]","[1, 4, 2]","[2, 3, 2]","[5, 5, 5]","[5, 5, 5]",5.0,5.0,0.0
LIDC-IDRI-0714,1.3.6.1.4.1.14519.5.2.1.6279.6001.138894439026794145866157853158,0,0,2,False,"[400.6530944943381, 147.52267668879344, 139.19693804503447]",20.007781957837683,1.25,0.625,False,patches/LIDC-IDRI-0714_n00.npz,96,"[5, 5]","[1, 1]","[6, 6]","[1, 2]","[2, 5]","[2, 3]","[2, 1]","[5, 5]","[3, 3]",3.0,3.0,0.0
LIDC-IDRI-0715,1.3.6.1.4.1.14519.5.2.1.6279.6001.771831598853841017505646275338,0,0,3,False,"[334.47170745842544, 310.21760871791867, 459.2443720707011]",35.04193256886157,1.25,0.703125,True,patches/LIDC-IDRI-0715_n00.npz,96,"[5, 5, 5]","[1, 1, 1]","[6, 6, 6]","[5, 3, 2]","[5, 3, 1]","[2, 3, 2]","[5, 3, 5]","[5, 4, 5]","[4, 5, 5]",4.666666666666667,5.0,0.4714045207910317
LIDC-IDRI-0717,1.3.6.1.4.1.14519.5.2.1.6279.6001.244442540088515471945035689377,0,0,4,False,"[292.8812064285015, 407.6878645835883, 218.5354501055239]",10.866378601824655,0.75,0.5390625,False,patches/LIDC-IDRI-0717_n00.npz,96,"[5, 5, 5, 5]","[1, 1, 1, 1]","[3, 3, 3, 3]","[5, 3, 2, 5]","[5, 5, 5, 5]","[1, 1, 2, 1]","[1, 1, 1, 1]","[5, 5, 5, 5]","[1, 1, 1, 1]",1.0,1.0,0.0
LIDC-IDRI-0717,1.3.6.1.4.1.14519.5.2.1.6279.6001.244442540088515471945035689377,0,1,1,False,"[153.96491228070175, 248.71929824561403, 290.35087719298247]",3.924434237190279,0.75,0.5390625,False,patches/LIDC-IDRI-0717_n01.npz,96,[2],[1],[6],[4],[3],[1],[2],[2],[3],3.0,3.0,0.0
LIDC-IDRI-0717,1.3.6.1.4.1.14519.5.2.1.6279.6001.244442540088515471945035689377,0,2,1,False,"[256.0, 96.32786885245902, 345.39344262295083]",4.637190964265166,0.75,0.5390625,False,patches/LIDC-IDRI-0717_n02.npz,96,[2],[1],[6],[3],[3],[1],[1],[5],[2],2.0,2.0,0.0
LIDC-IDRI-0719,1.3.6.1.4.1.14519.5.2.1.6279.6001.170135352376311821460213875884,0,0,4,False,"[370.2076317831091, 218.78993522352928, 64.08287811016864]",20.733284112369123,3.0,0.5703125,False,patches/LIDC-IDRI-0719_n00.npz,96,"[5, 5, 5, 5]","[1, 1, 1, 1]","[6, 6, 6, 6]","[4, 4, 4, 5]","[4, 4, 4, 5]","[4, 4, 2, 2]","[1, 2, 2, 1]","[4, 5, 5, 5]","[3, 5, 5, 2]",3.75,4.0,1.299038105676658
LIDC-IDRI-0720,1.3.6.1.4.1.14519.5.2.1.6279.6001.297964221542942838344351735414,0,0,3,False,"[328.4428542315103, 119.08537655807253, 135.92522236438234]",16.210419609628772,2.0,0.62890625,False,patches/LIDC-IDRI-0720_n00.npz,96,"[5, 5, 5]","[1, 1, 1]","[5, 6, 6]","[3, 3, 5]","[2, 4, 4]","[3, 2, 1]","[1, 2, 5]","[4, 5, 4]","[3, 5, 4]",4.0,4.0,0.816496580927726
LIDC-IDRI-0720,1.3.6.1.4.1.14519.5.2.1.6279.6001.297964221542942838344351735414,0,1,2,False,"[373.0025279884435, 400.99584687612855, 137.726977248104]",6.369928081559839,2.0,0.62890625,False,patches/LIDC-IDRI-0720_n01.npz,96,"[3, 3]","[1, 1]","[6, 6]","[2, 3]","[4, 5]","[1, 1]","[1, 1]","[5, 4]","[2, 2]",2.0,2.0,0.0
LIDC-IDRI-0720,1.3.6.1.4.1.14519.5.2.1.6279.6001.297964221542942838344351735414,0,2,4,False,"[245.78825596306868, 168.6663044967586, 148.50551987026705]",7.1206902248088655,2.0,0.62890625,False,patches/LIDC-IDRI-0720_n02.npz,96,"[4, 4, 5, 4]","[1, 1, 1, 1]","[6, 6, 6, 6]","[3, 4, 4, 5]","[4, 5, 1, 4]","[2, 1, 4, 1]","[1, 2, 2, 3]","[4, 5, 5, 4]","[3, 4, 3, 3]",3.25,3.0,0.4330127018922193
LIDC-IDRI-0721,1.3.6.1.4.1.14519.5.2.1.6279.6001.105756658031515062000744821260,0,0,1,False,"[316.2307692307692, 86.0, 54.56410256410256]",6.508129988879519,2.5,0.761719,False,patches/LIDC-IDRI-0721_n00.npz,96,[3],[1],[6],[4],[5],[1],[1],[4],[3],3.0,3.0,0.0
LIDC-IDRI-0721,1.3.6.1.4.1.14519.5.2.1.6279.6001.105756658031515062000744821260,0,1,2,False,"[290.1082202111614, 307.156862745098, 77.4788838612368]",5.833731245333032,2.5,0.761719,False,patches/LIDC-IDRI-0721_n01.npz,96,"[2, 2]","[1, 1]","[6, 6]","[5, 5]","[5, 5]","[1, 1]","[1, 1]","[3, 4]","[2, 3]",2.5,2.5,0.5
LIDC-IDRI-0721,1.3.6.1.4.1.14519.5.2.1.6279.6001.105756658031515062000744821260,0,2,1,False,"[287.1290322580645, 75.09677419354838, 84.48387096774194]",5.386166702586353,2.5,0.761719,False,patches/LIDC-IDRI-0721_n02.npz,96,[3],[1],[6],[5],[5],[1],[1],[5],[1],1.0,1.0,0.0
LIDC-IDRI-0721,1.3.6.1.4.1.14519.5.2.1.6279.6001.105756658031515062000744821260,0,3,1,False,"[267.2857142857143, 389.48571428571427, 88.45714285714286]",5.545398024752835,2.5,0.761719,False,patches/LIDC-IDRI-0721_n03.npz,96,[2],[1],[6],[5],[5],[1],[1],[5],[2],2.0,2.0,0.0
LIDC-IDRI-0722,1.3.6.1.4.1.14519.5.2.1.6279.6001.114218724025049818743426522343,0,0,3,False,"[214.06120131622643, 111.43795322894044, 134.4522807028968]",11.82378572956027,1.25,0.703125,False,patches/LIDC-IDRI-0722_n00.npz,96,"[5, 4, 5]","[1, 1, 1]","[3, 3, 3]","[4, 3, 3]","[5, 4, 5]","[2, 4, 4]","[1, 2, 1]","[5, 5, 5]","[1, 1, 1]",1.0,1.0,0.0
LIDC-IDRI-0722,1.3.6.1.4.1.14519.5.2.1.6279.6001.114218724025049818743426522343,0,1,3,False,"[248.22004172803142, 425.16614931460293, 198.36450568332012]",8.460806004188688,1.25,0.703125,False,patches/LIDC-IDRI-0722_n01.npz,96,"[5, 4, 4]","[1, 1, 1]","[6, 6, 6]","[4, 3, 4]","[4, 4, 4]","[3, 3, 2]","[2, 3, 1]","[5, 5, 5]","[5, 3, 2]",3.3333333333333335,3.0,1.247219128924647
LIDC-IDRI-0722,1.3.6.1.4.1.14519.5.2.1.6279.6001.114218724025049818743426522343,0,2,3,False,"[267.4333744260751, 399.90068589450993, 229.51672529356665]",10.779508508088016,1.25,0.703125,False,patches/LIDC-IDRI-0722_n02.npz,96,"[4, 4, 4]","[1, 1, 1]","[6, 6, 6]","[2, 3, 4]","[4, 5, 3]","[2, 4, 1]","[2, 2, 1]","[4, 5, 5]","[4, 3, 2]",3.0,3.0,0.816496580927726
LIDC-IDRI-0723,1.3.6.1.4.1.14519.5.2.1.6279.6001.247060297988514823071467295949,0,0,4,False,"[371.17541557607086, 442.20328312733994, 91.0842958209111]",7.517222228053221,1.25,0.703125,False,patches/LIDC-IDRI-0723_n00.npz,96,"[5, 4, 4, 4]","[1, 1, 1, 1]","[6, 6, 6, 6]","[4, 4, 3, 5]","[4, 5, 5, 4]","[2, 1, 1, 1]","[2, 1, 1, 1]","[5, 5, 5, 5]","[3, 2, 3, 4]",3.0,3.0,0.7071067811865476
LIDC-IDRI-0724,1.3.6.1.4.1.14519.5.2.1.6279.6001.326458819737931581200925000717,0,0,1,False,"[214.1851851851852, 396.641975308642, 59.888888888888886]",7.41237883543469,3.0,0.586,True,patches/LIDC-IDRI-0724_n00.npz,96,[3],[1],[6],[4],[3],[1],[1],[5],[2],2.0,2.0,0.0
LIDC-IDRI-0724,1.3.6.1.4.1.14519.5.2.1.6279.6001.326458819737931581200925000717,0,1,1,False,"[226.4848484848485, 357.8787878787879, 67.98484848484848]",5.241343339259494,3.0,0.586,True,patches/LIDC-IDRI-0724_n01.npz,96,[4],[1],[6],[4],[5],[1],[1],[5],[1],1.0,1.0,0.0
LIDC-IDRI-0724,1.3.6.1.4.1.14519.5.2.1.6279.6001.326458819737931581200925000717,0,2,1,False,"[239.05882352941177, 349.52941176470586, 69.5]",3.7061894177173316,3.0,0.586,True,patches/LIDC-IDRI-0724_n02.npz,96,[3],[1],[6],[5],[4],[1],[1],[5],[1],1.0,1.0,0.0
LIDC-IDRI-0724,1.3.6.1.4.1.14519.5.2.1.6279.6001.326458819737931581200925000717,0,3,4,False,"[279.11069724939034, 410.5226830616587, 76.12428418835468]",8.059500966408297,3.0,0.586,True,patches/LIDC-IDRI-0724_n03.npz,96,"[4, 4, 2, 3]","[1, 1, 1, 1]","[6, 3, 6, 6]","[3, 4, 3, 3]","[3, 4, 3, 5]","[1, 4, 3, 2]","[2, 1, 2, 1]","[5, 5, 4, 5]","[3, 1, 3, 2]",2.25,2.5,0.82915619758885
LIDC-IDRI-0725,1.3.6.1.4.1.14519.5.2.1.6279.6001.561423049201987049884663740668,0,0,2,False,"[336.61392405063293, 298.5506329113924, 209.9367088607595]",8.87202858218923,1.25,0.703125,False,patches/LIDC-IDRI-0725_n00.npz,96,"[4, 2]","[1, 1]","[6, 6]","[3, 3]","[4, 2]","[1, 1]","[1, 1]","[5, 4]","[4, 3]",3.5,3.5,0.5
LIDC-IDRI-0726,1.3.6.1.4.1.14519.5.2.1.6279.6001.244590453955380448651329424024,0,0,1,False,"[338.48, 450.36, 158.10666666666665]",5.385336230308797,0.75,0.66796875,False,patches/LIDC-IDRI-0726_n00.npz,96,[1],[1],[6],[3],[4],[1],[1],[5],[1],1.0,1.0,0.0
LIDC-IDRI-0726,1.3.6.1.4.1.14519.5.2.1.6279.6001.244590453955380448651329424024,0,1,4,False,"[296.3892953869508, 166.48072437210294, 200.03145743240137]",7.986557814062074,0.75,0.66796875,False,patches/LIDC-IDRI-0726_n01.npz,96,"[1, 4, 3, 5]","[1, 1, 1, 1]","[3, 3, 3, 3]","[3, 4, 5, 5]","[4, 5, 5, 5]","[1, 2, 1, 1]","[1, 1, 1, 1]","[5, 5, 5, 5]","[1, 1, 1, 1]",1.0,1.0,0.0
LIDC-IDRI-0727,1.3.6.1.4.1.14519.5.2.1.6279.6001.336894364358709782463716339027,0,0,4,False,"[146.19313590449954, 397.9889094176026, 289.81159364625273]",6.063060858505175,1.25,0.703125,False,patches/LIDC-IDRI-0727_n00.npz,96,"[3, 3, 4, 2]","[1, 1, 1, 1]","[6, 3, 6, 6]","[5, 2, 4, 3]","[5, 4, 5, 4]","[1, 3, 1, 1]","[1, 1, 1, 1]","[5, 5, 5, 5]","[2, 1, 4, 2]",2.25,2.0,1.0897247358851685
LIDC-IDRI-0727,1.3.6.1.4.1.14519.5.2.1.6279.6001.336894364358709782463716339027,0,1,1,False,"[372.58024691358025, 172.2469135802469, 371.58024691358025]",4.446952959611783,1.25,0.703125,False,patches/LIDC-IDRI-0727_n01.npz,96,[4],[1],[3],[5],[5],[1],[1],[5],[1],1.0,1.0,0.0
LIDC-IDRI-0728,1.3.6.1.4.1.14519.5.2.1.6279.6001.179943248049071805421192715219,0,0,3,False,"[204.5246724052854, 446.04225377853317, 181.00340113675824]",8.308511642344875,1.25,0.703125,False,patches/LIDC-IDRI-0728_n00.npz,96,"[3, 2, 3]","[1, 1, 1]","[6, 6, 6]","[2, 3, 3]","[3, 4, 4]","[3, 1, 2]","[1, 1, 1]","[4, 5, 5]","[3, 2, 4]",3.0,3.0,0.816496580927726
LIDC-IDRI-0729,1.3.6.1.4.1.14519.5.2.1.6279.6001.323426705628838942177546503237,0,0,4,False,"[276.7645757020757, 385.5441930145878, 178.44625988047042]",5.766598466077188,1.0,0.7421875,False,patches/LIDC-IDRI-0729_n00.npz,96,"[3, 2, 1, 3]","[1, 1, 1, 1]","[6, 6, 6, 6]","[5, 5, 3, 4]","[5, 4, 5, 4]","[1, 1, 2, 1]","[1, 1, 1, 1]","[5, 5, 5, 5]","[2, 3, 3, 2]",2.5,2.5,0.5
LIDC-IDRI-0730,1.3.6.1.4.1.14519.5.2.1.6279.6001.584871944187559733312703328980,0,0,4,False,"[358.7443837800649, 380.0521318532155, 177.29201810169303]",6.41841496532931,1.25,0.5625,False,patches/LIDC-IDRI-0730_n00.npz,96,"[3, 5, 1, 4]","[1, 1, 1, 1]","[6, 6, 6, 6]","[5, 5, 4, 4]","[1, 3, 1, 4]","[1, 1, 1, 2]","[1, 2, 1, 1]","[1, 1, 1, 5]","[4, 3, 3, 4]",3.5,3.5,0.5
LIDC-IDRI-0732,1.3.6.1.4.1.14519.5.2.1.6279.6001.244681063194071446501270815660,0,0,1,False,"[231.7962962962963, 439.22222222222223, 66.51851851851852]",7.152172009475513,2.0,0.6640625,False,patches/LIDC-IDRI-0732_n00.npz,96,[4],[1],[6],[5],[5],[1],[1],[5],[2],2.0,2.0,0.0
LIDC-IDRI-0732,1.3.6.1.4.1.14519.5.2.1.6279.6001.244681063194071446501270815660,0,1,4,False,"[309.42947323912057, 162.8502998844744, 128.92357427165106]",14.348440686006676,2.0,0.6640625,False,patches/LIDC-IDRI-0732_n01.npz,96,"[5, 4, 5, 5]","[1, 1, 1, 1]","[6, 6, 6, 6]","[3, 4, 5, 5]","[4, 4, 4, 5]","[2, 4, 2, 1]","[2, 1, 1, 1]","[5, 5, 5, 5]","[5, 4, 4, 3]",4.0,4.0,0.7071067811865476
LIDC-IDRI-0733,1.3.6.1.4.1.14519.5.2.1.6279.6001.172573195301625265149778785969,0,0,3,False,"[311.27178675653005, 472.22399330578236, 190.14824656276207]",9.061594534644152,0.75,0.703125,False,patches/LIDC-IDRI-0733_n00.npz,96,"[4, 5, 3]","[1, 1, 1]","[6, 6, 6]","[5, 5, 5]","[4, 5, 5]","[2, 1, 1]","[3, 1, 1]","[5, 4, 5]","[3, 4, 2]",3.0,3.0,0.816496580927726
LIDC-IDRI-0733,1.3.6.1.4.1.14519.5.2.1.6279.6001.172573195301625265149778785969,0,1,2,False,"[344.8233024691358, 135.82908950617283, 192.61149691358025]",8.51892761301683,0.75,0.703125,False,patches/LIDC-IDRI-0733_n01.npz,96,"[4, 5]","[1, 1]","[3, 3]","[4, 5]","[5, 5]","[1, 1]","[1, 1]","[5, 5]","[1, 1]",1.0,1.0,0.0
LIDC-IDRI-0733,1.3.6.1.4.1.14519.5.2.1.6279.6001.172573195301625265149778785969,0,2,1,False,"[404.92105263157896, 352.42105263157896, 216.35526315789474]",6.288941186718159,0.75,0.703125,False,patches/LIDC-IDRI-0733_n02.npz,96,[5],[1],[6],[3],[4],[1],[1],[4],[3],3.0,3.0,0.0
LIDC-IDRI-0733,1.3.6.1.4.1.14519.5.2.1.6279.6001.172573195301625265149778785969,0,3,1,False,"[404.95652173913044, 352.3478260869565, 216.3804347826087]",7.572888010032896,0.75,0.703125,False,patches/LIDC-IDRI-0733_n03.npz,96,[3],[1],[6],[3],[4],[3],[1],[5],[3],3.0,3.0,0.0
LIDC-IDRI-0733,1.3.6.1.4.1.14519.5.2.1.6279.6001.172573195301625265149778785969,0,4,1,False,"[150.51470588235293, 101.29411764705883, 275.0735294117647]",8.55388480823187,0.75,0.703125,False,patches/LIDC-IDRI-0733_n04.npz,96,[3],[1],[6],[3],[3],[2],[3],[5],[2],2.0,2.0,0.0
LIDC-IDRI-0733,1.3.6.1.4.1.14519.5.2.1.6279.6001.172573195301625265149778785969,0,5,4,False,"[406.49284701691886, 211.4821435199791, 296.58690431310833]",10.526848862545268,0.75,0.703125,False,patches/LIDC-IDRI-0733_n05.npz,96,"[5, 4, 5, 3]","[1, 1, 1, 1]","[6, 6, 6, 6]","[5, 3, 4, 5]","[5, 4, 5, 5]","[2, 2, 1, 1]","[2, 2, 1, 1]","[5, 5, 5, 5]","[3, 3, 5, 2]",3.25,3.0,1.0897247358851685
LIDC-IDRI-0733,1.3.6.1.4.1.14519.5.2.1.6279.6001.172573195301625265149778785969,0,6,1,False,"[171.1578947368421, 156.71929824561403, 301.9824561403509]",7.340840514077731,0.75,0.703125,False,patches/LIDC-IDRI-0733_n06.npz,96,[3],[1],[6],[3],[4],[1],[3],[5],[2],2.0,2.0,0.0
LIDC-IDRI-0733,1.3.6.1.4.1.14519.5.2.1.6279.6001.172573195301625265149778785969,0,7,1,False,"[268.1344537815126, 76.03361344537815, 365.20168067226894]",6.288941186718159,0.75,0.703125,False,patches/LIDC-IDRI-0733_n07.npz,96,[5],[1],[6],[3],[5],[1],[1],[5],[3],3.0,3.0,0.0
LIDC-IDRI-0734,1.3.6.1.4.1.14519.5.2.1.6279.6001.946129570505893110165820050204,0,0,4,False,"[151.77234030991514, 429.5399293788106, 158.4527729905883]",10.611727873042161,1.25,0.585938,False,patches/LIDC-IDRI-0734_n00.npz,96,"[5, 5, 4, 5]","[1, 1, 1, 1]","[6, 6, 6, 6]","[4, 4, 4, 5]","[5, 5, 4, 5]","[2, 2, 1, 2]","[2, 2, 1, 5]","[5, 5, 5, 5]","[4, 3, 2, 5]",3.5,3.5,1.118033988749895
LIDC-IDRI-0735,1.3.6.1.4.1.14519.5.2.1.6279.6001.417815314896088956784723476543,0,0,2,False,"[136.35966981132077, 91.43177223719677, 134.40970350404314]",5.151634217190734,1.0,0.578125,False,patches/LIDC-IDRI-0735_n00.npz,96,"[3, 5]","[1, 1]","[6, 6]","[2, 4]","[3, 5]","[1, 1]","[1, 1]","[5, 5]","[2, 3]",2.5,2.5,0.5
LIDC-IDRI-0735,1.3.6.1.4.1.14519.5.2.1.6279.6001.417815314896088956784723476543,0,1,4,False,"[331.8665560822045, 114.56445516529156, 228.53442023708322]",5.542978969465596,1.0,0.578125,False,patches/LIDC-IDRI-0735_n01.npz,96,"[3, 4, 5, 5]","[1, 1, 1, 1]","[6, 6, 6, 6]","[4, 3, 5, 5]","[4, 5, 3, 5]","[1, 1, 1, 1]","[1, 1, 1, 1]","[5, 5, 5, 5]","[2, 2, 3, 3]",2.5,2.5,0.5
LIDC-IDRI-0735,1.3.6.1.4.1.14519.5.2.1.6279.6001.417815314896088956784723476543,0,2,1,False,"[369.4470588235294, 344.0705882352941, 230.54117647058823]",4.660992760735099,1.0,0.578125,False,patches/LIDC-IDRI-0735_n02.npz,96,[5],[1],[6],[4],[5],[1],[1],[5],[3],3.0,3.0,0.0
LIDC-IDRI-0736,1.3.6.1.4.1.14519.5.2.1.6279.6001.756684168227383088294595834066,0,0,3,False,"[312.6863499245852, 68.24645550527903, 120.51485671191556]",5.349837452387605,1.0,0.56640625,False,patches/LIDC-IDRI-0736_n00.npz,96,"[4, 2, 3]","[1, 1, 1]","[6, 6, 6]","[4, 5, 4]","[4, 4, 3]","[1, 1, 1]","[2, 1, 2]","[5, 5, 4]","[4, 3, 3]",3.3333333333333335,3.0,0.4714045207910317
LIDC-IDRI-0739,1.3.6.1.4.1.14519.5.2.1.6279.6001.250481236093201801255751845296,0,0,3,False,"[360.12644755552884, 338.34533351645047, 266.6304292094774]",6.02463980804863,1.25,0.78125,False,patches/LIDC-IDRI-0739_n00.npz,96,"[2, 5, 4]","[1, 1, 1]","[6, 6, 6]","[3, 4, 4]","[4, 5, 5]","[1, 1, 1]","[1, 1, 1]","[5, 5, 5]","[3, 3, 2]",2.6666666666666665,3.0,0.4714045207910317
LIDC-IDRI-0740,1.3.6.1.4.1.14519.5.2.1.6279.6001.233001470265230594739708503198,0,0,4,False,"[358.2577541094998, 129.082022868175, 107.92842832432372]",10.754651910526263,2.0,0.56640625,False,patches/LIDC-IDRI-0740_n00.npz,96,"[5, 4, 3, 5]","[1, 1, 1, 1]","[6, 6, 6, 6]","[2, 4, 3, 5]","[4, 3, 2, 4]","[2, 3, 4, 1]","[2, 4, 3, 5]","[4, 5, 4, 4]","[5, 5, 3, 4]",4.25,4.5,0.82915619758885
LIDC-IDRI-0740,1.3.6.1.4.1.14519.5.2.1.6279.6001.233001470265230594739708503198,0,1,1,False,"[235.63636363636363, 122.6590909090909, 154.45454545454547]",4.8724107957858624,2.0,0.56640625,False,patches/LIDC-IDRI-0740_n01.npz,96,[4],[1],[6],[4],[5],[1],[1],[5],[2],2.0,2.0,0.0
LIDC-IDRI-0740,1.3.6.1.4.1.14519.5.2.1.6279.6001.233001470265230594739708503198,0,2,1,False,"[203.82608695652175, 410.1304347826087, 163.0]",5.373401492864239,2.0,0.56640625,False,patches/LIDC-IDRI-0740_n02.npz,96,[2],[1],[6],[4],[2],[3],[1],[2],[2],2.0,2.0,0.0
LIDC-IDRI-0741,1.3.6.1.4.1.14519.5.2.1.6279.6001.244995725416880806339898556632,0,0,1,False,"[387.8235294117647, 187.85882352941175, 191.90588235294118]",5.689888924049184,4.0,0.728515625,False,patches/LIDC-IDRI-0741_n00.npz,96,[5],[1],[3],[5],[4],[1],[1],[5],[1],1.0,1.0,0.0
LIDC-IDRI-0741,1.3.6.1.4.1.14519.5.2.1.6279.6001.244995725416880806339898556632,0,1,4,False,"[370.94313177470076, 394.5921721036377, 206.62212465072926]",18.211846331479613,4.0,0.728515625,False,patches/LIDC-IDRI-0741_n01.npz,96,"[5, 4, 4, 5]","[1, 1, 1, 1]","[6, 6, 6, 6]","[2, 3, 4, 3]","[4, 3, 2, 2]","[1, 2, 2, 1]","[3, 2, 2, 1]","[5, 5, 3, 5]","[4, 4, 3, 3]",3.5,3.5,0.5
LIDC-IDRI-0741,1.3.6.1.4.1.14519.5.2.1.6279.6001.244995725416880806339898556632,0,2,4,False,"[383.2050068932614, 348.5963039414619, 212.14621638259482]",11.142195048758857,4.0,0.728515625,False,patches/LIDC-IDRI-0741_n02.npz,96,"[2, 2, 1, 5]","[1, 1, 1, 1]","[6, 6, 6, 6]","[2, 3, 2, 3]","[4, 3, 2, 1]","[2, 4, 4, 1]","[1, 3, 2, 1]","[3, 4, 1, 5]","[3, 3, 3, 2]",2.75,3.0,0.4330127018922193
LIDC-IDRI-0741,1.3.6.1.4.1.14519.5.2.1.6279.6001.244995725416880806339898556632,0,3,1,False,"[245.8403361344538, 175.2436974789916, 216.57983193277312]",8.77248980056548,4.0,0.728515625,False,patches/LIDC-IDRI-0741_n03.npz,96,[5],[1],[6],[4],[2],[1],[1],[5],[2],2.0,2.0,0.0
LIDC-IDRI-0741,1.3.6.1.4.1.14519.5.2.1.6279.6001.244995725416880806339898556632,0,4,3,False,"[244.47442894683647, 140.53305033353547, 220.1737416616131]",7.499003031020358,4.0,0.728515625,False,patches/LIDC-IDRI-0741_n04.npz,96,"[4, 2, 5]","[1, 1, 1]","[6, 6, 6]","[2, 4, 3]","[4, 2, 4]","[2, 2, 1]","[1, 2, 1]","[4, 2, 5]","[2, 3, 2]",2.3333333333333335,2.0,0.4714045207910317
LIDC-IDRI-0741,1.3.6.1.4.1.14519.5.2.1.6279.6001.244995725416880806339898556632,0,5,1,False,"[319.70588235294116, 336.9965397923875, 225.13840830449826]",15.43696933096792,4.0,0.728515625,False,patches/LIDC-IDRI-0741_n05.npz,96,[3],[1],[6],[2],[2],[3],[2],[4],[3],3.0,3.0,0.0
LIDC-IDRI-0741,1.3.6.1.4.1.14519.5.2.1.6279.6001.244995725416880806339898556632,0,6,1,False,"[238.42105263157896, 419.2368421052632, 228.5]",5.303673806057877,4.0,0.728515625,False,patches/LIDC-IDRI-0741_n06.npz,96,[3],[1],[6],[2],[3],[1],[1],[3],[1],1.0,1.0,0.0
LIDC-IDRI-0742,1.3.6.1.4.1.14519.5.2.1.6279.6001.265775376735520890308424143898,0,0,1,False,"[329.54545454545456, 61.27272727272727, 92.0]",6.398944243135567,1.0,0.63671875,False,patches/LIDC-IDRI-0742_n00.npz,96,[5],[1],[6],[3],[5],[1],[1],[4],[3],3.0,3.0,0.0
LIDC-IDRI-0742,1.3.6.1.4.1.14519.5.2.1.6279.6001.265775376735520890308424143898,0,1,2,False,"[421.6625, 303.17083333333335, 105.51666666666667]",4.703831015995404,1.0,0.63671875,False,patches/LIDC-IDRI-0742_n01.npz,96,"[1, 5]","[1, 1]","[6, 6]","[2, 3]","[2, 3]","[2, 1]","[2, 1]","[1, 3]","[3, 3]",3.0,3.0,0.0
LIDC-IDRI-0742,1.3.6.1.4.1.14519.5.2.1.6279.6001.265775376735520890308424143898,0,2,1,False,"[312.3265306122449, 101.34693877551021, 144.9387755102041]",4.63538246856533,1.0,0.63671875,False,patches/LIDC-IDRI-0742_n02.npz,96,[5],[1],[6],[4],[4],[1],[1],[5],[3],3.0,3.0,0.0
LIDC-IDRI-0742,1.3.6.1.4.1.14519.5.2.1.6279.6001.265775376735520890308424143898,0,3,1,False,"[341.8125, 81.4125, 145.425]",6.3671875,1.0,0.63671875,False,patches/LIDC-IDRI-0742_n03.npz,96,[5],[1],[6],[5],[4],[1],[1],[4],[3],3.0,3.0,0.0
LIDC-IDRI-0742,1.3.6.1.4.1.14519.5.2.1.6279.6001.265775376735520890308424143898,0,4,2,False,"[306.08300684225327, 79.17883587965133, 146.25361327209674]",13.925457104725135,1.0,0.63671875,False,patches/LIDC-IDRI-0742_n04.npz,96,"[2, 4]","[1, 1]","[6, 6]","[3, 4]","[2, 3]","[3, 1]","[3, 1]","[3, 4]","[3, 3]",3.0,3.0,0.0
LIDC-IDRI-0742,1.3.6.1.4.1.14519.5.2.1.6279.6001.265775376735520890308424143898,0,5,3,False,"[427.81885436482776, 355.038522511097, 163.5051257662228]",5.614884556931583,1.0,0.63671875,False,patches/LIDC-IDRI-0742_n05.npz,96,"[3, 4, 5]","[1, 1, 1]","[6, 6, 6]","[4, 3, 5]","[4, 5, 5]","[2, 1, 1]","[2, 1, 1]","[5, 5, 5]","[3, 2, 3]",2.6666666666666665,3.0,0.4714045207910317
LIDC-IDRI-0742,1.3.6.1.4.1.14519.5.2.1.6279.6001.265775376735520890308424143898,0,6,1,False,"[318.56410256410254, 107.61538461538461, 167.53846153846155]",4.63538246856533,1.0,0.63671875,False,patches/LIDC-IDRI-0742_n06.npz,96,[5],[1],[6],[5],[5],[1],[1],[5],[3],3.0,3.0,0.0
LIDC-IDRI-0742,1.3.6.1.4.1.14519.5.2.1.6279.6001.265775376735520890308424143898,0,7,1,False,"[296.6857142857143, 435.25714285714287, 178.42857142857142]",4.591444202348674,1.0,0.63671875,False,patches/LIDC-IDRI-0742_n07.npz,96,[5],[1],[6],[4],[5],[1],[1],[5],[3],3.0,3.0,0.0
LIDC-IDRI-0742,1.3.6.1.4.1.14519.5.2.1.6279.6001.265775376735520890308424143898,0,8,1,False,"[323.29245283018867, 88.62264150943396, 187.14150943396226]",7.118732037743471,1.0,0.63671875,False,patches/LIDC-IDRI-0742_n08.npz,96,[5],[1],[6],[4],[5],[1],[1],[5],[3],3.0,3.0,0.0
LIDC-IDRI-0742,1.3.6.1.4.1.14519.5.2.1.6279.6001.265775376735520890308424143898,0,9,3,False,"[383.81606869739403, 228.37584391620535, 187.99619361968757]",9.367299988844112,1.0,0.63671875,False,patches/LIDC-IDRI-0742_n09.npz,96,"[3, 4, 5]","[1, 1, 1]","[6, 6, 6]","[4, 3, 3]","[4, 4, 5]","[2, 2, 1]","[3, 1, 1]","[5, 5, 5]","[3, 4, 3]",3.3333333333333335,3.0,0.4714045207910317
LIDC-IDRI-0742,1.3.6.1.4.1.14519.5.2.1.6279.6001.265775376735520890308424143898,0,10,1,False,"[254.1, 407.9166666666667, 188.95]",4.9729324108311905,1.0,0.63671875,False,patches/LIDC-IDRI-0742_n10.npz,96,[5],[1],[6],[4],[5],[1],[1],[5],[3],3.0,3.0,0.0
LIDC-IDRI-0742,1.3.6.1.4.1.14519.5.2.1.6279.6001.265775376735520890308424143898,0,11,3,False,"[390.5810904071773, 118.99413388543825, 196.36701173222912]",6.112116779825475,1.0,0.63671875,False,patches/LIDC-IDRI-0742_n11.npz,96,"[5, 4, 5]","[1, 1, 1]","[6, 6, 6]","[4, 3, 4]","[4, 5, 4]","[2, 1, 1]","[1, 1, 1]","[5, 5, 5]","[3, 2, 3]",2.6666666666666665,3.0,0.4714045207910317
LIDC-IDRI-0742,1.3.6.1.4.1.14519.5.2.1.6279.6001.265775376735520890308424143898,0,12,1,False,"[280.1159420289855, 117.92753623188406, 214.46376811594203]",5.477261791124797,1.0,0.63671875,False,patches/LIDC-IDRI-0742_n12.npz,96,[5],[1],[6],[4],[5],[1],[1],[5],[3],3.0,3.0,0.0
LIDC-IDRI-0742,1.3.6.1.4.1.14519.5.2.1.6279.6001.265775376735520890308424143898,0,13,2,False,"[354.25290834036963, 163.22282421740624, 248.52918503924695]",16.115381397428415,1.0,0.63671875,False,patches/LIDC-IDRI-0742_n13.npz,96,"[3, 5]","[1, 1]","[3, 3]","[3, 4]","[4, 5]","[1, 1]","[2, 1]","[5, 5]","[2, 1]",1.5,1.5,0.5
LIDC-IDRI-0743,1.3.6.1.4.1.14519.5.2.1.6279.6001.119515474430718803379832249911,0,0,2,False,"[301.64258028792915, 188.7486157253599, 166.56810631229234]",16.381538001136388,2.0,0.625,False,patches/LIDC-IDRI-0743_n00.npz,96,"[5, 3]","[1, 1]","[6, 6]","[2, 4]","[4, 2]","[3, 2]","[5, 1]","[3, 1]","[5, 3]",4.0,4.0,1.0
LIDC-IDRI-0743,1.3.6.1.4.1.14519.5.2.1.6279.6001.119515474430718803379832249911,0,1,3,False,"[301.88036200041853, 413.1480435237497, 177.14316354288107]",6.076104677833707,2.0,0.625,False,patches/LIDC-IDRI-0743_n01.npz,96,"[3, 2, 2]","[1, 1, 1]","[6, 6, 6]","[3, 4, 3]","[5, 4, 3]","[1, 2, 3]","[1, 1, 2]","[5, 5, 4]","[3, 2, 3]",2.6666666666666665,3.0,0.4714045207910317
LIDC-IDRI-0743,1.3.6.1.4.1.14519.5.2.1.6279.6001.119515474430718803379832249911,0,2,2,False,"[273.74976910644193, 176.53890556453476, 191.7810551835604]",9.587183070222324,2.0,0.625,False,patches/LIDC-IDRI-0743_n02.npz,96,"[4, 3]","[1, 1]","[6, 6]","[3, 4]","[4, 2]","[2, 2]","[2, 1]","[4, 1]","[4, 3]",3.5,3.5,0.5
LIDC-IDRI-0744,1.3.6.1.4.1.14519.5.2.1.6279.6001.168037818448885856452592057286,0,0,4,False,"[351.784235886911, 105.00027642790594, 303.2796719655753]",11.127530507838497,0.6,0.689453125,False,patches/LIDC-IDRI-0744_n00.npz,96,"[3, 4, 4, 5]","[1, 1, 1, 1]","[6, 6, 6, 6]","[3, 3, 3, 3]","[4, 4, 3, 5]","[2, 2, 3, 1]","[2, 1, 2, 1]","[4, 5, 5, 5]","[3, 3, 3, 3]",3.0,3.0,0.0
LIDC-IDRI-0744,1.3.6.1.4.1.14519.5.2.1.6279.6001.168037818448885856452592057286,0,1,1,False,"[396.0782122905028, 188.69832402234636, 534.9664804469273]",7.198101948526219,0.6,0.689453125,False,patches/LIDC-IDRI-0744_n01.npz,96,[5],[1],[6],[3],[5],[1],[1],[4],[3],3.0,3.0,0.0
LIDC-IDRI-0747,1.3.6.1.4.1.14519.5.2.1.6279.6001.126121460017257137098781143514,0,0,1,False,"[175.84415584415584, 418.4415584415584, 77.94805194805195]",6.794669324497621,2.5,0.556641,False,patches/LIDC-IDRI-0747_n00.npz,96,[1],[1],[6],[3],[1],[1],[1],[3],[1],1.0,1.0,0.0
LIDC-IDRI-0748,1.3.6.1.4.1.14519.5.2.1.6279.6001.229860476925100292554329427970,0,0,2,False,"[303.86541708882135, 412.2288922661263, 42.65754812563323]",7.463747639749162,2.5,0.703125,False,patches/LIDC-IDRI-0748_n00.npz,96,"[3, 3]","[1, 1]","[6, 6]","[5, 5]","[2, 4]","[1, 1]","[1, 1]","[5, 5]","[3, 2]",2.5,2.5,0.5
LIDC-IDRI-0748,1.3.6.1.4.1.14519.5.2.1.6279.6001.229860476925100292554329427970,0,1,1,False,"[271.9032258064516, 99.93548387096774, 54.54838709677419]",4.446952959611783,2.5,0.703125,False,patches/LIDC-IDRI-0748_n01.npz,96,[5],[1],[6],[5],[5],[1],[1],[5],[3],3.0,3.0,0.0
LIDC-IDRI-0748,1.3.6.1.4.1.14519.5.2.1.6279.6001.229860476925100292554329427970,0,2,4,False,"[305.8415100824082, 98.78541107768011, 59.71213900087447]",6.066321924857331,2.5,0.703125,False,patches/LIDC-IDRI-0748_n02.npz,96,"[5, 2, 3, 3]","[1, 1, 1, 1]","[6, 6, 6, 6]","[5, 5, 4, 4]","[5, 5, 5, 4]","[1, 1, 1, 1]","[1, 1, 1, 1]","[5, 5, 5, 4]","[3, 2, 2, 2]",2.25,2.0,0.4330127018922193
LIDC-IDRI-0748,1.3.6.1.4.1.14519.5.2.1.6279.6001.229860476925100292554329427970,0,3,2,False,"[172.02665165165166, 418.39752252252254, 64.45195195195194]",5.798117286024835,2.5,0.703125,False,patches/LIDC-IDRI-0748_n03.npz,96,"[2, 2]","[1, 1]","[6, 6]","[5, 3]","[4, 3]","[1, 2]","[1, 1]","[5, 4]","[2, 2]",2.0,2.0,0.0
LIDC-IDRI-0748,1.3.6.1.4.1.14519.5.2.1.6279.6001.229860476925100292554329427970,0,4,1,False,"[186.65714285714284, 88.24285714285715, 65.97142857142858]",7.572888010032896,2.5,0.703125,False,patches/LIDC-IDRI-0748_n04.npz,96,[4],[1],[6],[3],[5],[1],[1],[5],[2],2.0,2.0,0.0
LIDC-IDRI-0748,1.3.6.1.4.1.14519.5.2.1.6279.6001.229860476925100292554329427970,0,5,4,False,"[155.5430060660218, 106.04856441314354, 73.8611473867405]",5.410505432083697,2.5,0.703125,False,patches/LIDC-IDRI-0748_n05.npz,96,"[5, 3, 4, 3]","[1, 1, 1, 1]","[6, 6, 6, 6]","[5, 5, 5, 5]","[5, 5, 5, 4]","[1, 1, 1, 1]","[1, 1, 1, 1]","[5, 5, 5, 4]","[2, 2, 1, 2]",1.75,2.0,0.4330127018922193
LIDC-IDRI-0748,1.3.6.1.4.1.14519.5.2.1.6279.6001.229860476925100292554329427970,0,6,3,False,"[170.26041817218288, 117.18802492331905, 75.33272309742897]",4.723974958109161,2.5,0.703125,False,patches/LIDC-IDRI-0748_n06.npz,96,"[2, 4, 3]","[1, 1, 1]","[6, 6, 6]","[5, 4, 5]","[5, 4, 4]","[1, 1, 1]","[1, 1, 1]","[5, 5, 4]","[2, 2, 2]",2.0,2.0,0.0
LIDC-IDRI-0748,1.3.6.1.4.1.14519.5.2.1.6279.6001.229860476925100292554329427970,0,7,1,False,"[261.16, 220.02, 122.48]",7.605459721681853,2.5,0.703125,False,patches/LIDC-IDRI-0748_n07.npz,96,[4],[1],[6],[3],[5],[1],[1],[5],[2],2.0,2.0,0.0
LIDC-IDRI-0749,1.3.6.1.4.1.14519.5.2.1.6279.6001.135512138260421166189966386929,0,0,4,False,"[373.7595217887763, 398.51916543306686, 33.35728319504915]",11.376930018611946,3.0,0.62890625,False,patches/LIDC-IDRI-0749_n00.npz,96,"[5, 5, 5, 5]","[1, 1, 1, 1]","[3, 3, 3, 3]","[4, 5, 5, 5]","[5, 5, 5, 5]","[2, 1, 1, 1]","[1, 2, 1, 1]","[5, 5, 5, 5]","[1, 1, 1, 1]",1.0,1.0,0.0
LIDC-IDRI-0749,1.3.6.1.4.1.14519.5.2.1.6279.6001.135512138260421166189966386929,0,1,4,False,"[149.1595035273916, 152.78564605056272, 35.56360166335651]",8.110241233042398,3.0,0.62890625,False,patches/LIDC-IDRI-0749_n01.npz,96,"[4, 4, 5, 3]","[1, 1, 1, 1]","[6, 6, 6, 6]","[5, 5, 4, 5]","[5, 5, 4, 5]","[1, 1, 1, 1]","[1, 1, 1, 1]","[5, 4, 3, 5]","[5, 3, 4, 2]",3.5,3.5,1.118033988749895
LIDC-IDRI-0749,1.3.6.1.4.1.14519.5.2.1.6279.6001.135512138260421166189966386929,0,2,4,False,"[295.43730428157465, 196.13348319740211, 47.83018592123064]",19.139770662086068,3.0,0.62890625,False,patches/LIDC-IDRI-0749_n02.npz,96,"[5, 3, 5, 5]","[1, 1, 1, 1]","[6, 6, 6, 6]","[5, 5, 4, 5]","[4, 2, 4, 5]","[1, 3, 1, 2]","[1, 1, 1, 2]","[5, 5, 5, 5]","[5, 4, 5, 3]",4.25,4.5,0.82915619758885
LIDC-IDRI-0749,1.3.6.1.4.1.14519.5.2.1.6279.6001.135512138260421166189966386929,0,3,1,False,"[215.33333333333334, 166.4920634920635, 50.41269841269841]",8.5540498121344,3.0,0.62890625,False,patches/LIDC-IDRI-0749_n03.npz,96,[5],[1],[6],[4],[4],[1],[1],[3],[4],4.0,4.0,0.0
LIDC-IDRI-0749,1.3.6.1.4.1.14519.5.2.1.6279.6001.135512138260421166189966386929,0,4,4,False,"[332.4464417967162, 183.86256625059366, 74.50760777652256]",20.204599118575025,3.0,0.62890625,False,patches/LIDC-IDRI-0749_n04.npz,96,"[5, 5, 5, 5]","[1, 1, 1, 1]","[6, 6, 6, 6]","[4, 4, 4, 5]","[4, 5, 4, 5]","[1, 2, 1, 2]","[1, 3, 1, 2]","[5, 5, 5, 5]","[5, 4, 5, 3]",4.25,4.5,0.82915619758885
LIDC-IDRI-0749,1.3.6.1.4.1.14519.5.2.1.6279.6001.135512138260421166189966386929,0,5,4,False,"[299.41705869175627, 213.36701915981445, 96.90565965633564]",8.078818628042589,3.0,0.62890625,False,patches/LIDC-IDRI-0749_n05.npz,96,"[4, 4, 5, 3]","[1, 1, 1, 1]","[6, 6, 6, 6]","[3, 4, 4, 5]","[5, 5, 4, 5]","[1, 2, 1, 1]","[1, 1, 1, 1]","[5, 5, 4, 5]","[4, 3, 4, 2]",3.25,3.5,0.82915619758885
LIDC-IDRI-0750,1.3.6.1.4.1.14519.5.2.1.6279.6001.305000574633573438189782624063,0,0,1,False,"[161.08235294117648, 198.75294117647059, 65.96470588235294]",8.311878848972718,3.0,0.729,True,patches/LIDC-IDRI-0750_n00.npz,96,[5],[1],[6],[4],[4],[1],[1],[5],[1],1.0,1.0,0.0
LIDC-IDRI-0750,1.3.6.1.4.1.14519.5.2.1.6279.6001.305000574633573438189782624063,0,1,1,False,"[251.7246376811594, 87.42028985507247, 68.08695652173913]",6.87737224526927,3.0,0.729,True,patches/LIDC-IDRI-0750_n01.npz,96,[5],[1],[3],[3],[3],[1],[1],[5],[3],3.0,3.0,0.0
LIDC-IDRI-0750,1.3.6.1.4.1.14519.5.2.1.6279.6001.305000574633573438189782624063,0,2,1,False,"[349.0854063018242, 343.37396351575455, 86.74212271973467]",34.386861226346326,3.0,0.729,True,patches/LIDC-IDRI-0750_n02.npz,96,[5],[2],[6],[2],[3],[3],[3],[5],[3],3.0,3.0,0.0
LIDC-IDRI-0750,1.3.6.1.4.1.14519.5.2.1.6279.6001.305000574633573438189782624063,0,3,1,False,"[355.2280701754386, 210.64912280701753, 93.10526315789474]",6.721047909366479,3.0,0.729,True,patches/LIDC-IDRI-0750_n03.npz,96,[5],[1],[3],[3],[5],[1],[1],[5],[2],2.0,2.0,0.0
LIDC-IDRI-0751,1.3.6.1.4.1.14519.5.2.1.6279.6001.184501854685844606619543150859,0,0,4,False,"[347.7899417607415, 142.22357690169605, 30.83250628323489]",31.79513880006487,3.0,0.650390625,False,patches/LIDC-IDRI-0751_n00.npz,96,"[5, 5, 5, 5]","[1, 1, 1, 1]","[6, 6, 6, 6]","[5, 5, 5, 5]","[2, 3, 4, 4]","[1, 3, 3, 1]","[3, 3, 4, 5]","[5, 5, 5, 4]","[2, 5, 5, 4]",4.0,4.5,1.224744871391589
LIDC-IDRI-0751,1.3.6.1.4.1.14519.5.2.1.6279.6001.184501854685844606619543150859,0,1,2,False,"[243.60401002506265, 455.85025062656644, 32.80952380952381]",5.43534405283717,3.0,0.650390625,False,patches/LIDC-IDRI-0751_n01.npz,96,"[2, 4]","[1, 1]","[6, 6]","[5, 3]","[4, 4]","[2, 1]","[2, 1]","[5, 4]","[3, 3]",3.0,3.0,0.0
LIDC-IDRI-0751,1.3.6.1.4.1.14519.5.2.1.6279.6001.184501854685844606619543150859,0,2,4,False,"[298.54397342568177, 460.1401997781919, 35.971004981142165]",17.27721602184871,3.0,0.650390625,False,patches/LIDC-IDRI-0751_n02.npz,96,"[4, 5, 5, 5]","[1, 1, 1, 1]","[6, 6, 6, 6]","[3, 4, 3, 5]","[2, 4, 4, 4]","[2, 2, 2, 1]","[2, 1, 2, 5]","[5, 4, 5, 4]","[2, 3, 5, 4]",3.5,3.5,1.118033988749895
LIDC-IDRI-0751,1.3.6.1.4.1.14519.5.2.1.6279.6001.184501854685844606619543150859,0,3,4,False,"[359.19060641481934, 418.9129142517597, 45.12638997657602]",11.053516948033757,3.0,0.650390625,False,patches/LIDC-IDRI-0751_n03.npz,96,"[3, 4, 4, 3]","[1, 1, 1, 1]","[6, 6, 6, 6]","[1, 3, 3, 5]","[3, 3, 4, 5]","[1, 1, 1, 1]","[1, 1, 1, 1]","[5, 5, 4, 5]","[3, 2, 3, 2]",2.5,2.5,0.5
LIDC-IDRI-0751,1.3.6.1.4.1.14519.5.2.1.6279.6001.184501854685844606619543150859,0,4,4,False,"[180.79336314900613, 119.03814235845147, 53.32181719648027]",7.495089510111698,3.0,0.650390625,False,patches/LIDC-IDRI-0751_n04.npz,96,"[3, 4, 5, 1]","[1, 1, 1, 1]","[6, 6, 6, 6]","[4, 5, 4, 5]","[4, 3, 3, 2]","[1, 1, 1, 1]","[1, 1, 1, 1]","[4, 4, 3, 1]","[2, 2, 3, 2]",2.25,2.0,0.4330127018922193
LIDC-IDRI-0751,1.3.6.1.4.1.14519.5.2.1.6279.6001.184501854685844606619543150859,0,5,3,False,"[315.7221033868093, 109.52335115864527, 59.499242424242425]",5.578077836375787,3.0,0.650390625,False,patches/LIDC-IDRI-0751_n05.npz,96,"[2, 4, 1]","[1, 1, 1]","[6, 6, 6]","[3, 3, 5]","[4, 3, 2]","[1, 1, 1]","[1, 1, 1]","[5, 3, 1]","[2, 3, 2]",2.3333333333333335,2.0,0.4714045207910317
LIDC-IDRI-0751,1.3.6.1.4.1.14519.5.2.1.6279.6001.184501854685844606619543150859,0,6,4,False,"[375.72871798851924, 357.4603411256885, 73.47494062628853]",36.58831838239375,3.0,0.650390625,False,patches/LIDC-IDRI-0751_n06.npz,96,"[5, 5, 5, 5]","[4, 1, 1, 1]","[6, 6, 6, 6]","[3, 4, 4, 5]","[1, 3, 4, 4]","[3, 4, 1, 1]","[2, 3, 4, 5]","[5, 5, 5, 4]","[2, 5, 5, 4]",4.0,4.5,1.224744871391589
LIDC-IDRI-0752,1.3.6.1.4.1.14519.5.2.1.6279.6001.297988578825170426663869669862,0,0,4,False,"[311.45873128807096, 404.5632418665977, 129.07612932920756]",8.182238773662485,1.25,0.703125,False,patches/LIDC-IDRI-0752_n00.npz,96,"[4, 4, 5, 3]","[1, 1, 1, 1]","[6, 6, 6, 6]","[3, 3, 4, 5]","[5, 5, 3, 5]","[1, 1, 2, 1]","[1, 1, 2, 1]","[5, 5, 5, 5]","[3, 2, 3, 3]",2.75,3.0,0.4330127018922193
LIDC-IDRI-0752,1.3.6.1.4.1.14519.5.2.1.6279.6001.297988578825170426663869669862,0,1,3,False,"[207.08953253441788, 324.84158672955965, 175.2906750633857]",16.561013129270346,1.25,0.703125,False,patches/LIDC-IDRI-0752_n01.npz,96,"[1, 4, 1]","[1, 1, 1]","[6, 6, 6]","[2, 3, 4]","[3, 1, 1]","[1, 2, 3]","[1, 1, 2]","[1, 1, 1]","[4, 3, 4]",3.6666666666666665,4.0,0.4714045207910317
LIDC-IDRI-0753,1.3.6.1.4.1.14519.5.2.1.6279.6001.238522526736091851696274044574,0,0,3,False,"[266.53241758241757, 93.72509157509158, 125.2996336996337]",9.896710845217486,2.0,0.6640625,False,patches/LIDC-IDRI-0753_n00.npz,96,"[5, 5, 2]","[1, 1, 1]","[3, 6, 6]","[5, 5, 4]","[5, 2, 3]","[1, 3, 3]","[1, 2, 2]","[5, 3, 4]","[1, 5, 3]",3.0,3.0,1.632993161855452
LIDC-IDRI-0754,1.3.6.1.4.1.14519.5.2.1.6279.6001.766881513533845439335142582269,0,0,1,False,"[110.2063492063492, 222.6031746031746, 96.95238095238095]",5.798117286024835,1.25,0.703125,False,patches/LIDC-IDRI-0754_n00.npz,96,[1],[1],[6],[4],[1],[1],[1],[3],[2],2.0,2.0,0.0
LIDC-IDRI-0754,1.3.6.1.4.1.14519.5.2.1.6279.6001.766881513533845439335142582269,0,1,2,False,"[183.79245283018867, 413.30782669461917, 126.67907058001398]",8.377541201310633,1.25,0.703125,False,patches/LIDC-IDRI-0754_n01.npz,96,"[4, 3]","[1, 1]","[6, 6]","[4, 4]","[5, 1]","[1, 2]","[1, 1]","[4, 1]","[2, 2]",2.0,2.0,0.0
LIDC-IDRI-0754,1.3.6.1.4.1.14519.5.2.1.6279.6001.766881513533845439335142582269,0,2,1,False,"[400.4736842105263, 309.3157894736842, 179.859649122807]",5.491581803371866,1.25,0.703125,False,patches/LIDC-IDRI-0754_n02.npz,96,[4],[1],[6],[4],[1],[1],[1],[1],[2],2.0,2.0,0.0
LIDC-IDRI-0756,1.3.6.1.4.1.14519.5.2.1.6279.6001.525937963993475482158828421281,0,0,3,False,"[340.10085215542813, 411.15876382975347, 336.4466515716072]",27.72226379736709,1.25,0.820312,False,patches/LIDC-IDRI-0756_n00.npz,96,"[5, 5, 5]","[1, 1, 1]","[6, 6, 6]","[2, 2, 2]","[3, 4, 3]","[2, 2, 1]","[2, 2, 3]","[5, 3, 4]","[4, 4, 4]",4.0,4.0,0.0
LIDC-IDRI-0757,1.3.6.1.4.1.14519.5.2.1.6279.6001.148935306123327835217659769212,0,0,2,False,"[318.1805194805195, 408.50389610389607, 249.68896103896105]",6.708457501413239,1.25,0.664062,False,patches/LIDC-IDRI-0757_n00.npz,96,"[1, 3]","[1, 1]","[6, 6]","[2, 3]","[3, 5]","[1, 1]","[1, 1]","[5, 5]","[2, 2]",2.0,2.0,0.0
LIDC-IDRI-0757,1.3.6.1.4.1.14519.5.2.1.6279.6001.148935306123327835217659769212,0,1,1,False,"[224.07407407407408, 188.8148148148148, 374.6666666666667]",4.039331451394876,1.25,0.664062,False,patches/LIDC-IDRI-0757_n01.npz,96,[5],[1],[3],[5],[5],[1],[1],[5],[1],1.0,1.0,0.0
LIDC-IDRI-0757,1.3.6.1.4.1.14519.5.2.1.6279.6001.148935306123327835217659769212,0,2,1,False,"[346.7609756097561, 171.6829268292683, 423.67317073170733]",8.859692121751864,1.25,0.664062,False,patches/LIDC-IDRI-0757_n02.npz,96,[4],[1],[6],[3],[4],[2],[1],[5],[3],3.0,3.0,0.0
LIDC-IDRI-0758,1.3.6.1.4.1.14519.5.2.1.6279.6001.313756547848086902190878548835,0,0,1,False,"[332.1212121212121, 139.4090909090909, 380.54545454545456]",5.118827265900364,1.25,0.703125,False,patches/LIDC-IDRI-0758_n00.npz,96,[5],[1],[6],[4],[5],[1],[1],[4],[3],3.0,3.0,0.0
LIDC-IDRI-0759,1.3.6.1.4.1.14519.5.2.1.6279.6001.692598144815688523679745963696,0,0,2,False,"[121.62263593380615, 144.44769503546098, 41.71394799054374]",5.127259547557474,2.5,0.646484,False,patches/LIDC-IDRI-0759_n00.npz,96,"[2, 3]","[1, 1]","[6, 6]","[4, 3]","[2, 3]","[1, 1]","[1, 2]","[5, 3]","[2, 1]",1.5,1.5,0.5
LIDC-IDRI-0759,1.3.6.1.4.1.14519.5.2.1.6279.6001.692598144815688523679745963696,0,1,4,False,"[206.67205188000807, 440.09586955721113, 49.54980625203024]",10.239683571310161,2.5,0.646484,False,patches/LIDC-IDRI-0759_n01.npz,96,"[4, 5, 4, 5]","[1, 1, 1, 1]","[6, 6, 6, 6]","[3, 4, 3, 3]","[5, 5, 4, 5]","[1, 2, 4, 1]","[1, 1, 5, 4]","[5, 5, 5, 4]","[3, 4, 4, 4]",3.75,4.0,0.4330127018922193
LIDC-IDRI-0759,1.3.6.1.4.1.14519.5.2.1.6279.6001.692598144815688523679745963696,0,2,1,False,"[161.05555555555554, 113.83333333333333, 66.52777777777777]",4.70647456166162,2.5,0.646484,False,patches/LIDC-IDRI-0759_n02.npz,96,[2],[1],[6],[3],[3],[1],[1],[2],[3],3.0,3.0,0.0
LIDC-IDRI-0759,1.3.6.1.4.1.14519.5.2.1.6279.6001.692598144815688523679745963696,0,3,1,False,"[170.23809523809524, 91.38095238095238, 80.80952380952381]",2.585936000000004,2.5,0.646484,False,patches/LIDC-IDRI-0759_n03.npz,96,[5],[1],[5],[3],[5],[1],[1],[5],[1],1.0,1.0,0.0
LIDC-IDRI-0759,1.3.6.1.4.1.14519.5.2.1.6279.6001.692598144815688523679745963696,0,4,4,False,"[247.6615301326318, 200.91055454956137, 117.4599206270018]",6.833745592818888,2.5,0.646484,False,patches/LIDC-IDRI-0759_n04.npz,96,"[3, 4, 3, 5]","[1, 1, 1, 1]","[6, 6, 6, 6]","[3, 5, 5, 5]","[2, 3, 2, 5]","[2, 1, 5, 1]","[2, 1, 5, 1]","[2, 3, 2, 2]","[3, 3, 2, 3]",2.75,3.0,0.4330127018922193
LIDC-IDRI-0761,1.3.6.1.4.1.14519.5.2.1.6279.6001.162351539386551708034407968929,0,0,3,False,"[379.1315184973666, 162.82042430780294, 104.45160437422003]",6.793811655151404,1.0,0.60546875,True,patches/LIDC-IDRI-0761_n00.npz,96,"[4, 2, 4]","[1, 1, 1]","[6, 6, 6]","[4, 3, 4]","[4, 5, 2]","[1, 3, 4]","[1, 1, 1]","[5, 5, 3]","[3, 3, 3]",3.0,3.0,0.0
LIDC-IDRI-0761,1.3.6.1.4.1.14519.5.2.1.6279.6001.162351539386551708034407968929,0,1,2,False,"[354.27100525131283, 311.3903475868967, 112.49556139034758]",6.142227476874085,1.0,0.60546875,True,patches/LIDC-IDRI-0761_n01.npz,96,"[3, 5]","[1, 1]","[6, 6]","[4, 3]","[5, 4]","[1, 1]","[1, 1]","[5, 5]","[2, 3]",2.5,2.5,0.5
LIDC-IDRI-0761,1.3.6.1.4.1.14519.5.2.1.6279.6001.162351539386551708034407968929,0,2,4,False,"[216.63711553729516, 447.6430507790305, 125.11403643193015]",9.688368686677807,1.0,0.60546875,True,patches/LIDC-IDRI-0761_n02.npz,96,"[4, 3, 5, 5]","[1, 1, 1, 1]","[6, 6, 6, 3]","[4, 4, 4, 5]","[4, 5, 4, 5]","[1, 3, 4, 1]","[1, 1, 1, 1]","[4, 5, 5, 5]","[4, 3, 5, 1]",3.25,3.5,1.479019945774904
LIDC-IDRI-0761,1.3.6.1.4.1.14519.5.2.1.6279.6001.162351539386551708034407968929,0,3,1,False,"[224.45454545454547, 450.099173553719, 131.89256198347107]",7.87109375,1.0,0.60546875,True,patches/LIDC-IDRI-0761_n03.npz,96,[4],[1],[6],[4],[5],[1],[1],[5],[2],2.0,2.0,0.0
LIDC-IDRI-0762,1.3.6.1.4.1.14519.5.2.1.6279.6001.292194861362266467652267941663,0,0,1,False,"[308.5280898876405, 300.44943820224717, 59.337078651685395]",7.413366833800955,1.25,0.609375,False,patches/LIDC-IDRI-0762_n00.npz,96,[3],[1],[6],[3],[2],[1],[1],[4],[3],3.0,3.0,0.0
LIDC-IDRI-0762,1.3.6.1.4.1.14519.5.2.1.6279.6001.292194861362266467652267941663,0,1,1,False,"[221.71612903225807, 60.68387096774194, 62.14193548387097]",6.947943996697872,1.25,0.609375,False,patches/LIDC-IDRI-0762_n01.npz,96,[2],[1],[6],[4],[1],[1],[1],[1],[3],3.0,3.0,0.0
LIDC-IDRI-0762,1.3.6.1.4.1.14519.5.2.1.6279.6001.292194861362266467652267941663,0,2,1,False,"[267.8191489361702, 60.638297872340424, 74.63829787234043]",6.591398425457605,1.25,0.609375,False,patches/LIDC-IDRI-0762_n02.npz,96,[3],[1],[6],[4],[1],[1],[1],[1],[4],4.0,4.0,0.0
LIDC-IDRI-0762,1.3.6.1.4.1.14519.5.2.1.6279.6001.292194861362266467652267941663,0,3,2,False,"[311.2718073144751, 441.5911350455675, 76.73979169132441]",5.986489488959698,1.25,0.609375,False,patches/LIDC-IDRI-0762_n03.npz,96,"[2, 3]","[1, 1]","[6, 6]","[3, 3]","[2, 5]","[1, 1]","[1, 1]","[3, 4]","[3, 2]",2.5,2.5,0.5
LIDC-IDRI-0762,1.3.6.1.4.1.14519.5.2.1.6279.6001.292194861362266467652267941663,0,4,3,False,"[385.6812562208602, 324.5772390731136, 88.51706916723418]",7.221585427027784,1.25,0.609375,False,patches/LIDC-IDRI-0762_n04.npz,96,"[4, 5, 4]","[1, 1, 1]","[6, 6, 6]","[4, 4, 3]","[5, 2, 4]","[2, 1, 1]","[1, 1, 1]","[5, 5, 4]","[3, 4, 2]",3.0,3.0,0.816496580927726
LIDC-IDRI-0762,1.3.6.1.4.1.14519.5.2.1.6279.6001.292194861362266467652267941663,0,5,1,False,"[134.2, 199.23636363636365, 128.5090909090909]",7.10647262184271,1.25,0.609375,False,patches/LIDC-IDRI-0762_n05.npz,96,[4],[1],[6],[4],[1],[1],[1],[1],[3],3.0,3.0,0.0
LIDC-IDRI-0762,1.3.6.1.4.1.14519.5.2.1.6279.6001.292194861362266467652267941663,0,6,1,False,"[210.0142857142857, 419.6714285714286, 153.94285714285715]",6.362061778867367,1.25,0.609375,False,patches/LIDC-IDRI-0762_n06.npz,96,[3],[1],[6],[3],[1],[1],[1],[3],[2],2.0,2.0,0.0
LIDC-IDRI-0762,1.3.6.1.4.1.14519.5.2.1.6279.6001.292194861362266467652267941663,0,7,1,False,"[239.6952380952381, 92.42857142857143, 173.8761904761905]",6.001647722969501,1.25,0.609375,False,patches/LIDC-IDRI-0762_n07.npz,96,[2],[1],[6],[4],[4],[1],[1],[3],[3],3.0,3.0,0.0
LIDC-IDRI-0762,1.3.6.1.4.1.14519.5.2.1.6279.6001.292194861362266467652267941663,0,8,1,False,"[328.6619718309859, 225.67605633802816, 197.9718309859155]",5.781038847495318,1.25,0.609375,False,patches/LIDC-IDRI-0762_n08.npz,96,[4],[1],[6],[3],[4],[1],[1],[4],[4],4.0,4.0,0.0
LIDC-IDRI-0763,1.3.6.1.4.1.14519.5.2.1.6279.6001.215785045378334625097907422785,0,0,2,False,"[185.4207097933513, 130.99401018268944, 139.66891284815813]",7.062812649038618,1.0,0.611328125,False,patches/LIDC-IDRI-0763_n00.npz,96,"[2, 4]","[4, 1]","[6, 6]","[4, 5]","[3, 5]","[1, 4]","[1, 1]","[5, 5]","[3, 3]",3.0,3.0,0.0
LIDC-IDRI-0763,1.3.6.1.4.1.14519.5.2.1.6279.6001.215785045378334625097907422785,0,1,4,False,"[315.98292899929527, 203.10186839323467, 222.976562940451]",5.668939619009638,1.0,0.611328125,False,patches/LIDC-IDRI-0763_n01.npz,96,"[2, 3, 5, 3]","[1, 1, 1, 1]","[6, 6, 6, 6]","[5, 5, 5, 5]","[5, 5, 5, 5]","[1, 1, 1, 1]","[1, 1, 1, 1]","[5, 5, 5, 5]","[4, 1, 3, 2]",2.5,2.5,1.118033988749895
LIDC-IDRI-0763,1.3.6.1.4.1.14519.5.2.1.6279.6001.215785045378334625097907422785,0,2,1,False,"[308.4727272727273, 398.8909090909091, 223.87272727272727]",5.223189789617944,1.0,0.611328125,False,patches/LIDC-IDRI-0763_n02.npz,96,[3],[1],[6],[3],[5],[1],[1],[5],[3],3.0,3.0,0.0
LIDC-IDRI-0765,1.3.6.1.4.1.14519.5.2.1.6279.6001.308153138776443962077214577161,0,0,1,False,"[169.17806041335453, 210.2034976152623, 67.71701112877584]",18.832233273269864,2.5,0.585938,False,patches/LIDC-IDRI-0765_n00.npz,96,[4],[1],[6],[2],[2],[3],[1],[3],[2],2.0,2.0,0.0
LIDC-IDRI-0765,1.3.6.1.4.1.14519.5.2.1.6279.6001.308153138776443962077214577161,0,1,1,False,"[298.57142857142856, 444.6530612244898, 69.51020408163265]",5.770820042668846,2.5,0.585938,False,patches/LIDC-IDRI-0765_n01.npz,96,[2],[1],[6],[3],[3],[1],[1],[4],[2],2.0,2.0,0.0
LIDC-IDRI-0765,1.3.6.1.4.1.14519.5.2.1.6279.6001.308153138776443962077214577161,0,2,2,False,"[341.093108974359, 102.43413461538461, 91.28525641025641]",13.77961258126918,2.5,0.585938,False,patches/LIDC-IDRI-0765_n02.npz,96,"[4, 4]","[1, 1]","[6, 6]","[2, 2]","[1, 1]","[3, 4]","[4, 1]","[3, 3]","[3, 3]",3.0,3.0,0.0
LIDC-IDRI-0766,1.3.6.1.4.1.14519.5.2.1.6279.6001.104562737760173137525888934217,0,0,4,False,"[259.0888074204703, 118.26478897580616, 103.67313993000398]",20.63659842156765,1.0,0.830078125,False,patches/LIDC-IDRI-0766_n00.npz,96,"[5, 5, 5, 5]","[1, 1, 1, 1]","[6, 6, 3, 3]","[5, 3, 3, 5]","[4, 4, 5, 5]","[4, 3, 2, 1]","[1, 2, 1, 1]","[5, 5, 5, 5]","[5, 5, 1, 1]",3.0,3.0,2.0
LIDC-IDRI-0767,1.3.6.1.4.1.14519.5.2.1.6279.6001.332453873575389860371315979768,0,0,1,False,"[132.0, 102.21428571428571, 99.0]",4.076373546310801,2.0,0.64453125,False,patches/LIDC-IDRI-0767_n00.npz,96,[2],[1],[6],[3],[5],[5],[5],[5],[2],2.0,2.0,0.0
LIDC-IDRI-0768,1.3.6.1.4.1.14519.5.2.1.6279.6001.194440094986948071643661798326,0,0,4,False,"[322.36219684151155, 356.7496742808799, 49.128322053017484]",12.862024724253061,2.0,0.7421875,False,patches/LIDC-IDRI-0768_n00.npz,96,"[5, 4, 2, 5]","[1, 1, 1, 1]","[4, 6, 6, 6]","[3, 4, 3, 5]","[4, 4, 4, 5]","[2, 3, 2, 3]","[1, 1, 2, 1]","[5, 5, 5, 5]","[4, 3, 3, 4]",3.5,3.5,0.5
LIDC-IDRI-0768,1.3.6.1.4.1.14519.5.2.1.6279.6001.194440094986948071643661798326,0,1,1,False,"[286.84057971014494, 339.7028985507246, 54.29710144927536]",11.735014754531095,2.0,0.7421875,False,patches/LIDC-IDRI-0768_n01.npz,96,[4],[1],[6],[2],[4],[2],[1],[4],[3],3.0,3.0,0.0
LIDC-IDRI-0769,1.3.6.1.4.1.14519.5.2.1.6279.6001.193408384740507320589857096592,0,0,1,False,"[291.14, 380.48, 180.44]",5.532416753620787,1.25,0.513672,False,patches/LIDC-IDRI-0769_n00.npz,96,[1],[1],[6],[3],[3],[2],[1],[1],[3],3.0,3.0,0.0
LIDC-IDRI-0770,1.3.6.1.4.1.14519.5.2.1.6279.6001.265453131727473342790950829556,0,0,2,False,"[364.98651295961423, 304.80969333936105, 99.98157775768536]",12.475234772064514,1.0,0.625,False,patches/LIDC-IDRI-0770_n00.npz,96,"[5, 5]","[1, 1]","[3, 3]","[4, 3]","[5, 4]","[1, 2]","[3, 2]","[5, 5]","[1, 1]",1.0,1.0,0.0
LIDC-IDRI-0770,1.3.6.1.4.1.14519.5.2.1.6279.6001.265453131727473342790950829556,0,1,2,False,"[457.4874289922154, 348.3976435935199, 125.5230906795708]",7.151574936943304,1.0,0.625,False,patches/LIDC-IDRI-0770_n01.npz,96,"[3, 5]","[1, 1]","[6, 6]","[3, 3]","[5, 4]","[1, 1]","[1, 1]","[5, 5]","[2, 2]",2.0,2.0,0.0
LIDC-IDRI-0770,1.3.6.1.4.1.14519.5.2.1.6279.6001.265453131727473342790950829556,0,2,4,False,"[448.1735062818801, 384.28335956393903, 160.8847921749417]",8.376718681308072,1.0,0.625,False,patches/LIDC-IDRI-0770_n02.npz,96,"[3, 4, 2, 5]","[1, 1, 1, 1]","[6, 6, 6, 6]","[5, 4, 2, 3]","[5, 3, 4, 4]","[1, 1, 2, 3]","[1, 2, 1, 3]","[5, 5, 5, 5]","[2, 3, 3, 4]",3.0,3.0,0.7071067811865476
LIDC-IDRI-0770,1.3.6.1.4.1.14519.5.2.1.6279.6001.265453131727473342790950829556,0,3,4,False,"[421.67950351949935, 113.70499806787443, 179.9474664529963]",9.292524675530327,1.0,0.625,False,patches/LIDC-IDRI-0770_n03.npz,96,"[4, 5, 4, 5]","[1, 1, 1, 1]","[6, 6, 6, 6]","[4, 4, 3, 3]","[5, 5, 5, 5]","[2, 1, 1, 2]","[1, 1, 2, 2]","[5, 5, 5, 5]","[3, 3, 3, 3]",3.0,3.0,0.0
LIDC-IDRI-0770,1.3.6.1.4.1.14519.5.2.1.6279.6001.265453131727473342790950829556,0,4,4,False,"[434.4285733931178, 335.27439462017736, 199.02811231992305]",12.827629430377304,1.0,0.625,False,patches/LIDC-IDRI-0770_n04.npz,96,"[4, 4, 4, 5]","[1, 1, 1, 1]","[6, 6, 6, 6]","[3, 3, 2, 4]","[5, 2, 4, 3]","[2, 1, 1, 3]","[1, 2, 2, 4]","[5, 4, 5, 5]","[3, 3, 4, 4]",3.5,3.5,0.5
LIDC-IDRI-0770,1.3.6.1.4.1.14519.5.2.1.6279.6001.265453131727473342790950829556,0,5,2,False,"[283.03619683069223, 96.30422852376981, 207.74673060884072]",10.173973090081324,1.0,0.625,False,patches/LIDC-IDRI-0770_n05.npz,96,"[3, 3]","[1, 1]","[6, 6]","[2, 2]","[3, 5]","[1, 1]","[1, 1]","[5, 5]","[2, 3]",2.5,2.5,0.5
LIDC-IDRI-0770,1.3.6.1.4.1.14519.5.2.1.6279.6001.265453131727473342790950829556,0,6,1,False,"[310.5128205128205, 412.14102564102564, 212.65384615384616]",5.340002340823457,1.0,0.625,False,patches/LIDC-IDRI-0770_n06.npz,96,[5],[1],[6],[4],[4],[2],[1],[5],[2],2.0,2.0,0.0
LIDC-IDRI-0770,1.3.6.1.4.1.14519.5.2.1.6279.6001.265453131727473342790950829556,0,7,4,False,"[434.4932942299507, 378.16532942671904, 219.61486205510226]",10.25048665120815,1.0,0.625,False,patches/LIDC-IDRI-0770_n07.npz,96,"[4, 4, 4, 5]","[1, 1, 1, 1]","[6, 6, 6, 6]","[4, 4, 3, 3]","[5, 4, 5, 2]","[1, 2, 1, 3]","[1, 2, 2, 3]","[5, 5, 5, 5]","[3, 3, 3, 3]",3.0,3.0,0.0
LIDC-IDRI-0770,1.3.6.1.4.1.14519.5.2.1.6279.6001.265453131727473342790950829556,0,8,1,False,"[383.64383561643837, 94.89041095890411, 222.43835616438355]",5.762215285808055,1.0,0.625,False,patches/LIDC-IDRI-0770_n08.npz,96,[3],[1],[6],[3],[5],[1],[2],[5],[3],3.0,3.0,0.0
LIDC-IDRI-0770,1.3.6.1.4.1.14519.5.2.1.6279.6001.265453131727473342790950829556,0,9,4,False,"[373.1070086520857, 370.35146016339155, 233.78632983680674]",7.98970319242058,1.0,0.625,False,patches/LIDC-IDRI-0770_n09.npz,96,"[3, 4, 3, 5]","[1, 1, 1, 1]","[6, 6, 6, 6]","[4, 3, 2, 4]","[5, 4, 5, 5]","[1, 1, 1, 2]","[1, 1, 1, 2]","[5, 5, 5, 5]","[3, 3, 3, 2]",2.75,3.0,0.4330127018922193
LIDC-IDRI-0770,1.3.6.1.4.1.14519.5.2.1.6279.6001.265453131727473342790950829556,0,10,2,False,"[378.7209824430719, 295.69559887023183, 255.5210848671074]",11.77332471303389,1.0,0.625,False,patches/LIDC-IDRI-0770_n10.npz,96,"[4, 5]","[1, 1]","[6, 6]","[4, 2]","[4, 2]","[1, 3]","[3, 3]","[5, 5]","[3, 3]",3.0,3.0,0.0
LIDC-IDRI-0770,1.3.6.1.4.1.14519.5.2.1.6279.6001.265453131727473342790950829556,0,11,1,False,"[361.5959765297569, 356.4434199497066, 256.06621961441743]",24.34292761768806,1.0,0.625,False,patches/LIDC-IDRI-0770_n11.npz,96,[5],[1],[6],[3],[4],[1],[3],[5],[4],4.0,4.0,0.0
LIDC-IDRI-0771,1.3.6.1.4.1.14519.5.2.1.6279.6001.141069661700670042960678408762,0,0,4,False,"[362.71639916908856, 111.50548285373931, 184.70715843710923]",8.027597365663748,2.0,0.572265625,False,patches/LIDC-IDRI-0771_n00.npz,96,"[2, 5, 4, 5]","[1, 1, 1, 1]","[6, 6, 6, 6]","[3, 3, 3, 5]","[4, 4, 4, 5]","[1, 2, 2, 1]","[1, 2, 1, 1]","[4, 5, 5, 5]","[3, 4, 2, 2]",2.75,2.5,0.82915619758885
LIDC-IDRI-0772,1.3.6.1.4.1.14519.5.2.1.6279.6001.112740418331256326754121315800,0,0,3,False,"[328.01896296870893, 333.2888844129148, 113.26019691053966]",41.06728798919397,2.5,0.78125,True,patches/LIDC-IDRI-0772_n00.npz,96,"[5, 5, 5]","[1, 1, 1]","[6, 6, 6]","[4, 4, 5]","[5, 4, 4]","[3, 5, 4]","[3, 3, 4]","[5, 5, 5]","[4, 5, 5]",4.666666666666667,5.0,0.4714045207910317
LIDC-IDRI-0772,1.3.6.1.4.1.14519.5.2.1.6279.6001.112740418331256326754121315800,0,1,4,False,"[195.52964314048884, 194.51849187621153, 113.55304300965796]",28.446711851192624,2.5,0.78125,True,patches/LIDC-IDRI-0772_n01.npz,96,"[5, 5, 5, 5]","[1, 1, 1, 1]","[6, 6, 6, 6]","[5, 3, 3, 3]","[4, 4, 4, 4]","[1, 4, 2, 5]","[5, 4, 3, 5]","[4, 5, 5, 1]","[4, 5, 5, 5]",4.75,5.0,0.4330127018922193
LIDC-IDRI-0773,1.3.6.1.4.1.14519.5.2.1.6279.6001.205174485766424333452131788504,0,0,2,False,"[217.1522177419355, 115.45094086021504, 43.213373655913976]",5.644091107498501,3.0,0.72,True,patches/LIDC-IDRI-0773_n00.npz,96,"[4, 3]","[1, 1]","[6, 6]","[5, 4]","[5, 5]","[1, 2]","[1, 1]","[5, 5]","[1, 3]",2.0,2.0,1.0
LIDC-IDRI-0773,1.3.6.1.4.1.14519.5.2.1.6279.6001.205174485766424333452131788504,0,1,2,False,"[343.43173476877905, 374.70247125030585, 46.92916564717397]",8.318323498215921,3.0,0.72,True,patches/LIDC-IDRI-0773_n01.npz,96,"[3, 4]","[1, 1]","[6, 6]","[2, 3]","[4, 4]","[2, 3]","[1, 1]","[5, 5]","[2, 3]",2.5,2.5,0.5
LIDC-IDRI-0773,1.3.6.1.4.1.14519.5.2.1.6279.6001.205174485766424333452131788504,0,2,1,False,"[319.6818181818182, 145.5, 53.93181818181818]",6.151682696628639,3.0,0.72,True,patches/LIDC-IDRI-0773_n02.npz,96,[3],[1],[6],[4],[5],[1],[1],[5],[2],2.0,2.0,0.0
LIDC-IDRI-0773,1.3.6.1.4.1.14519.5.2.1.6279.6001.205174485766424333452131788504,0,3,1,False,"[267.13953488372096, 356.95348837209303, 57.97674418604651]",5.804825578774975,3.0,0.72,True,patches/LIDC-IDRI-0773_n03.npz,96,[3],[1],[6],[4],[5],[1],[1],[5],[1],1.0,1.0,0.0
LIDC-IDRI-0773,1.3.6.1.4.1.14519.5.2.1.6279.6001.205174485766424333452131788504,0,4,4,False,"[318.48548357121615, 123.48012934879571, 85.3174955396967]",9.180071031601576,3.0,0.72,True,patches/LIDC-IDRI-0773_n04.npz,96,"[5, 5, 3, 3]","[1, 1, 1, 1]","[6, 6, 6, 6]","[5, 5, 4, 3]","[5, 5, 3, 3]","[1, 1, 2, 1]","[1, 1, 2, 1]","[5, 5, 2, 5]","[2, 2, 3, 2]",2.25,2.0,0.4330127018922193
LIDC-IDRI-0773,1.3.6.1.4.1.14519.5.2.1.6279.6001.205174485766424333452131788504,0,5,3,False,"[249.77492112539437, 134.04555077224614, 86.6324988375058]",29.241643321439415,3.0,0.72,True,patches/LIDC-IDRI-0773_n05.npz,96,"[5, 5, 5]","[1, 1, 1]","[6, 6, 6]","[2, 3, 2]","[4, 1, 4]","[4, 5, 2]","[2, 4, 2]","[5, 4, 5]","[5, 3, 3]",3.6666666666666665,3.0,0.9428090415820634
LIDC-IDRI-0775,1.3.6.1.4.1.14519.5.2.1.6279.6001.280072876841890439628529365478,0,0,3,False,"[420.24590540028333, 112.73349193049654, 83.88970514892173]",5.989357739880483,1.0,0.5859375,False,patches/LIDC-IDRI-0775_n00.npz,96,"[3, 4, 5]","[1, 1, 1]","[6, 6, 6]","[4, 5, 5]","[5, 5, 5]","[1, 1, 1]","[1, 1, 1]","[5, 5, 4]","[4, 3, 4]",3.6666666666666665,4.0,0.4714045207910317
LIDC-IDRI-0775,1.3.6.1.4.1.14519.5.2.1.6279.6001.280072876841890439628529365478,0,1,3,False,"[290.0937185608578, 419.6364728997459, 96.29068267877544]",29.773078191019096,1.0,0.5859375,False,patches/LIDC-IDRI-0775_n01.npz,96,"[5, 5, 5]","[1, 1, 1]","[6, 6, 6]","[3, 4, 5]","[4, 4, 5]","[1, 4, 4]","[3, 5, 1]","[5, 5, 5]","[5, 5, 3]",4.333333333333333,5.0,0.9428090415820634
LIDC-IDRI-0775,1.3.6.1.4.1.14519.5.2.1.6279.6001.280072876841890439628529365478,0,2,4,False,"[348.65622329148323, 112.21198335770417, 104.4530277168507]",10.374423481670664,1.0,0.5859375,False,patches/LIDC-IDRI-0775_n02.npz,96,"[4, 4, 5, 3]","[1, 1, 1, 1]","[6, 6, 6, 6]","[3, 5, 4, 5]","[4, 5, 5, 5]","[2, 1, 1, 1]","[1, 1, 1, 1]","[5, 5, 4, 5]","[4, 4, 4, 2]",3.5,4.0,0.8660254037844386
LIDC-IDRI-0775,1.3.6.1.4.1.14519.5.2.1.6279.6001.280072876841890439628529365478,0,3,4,False,"[173.37030130942037, 148.58592958107067, 162.9348047023164]",11.736260044578508,1.0,0.5859375,False,patches/LIDC-IDRI-0775_n03.npz,96,"[5, 5, 5, 3]","[1, 1, 1, 1]","[6, 6, 6, 6]","[3, 4, 4, 5]","[4, 4, 4, 5]","[2, 2, 1, 1]","[2, 3, 1, 1]","[5, 5, 5, 5]","[5, 5, 5, 2]",4.25,5.0,1.299038105676658
LIDC-IDRI-0775,1.3.6.1.4.1.14519.5.2.1.6279.6001.280072876841890439628529365478,0,4,3,False,"[331.10238420827875, 113.70456963542857, 176.2955598464861]",9.559985894610504,1.0,0.5859375,False,patches/LIDC-IDRI-0775_n04.npz,96,"[3, 4, 3]","[1, 1, 1]","[6, 6, 6]","[4, 4, 5]","[4, 1, 5]","[1, 1, 1]","[2, 1, 1]","[5, 3, 5]","[3, 3, 2]",2.6666666666666665,3.0,0.4714045207910317
LIDC-IDRI-0775,1.3.6.1.4.1.14519.5.2.1.6279.6001.280072876841890439628529365478,0,5,1,False,"[375.52150537634407, 216.01612903225808, 208.46774193548387]",8.286407592029853,1.0,0.5859375,False,patches/LIDC-IDRI-0775_n05.npz,96,[4],[1],[6],[4],[5],[1],[4],[3],[2],2.0,2.0,0.0
LIDC-IDRI-0775,1.3.6.1.4.1.14519.5.2.1.6279.6001.280072876841890439628529365478,0,6,4,False,"[217.9203307570973, 91.79606135669763, 214.7031755022747]",10.394386631167121,1.0,0.5859375,False,patches/LIDC-IDRI-0775_n06.npz,96,"[4, 5, 5, 1]","[1, 1, 1, 1]","[6, 6, 6, 6]","[4, 4, 4, 5]","[4, 4, 1, 2]","[1, 1, 3, 1]","[1, 3, 2, 1]","[5, 5, 2, 1]","[4, 3, 3, 2]",3.0,3.0,0.7071067811865476
LIDC-IDRI-0775,1.3.6.1.4.1.14519.5.2.1.6279.6001.280072876841890439628529365478,0,7,2,False,"[249.77580645161288, 81.96666666666667, 241.2989247311828]",5.564691659507827,1.0,0.5859375,False,patches/LIDC-IDRI-0775_n07.npz,96,"[3, 4]","[1, 1]","[6, 6]","[4, 5]","[4, 2]","[1, 1]","[2, 1]","[5, 2]","[2, 3]",2.5,2.5,0.5
LIDC-IDRI-0775,1.3.6.1.4.1.14519.5.2.1.6279.6001.280072876841890439628529365478,0,8,2,False,"[365.76522997258604, 137.87678952177885, 254.22700274139504]",4.635970791386148,1.0,0.5859375,False,patches/LIDC-IDRI-0775_n08.npz,96,"[2, 4]","[1, 1]","[6, 6]","[5, 5]","[5, 2]","[1, 1]","[5, 1]","[5, 2]","[2, 3]",2.5,2.5,0.5
LIDC-IDRI-0775,1.3.6.1.4.1.14519.5.2.1.6279.6001.280072876841890439628529365478,0,9,4,False,"[331.04725202454364, 294.13229972680983, 254.5693208489567]",9.367236990715359,1.0,0.5859375,False,patches/LIDC-IDRI-0775_n09.npz,96,"[4, 4, 4, 3]","[1, 1, 1, 1]","[6, 6, 6, 6]","[4, 3, 4, 5]","[5, 4, 4, 5]","[1, 1, 2, 1]","[1, 1, 1, 1]","[5, 5, 4, 5]","[3, 3, 4, 2]",3.0,3.0,0.7071067811865476
LIDC-IDRI-0775,1.3.6.1.4.1.14519.5.2.1.6279.6001.280072876841890439628529365478,0,10,2,False,"[297.6434240362812, 157.67573696145126, 283.0232426303855]",5.640651610934469,1.0,0.5859375,False,patches/LIDC-IDRI-0775_n10.npz,96,"[2, 4]","[1, 1]","[6, 6]","[5, 5]","[5, 2]","[1, 1]","[2, 1]","[5, 3]","[2, 3]",2.5,2.5,0.5
LIDC-IDRI-0776,1.3.6.1.4.1.14519.5.2.1.6279.6001.167661207884826429102690781600,0,0,3,False,"[286.7336274155623, 302.20221956027103, 126.57154310776467]",12.92999757325766,1.0,0.6640625,False,patches/LIDC-IDRI-0776_n00.npz,96,"[4, 1, 3]","[1, 1, 1]","[6, 6, 6]","[4, 3, 5]","[4, 5, 5]","[1, 1, 1]","[2, 1, 1]","[5, 5, 5]","[4, 4, 2]",3.3333333333333335,4.0,0.9428090415820634
LIDC-IDRI-0776,1.3.6.1.4.1.14519.5.2.1.6279.6001.167661207884826429102690781600,0,1,2,False,"[323.2527131782946, 73.36027131782946, 138.81395348837208]",7.430419803669663,1.0,0.6640625,False,patches/LIDC-IDRI-0776_n01.npz,96,"[4, 4]","[1, 1]","[6, 6]","[4, 4]","[5, 3]","[1, 1]","[1, 1]","[5, 5]","[2, 3]",2.5,2.5,0.5
LIDC-IDRI-0776,1.3.6.1.4.1.14519.5.2.1.6279.6001.167661207884826429102690781600,0,2,4,False,"[289.12652951603, 392.46916507550975, 168.892508323139]",18.198399554202805,1.0,0.6640625,False,patches/LIDC-IDRI-0776_n02.npz,96,"[5, 4, 5, 5]","[1, 1, 1, 1]","[6, 6, 6, 6]","[3, 5, 4, 5]","[4, 5, 5, 5]","[3, 2, 1, 4]","[4, 2, 2, 1]","[5, 5, 5, 5]","[5, 4, 5, 3]",4.25,4.5,0.82915619758885
LIDC-IDRI-0776,1.3.6.1.4.1.14519.5.2.1.6279.6001.167661207884826429102690781600,0,3,1,False,"[363.94029850746267, 328.4925373134328, 215.11940298507463]",6.640625,1.0,0.6640625,False,patches/LIDC-IDRI-0776_n03.npz,96,[3],[1],[6],[4],[5],[1],[1],[5],[2],2.0,2.0,0.0
LIDC-IDRI-0777,1.3.6.1.4.1.14519.5.2.1.6279.6001.192256506776434538421891524301,0,0,1,False,"[336.06060606060606, 414.6666666666667, 72.54545454545455]",4.788622787725611,2.0,0.6640625,False,patches/LIDC-IDRI-0777_n00.npz,96,[3],[1],[6],[5],[5],[1],[1],[5],[2],2.0,2.0,0.0
LIDC-IDRI-0777,1.3.6.1.4.1.14519.5.2.1.6279.6001.192256506776434538421891524301,0,1,4,False,"[295.3273027815777, 436.8544961783163, 76.7575537967125]",6.553750194190816,2.0,0.6640625,False,patches/LIDC-IDRI-0777_n01.npz,96,"[3, 2, 2, 5]","[1, 1, 1, 1]","[6, 3, 6, 5]","[4, 3, 4, 4]","[4, 5, 1, 5]","[1, 1, 1, 2]","[1, 1, 1, 1]","[5, 5, 3, 5]","[2, 1, 3, 2]",2.0,2.0,0.7071067811865476
LIDC-IDRI-0777,1.3.6.1.4.1.14519.5.2.1.6279.6001.192256506776434538421891524301,0,2,3,False,"[201.90320028766632, 166.76869830996046, 113.57418194893923]",8.559748605900834,2.0,0.6640625,False,patches/LIDC-IDRI-0777_n02.npz,96,"[2, 1, 1]","[1, 1, 1]","[6, 6, 6]","[4, 4, 4]","[5, 1, 1]","[1, 1, 1]","[1, 1, 1]","[1, 1, 1]","[3, 3, 2]",2.6666666666666665,3.0,0.4714045207910317
LIDC-IDRI-0777,1.3.6.1.4.1.14519.5.2.1.6279.6001.192256506776434538421891524301,0,3,3,False,"[186.4878312106573, 407.3089225589226, 125.44962304201435]",9.703074042895391,2.0,0.6640625,False,patches/LIDC-IDRI-0777_n03.npz,96,"[4, 2, 1]","[1, 1, 1]","[6, 6, 6]","[4, 4, 4]","[4, 1, 1]","[1, 1, 2]","[1, 1, 1]","[5, 1, 1]","[2, 3, 2]",2.3333333333333335,2.0,0.4714045207910317
LIDC-IDRI-0777,1.3.6.1.4.1.14519.5.2.1.6279.6001.192256506776434538421891524301,0,4,2,False,"[358.2516309412861, 365.9439655172414, 133.48753494874182]",9.239451844693344,2.0,0.6640625,False,patches/LIDC-IDRI-0777_n04.npz,96,"[1, 1]","[1, 1]","[6, 6]","[4, 4]","[1, 1]","[1, 1]","[1, 1]","[1, 1]","[3, 2]",2.5,2.5,0.5
LIDC-IDRI-0777,1.3.6.1.4.1.14519.5.2.1.6279.6001.192256506776434538421891524301,0,5,3,False,"[282.4790607809389, 213.0037705443623, 155.85529766123315]",9.121894635332078,2.0,0.6640625,False,patches/LIDC-IDRI-0777_n05.npz,96,"[3, 1, 2]","[1, 1, 1]","[6, 6, 6]","[4, 4, 4]","[4, 1, 1]","[1, 1, 1]","[1, 1, 1]","[5, 1, 1]","[2, 3, 3]",2.6666666666666665,3.0,0.4714045207910317
LIDC-IDRI-0777,1.3.6.1.4.1.14519.5.2.1.6279.6001.192256506776434538421891524301,0,6,4,False,"[294.1780364966359, 294.8647169848224, 157.09503109841964]",7.189630750684348,2.0,0.6640625,False,patches/LIDC-IDRI-0777_n06.npz,96,"[1, 1, 1, 1]","[1, 1, 1, 1]","[6, 6, 6, 6]","[4, 4, 4, 2]","[5, 1, 1, 2]","[1, 1, 1, 1]","[1, 1, 1, 1]","[1, 1, 1, 1]","[3, 3, 2, 3]",2.75,3.0,0.4330127018922193
LIDC-IDRI-0777,1.3.6.1.4.1.14519.5.2.1.6279.6001.192256506776434538421891524301,0,7,1,False,"[268.9207920792079, 161.98019801980197, 169.9108910891089]",11.052202680100978,2.0,0.6640625,False,patches/LIDC-IDRI-0777_n07.npz,96,[1],[1],[6],[3],[1],[1],[4],[1],[3],3.0,3.0,0.0
LIDC-IDRI-0778,1.3.6.1.4.1.14519.5.2.1.6279.6001.100332161840553388986847034053,0,0,1,False,"[367.4807692307692, 313.625, 331.5480769230769]",5.070306481121235,1.25,0.703125,False,patches/LIDC-IDRI-0778_n00.npz,96,[5],[1],[6],[4],[4],[1],[1],[4],[3],3.0,3.0,0.0
LIDC-IDRI-0779,1.3.6.1.4.1.14519.5.2.1.6279.6001.771741891125176943862272696845,0,0,3,False,"[317.4867882808182, 406.705693753455, 132.7673852957435]",6.156353918748831,2.0,0.6640625,False,patches/LIDC-IDRI-0779_n00.npz,96,"[3, 2, 2]","[1, 1, 1]","[6, 6, 6]","[3, 5, 5]","[4, 2, 2]","[1, 1, 1]","[1, 1, 1]","[4, 1, 1]","[3, 3, 3]",3.0,3.0,0.0
LIDC-IDRI-0780,1.3.6.1.4.1.14519.5.2.1.6279.6001.302134342469412607966016057827,0,0,1,False,"[230.79787234042553, 401.781914893617, 174.7127659574468]",10.067217935116187,1.25,0.703125,False,patches/LIDC-IDRI-0780_n00.npz,96,[5],[1],[3],[3],[5],[1],[1],[5],[1],1.0,1.0,0.0
LIDC-IDRI-0780,1.3.6.1.4.1.14519.5.2.1.6279.6001.302134342469412607966016057827,0,1,1,False,"[187.05247031788588, 109.57947146687093, 235.6338567598621]",27.049758836725328,1.25,0.703125,False,patches/LIDC-IDRI-0780_n01.npz,96,[3],[1],[6],[3],[1],[3],[2],[1],[3],3.0,3.0,0.0
LIDC-IDRI-0780,1.3.6.1.4.1.14519.5.2.1.6279.6001.302134342469412607966016057827,0,2,1,False,"[336.00757575757575, 210.0530303030303, 255.36363636363637]",7.605459721681853,1.25,0.703125,False,patches/LIDC-IDRI-0780_n02.npz,96,[5],[1],[6],[3],[1],[1],[3],[5],[2],2.0,2.0,0.0
LIDC-IDRI-0781,1.3.6.1.4.1.14519.5.2.1.6279.6001.749871569713868632259874663577,0,0,1,False,"[312.79899497487435, 404.9849246231156, 305.18090452261305]",7.055627844308425,1.25,0.585938,False,patches/LIDC-IDRI-0781_n00.npz,96,[5],[1],[6],[3],[4],[1],[1],[5],[3],3.0,3.0,0.0
LIDC-IDRI-0782,1.3.6.1.4.1.14519.5.2.1.6279.6001.144943344795414353192059796098,0,0,2,False,"[152.8432216905901, 132.68811802232855, 107.48636363636363]",5.9829713784822784,1.25,0.636719,False,patches/LIDC-IDRI-0782_n00.npz,96,"[4, 4]","[1, 1]","[6, 6]","[4, 2]","[5, 3]","[1, 3]","[1, 2]","[5, 5]","[3, 2]",2.5,2.5,0.5
LIDC-IDRI-0783,1.3.6.1.4.1.14519.5.2.1.6279.6001.232058316950007760548968840196,0,0,2,False,"[396.94358974358977, 167.40940170940172, 159.9102564102564]",6.144796950035758,1.25,0.703125,False,patches/LIDC-IDRI-0783_n00.npz,96,"[4, 3]","[1, 1]","[6, 6]","[3, 3]","[4, 3]","[2, 2]","[1, 1]","[5, 5]","[4, 3]",3.5,3.5,0.5
LIDC-IDRI-0785,1.3.6.1.4.1.14519.5.2.1.6279.6001.148447286464082095534651426689,0,0,4,False,"[256.36496909138015, 386.0596718073087, 75.95485686322486]",7.623500685463828,1.25,0.703125,False,patches/LIDC-IDRI-0785_n00.npz,96,"[3, 4, 4, 4]","[1, 1, 1, 1]","[3, 6, 6, 4]","[3, 4, 3, 3]","[4, 5, 1, 2]","[2, 1, 3, 1]","[1, 1, 1, 1]","[5, 5, 5, 4]","[1, 2, 2, 1]",1.5,1.5,0.5
LIDC-IDRI-0785,1.3.6.1.4.1.14519.5.2.1.6279.6001.148447286464082095534651426689,0,1,4,False,"[165.92136492856, 164.64444940128237, 89.32081967639027]",6.795446127310719,1.25,0.703125,False,patches/LIDC-IDRI-0785_n01.npz,96,"[4, 4, 4, 3]","[1, 1, 1, 1]","[6, 6, 6, 6]","[3, 4, 3, 5]","[4, 5, 2, 4]","[1, 1, 1, 1]","[3, 1, 1, 1]","[5, 5, 5, 5]","[3, 2, 3, 3]",2.75,3.0,0.4330127018922193
LIDC-IDRI-0785,1.3.6.1.4.1.14519.5.2.1.6279.6001.148447286464082095534651426689,0,2,3,False,"[205.95473918362805, 314.4087776665554, 98.34754977199422]",5.4287214950633595,1.25,0.703125,False,patches/LIDC-IDRI-0785_n02.npz,96,"[3, 4, 2]","[1, 1, 1]","[6, 6, 6]","[5, 4, 5]","[5, 2, 4]","[1, 1, 1]","[1, 1, 1]","[5, 3, 5]","[3, 3, 2]",2.6666666666666665,3.0,0.4714045207910317
LIDC-IDRI-0785,1.3.6.1.4.1.14519.5.2.1.6279.6001.148447286464082095534651426689,0,3,1,False,"[185.657848324515, 299.7495590828924, 102.82010582010582]",23.372958007398744,1.25,0.703125,False,patches/LIDC-IDRI-0785_n03.npz,96,[4],[1],[6],[2],[1],[2],[4],[1],[5],5.0,5.0,0.0
LIDC-IDRI-0785,1.3.6.1.4.1.14519.5.2.1.6279.6001.148447286464082095534651426689,0,4,4,False,"[207.12170604627823, 333.77067420536304, 143.89286861659508]",30.4099862996653,1.25,0.703125,False,patches/LIDC-IDRI-0785_n04.npz,96,"[5, 5, 5, 5]","[1, 1, 1, 1]","[6, 6, 6, 6]","[3, 3, 4, 4]","[3, 3, 1, 3]","[3, 2, 4, 4]","[4, 2, 3, 2]","[3, 2, 4, 3]","[5, 4, 5, 5]",4.75,5.0,0.4330127018922193
LIDC-IDRI-0785,1.3.6.1.4.1.14519.5.2.1.6279.6001.148447286464082095534651426689,0,5,2,False,"[268.31075268817204, 376.68351254480285, 156.50860215053763]",5.3849809206213735,1.25,0.703125,False,patches/LIDC-IDRI-0785_n05.npz,96,"[3, 3]","[1, 1]","[6, 6]","[4, 4]","[5, 1]","[1, 1]","[1, 1]","[5, 4]","[2, 3]",2.5,2.5,0.5
LIDC-IDRI-0785,1.3.6.1.4.1.14519.5.2.1.6279.6001.148447286464082095534651426689,0,6,4,False,"[289.1930002943127, 375.9616756450663, 157.65749808137932]",13.160741490803932,1.25,0.703125,False,patches/LIDC-IDRI-0785_n06.npz,96,"[3, 4, 4, 4]","[1, 1, 1, 1]","[6, 6, 6, 6]","[3, 4, 4, 4]","[4, 5, 1, 3]","[1, 1, 1, 1]","[2, 1, 1, 1]","[5, 5, 3, 5]","[3, 3, 3, 3]",3.0,3.0,0.0
LIDC-IDRI-0785,1.3.6.1.4.1.14519.5.2.1.6279.6001.148447286464082095534651426689,0,7,2,False,"[347.7022675736962, 148.6578231292517, 159.42539682539683]",7.867503321532585,1.25,0.703125,False,patches/LIDC-IDRI-0785_n07.npz,96,"[3, 3]","[1, 1]","[6, 3]","[3, 4]","[5, 2]","[1, 1]","[1, 1]","[5, 4]","[3, 2]",2.5,2.5,0.5
LIDC-IDRI-0785,1.3.6.1.4.1.14519.5.2.1.6279.6001.148447286464082095534651426689,0,8,4,False,"[214.3234441412147, 349.5881584601092, 168.84080662331127]",6.317482978855445,1.25,0.703125,False,patches/LIDC-IDRI-0785_n08.npz,96,"[4, 3, 4, 3]","[1, 1, 1, 1]","[6, 6, 6, 6]","[3, 4, 5, 5]","[4, 5, 2, 4]","[1, 1, 1, 1]","[2, 1, 1, 1]","[5, 5, 5, 5]","[3, 2, 3, 3]",2.75,3.0,0.4330127018922193
LIDC-IDRI-0786,1.3.6.1.4.1.14519.5.2.1.6279.6001.259453428008507791234730686014,0,0,2,False,"[300.39324324324326, 110.94391891891891, 87.54527027027027]",3.4544547577666758,2.5,0.617188,False,patches/LIDC-IDRI-0786_n00.npz,96,"[1, 2]","[1, 1]","[6, 6]","[2, 2]","[3, 3]","[1, 4]","[1, 1]","[2, 5]","[1, 3]",2.0,2.0,1.0
LIDC-IDRI-0787,1.3.6.1.4.1.14519.5.2.1.6279.6001.664409965623578819357819577077,0,0,2,False,"[370.10188933873144, 420.9240890688259, 60.740890688259114]",5.0447081198815145,2.5,0.664062,False,patches/LIDC-IDRI-0787_n00.npz,96,"[3, 3]","[1, 1]","[6, 6]","[5, 4]","[5, 4]","[1, 1]","[1, 1]","[5, 5]","[2, 2]",2.0,2.0,0.0
LIDC-IDRI-0787,1.3.6.1.4.1.14519.5.2.1.6279.6001.664409965623578819357819577077,0,1,1,False,"[360.88235294117646, 146.52941176470588, 68.0]",4.454663319823379,2.5,0.664062,False,patches/LIDC-IDRI-0787_n01.npz,96,[1],[1],[6],[5],[5],[2],[1],[5],[3],3.0,3.0,0.0
LIDC-IDRI-0787,1.3.6.1.4.1.14519.5.2.1.6279.6001.664409965623578819357819577077,0,2,2,False,"[272.7281328847771, 456.0712783851976, 71.71299411269975]",5.513793609986852,2.5,0.664062,False,patches/LIDC-IDRI-0787_n02.npz,96,"[5, 4]","[1, 1]","[5, 6]","[5, 4]","[5, 4]","[1, 2]","[1, 1]","[5, 5]","[1, 3]",2.0,2.0,1.0
LIDC-IDRI-0788,1.3.6.1.4.1.14519.5.2.1.6279.6001.134370886216012873213579659366,0,0,4,False,"[382.61258597883597, 172.1577447089947, 77.28771825396825]",5.915684205661088,2.0,0.56640625,False,patches/LIDC-IDRI-0788_n00.npz,96,"[3, 4, 4, 4]","[1, 1, 1, 1]","[6, 5, 6, 6]","[5, 5, 4, 2]","[5, 4, 1, 2]","[1, 2, 1, 1]","[1, 1, 1, 3]","[5, 5, 3, 5]","[2, 1, 3, 3]",2.25,2.5,0.82915619758885
LIDC-IDRI-0788,1.3.6.1.4.1.14519.5.2.1.6279.6001.134370886216012873213579659366,0,1,1,False,"[162.75925925925927, 383.25925925925924, 100.48148148148148]",6.100382008082056,2.0,0.56640625,False,patches/LIDC-IDRI-0788_n01.npz,96,[4],[1],[6],[4],[5],[1],[1],[5],[2],2.0,2.0,0.0
LIDC-IDRI-0788,1.3.6.1.4.1.14519.5.2.1.6279.6001.134370886216012873213579659366,0,2,2,False,"[261.6208106884058, 73.05581974637681, 102.40715579710145]",7.3665194655525585,2.0,0.56640625,False,patches/LIDC-IDRI-0788_n02.npz,96,"[3, 3]","[1, 1]","[6, 6]","[4, 2]","[5, 3]","[1, 1]","[1, 1]","[3, 4]","[3, 2]",2.5,2.5,0.5
LIDC-IDRI-0788,1.3.6.1.4.1.14519.5.2.1.6279.6001.134370886216012873213579659366,0,3,4,False,"[307.58138610550714, 166.4414278559445, 170.7415257414516]",13.33533660754363,2.0,0.56640625,False,patches/LIDC-IDRI-0788_n03.npz,96,"[4, 3, 4, 4]","[1, 1, 1, 1]","[6, 6, 6, 6]","[3, 4, 4, 3]","[3, 1, 1, 2]","[2, 3, 1, 3]","[1, 1, 1, 3]","[5, 3, 3, 5]","[5, 4, 3, 3]",3.75,3.5,0.82915619758885
LIDC-IDRI-0789,1.3.6.1.4.1.14519.5.2.1.6279.6001.259124675432205040899951626253,0,0,4,False,"[142.75901640208104, 149.0248720677381, 215.0328658684225]",8.300976833272054,1.25,0.683594,False,patches/LIDC-IDRI-0789_n00.npz,96,"[5, 3, 4, 3]","[1, 1, 1, 1]","[6, 6, 6, 6]","[4, 2, 3, 3]","[5, 2, 2, 3]","[1, 1, 3, 2]","[1, 1, 2, 1]","[4, 4, 2, 5]","[4, 2, 3, 2]",2.75,2.5,0.82915619758885
LIDC-IDRI-0790,1.3.6.1.4.1.14519.5.2.1.6279.6001.266009527139315622265711325223,0,0,2,False,"[370.7956940604842, 347.7921965317919, 95.33120549551813]",17.68412914968404,1.25,0.794922,False,patches/LIDC-IDRI-0790_n00.npz,96,"[4, 4]","[1, 1]","[6, 6]","[1, 3]","[3, 4]","[3, 2]","[4, 1]","[5, 5]","[4, 4]",4.0,4.0,0.0
LIDC-IDRI-0790,1.3.6.1.4.1.14519.5.2.1.6279.6001.266009527139315622265711325223,0,1,2,False,"[135.41279027320712, 371.77622469513915, 135.24655916208786]",43.20057897153163,1.25,0.794922,False,patches/LIDC-IDRI-0790_n01.npz,96,"[5, 5]","[1, 1]","[6, 6]","[1, 3]","[1, 3]","[5, 2]","[4, 5]","[3, 5]","[5, 5]",5.0,5.0,0.0
LIDC-IDRI-0791,1.3.6.1.4.1.14519.5.2.1.6279.6001.780558315515979171413904604168,0,0,4,False,"[321.19721818134303, 119.79200072925127, 163.95497234536936]",17.505724327036564,2.0,0.666015625,False,patches/LIDC-IDRI-0791_n00.npz,96,"[5, 5, 5, 5]","[1, 1, 1, 1]","[3, 3, 3, 3]","[3, 5, 5, 5]","[5, 5, 5, 5]","[2, 1, 1, 1]","[1, 1, 1, 1]","[5, 5, 5, 5]","[1, 1, 1, 1]",1.0,1.0,0.0
LIDC-IDRI-0792,1.3.6.1.4.1.14519.5.2.1.6279.6001.300392272203629213913702120739,0,0,2,False,"[307.58089668615986, 80.2400097465887, 256.2609649122807]",5.741157611473863,2.0,0.654296875,False,patches/LIDC-IDRI-0792_n00.npz,96,"[3, 1]","[1, 1]","[6, 6]","[4, 4]","[5, 4]","[1, 2]","[1, 1]","[4, 5]","[4, 1]",2.5,2.5,1.5
LIDC-IDRI-0792,1.3.6.1.4.1.14519.5.2.1.6279.6001.300392272203629213913702120739,0,1,1,False,"[374.4657534246575, 323.6849315068493, 288.7260273972603]",6.207205172791448,2.0,0.654296875,False,patches/LIDC-IDRI-0792_n01.npz,96,[3],[1],[6],[5],[5],[1],[1],[5],[3],3.0,3.0,0.0
LIDC-IDRI-0792,1.3.6.1.4.1.14519.5.2.1.6279.6001.300392272203629213913702120739,0,2,2,False,"[356.8934778456837, 345.79187356760883, 297.336038961039]",9.206303376998598,2.0,0.654296875,False,patches/LIDC-IDRI-0792_n02.npz,96,"[3, 3]","[1, 1]","[6, 6]","[3, 3]","[2, 2]","[1, 3]","[2, 1]","[3, 4]","[1, 3]",2.0,2.0,1.0
LIDC-IDRI-0792,1.3.6.1.4.1.14519.5.2.1.6279.6001.300392272203629213913702120739,0,3,2,False,"[282.1966893865628, 92.13933787731256, 341.6684518013632]",5.891383511265522,2.0,0.654296875,False,patches/LIDC-IDRI-0792_n03.npz,96,"[4, 2]","[1, 1]","[6, 6]","[5, 4]","[5, 4]","[1, 1]","[1, 1]","[5, 5]","[3, 1]",2.0,2.0,1.0
LIDC-IDRI-0793,1.3.6.1.4.1.14519.5.2.1.6279.6001.223098610241551815995595311693,0,0,1,False,"[375.6434108527132, 176.46511627906978, 234.984496124031]",8.23954897044299,2.0,0.72265625,False,patches/LIDC-IDRI-0793_n00.npz,96,[1],[1],[6],[5],[2],[1],[1],[1],[2],2.0,2.0,0.0
LIDC-IDRI-0793,1.3.6.1.4.1.14519.5.2.1.6279.6001.223098610241551815995595311693,0,1,2,False,"[359.69640025207934, 164.95924140748897, 242.3225472475571]",11.938958816236102,2.0,0.72265625,False,patches/LIDC-IDRI-0793_n01.npz,96,"[5, 4]","[1, 1]","[6, 6]","[4, 4]","[4, 5]","[3, 1]","[2, 2]","[5, 5]","[5, 4]",4.5,4.5,0.5
LIDC-IDRI-0794,1.3.6.1.4.1.14519.5.2.1.6279.6001.724251104254976962355686318345,0,0,3,False,"[283.08869317166426, 158.347730620441, 96.46582509683343]",9.878778191310515,1.5,0.638671875,False,patches/LIDC-IDRI-0794_n00.npz,96,"[4, 5, 4]","[1, 1, 1]","[6, 6, 6]","[3, 3, 3]","[5, 5, 3]","[1, 1, 1]","[1, 1, 1]","[5, 5, 5]","[2, 4, 2]",2.6666666666666665,2.0,0.9428090415820634
LIDC-IDRI-0794,1.3.6.1.4.1.14519.5.2.1.6279.6001.724251104254976962355686318345,0,1,4,False,"[337.51992137355586, 400.34943196405646, 268.48902599486524]",6.6751412078586325,1.5,0.638671875,False,patches/LIDC-IDRI-0794_n01.npz,96,"[2, 4, 5, 5]","[1, 1, 1, 1]","[6, 6, 6, 6]","[5, 4, 5, 4]","[5, 5, 4, 4]","[1, 1, 1, 1]","[1, 1, 1, 1]","[5, 5, 5, 5]","[2, 4, 4, 2]",3.0,3.0,1.0
LIDC-IDRI-0795,1.3.6.1.4.1.14519.5.2.1.6279.6001.323302986710576400812869264321,0,0,4,False,"[291.3165470244669, 136.1304221168906, 84.26835346015278]",8.428626532879042,2.5,0.703125,False,patches/LIDC-IDRI-0795_n00.npz,96,"[5, 5, 4, 2]","[1, 1, 1, 1]","[6, 6, 6, 6]","[4, 3, 4, 4]","[5, 4, 5, 4]","[5, 5, 5, 1]","[5, 5, 5, 1]","[5, 5, 5, 5]","[3, 2, 3, 1]",2.25,2.5,0.82915619758885
LIDC-IDRI-0795,1.3.6.1.4.1.14519.5.2.1.6279.6001.323302986710576400812869264321,0,1,2,False,"[320.1237799467613, 354.00399290150847, 108.09449866903283]",5.59959904328634,2.5,0.703125,False,patches/LIDC-IDRI-0795_n01.npz,96,"[2, 1]","[1, 1]","[6, 6]","[2, 5]","[2, 2]","[3, 5]","[5, 5]","[1, 4]","[1, 2]",1.5,1.5,0.5
LIDC-IDRI-0796,1.3.6.1.4.1.14519.5.2.1.6279.6001.801945620899034889998809817499,0,0,4,False,"[203.05198937322982, 353.38386281078647, 179.44857549096758]",33.07131803026549,1.25,0.703125,False,patches/LIDC-IDRI-0796_n00.npz,96,"[5, 5, 5, 5]","[1, 1, 1, 1]","[6, 6, 6, 6]","[3, 3, 3, 3]","[4, 3, 3, 2]","[2, 2, 4, 2]","[2, 3, 4, 2]","[5, 4, 4, 4]","[5, 5, 5, 5]",5.0,5.0,0.0
LIDC-IDRI-0797,1.3.6.1.4.1.14519.5.2.1.6279.6001.631047517458234322522264161877,0,0,3,False,"[393.25189517002383, 147.96813126899838, 128.60969580187165]",7.6577504419158275,1.25,0.703125,False,patches/LIDC-IDRI-0797_n00.npz,96,"[4, 3, 2]","[1, 1, 1]","[6, 6, 6]","[3, 2, 2]","[5, 4, 4]","[1, 3, 1]","[1, 1, 1]","[5, 5, 5]","[2, 2, 2]",2.0,2.0,0.0
LIDC-IDRI-0798,1.3.6.1.4.1.14519.5.2.1.6279.6001.220747560179730541133819705549,0,0,3,False,"[382.0054644808743, 328.40983606557376, 69.48087431693989]",8.882419637617067,3.0,0.711,True,patches/LIDC-IDRI-0798_n00.npz,96,"[2, 4, 3]","[1, 1, 1]","[6, 6, 6]","[3, 4, 5]","[3, 3, 5]","[3, 1, 1]","[3, 1, 1]","[5, 3, 5]","[2, 3, 2]",2.3333333333333335,2.0,0.4714045207910317
LIDC-IDRI-0798,1.3.6.1.4.1.14519.5.2.1.6279.6001.220747560179730541133819705549,0,1,1,False,"[308.7987421383648, 218.25786163522014, 71.44654088050315]",12.974532477126106,3.0,0.711,True,patches/LIDC-IDRI-0798_n01.npz,96,[1],[1],[6],[5],[1],[1],[1],[1],[3],3.0,3.0,0.0
LIDC-IDRI-0798,1.3.6.1.4.1.14519.5.2.1.6279.6001.220747560179730541133819705549,0,2,4,False,"[288.2795560710407, 376.3234800423147, 93.34737098315685]",20.56830604469092,3.0,0.711,True,patches/LIDC-IDRI-0798_n02.npz,96,"[5, 5, 5, 5]","[1, 1, 1, 1]","[6, 6, 6, 6]","[4, 4, 4, 5]","[3, 5, 5, 5]","[4, 3, 5, 5]","[1, 5, 1, 2]","[4, 5, 5, 5]","[4, 5, 5, 4]",4.5,4.5,0.5
LIDC-IDRI-0799,1.3.6.1.4.1.14519.5.2.1.6279.6001.323535944958374186208096541480,0,0,4,False,"[276.1350355162855, 205.82397411147412, 207.63651845526846]",8.432173096724068,1.25,0.585938,False,patches/LIDC-IDRI-0799_n00.npz,96,"[4, 3, 5, 3]","[1, 1, 1, 1]","[6, 6, 6, 6]","[3, 2, 2, 2]","[3, 1, 2, 3]","[2, 4, 3, 2]","[2, 4, 2, 3]","[5, 4, 3, 5]","[5, 4, 3, 4]",4.0,4.0,0.7071067811865476
LIDC-IDRI-0800,1.3.6.1.4.1.14519.5.2.1.6279.6001.450501966058662668272378865145,0,0,3,False,"[203.53340455840456, 406.977207977208, 68.51260683760684]",4.7643716232637745,2.5,0.644531,False,patches/LIDC-IDRI-0800_n00.npz,96,"[3, 3, 3]","[1, 1, 1]","[6, 3, 6]","[4, 5, 5]","[4, 5, 5]","[2, 1, 1]","[2, 1, 1]","[5, 5, 5]","[3, 1, 2]",2.0,2.0,0.816496580927726
LIDC-IDRI-0800,1.3.6.1.4.1.14519.5.2.1.6279.6001.450501966058662668272378865145,0,1,4,False,"[289.37981121777256, 337.86567795810015, 109.4208183795018]",11.247050942616921,2.5,0.644531,False,patches/LIDC-IDRI-0800_n01.npz,96,"[4, 5, 4, 5]","[1, 1, 1, 1]","[6, 5, 5, 6]","[4, 3, 4, 2]","[2, 5, 4, 3]","[3, 3, 1, 2]","[2, 1, 1, 2]","[4, 5, 5, 4]","[3, 1, 1, 5]",2.5,2.0,1.6583123951777
LIDC-IDRI-0800,1.3.6.1.4.1.14519.5.2.1.6279.6001.450501966058662668272378865145,0,2,2,False,"[320.89233954451345, 329.52484472049684, 109.75414078674949]",6.815508229615514,2.5,0.644531,False,patches/LIDC-IDRI-0800_n02.npz,96,"[4, 3]","[1, 1]","[5, 4]","[4, 4]","[4, 2]","[3, 2]","[2, 2]","[5, 5]","[1, 1]",1.0,1.0,0.0
LIDC-IDRI-0801,1.3.6.1.4.1.14519.5.2.1.6279.6001.768276876111112560631432843476,0,0,1,False,"[472.38988095238096, 342.9434523809524, 232.36607142857142]",9.705644707311839,0.75,0.51953125,False,patches/LIDC-IDRI-0801_n00.npz,96,[5],[1],[6],[3],[3],[1],[1],[3],[3],3.0,3.0,0.0
LIDC-IDRI-0801,1.3.6.1.4.1.14519.5.2.1.6279.6001.768276876111112560631432843476,0,1,4,False,"[362.5024682942852, 401.3097765773954, 264.2446008389802]",8.65707618511099,0.75,0.51953125,False,patches/LIDC-IDRI-0801_n01.npz,96,"[5, 5, 4, 5]","[1, 1, 1, 1]","[3, 3, 3, 3]","[3, 4, 3, 5]","[5, 5, 5, 5]","[2, 1, 1, 1]","[1, 1, 1, 1]","[5, 5, 5, 5]","[1, 1, 1, 1]",1.0,1.0,0.0
LIDC-IDRI-0801,1.3.6.1.4.1.14519.5.2.1.6279.6001.768276876111112560631432843476,0,2,2,False,"[353.6111793611793, 130.8108108108108, 380.50737100737103]",3.4931781247511644,0.75,0.51953125,False,patches/LIDC-IDRI-0801_n02.npz,96,"[5, 5]","[1, 1]","[3, 3]","[5, 5]","[5, 5]","[1, 1]","[1, 1]","[5, 5]","[1, 1]",1.0,1.0,0.0
LIDC-IDRI-0801,1.3.6.1.4.1.14519.5.2.1.6279.6001.768276876111112560631432843476,0,3,1,False,"[364.8169642857143, 319.49107142857144, 400.0044642857143]",10.403605173705486,0.75,0.51953125,False,patches/LIDC-IDRI-0801_n03.npz,96,[5],[1],[6],[4],[4],[1],[1],[5],[3],3.0,3.0,0.0
LIDC-IDRI-0802,1.3.6.1.4.1.14519.5.2.1.6279.6001.330643702676971528301859647742,0,0,1,False,"[238.26315789473685, 409.9736842105263, 199.47368421052633]",6.007502633426389,1.25,0.703125,False,patches/LIDC-IDRI-0802_n00.npz,96,[3],[1],[6],[2],[5],[1],[1],[5],[2],2.0,2.0,0.0
LIDC-IDRI-0803,1.3.6.1.4.1.14519.5.2.1.6279.6001.419601611032172899567156073142,0,0,4,False,"[279.78823257134394, 439.653604020605, 121.3935774003489]",5.342674205919588,1.25,0.658203,False,patches/LIDC-IDRI-0803_n00.npz,96,"[4, 5, 2, 4]","[1, 1, 1, 1]","[6, 6, 6, 6]","[3, 4, 5, 4]","[4, 4, 4, 5]","[1, 1, 1, 1]","[1, 1, 1, 1]","[5, 3, 5, 5]","[3, 3, 3, 2]",2.75,3.0,0.4330127018922193
LIDC-IDRI-0805,1.3.6.1.4.1.14519.5.2.1.6279.6001.199975006921901879512837687266,0,0,3,False,"[201.07972709551657, 140.2232066276803, 197.61553606237817]",10.877554296733612,1.25,0.720703,False,patches/LIDC-IDRI-0805_n00.npz,96,"[3, 1, 1]","[1, 1, 1]","[6, 6, 6]","[3, 3, 2]","[1, 1, 2]","[1, 3, 1]","[1, 2, 1]","[1, 1, 1]","[3, 4, 3]",3.3333333333333335,3.0,0.4714045207910317
LIDC-IDRI-0805,1.3.6.1.4.1.14519.5.2.1.6279.6001.199975006921901879512837687266,0,1,3,False,"[236.92763872291434, 319.6155794974693, 214.9085114360705]",10.41366478127795,1.25,0.720703,False,patches/LIDC-IDRI-0805_n01.npz,96,"[2, 1, 1]","[1, 1, 1]","[6, 6, 6]","[3, 5, 2]","[1, 1, 2]","[2, 2, 1]","[1, 2, 1]","[1, 1, 1]","[3, 4, 3]",3.3333333333333335,3.0,0.4714045207910317
LIDC-IDRI-0806,1.3.6.1.4.1.14519.5.2.1.6279.6001.182192086929819295877506541021,0,0,1,False,"[354.531914893617, 61.765957446808514, 113.1063829787234]",5.93955109309787,1.25,0.664062,False,patches/LIDC-IDRI-0806_n00.npz,96,[1],[1],[6],[2],[2],[1],[1],[4],[1],1.0,1.0,0.0
LIDC-IDRI-0806,1.3.6.1.4.1.14519.5.2.1.6279.6001.182192086929819295877506541021,0,1,1,False,"[119.73684210526316, 296.9548872180451, 248.70676691729324]",6.640619999999998,1.25,0.664062,False,patches/LIDC-IDRI-0806_n01.npz,96,[4],[1],[6],[3],[5],[1],[2],[5],[3],3.0,3.0,0.0
LIDC-IDRI-0806,1.3.6.1.4.1.14519.5.2.1.6279.6001.182192086929819295877506541021,0,2,1,False,"[364.12264150943395, 422.688679245283, 252.17924528301887]",8.023891675317149,1.25,0.664062,False,patches/LIDC-IDRI-0806_n02.npz,96,[3],[1],[6],[4],[5],[1],[1],[4],[3],3.0,3.0,0.0
LIDC-IDRI-0806,1.3.6.1.4.1.14519.5.2.1.6279.6001.182192086929819295877506541021,0,3,4,False,"[127.81689861673414, 344.3034511358524, 254.46398307467388]",5.799047460123084,1.25,0.664062,False,patches/LIDC-IDRI-0806_n03.npz,96,"[3, 3, 1, 3]","[1, 1, 1, 1]","[6, 6, 6, 6]","[5, 3, 2, 3]","[5, 5, 2, 2]","[1, 1, 1, 3]","[1, 1, 1, 2]","[5, 5, 2, 2]","[2, 3, 1, 3]",2.25,2.5,0.82915619758885
LIDC-IDRI-0806,1.3.6.1.4.1.14519.5.2.1.6279.6001.182192086929819295877506541021,0,4,3,False,"[387.358861061605, 317.67833994373626, 262.96965006330373]",9.852406540743274,1.25,0.664062,False,patches/LIDC-IDRI-0806_n04.npz,96,"[3, 3, 4]","[1, 1, 1]","[6, 6, 6]","[3, 2, 4]","[4, 2, 2]","[2, 1, 4]","[2, 4, 4]","[3, 4, 2]","[2, 1, 3]",2.0,2.0,0.816496580927726
LIDC-IDRI-0806,1.3.6.1.4.1.14519.5.2.1.6279.6001.182192086929819295877506541021,0,5,1,False,"[393.5668202764977, 124.84792626728111, 297.8847926267281]",8.909326639646771,1.25,0.664062,False,patches/LIDC-IDRI-0806_n05.npz,96,[4],[1],[6],[3],[5],[2],[1],[5],[3],3.0,3.0,0.0
LIDC-IDRI-0806,1.3.6.1.4.1.14519.5.2.1.6279.6001.182192086929819295877506541021,0,6,1,False,"[264.76585365853657, 88.01951219512195, 305.6829268292683]",8.658309175207352,1.25,0.664062,False,patches/LIDC-IDRI-0806_n06.npz,96,[4],[1],[6],[4],[5],[1],[1],[4],[4],4.0,4.0,0.0
LIDC-IDRI-0806,1.3.6.1.4.1.14519.5.2.1.6279.6001.182192086929819295877506541021,0,7,2,False,"[201.38833041958043, 149.27374708624708, 318.98193473193476]",14.019390186645857,1.25,0.664062,False,patches/LIDC-IDRI-0806_n07.npz,96,"[4, 2]","[1, 1]","[6, 6]","[2, 2]","[4, 1]","[3, 1]","[2, 1]","[5, 3]","[4, 1]",2.5,2.5,1.5
LIDC-IDRI-0806,1.3.6.1.4.1.14519.5.2.1.6279.6001.182192086929819295877506541021,0,8,1,False,"[194.71527777777777, 392.7916666666667, 323.13194444444446]",7.4244388663723155,1.25,0.664062,False,patches/LIDC-IDRI-0806_n08.npz,96,[4],[1],[6],[4],[5],[1],[1],[5],[3],3.0,3.0,0.0
LIDC-IDRI-0806,1.3.6.1.4.1.14519.5.2.1.6279.6001.182192086929819295877506541021,0,9,2,False,"[166.05529486733866, 369.28807013478547, 331.8575773375044]",11.372220200315674,1.25,0.664062,False,patches/LIDC-IDRI-0806_n09.npz,96,"[4, 2]","[1, 1]","[6, 6]","[3, 2]","[4, 1]","[1, 1]","[1, 1]","[4, 2]","[3, 1]",2.0,2.0,1.0
LIDC-IDRI-0806,1.3.6.1.4.1.14519.5.2.1.6279.6001.182192086929819295877506541021,0,10,1,False,"[180.03191489361703, 219.12234042553192, 335.2074468085106]",8.934040491947849,1.25,0.664062,False,patches/LIDC-IDRI-0806_n10.npz,96,[3],[1],[6],[4],[2],[4],[3],[2],[3],3.0,3.0,0.0
LIDC-IDRI-0806,1.3.6.1.4.1.14519.5.2.1.6279.6001.182192086929819295877506541021,0,11,1,False,"[304.1111111111111, 414.9555555555556, 391.5777777777778]",6.299845282700216,1.25,0.664062,False,patches/LIDC-IDRI-0806_n11.npz,96,[3],[1],[6],[4],[2],[4],[3],[2],[3],3.0,3.0,0.0
LIDC-IDRI-0806,1.3.6.1.4.1.14519.5.2.1.6279.6001.182192086929819295877506541021,0,12,1,False,"[317.64161849710985, 137.95375722543352, 430.9653179190751]",7.424438866372313,1.25,0.664062,False,patches/LIDC-IDRI-0806_n12.npz,96,[4],[1],[6],[3],[2],[3],[4],[5],[2],2.0,2.0,0.0
LIDC-IDRI-0807,1.3.6.1.4.1.14519.5.2.1.6279.6001.213854687290736562463866711534,0,0,1,False,"[398.55882352941177, 420.3137254901961, 116.53921568627452]",5.3471526082229035,0.75,0.6484375,False,patches/LIDC-IDRI-0807_n00.npz,96,[3],[1],[6],[5],[3],[1],[1],[5],[2],2.0,2.0,0.0
LIDC-IDRI-0807,1.3.6.1.4.1.14519.5.2.1.6279.6001.213854687290736562463866711534,0,1,1,False,"[246.22131147540983, 425.95081967213116, 227.02459016393442]",5.79980131664008,0.75,0.6484375,False,patches/LIDC-IDRI-0807_n01.npz,96,[1],[1],[6],[2],[4],[1],[1],[5],[2],2.0,2.0,0.0
LIDC-IDRI-0807,1.3.6.1.4.1.14519.5.2.1.6279.6001.213854687290736562463866711534,0,2,1,False,"[208.747311827957, 67.04301075268818, 237.30645161290323]",12.234694280635908,0.75,0.6484375,False,patches/LIDC-IDRI-0807_n02.npz,96,[4],[1],[6],[4],[3],[4],[1],[5],[2],2.0,2.0,0.0
LIDC-IDRI-0807,1.3.6.1.4.1.14519.5.2.1.6279.6001.213854687290736562463866711534,0,3,4,False,"[263.79707547498, 427.41467591091913, 248.94311790709264]",14.90535170138202,0.75,0.6484375,False,patches/LIDC-IDRI-0807_n03.npz,96,"[5, 5, 5, 5]","[1, 1, 1, 1]","[3, 3, 6, 3]","[4, 4, 5, 5]","[5, 5, 5, 5]","[1, 1, 1, 1]","[1, 1, 1, 1]","[5, 5, 5, 5]","[1, 1, 4, 1]",1.75,1.0,1.299038105676658
LIDC-IDRI-0807,1.3.6.1.4.1.14519.5.2.1.6279.6001.213854687290736562463866711534,0,4,1,False,"[395.05333333333334, 111.01333333333334, 251.97333333333333]",7.589766348357257,0.75,0.6484375,False,patches/LIDC-IDRI-0807_n04.npz,96,[2],[1],[6],[2],[3],[1],[1],[5],[2],2.0,2.0,0.0
LIDC-IDRI-0807,1.3.6.1.4.1.14519.5.2.1.6279.6001.213854687290736562463866711534,0,5,2,False,"[199.34782226905514, 132.36433087460483, 294.66116379815014]",7.90179457113035,0.75,0.6484375,False,patches/LIDC-IDRI-0807_n05.npz,96,"[3, 3]","[1, 1]","[6, 6]","[2, 2]","[4, 5]","[1, 1]","[1, 1]","[5, 5]","[2, 2]",2.0,2.0,0.0
LIDC-IDRI-0809,1.3.6.1.4.1.14519.5.2.1.6279.6001.304700823314998198591652152637,0,0,4,False,"[294.7415526451403, 56.0264523168171, 54.13047275763847]",8.645587859957677,2.0,0.6640625,False,patches/LIDC-IDRI-0809_n00.npz,96,"[4, 4, 5, 3]","[1, 1, 1, 1]","[6, 6, 6, 6]","[3, 4, 3, 5]","[5, 4, 4, 5]","[1, 1, 1, 1]","[1, 1, 1, 1]","[5, 5, 4, 5]","[3, 3, 3, 2]",2.75,3.0,0.4330127018922193
LIDC-IDRI-0810,1.3.6.1.4.1.14519.5.2.1.6279.6001.114914167428485563471327801935,0,0,1,False,"[231.06542056074767, 88.42056074766356, 244.7196261682243]",5.3058942570699505,1.25,0.585938,False,patches/LIDC-IDRI-0810_n00.npz,96,[2],[1],[6],[4],[2],[1],[1],[1],[2],2.0,2.0,0.0
LIDC-IDRI-0810,1.3.6.1.4.1.14519.5.2.1.6279.6001.114914167428485563471327801935,0,1,4,False,"[298.28471296403796, 141.48212432464905, 380.84104588606317]",6.294905814099153,1.25,0.585938,False,patches/LIDC-IDRI-0810_n01.npz,96,"[3, 5, 4, 3]","[1, 1, 1, 1]","[6, 6, 6, 6]","[4, 5, 4, 4]","[3, 4, 4, 3]","[2, 3, 2, 4]","[1, 2, 2, 2]","[5, 4, 4, 5]","[2, 3, 4, 2]",2.75,2.5,0.82915619758885
LIDC-IDRI-0810,1.3.6.1.4.1.14519.5.2.1.6279.6001.114914167428485563471327801935,0,2,4,False,"[240.27324960985598, 206.44926479397844, 403.72730648677344]",9.69250448007417,1.25,0.585938,False,patches/LIDC-IDRI-0810_n02.npz,96,"[4, 5, 5, 4]","[1, 1, 1, 1]","[6, 6, 6, 6]","[3, 5, 4, 3]","[5, 5, 4, 4]","[2, 1, 2, 1]","[1, 2, 1, 2]","[5, 5, 4, 5]","[4, 3, 4, 2]",3.25,3.5,0.82915619758885
LIDC-IDRI-0811,1.3.6.1.4.1.14519.5.2.1.6279.6001.220596530836092324070084384692,0,0,4,False,"[354.9868274076334, 154.40374127610897, 244.99415796626238]",38.38961897957009,2.0,0.66796875,False,patches/LIDC-IDRI-0811_n00.npz,96,"[5, 5, 5, 5]","[1, 1, 1, 1]","[6, 6, 6, 6]","[3, 2, 4, 3]","[3, 3, 4, 2]","[3, 3, 2, 3]","[2, 2, 3, 3]","[3, 4, 4, 3]","[3, 5, 4, 4]",4.0,4.0,0.7071067811865476
LIDC-IDRI-0812,1.3.6.1.4.1.14519.5.2.1.6279.6001.109203031650348694844047454215,0,0,2,False,"[359.4625, 424.3992647058824, 65.58161764705883]",5.128835466799822,3.0,0.63476563,False,patches/LIDC-IDRI-0812_n00.npz,96,"[5, 3]","[1, 1]","[3, 3]","[4, 5]","[5, 5]","[2, 1]","[1, 1]","[5, 5]","[1, 1]",1.0,1.0,0.0
LIDC-IDRI-0813,1.3.6.1.4.1.14519.5.2.1.6279.6001.100398138793540579077826395208,0,0,1,False,"[363.2121212121212, 163.4848484848485, 83.48484848484848]",3.6443449342783127,2.0,0.625,False,patches/LIDC-IDRI-0813_n00.npz,96,[4],[1],[6],[5],[5],[1],[1],[5],[3],3.0,3.0,0.0
LIDC-IDRI-0813,1.3.6.1.4.1.14519.5.2.1.6279.6001.100398138793540579077826395208,0,1,3,False,"[269.84761904761905, 384.4603174603174, 88.86507936507935]",8.586677373313735,2.0,0.625,False,patches/LIDC-IDRI-0813_n01.npz,96,"[4, 3, 3]","[1, 1, 1]","[6, 6, 6]","[3, 3, 3]","[4, 4, 3]","[2, 1, 1]","[2, 1, 1]","[5, 5, 5]","[4, 3, 1]",2.6666666666666665,3.0,1.247219128924647
LIDC-IDRI-0813,1.3.6.1.4.1.14519.5.2.1.6279.6001.100398138793540579077826395208,0,2,2,False,"[153.4617092119867, 304.30484646688865, 122.1455789863115]",5.8728530349360195,2.0,0.625,False,patches/LIDC-IDRI-0813_n02.npz,96,"[3, 3]","[1, 1]","[6, 6]","[4, 5]","[4, 2]","[1, 4]","[1, 1]","[3, 1]","[3, 3]",3.0,3.0,0.0
LIDC-IDRI-0814,1.3.6.1.4.1.14519.5.2.1.6279.6001.898642529028521482602829374444,0,0,3,False,"[129.45185185185184, 177.67788137788136, 65.68591038591039]",6.804598002149334,1.0,0.5234375,False,patches/LIDC-IDRI-0814_n00.npz,96,"[4, 4, 5]","[1, 1, 1]","[6, 6, 6]","[4, 4, 5]","[3, 3, 5]","[1, 2, 1]","[1, 1, 2]","[5, 4, 5]","[2, 3, 2]",2.3333333333333335,2.0,0.4714045207910317
LIDC-IDRI-0814,1.3.6.1.4.1.14519.5.2.1.6279.6001.898642529028521482602829374444,0,1,4,False,"[168.59062527084785, 399.8369281023391, 97.47020982252147]",6.479939057583653,1.0,0.5234375,False,patches/LIDC-IDRI-0814_n01.npz,96,"[3, 5, 4, 5]","[1, 1, 1, 1]","[6, 6, 6, 6]","[4, 4, 4, 5]","[3, 5, 2, 5]","[1, 1, 1, 2]","[1, 1, 1, 1]","[5, 5, 3, 3]","[2, 3, 3, 3]",2.75,3.0,0.4330127018922193
LIDC-IDRI-0815,1.3.6.1.4.1.14519.5.2.1.6279.6001.232071262560365924176679652948,0,0,5,True,"[341.2638022021725, 137.84778806389662, 151.90254605404624]",13.378904636708748,2.0,0.6640625,False,patches/LIDC-IDRI-0815_n00.npz,96,"[3, 4, 4, 5, 3]","[1, 1, 1, 1, 1]","[6, 6, 6, 6, 6]","[4, 3, 2, 3, 3]","[2, 4, 5, 2, 3]","[1, 2, 2, 3, 2]","[1, 2, 2, 1, 1]","[3, 4, 4, 1, 1]","[4, 4, 4, 3, 2]",3.4,4.0,0.8
LIDC-IDRI-0816,1.3.6.1.4.1.14519.5.2.1.6279.6001.170052181746004939527661217512,0,0,3,False,"[251.14824134199137, 87.23905573593073, 189.34765963203463]",4.888293666692697,1.25,0.710938,False,patches/LIDC-IDRI-0816_n00.npz,96,"[1, 4, 5]","[1, 1, 1]","[6, 6, 6]","[4, 5, 5]","[2, 5, 4]","[3, 1, 2]","[2, 1, 1]","[4, 5, 5]","[3, 2, 3]",2.6666666666666665,3.0,0.4714045207910317
LIDC-IDRI-0816,1.3.6.1.4.1.14519.5.2.1.6279.6001.170052181746004939527661217512,0,1,3,False,"[311.70621884760186, 159.56069703824926, 245.2449962296239]",13.541053716119412,1.25,0.710938,False,patches/LIDC-IDRI-0816_n01.npz,96,"[5, 4, 5]","[1, 1, 1]","[6, 6, 6]","[4, 3, 1]","[4, 3, 1]","[1, 2, 2]","[2, 4, 3]","[4, 5, 5]","[4, 3, 3]",3.3333333333333335,3.0,0.4714045207910317
LIDC-IDRI-0817,1.3.6.1.4.1.14519.5.2.1.6279.6001.129650136453746261130135157590,0,0,1,False,"[271.8333333333333, 350.969696969697, 143.11363636363637]",8.259894708511915,2.0,0.68359375,False,patches/LIDC-IDRI-0817_n00.npz,96,[4],[1],[4],[4],[5],[1],[1],[4],[2],2.0,2.0,0.0
LIDC-IDRI-0818,1.3.6.1.4.1.14519.5.2.1.6279.6001.664989286137882319237192185951,0,0,2,False,"[321.6304347826087, 211.15036231884056, 158.52173913043478]",6.55788009000568,1.25,0.703125,True,patches/LIDC-IDRI-0818_n00.npz,96,"[5, 3]","[1, 1]","[6, 6]","[4, 4]","[3, 5]","[3, 1]","[3, 1]","[5, 5]","[2, 2]",2.0,2.0,0.0
LIDC-IDRI-0819,1.3.6.1.4.1.14519.5.2.1.6279.6001.149893110752986700464921264055,0,0,2,False,"[340.8047957164474, 173.19953051643193, 272.5845652426958]",7.767453099858762,1.25,0.625,False,patches/LIDC-IDRI-0819_n00.npz,96,"[4, 5]","[1, 1]","[3, 6]","[4, 3]","[5, 5]","[1, 1]","[1, 1]","[5, 5]","[1, 3]",2.0,2.0,1.0
LIDC-IDRI-0819,1.3.6.1.4.1.14519.5.2.1.6279.6001.149893110752986700464921264055,0,1,3,False,"[322.4985324947589, 158.03788559448935, 277.5601976639712]",5.374021245841459,1.25,0.625,False,patches/LIDC-IDRI-0819_n01.npz,96,"[4, 4, 5]","[1, 1, 1]","[3, 6, 3]","[4, 5, 5]","[5, 5, 5]","[1, 1, 1]","[1, 1, 1]","[5, 5, 5]","[1, 2, 1]",1.3333333333333333,1.0,0.4714045207910317
LIDC-IDRI-0819,1.3.6.1.4.1.14519.5.2.1.6279.6001.149893110752986700464921264055,0,2,4,False,"[288.24376635270306, 130.4011288745919, 306.4831612601725]",22.45457191795485,1.25,0.625,False,patches/LIDC-IDRI-0819_n02.npz,96,"[5, 5, 5, 5]","[1, 1, 1, 1]","[6, 6, 6, 6]","[3, 4, 2, 5]","[4, 4, 3, 5]","[2, 4, 3, 4]","[1, 2, 3, 1]","[5, 5, 4, 5]","[5, 5, 5, 3]",4.5,5.0,0.8660254037844386
LIDC-IDRI-0820,1.3.6.1.4.1.14519.5.2.1.6279.6001.390513733720659266816639651938,0,0,1,False,"[241.38888888888889, 184.83333333333334, 90.01388888888889]",7.572888010032896,1.25,0.703125,False,patches/LIDC-IDRI-0820_n00.npz,96,[1],[1],[6],[4],[2],[1],[1],[5],[3],3.0,3.0,0.0
LIDC-IDRI-0820,1.3.6.1.4.1.14519.5.2.1.6279.6001.390513733720659266816639651938,0,1,1,False,"[159.8421052631579, 170.3859649122807, 113.08771929824562]",6.482492196534062,1.25,0.703125,False,patches/LIDC-IDRI-0820_n01.npz,96,[4],[1],[6],[3],[4],[1],[1],[4],[3],3.0,3.0,0.0
LIDC-IDRI-0820,1.3.6.1.4.1.14519.5.2.1.6279.6001.390513733720659266816639651938,0,2,2,False,"[218.66149297856614, 119.39467849223948, 131.48632668144865]",5.894628352659019,1.25,0.703125,False,patches/LIDC-IDRI-0820_n02.npz,96,"[1, 3]","[1, 1]","[6, 6]","[3, 2]","[2, 5]","[1, 1]","[1, 1]","[5, 5]","[2, 2]",2.0,2.0,0.0
LIDC-IDRI-0820,1.3.6.1.4.1.14519.5.2.1.6279.6001.390513733720659266816639651938,0,3,3,False,"[263.26274617737005, 229.4042650356779, 209.1253251783894]",8.603627955597451,1.25,0.703125,False,patches/LIDC-IDRI-0820_n03.npz,96,"[1, 2, 3]","[1, 1, 1]","[6, 6, 6]","[4, 4, 4]","[2, 1, 3]","[1, 4, 2]","[1, 1, 2]","[3, 1, 4]","[3, 3, 5]",3.6666666666666665,3.0,0.9428090415820634
LIDC-IDRI-0820,1.3.6.1.4.1.14519.5.2.1.6279.6001.390513733720659266816639651938,0,4,1,False,"[253.74725274725276, 301.74725274725273, 214.45054945054946]",6.924978141887886,1.25,0.703125,False,patches/LIDC-IDRI-0820_n04.npz,96,[3],[1],[6],[4],[1],[1],[2],[4],[3],3.0,3.0,0.0
LIDC-IDRI-0821,1.3.6.1.4.1.14519.5.2.1.6279.6001.142154819868944114554521645782,0,0,1,False,"[216.02631578947367, 132.95394736842104, 370.7763157894737]",6.423157946665526,0.75,0.55078125,False,patches/LIDC-IDRI-0821_n00.npz,96,[5],[1],[6],[3],[2],[1],[1],[1],[3],3.0,3.0,0.0
LIDC-IDRI-0821,1.3.6.1.4.1.14519.5.2.1.6279.6001.142154819868944114554521645782,0,1,4,False,"[212.89013691092958, 331.8531086295061, 374.86495987663886]",8.865950010132597,0.75,0.55078125,False,patches/LIDC-IDRI-0821_n01.npz,96,"[5, 5, 4, 5]","[1, 1, 1, 1]","[6, 6, 6, 6]","[3, 5, 4, 4]","[4, 5, 4, 4]","[3, 1, 2, 2]","[2, 1, 2, 1]","[5, 5, 4, 4]","[4, 3, 3, 3]",3.25,3.0,0.4330127018922193
LIDC-IDRI-0822,1.3.6.1.4.1.14519.5.2.1.6279.6001.151764021165118974848436095034,0,0,3,False,"[299.296005381916, 459.0799469081256, 42.22787232495136]",6.350180103070467,2.0,0.677734375,False,patches/LIDC-IDRI-0822_n00.npz,96,"[4, 4, 3]","[1, 1, 1]","[6, 6, 6]","[4, 4, 5]","[4, 5, 5]","[2, 1, 1]","[3, 1, 1]","[5, 5, 5]","[3, 3, 2]",2.6666666666666665,3.0,0.4714045207910317
LIDC-IDRI-0822,1.3.6.1.4.1.14519.5.2.1.6279.6001.151764021165118974848436095034,0,1,1,False,"[186.04225352112675, 429.38028169014086, 58.61971830985915]",5.790565038330437,2.0,0.677734375,False,patches/LIDC-IDRI-0822_n01.npz,96,[4],[1],[6],[3],[4],[1],[1],[5],[2],2.0,2.0,0.0
LIDC-IDRI-0822,1.3.6.1.4.1.14519.5.2.1.6279.6001.151764021165118974848436095034,0,2,1,False,"[210.01818181818183, 433.58181818181816, 69.96363636363637]",4.933980725742852,2.0,0.677734375,False,patches/LIDC-IDRI-0822_n02.npz,96,[3],[1],[6],[5],[4],[1],[1],[5],[3],3.0,3.0,0.0
LIDC-IDRI-0822,1.3.6.1.4.1.14519.5.2.1.6279.6001.151764021165118974848436095034,0,3,3,False,"[150.11717104389928, 120.28645481668714, 114.78460668386397]",4.517077584981649,2.0,0.677734375,False,patches/LIDC-IDRI-0822_n03.npz,96,"[5, 4, 5]","[1, 1, 1]","[6, 6, 6]","[5, 4, 5]","[4, 5, 5]","[3, 1, 1]","[2, 1, 1]","[5, 5, 5]","[3, 2, 2]",2.3333333333333335,2.0,0.4714045207910317
LIDC-IDRI-0822,1.3.6.1.4.1.14519.5.2.1.6279.6001.151764021165118974848436095034,0,4,1,False,"[318.92105263157896, 98.35964912280701, 141.08771929824562]",8.189095611010384,2.0,0.677734375,False,patches/LIDC-IDRI-0822_n04.npz,96,[4],[1],[6],[2],[5],[1],[1],[5],[2],2.0,2.0,0.0
LIDC-IDRI-0822,1.3.6.1.4.1.14519.5.2.1.6279.6001.151764021165118974848436095034,0,5,4,False,"[286.9123121636506, 390.29569321365636, 151.0254228990398]",6.344721381590444,2.0,0.677734375,False,patches/LIDC-IDRI-0822_n05.npz,96,"[5, 4, 5, 5]","[1, 1, 1, 1]","[3, 6, 3, 3]","[4, 4, 5, 4]","[5, 5, 5, 5]","[1, 1, 1, 1]","[1, 1, 1, 5]","[5, 5, 5, 5]","[1, 2, 1, 1]",1.25,1.0,0.4330127018922193
LIDC-IDRI-0822,1.3.6.1.4.1.14519.5.2.1.6279.6001.151764021165118974848436095034,0,6,4,False,"[181.51935301262756, 141.57550272489271, 184.47377639061878]",8.185113394628205,2.0,0.677734375,False,patches/LIDC-IDRI-0822_n06.npz,96,"[5, 5, 5, 5]","[1, 1, 1, 1]","[3, 6, 3, 3]","[4, 3, 5, 5]","[5, 4, 5, 5]","[1, 1, 1, 1]","[1, 1, 1, 1]","[5, 5, 5, 5]","[1, 3, 1, 1]",1.5,1.0,0.8660254037844386
LIDC-IDRI-0822,1.3.6.1.4.1.14519.5.2.1.6279.6001.151764021165118974848436095034,0,7,1,False,"[308.3777777777778, 177.87777777777777, 235.9111111111111]",5.161471226044485,2.0,0.677734375,False,patches/LIDC-IDRI-0822_n07.npz,96,[5],[1],[6],[5],[4],[2],[1],[5],[3],3.0,3.0,0.0
LIDC-IDRI-0823,1.3.6.1.4.1.14519.5.2.1.6279.6001.240630002689062442926543993263,0,0,1,False,"[400.1818181818182, 133.37662337662337, 65.12987012987013]",6.675460102354369,2.5,0.546875,False,patches/LIDC-IDRI-0823_n00.npz,96,[3],[1],[6],[3],[4],[1],[1],[4],[1],1.0,1.0,0.0
LIDC-IDRI-0824,1.3.6.1.4.1.14519.5.2.1.6279.6001.146603910507557786636779705509,0,0,1,False,"[388.72727272727275, 163.15151515151516, 52.0]",7.51645851147308,2.5,0.644531,False,patches/LIDC-IDRI-0824_n00.npz,96,[1],[1],[6],[5],[1],[1],[1],[1],[2],2.0,2.0,0.0
LIDC-IDRI-0824,1.3.6.1.4.1.14519.5.2.1.6279.6001.146603910507557786636779705509,0,1,1,False,"[165.35714285714286, 97.07142857142857, 59.523809523809526]",5.5068752779732595,2.5,0.644531,False,patches/LIDC-IDRI-0824_n01.npz,96,[4],[1],[6],[4],[5],[1],[1],[5],[2],2.0,2.0,0.0
LIDC-IDRI-0825,1.3.6.1.4.1.14519.5.2.1.6279.6001.309672797925724868457151381131,0,0,3,False,"[410.2578691904711, 353.61271262320565, 144.23871151517298]",10.314225761506497,1.0,0.546875,False,patches/LIDC-IDRI-0825_n00.npz,96,"[5, 4, 5]","[1, 1, 1]","[5, 3, 3]","[4, 3, 5]","[3, 5, 5]","[3, 5, 1]","[1, 1, 1]","[5, 5, 5]","[1, 1, 1]",1.0,1.0,0.0
LIDC-IDRI-0826,1.3.6.1.4.1.14519.5.2.1.6279.6001.658611160253017715059194304729,0,0,3,False,"[328.00882120317016, 161.16855931533837, 370.3520013473712]",13.133034057454068,1.25,0.742188,False,patches/LIDC-IDRI-0826_n00.npz,96,"[5, 2, 3]","[1, 1, 1]","[6, 6, 6]","[2, 2, 4]","[3, 3, 3]","[2, 3, 4]","[3, 1, 5]","[4, 4, 5]","[4, 2, 4]",3.3333333333333335,4.0,0.9428090415820634
LIDC-IDRI-0826,1.3.6.1.4.1.14519.5.2.1.6279.6001.658611160253017715059194304729,0,1,3,False,"[298.54327141456884, 146.24289368619858, 386.76478041550126]",11.165367578112592,1.25,0.742188,False,patches/LIDC-IDRI-0826_n01.npz,96,"[4, 3, 4]","[1, 1, 1]","[6, 6, 6]","[2, 3, 3]","[3, 3, 4]","[2, 2, 4]","[3, 1, 4]","[3, 2, 4]","[5, 3, 4]",4.0,4.0,0.816496580927726
LIDC-IDRI-0827,1.3.6.1.4.1.14519.5.2.1.6279.6001.253322967203074795232627653819,0,0,1,False,"[271.96385542168673, 425.34939759036143, 143.9277108433735]",5.764860518423623,1.25,0.644531,False,patches/LIDC-IDRI-0827_n00.npz,96,[3],[1],[6],[5],[5],[1],[1],[5],[2],2.0,2.0,0.0
LIDC-IDRI-0827,1.3.6.1.4.1.14519.5.2.1.6279.6001.253322967203074795232627653819,0,1,4,False,"[167.23197655264102, 154.43143847705142, 164.72510672678283]",6.226732861556635,1.25,0.644531,False,patches/LIDC-IDRI-0827_n01.npz,96,"[3, 4, 4, 4]","[1, 1, 1, 1]","[6, 6, 6, 6]","[5, 5, 4, 5]","[5, 5, 5, 5]","[1, 1, 1, 1]","[1, 1, 1, 1]","[5, 5, 5, 5]","[2, 3, 2, 1]",2.0,2.0,0.7071067811865476
LIDC-IDRI-0827,1.3.6.1.4.1.14519.5.2.1.6279.6001.253322967203074795232627653819,0,2,3,False,"[364.6390646360219, 107.10738102358168, 274.6049120196324]",6.746610091284954,1.25,0.644531,False,patches/LIDC-IDRI-0827_n02.npz,96,"[3, 2, 4]","[1, 1, 1]","[6, 6, 6]","[5, 4, 4]","[5, 3, 4]","[1, 3, 2]","[1, 1, 1]","[5, 5, 4]","[2, 2, 4]",2.6666666666666665,2.0,0.9428090415820634
LIDC-IDRI-0827,1.3.6.1.4.1.14519.5.2.1.6279.6001.253322967203074795232627653819,0,3,4,False,"[299.2215508952769, 403.1238660601543, 384.2254721046962]",10.123555488900484,1.25,0.644531,False,patches/LIDC-IDRI-0827_n03.npz,96,"[5, 4, 5, 3]","[1, 1, 1, 1]","[6, 6, 6, 6]","[5, 4, 2, 4]","[5, 4, 4, 2]","[4, 4, 2, 3]","[1, 1, 2, 1]","[5, 5, 5, 3]","[3, 3, 4, 2]",3.0,3.0,0.7071067811865476
LIDC-IDRI-0828,1.3.6.1.4.1.14519.5.2.1.6279.6001.114195693932194925962391697338,0,0,4,False,"[338.09777809926106, 419.69234887040716, 132.44768262785502]",8.1676505479757,1.25,0.625,False,patches/LIDC-IDRI-0828_n00.npz,96,"[5, 4, 4, 2]","[1, 1, 1, 1]","[6, 6, 6, 6]","[3, 2, 4, 4]","[4, 4, 3, 2]","[2, 2, 1, 2]","[1, 1, 1, 3]","[5, 4, 2, 2]","[4, 3, 4, 3]",3.5,3.5,0.5
LIDC-IDRI-0829,1.3.6.1.4.1.14519.5.2.1.6279.6001.121391737347333465796214915391,0,0,3,False,"[168.03466387917823, 311.7321812979026, 153.0240181604409]",34.235608591494376,1.25,0.728516,False,patches/LIDC-IDRI-0829_n00.npz,96,"[5, 5, 5]","[1, 1, 1]","[6, 6, 6]","[4, 3, 2]","[2, 3, 1]","[2, 2, 2]","[3, 4, 3]","[3, 5, 5]","[5, 5, 3]",4.333333333333333,5.0,0.9428090415820634
LIDC-IDRI-0830,1.3.6.1.4.1.14519.5.2.1.6279.6001.102133688497886810253331438797,0,0,2,False,"[326.2384895466291, 122.67647404275311, 186.8774371623209]",5.054657689851239,2.0,0.626953125,False,patches/LIDC-IDRI-0830_n00.npz,96,"[2, 3]","[1, 1]","[6, 6]","[4, 5]","[5, 5]","[1, 1]","[1, 1]","[5, 5]","[2, 2]",2.0,2.0,0.0
LIDC-IDRI-0830,1.3.6.1.4.1.14519.5.2.1.6279.6001.102133688497886810253331438797,0,1,1,False,"[349.3018867924528, 173.60377358490567, 200.0754716981132]",4.564287645427825,2.0,0.626953125,False,patches/LIDC-IDRI-0830_n01.npz,96,[3],[1],[6],[5],[5],[1],[1],[5],[1],1.0,1.0,0.0
LIDC-IDRI-0831,1.3.6.1.4.1.14519.5.2.1.6279.6001.136830368929967292376608088362,0,0,1,False,"[278.7142857142857, 79.12087912087912, 412.53846153846155]",7.03125,1.25,0.703125,False,patches/LIDC-IDRI-0831_n00.npz,96,[3],[1],[6],[3],[4],[1],[1],[5],[2],2.0,2.0,0.0
LIDC-IDRI-0832,1.3.6.1.4.1.14519.5.2.1.6279.6001.215104063467523905369326175410,0,0,1,False,"[375.0, 450.55, 48.0]",4.316380324924103,2.5,0.523438,False,patches/LIDC-IDRI-0832_n00.npz,96,[3],[1],[6],[5],[4],[1],[1],[5],[2],2.0,2.0,0.0
LIDC-IDRI-0832,1.3.6.1.4.1.14519.5.2.1.6279.6001.215104063467523905369326175410,0,1,4,False,"[285.2390020898642, 57.6057210031348, 59.67424242424242]",5.7671828475305205,2.5,0.523438,False,patches/LIDC-IDRI-0832_n01.npz,96,"[4, 4, 4, 4]","[1, 1, 1, 1]","[6, 6, 6, 6]","[4, 4, 4, 4]","[5, 3, 4, 4]","[1, 3, 1, 1]","[1, 2, 1, 2]","[5, 3, 5, 5]","[3, 3, 3, 2]",2.75,3.0,0.4330127018922193
LIDC-IDRI-0832,1.3.6.1.4.1.14519.5.2.1.6279.6001.215104063467523905369326175410,0,2,1,False,"[356.41818181818184, 441.6909090909091, 68.50909090909092]",5.389124049737941,2.5,0.523438,False,patches/LIDC-IDRI-0832_n02.npz,96,[1],[1],[6],[5],[2],[1],[1],[1],[3],3.0,3.0,0.0
LIDC-IDRI-0833,1.3.6.1.4.1.14519.5.2.1.6279.6001.897279226481700053115245043064,0,0,1,False,"[268.3376623376623, 144.2207792207792, 109.93506493506493]",8.55388480823187,1.25,0.703125,False,patches/LIDC-IDRI-0833_n00.npz,96,[4],[1],[6],[3],[5],[1],[1],[5],[3],3.0,3.0,0.0
LIDC-IDRI-0834,1.3.6.1.4.1.14519.5.2.1.6279.6001.273525289046256012743471155680,0,0,1,False,"[302.4565600234811, 184.39903140592898, 54.61828588200763]",49.94461807109529,1.0,0.80078125,False,patches/LIDC-IDRI-0834_n00.npz,96,[5],[1],[4],[5],[4],[1],[1],[5],[5],5.0,5.0,0.0
LIDC-IDRI-0834,1.3.6.1.4.1.14519.5.2.1.6279.6001.273525289046256012743471155680,0,1,1,False,"[229.58536585365854, 134.609756097561, 120.5609756097561]",7.162405240429014,1.0,0.80078125,False,patches/LIDC-IDRI-0834_n01.npz,96,[3],[1],[6],[2],[5],[1],[1],[5],[1],1.0,1.0,0.0
LIDC-IDRI-0834,1.3.6.1.4.1.14519.5.2.1.6279.6001.273525289046256012743471155680,0,2,3,False,"[337.60103120177746, 386.84783610903014, 132.61550996625624]",6.848911980369711,1.0,0.80078125,False,patches/LIDC-IDRI-0834_n02.npz,96,"[3, 3, 4]","[1, 1, 1]","[6, 6, 6]","[2, 3, 4]","[4, 5, 4]","[1, 1, 1]","[1, 1, 1]","[5, 5, 4]","[2, 3, 3]",2.6666666666666665,3.0,0.4714045207910317
LIDC-IDRI-0835,1.3.6.1.4.1.14519.5.2.1.6279.6001.216252660192313507027754194207,0,0,4,False,"[170.34523099554707, 125.05148477743127, 110.17689545126606]",6.834115645908186,2.0,0.5390625,False,patches/LIDC-IDRI-0835_n00.npz,96,"[4, 4, 2, 5]","[1, 1, 1, 1]","[6, 6, 6, 6]","[3, 4, 3, 5]","[5, 5, 4, 5]","[1, 1, 1, 1]","[1, 1, 1, 1]","[5, 5, 5, 5]","[3, 4, 3, 2]",3.0,3.0,0.7071067811865476
LIDC-IDRI-0835,1.3.6.1.4.1.14519.5.2.1.6279.6001.216252660192313507027754194207,0,1,4,False,"[310.3698994843171, 140.7563266322578, 136.8514882491509]",9.442543314082254,2.0,0.5390625,False,patches/LIDC-IDRI-0835_n01.npz,96,"[4, 4, 4, 5]","[1, 1, 1, 1]","[3, 6, 5, 3]","[3, 3, 4, 5]","[2, 4, 3, 5]","[2, 2, 1, 1]","[1, 1, 1, 1]","[5, 4, 3, 5]","[1, 4, 3, 1]",2.25,2.0,1.299038105676658
LIDC-IDRI-0836,1.3.6.1.4.1.14519.5.2.1.6279.6001.340158437895922179455019686521,0,0,4,False,"[258.16806900306904, 80.89998465498465, 85.90405094262236]",6.9121394605491755,2.0,0.546875,False,patches/LIDC-IDRI-0836_n00.npz,96,"[4, 4, 5, 5]","[1, 1, 1, 1]","[6, 6, 6, 6]","[4, 3, 5, 3]","[4, 4, 5, 5]","[2, 1, 1, 1]","[1, 2, 2, 1]","[4, 5, 5, 4]","[4, 3, 2, 3]",3.0,3.0,0.7071067811865476
LIDC-IDRI-0836,1.3.6.1.4.1.14519.5.2.1.6279.6001.340158437895922179455019686521,0,1,2,False,"[321.7019230769231, 338.8908523908524, 134.57614345114345]",5.149535606952067,2.0,0.546875,False,patches/LIDC-IDRI-0836_n01.npz,96,"[4, 4]","[1, 1]","[6, 6]","[4, 4]","[5, 4]","[1, 2]","[1, 2]","[5, 5]","[2, 3]",2.5,2.5,0.5
LIDC-IDRI-0837,1.3.6.1.4.1.14519.5.2.1.6279.6001.325164338773720548739146851679,0,0,2,False,"[199.74287426529582, 396.699766702591, 273.9094847270055]",26.91055839630529,1.25,0.546875,False,patches/LIDC-IDRI-0837_n00.npz,96,"[1, 5]","[1, 1]","[6, 6]","[5, 2]","[2, 1]","[1, 2]","[1, 3]","[1, 1]","[2, 3]",2.5,2.5,0.5
LIDC-IDRI-0837,1.3.6.1.4.1.14519.5.2.1.6279.6001.325164338773720548739146851679,0,1,4,False,"[400.6248582909592, 145.44325099801907, 304.50293245710265]",5.710632846586393,1.25,0.546875,False,patches/LIDC-IDRI-0837_n01.npz,96,"[3, 4, 3, 4]","[1, 1, 1, 1]","[6, 6, 6, 6]","[5, 4, 3, 4]","[5, 3, 3, 5]","[1, 3, 1, 1]","[1, 3, 2, 1]","[5, 5, 5, 5]","[2, 3, 3, 2]",2.5,2.5,0.5
LIDC-IDRI-0837,1.3.6.1.4.1.14519.5.2.1.6279.6001.325164338773720548739146851679,0,2,3,False,"[358.84986833257426, 95.44442417503683, 379.3089545040243]",15.945891689159629,1.25,0.546875,False,patches/LIDC-IDRI-0837_n02.npz,96,"[1, 5, 5]","[1, 1, 1]","[6, 6, 6]","[5, 4, 3]","[2, 2, 4]","[1, 2, 2]","[1, 3, 2]","[1, 1, 5]","[2, 3, 5]",3.3333333333333335,3.0,1.247219128924647
LIDC-IDRI-0838,1.3.6.1.4.1.14519.5.2.1.6279.6001.225227615446398900698431118292,0,0,4,False,"[401.74573271279644, 336.6714939678465, 117.3356570407146]",15.65896840730609,1.25,0.585938,False,patches/LIDC-IDRI-0838_n00.npz,96,"[5, 5, 5, 5]","[1, 1, 1, 1]","[6, 6, 6, 6]","[4, 5, 3, 4]","[5, 5, 5, 5]","[3, 1, 2, 1]","[2, 1, 1, 1]","[5, 5, 5, 5]","[5, 5, 3, 2]",3.75,4.0,1.299038105676658
LIDC-IDRI-0838,1.3.6.1.4.1.14519.5.2.1.6279.6001.225227615446398900698431118292,0,1,4,False,"[315.86316565011214, 461.52825653422735, 120.16856508207312]",6.484098349891905,1.25,0.585938,False,patches/LIDC-IDRI-0838_n01.npz,96,"[3, 4, 4, 2]","[1, 1, 1, 1]","[6, 6, 6, 6]","[4, 5, 3, 4]","[4, 5, 4, 5]","[1, 1, 1, 1]","[1, 1, 1, 1]","[4, 5, 5, 5]","[3, 3, 2, 1]",2.25,2.5,0.82915619758885
LIDC-IDRI-0838,1.3.6.1.4.1.14519.5.2.1.6279.6001.225227615446398900698431118292,0,2,3,False,"[373.6845431819254, 437.6919602848922, 174.47383378142538]",6.980207861459635,1.25,0.585938,False,patches/LIDC-IDRI-0838_n02.npz,96,"[4, 4, 3]","[1, 1, 1]","[6, 6, 6]","[4, 3, 4]","[5, 5, 4]","[1, 1, 1]","[1, 1, 1]","[5, 5, 5]","[3, 3, 1]",2.3333333333333335,3.0,0.9428090415820634
LIDC-IDRI-0838,1.3.6.1.4.1.14519.5.2.1.6279.6001.225227615446398900698431118292,0,3,1,False,"[415.015625, 382.1875, 258.5625]",3.9305915958008324,1.25,0.585938,False,patches/LIDC-IDRI-0838_n03.npz,96,[2],[1],[6],[5],[5],[1],[1],[4],[2],2.0,2.0,0.0
LIDC-IDRI-0838,1.3.6.1.4.1.14519.5.2.1.6279.6001.225227615446398900698431118292,0,4,4,False,"[334.5138708837103, 422.2867958908819, 259.50620119618134]",8.340991779590576,1.25,0.585938,False,patches/LIDC-IDRI-0838_n04.npz,96,"[5, 5, 5, 4]","[1, 1, 1, 1]","[6, 6, 6, 6]","[4, 4, 3, 3]","[4, 5, 4, 5]","[2, 1, 1, 1]","[1, 1, 1, 1]","[5, 5, 5, 5]","[4, 2, 2, 2]",2.5,2.0,0.8660254037844386
LIDC-IDRI-0840,1.3.6.1.4.1.14519.5.2.1.6279.6001.219281726101239572270900838145,0,0,1,False,"[243.07894736842104, 393.3421052631579, 124.52631578947368]",5.35484046506056,2.5,0.703125,False,patches/LIDC-IDRI-0840_n00.npz,96,[1],[1],[6],[4],[3],[1],[1],[1],[2],2.0,2.0,0.0
LIDC-IDRI-0841,1.3.6.1.4.1.14519.5.2.1.6279.6001.669518152156802508672627785405,0,0,2,False,"[257.7216642754663, 413.52654232424675, 58.52080344332855]",5.86934726799606,2.5,0.697266,False,patches/LIDC-IDRI-0841_n00.npz,96,"[2, 3]","[1, 1]","[6, 6]","[3, 3]","[3, 5]","[1, 1]","[1, 1]","[3, 4]","[1, 2]",1.5,1.5,0.5
LIDC-IDRI-0842,1.3.6.1.4.1.14519.5.2.1.6279.6001.245349763807614756148761326488,0,0,2,False,"[293.57400379506646, 380.50379506641366, 86.38709677419355]",4.127657447594101,2.5,0.722656,True,patches/LIDC-IDRI-0842_n00.npz,96,"[1, 1]","[1, 1]","[6, 6]","[5, 3]","[1, 2]","[1, 1]","[1, 1]","[1, 1]","[2, 3]",2.5,2.5,0.5
LIDC-IDRI-0842,1.3.6.1.4.1.14519.5.2.1.6279.6001.245349763807614756148761326488,0,1,2,False,"[147.38804554079695, 326.5332068311195, 89.19354838709677]",5.731379083781955,2.5,0.722656,True,patches/LIDC-IDRI-0842_n01.npz,96,"[4, 3]","[1, 1]","[3, 3]","[3, 3]","[5, 5]","[2, 2]","[1, 1]","[5, 5]","[1, 1]",1.0,1.0,0.0
LIDC-IDRI-0843,1.3.6.1.4.1.14519.5.2.1.6279.6001.275755514659958628040305922764,0,0,1,False,"[379.7741935483871, 402.5483870967742, 161.0]",6.508127852878588,0.75,0.76171875,False,patches/LIDC-IDRI-0843_n00.npz,96,[3],[1],[6],[4],[4],[2],[1],[5],[3],3.0,3.0,0.0
LIDC-IDRI-0843,1.3.6.1.4.1.14519.5.2.1.6279.6001.275755514659958628040305922764,0,1,3,False,"[398.5397519691637, 109.28257080610022, 196.15089659795544]",7.968758949994519,0.75,0.76171875,False,patches/LIDC-IDRI-0843_n01.npz,96,"[5, 4, 5]","[1, 1, 1]","[3, 3, 3]","[4, 5, 4]","[5, 5, 5]","[3, 1, 1]","[1, 1, 1]","[5, 5, 5]","[1, 1, 1]",1.0,1.0,0.0
LIDC-IDRI-0843,1.3.6.1.4.1.14519.5.2.1.6279.6001.275755514659958628040305922764,0,2,4,False,"[363.24626809818415, 418.10175558508195, 203.5910052293136]",10.431525333167048,0.75,0.76171875,False,patches/LIDC-IDRI-0843_n02.npz,96,"[5, 4, 3, 4]","[1, 1, 1, 1]","[3, 6, 6, 6]","[3, 3, 3, 3]","[4, 5, 5, 4]","[2, 1, 1, 2]","[2, 1, 1, 1]","[5, 5, 5, 5]","[3, 3, 3, 2]",2.75,3.0,0.4330127018922193
LIDC-IDRI-0843,1.3.6.1.4.1.14519.5.2.1.6279.6001.275755514659958628040305922764,0,3,4,False,"[179.42889557784662, 196.61359020241437, 215.83488333577864]",11.002590613600615,0.75,0.76171875,False,patches/LIDC-IDRI-0843_n03.npz,96,"[5, 4, 4, 5]","[1, 1, 1, 1]","[3, 3, 5, 3]","[4, 4, 3, 4]","[5, 5, 5, 5]","[1, 1, 1, 1]","[3, 1, 1, 1]","[5, 5, 5, 5]","[1, 1, 1, 1]",1.0,1.0,0.0
LIDC-IDRI-0843,1.3.6.1.4.1.14519.5.2.1.6279.6001.275755514659958628040305922764,0,4,3,False,"[179.96259759240027, 130.20292018228432, 227.56670365378747]",7.3431754582676305,0.75,0.76171875,False,patches/LIDC-IDRI-0843_n04.npz,96,"[5, 3, 5]","[1, 1, 1]","[6, 6, 6]","[4, 3, 4]","[4, 5, 1]","[2, 1, 1]","[3, 1, 1]","[5, 5, 5]","[3, 3, 3]",3.0,3.0,0.0
LIDC-IDRI-0843,1.3.6.1.4.1.14519.5.2.1.6279.6001.275755514659958628040305922764,0,5,4,False,"[216.44656272712245, 140.19186506214382, 263.1492305243098]",12.638760695652445,0.75,0.76171875,False,patches/LIDC-IDRI-0843_n05.npz,96,"[5, 4, 5, 5]","[1, 1, 1, 1]","[3, 3, 3, 3]","[4, 5, 3, 3]","[4, 5, 3, 5]","[4, 3, 2, 3]","[2, 1, 4, 1]","[5, 5, 5, 5]","[1, 1, 1, 1]",1.0,1.0,0.0
LIDC-IDRI-0843,1.3.6.1.4.1.14519.5.2.1.6279.6001.275755514659958628040305922764,0,6,1,False,"[185.98701298701297, 345.15584415584414, 311.02597402597405]",4.8175323729127655,0.75,0.76171875,False,patches/LIDC-IDRI-0843_n06.npz,96,[5],[1],[6],[5],[5],[1],[1],[5],[2],2.0,2.0,0.0
LIDC-IDRI-0843,1.3.6.1.4.1.14519.5.2.1.6279.6001.275755514659958628040305922764,0,7,2,False,"[350.50223992035836, 228.65890990542556, 355.76070184171226]",7.027306051608502,0.75,0.76171875,False,patches/LIDC-IDRI-0843_n07.npz,96,"[4, 4]","[1, 1]","[6, 6]","[3, 3]","[4, 4]","[2, 1]","[3, 1]","[5, 5]","[3, 2]",2.5,2.5,0.5
LIDC-IDRI-0844,1.3.6.1.4.1.14519.5.2.1.6279.6001.222052723822248889877676736332,0,0,2,False,"[166.62495732331854, 413.94400819392285, 186.47883236599523]",5.3776019892867355,1.25,0.742188,False,patches/LIDC-IDRI-0844_n00.npz,96,"[5, 3]","[1, 1]","[3, 6]","[5, 4]","[5, 4]","[1, 1]","[1, 1]","[5, 5]","[1, 2]",1.5,1.5,0.5
LIDC-IDRI-0844,1.3.6.1.4.1.14519.5.2.1.6279.6001.222052723822248889877676736332,0,1,3,False,"[267.13144407505064, 166.27101838052658, 298.12212388704194]",14.549435677504647,1.25,0.742188,False,patches/LIDC-IDRI-0844_n01.npz,96,"[5, 4, 4]","[1, 1, 1]","[6, 6, 6]","[3, 4, 3]","[4, 4, 3]","[3, 4, 4]","[2, 4, 3]","[4, 4, 4]","[5, 5, 4]",4.666666666666667,5.0,0.4714045207910317
LIDC-IDRI-0844,1.3.6.1.4.1.14519.5.2.1.6279.6001.222052723822248889877676736332,0,2,3,False,"[272.8825342604119, 322.3289392744441, 348.40358909884316]",6.687947608357486,1.25,0.742188,False,patches/LIDC-IDRI-0844_n02.npz,96,"[3, 2, 4]","[1, 1, 1]","[6, 6, 6]","[4, 4, 3]","[4, 2, 3]","[1, 2, 1]","[1, 3, 1]","[3, 4, 5]","[3, 3, 2]",2.6666666666666665,3.0,0.4714045207910317
LIDC-IDRI-0845,1.3.6.1.4.1.14519.5.2.1.6279.6001.164988920331211858091402361989,0,0,4,False,"[152.07644839986096, 116.80393153321171, 266.3083234926408]",9.157659806963329,0.75,0.609375,False,patches/LIDC-IDRI-0845_n00.npz,96,"[5, 5, 4, 3]","[1, 1, 1, 1]","[6, 6, 6, 6]","[5, 3, 3, 5]","[4, 5, 5, 5]","[4, 1, 2, 4]","[5, 3, 1, 1]","[5, 5, 5, 5]","[3, 4, 3, 2]",3.0,3.0,0.7071067811865476
LIDC-IDRI-0845,1.3.6.1.4.1.14519.5.2.1.6279.6001.164988920331211858091402361989,0,1,1,False,"[177.22093023255815, 297.8837209302326, 390.0348837209302]",5.618159903662853,0.75,0.609375,False,patches/LIDC-IDRI-0845_n01.npz,96,[4],[1],[3],[5],[5],[1],[1],[5],[1],1.0,1.0,0.0
LIDC-IDRI-0846,1.3.6.1.4.1.14519.5.2.1.6279.6001.674809958213117379592437424616,0,0,3,False,"[209.35648067737733, 360.9958677087856, 109.52448255898105]",6.424853795875312,2.5,0.734375,False,patches/LIDC-IDRI-0846_n00.npz,96,"[2, 2, 4]","[1, 1, 1]","[6, 6, 6]","[4, 3, 4]","[2, 2, 3]","[2, 1, 1]","[1, 1, 1]","[1, 1, 2]","[3, 1, 3]",2.3333333333333335,3.0,0.9428090415820634
LIDC-IDRI-0846,1.3.6.1.4.1.14519.5.2.1.6279.6001.674809958213117379592437424616,0,1,3,False,"[292.287037037037, 402.2074074074074, 114.0]",5.596813460890864,2.5,0.734375,False,patches/LIDC-IDRI-0846_n01.npz,96,"[4, 2, 5]","[1, 1, 1]","[6, 6, 6]","[5, 5, 3]","[3, 3, 4]","[1, 1, 1]","[1, 1, 1]","[5, 2, 4]","[2, 3, 3]",2.6666666666666665,3.0,0.4714045207910317
LIDC-IDRI-0847,1.3.6.1.4.1.14519.5.2.1.6279.6001.237915456403882324748189195892,0,0,1,False,"[396.25, 324.3333333333333, 61.5]",4.127115138207329,2.5,0.615234,False,patches/LIDC-IDRI-0847_n00.npz,96,[3],[1],[6],[4],[5],[1],[1],[5],[3],3.0,3.0,0.0
LIDC-IDRI-0848,1.3.6.1.4.1.14519.5.2.1.6279.6001.252697338970999211181671881792,0,0,3,False,"[367.79396254566035, 112.52243144518188, 122.84480629726811]",6.76840198196956,1.25,0.646484,False,patches/LIDC-IDRI-0848_n00.npz,96,"[4, 3, 4]","[1, 1, 1]","[6, 6, 6]","[3, 4, 4]","[4, 3, 1]","[2, 1, 3]","[1, 1, 2]","[5, 4, 3]","[4, 3, 2]",3.0,3.0,0.816496580927726
LIDC-IDRI-0849,1.3.6.1.4.1.14519.5.2.1.6279.6001.194488534645348916700259325236,0,0,1,False,"[284.19831223628694, 40.18565400843882, 58.24050632911393]",6.4347688381168755,1.25,0.625,False,patches/LIDC-IDRI-0849_n00.npz,96,[3],[1],[6],[3],[4],[1],[1],[5],[1],1.0,1.0,0.0
LIDC-IDRI-0849,1.3.6.1.4.1.14519.5.2.1.6279.6001.194488534645348916700259325236,0,1,4,False,"[352.9436195231376, 436.6982316654004, 124.58877808531423]",6.549418208968202,1.25,0.625,False,patches/LIDC-IDRI-0849_n01.npz,96,"[4, 4, 3, 5]","[1, 1, 1, 1]","[6, 6, 6, 6]","[2, 4, 4, 4]","[5, 3, 5, 5]","[1, 1, 1, 1]","[1, 1, 1, 1]","[5, 5, 4, 5]","[2, 2, 3, 3]",2.5,2.5,0.5
LIDC-IDRI-0849,1.3.6.1.4.1.14519.5.2.1.6279.6001.194488534645348916700259325236,0,2,2,False,"[233.783748701973, 64.85166147455868, 247.5216510903427]",5.483311617825558,1.25,0.625,False,patches/LIDC-IDRI-0849_n02.npz,96,"[3, 4]","[1, 1]","[6, 6]","[3, 4]","[2, 5]","[1, 1]","[1, 1]","[2, 5]","[2, 3]",2.5,2.5,0.5
LIDC-IDRI-0849,1.3.6.1.4.1.14519.5.2.1.6279.6001.194488534645348916700259325236,0,3,2,False,"[138.42211328976038, 371.92047930283223, 260.6718409586057]",4.6549634359826335,1.25,0.625,False,patches/LIDC-IDRI-0849_n03.npz,96,"[4, 5]","[1, 1]","[3, 3]","[5, 4]","[5, 5]","[1, 1]","[1, 1]","[5, 5]","[1, 1]",1.0,1.0,0.0
LIDC-IDRI-0849,1.3.6.1.4.1.14519.5.2.1.6279.6001.194488534645348916700259325236,0,4,4,False,"[293.9706808735052, 397.50984285703294, 299.5709772281017]",6.851830582838637,1.25,0.625,False,patches/LIDC-IDRI-0849_n04.npz,96,"[5, 5, 4, 4]","[1, 1, 1, 1]","[3, 5, 3, 6]","[4, 3, 4, 3]","[4, 5, 5, 5]","[3, 1, 2, 1]","[1, 1, 1, 1]","[4, 5, 5, 5]","[1, 1, 1, 3]",1.5,1.0,0.8660254037844386
LIDC-IDRI-0849,1.3.6.1.4.1.14519.5.2.1.6279.6001.194488534645348916700259325236,0,5,1,False,"[244.1320754716981, 291.0801886792453, 302.7617924528302]",10.643366478704001,1.25,0.625,False,patches/LIDC-IDRI-0849_n05.npz,96,[4],[1],[3],[4],[5],[3],[1],[5],[1],1.0,1.0,0.0
LIDC-IDRI-0849,1.3.6.1.4.1.14519.5.2.1.6279.6001.194488534645348916700259325236,0,6,1,False,"[262.02515723270443, 305.13993710691824, 303.41509433962267]",11.858541225631422,1.25,0.625,False,patches/LIDC-IDRI-0849_n06.npz,96,[4],[1],[3],[5],[5],[3],[1],[5],[1],1.0,1.0,0.0
LIDC-IDRI-0850,1.3.6.1.4.1.14519.5.2.1.6279.6001.144883090372691745980459537053,0,0,4,False,"[175.95253660927716, 91.35971425523121, 49.40876202813478]",22.285499772889448,1.25,0.626953,False,patches/LIDC-IDRI-0850_n00.npz,96,"[5, 5, 5, 5]","[1, 1, 1, 1]","[6, 6, 6, 6]","[3, 3, 4, 3]","[1, 2, 2, 3]","[1, 2, 2, 3]","[2, 4, 2, 3]","[3, 3, 1, 4]","[5, 3, 5, 5]",4.5,5.0,0.8660254037844386
LIDC-IDRI-0850,1.3.6.1.4.1.14519.5.2.1.6279.6001.144883090372691745980459537053,0,1,1,False,"[154.33333333333334, 418.5833333333333, 89.5]",4.774731796040684,1.25,0.626953,False,patches/LIDC-IDRI-0850_n01.npz,96,[3],[1],[6],[5],[5],[1],[1],[5],[3],3.0,3.0,0.0
LIDC-IDRI-0850,1.3.6.1.4.1.14519.5.2.1.6279.6001.144883090372691745980459537053,0,2,4,False,"[287.36094490017024, 126.75849945828818, 139.70701284630863]",9.130791998120076,1.25,0.626953,False,patches/LIDC-IDRI-0850_n02.npz,96,"[1, 3, 1, 3]","[1, 1, 1, 1]","[6, 6, 6, 6]","[3, 3, 4, 4]","[1, 3, 3, 5]","[1, 2, 1, 1]","[1, 1, 1, 1]","[1, 5, 5, 5]","[2, 3, 3, 2]",2.5,2.5,0.5
LIDC-IDRI-0851,1.3.6.1.4.1.14519.5.2.1.6279.6001.199171741859530285887752432478,0,0,4,False,"[301.85464284429924, 352.86800156949175, 137.83838409136445]",6.5023633367475515,2.0,0.81640625,False,patches/LIDC-IDRI-0851_n00.npz,96,"[5, 4, 4, 5]","[1, 1, 1, 1]","[6, 6, 6, 6]","[4, 4, 3, 5]","[4, 5, 5, 5]","[2, 1, 1, 1]","[2, 1, 1, 1]","[5, 5, 4, 5]","[3, 2, 3, 2]",2.5,2.5,0.5
LIDC-IDRI-0851,1.3.6.1.4.1.14519.5.2.1.6279.6001.199171741859530285887752432478,0,1,2,False,"[314.07680618870006, 151.84169084127643, 137.94298245614036]",9.37923635365345,2.0,0.81640625,False,patches/LIDC-IDRI-0851_n01.npz,96,"[3, 5]","[1, 1]","[6, 6]","[3, 4]","[5, 5]","[1, 1]","[1, 1]","[5, 5]","[2, 3]",2.5,2.5,0.5
LIDC-IDRI-0851,1.3.6.1.4.1.14519.5.2.1.6279.6001.199171741859530285887752432478,0,2,3,False,"[331.85370370370373, 139.14074074074074, 139.7327160493827]",6.591673478243902,2.0,0.81640625,False,patches/LIDC-IDRI-0851_n02.npz,96,"[5, 4, 5]","[1, 1, 1]","[6, 6, 6]","[4, 4, 5]","[4, 5, 4]","[2, 1, 1]","[2, 1, 1]","[5, 5, 5]","[3, 2, 3]",2.6666666666666665,3.0,0.4714045207910317
LIDC-IDRI-0851,1.3.6.1.4.1.14519.5.2.1.6279.6001.199171741859530285887752432478,0,3,2,False,"[340.04600694444446, 154.46354166666669, 168.37822420634922]",5.553466853144553,2.0,0.81640625,False,patches/LIDC-IDRI-0851_n03.npz,96,"[5, 5]","[1, 1]","[3, 3]","[5, 5]","[5, 5]","[1, 1]","[1, 1]","[5, 5]","[1, 1]",1.0,1.0,0.0
LIDC-IDRI-0852,1.3.6.1.4.1.14519.5.2.1.6279.6001.300146276266881736689307479986,0,0,3,False,"[224.15277777777774, 102.796875, 92.80034722222221]",7.109375,2.0,0.546875,False,patches/LIDC-IDRI-0852_n00.npz,96,"[3, 1, 2]","[1, 1, 1]","[6, 6, 6]","[2, 3, 5]","[4, 3, 2]","[2, 1, 3]","[1, 1, 1]","[4, 5, 2]","[3, 2, 2]",2.3333333333333335,2.0,0.4714045207910317
LIDC-IDRI-0852,1.3.6.1.4.1.14519.5.2.1.6279.6001.300146276266881736689307479986,0,1,3,False,"[342.413996403159, 127.34659472984596, 132.10895300648997]",10.807225780070583,2.0,0.546875,False,patches/LIDC-IDRI-0852_n01.npz,96,"[5, 3, 4]","[1, 1, 1]","[6, 6, 6]","[4, 4, 3]","[4, 2, 4]","[3, 1, 5]","[2, 1, 3]","[5, 3, 5]","[5, 3, 2]",3.3333333333333335,3.0,1.247219128924647
LIDC-IDRI-0854,1.3.6.1.4.1.14519.5.2.1.6279.6001.247769845138587733933485039556,0,0,1,False,"[162.87692307692308, 85.9076923076923, 126.96923076923076]",5.798117286024835,1.25,0.703125,False,patches/LIDC-IDRI-0854_n00.npz,96,[5],[1],[6],[5],[5],[1],[1],[5],[3],3.0,3.0,0.0
LIDC-IDRI-0854,1.3.6.1.4.1.14519.5.2.1.6279.6001.247769845138587733933485039556,0,1,3,False,"[258.00550603785683, 452.53205796723205, 129.69680135776568]",8.195867241229498,1.25,0.703125,False,patches/LIDC-IDRI-0854_n01.npz,96,"[5, 5, 3]","[1, 1, 1]","[6, 6, 6]","[4, 2, 3]","[5, 4, 4]","[1, 2, 1]","[1, 2, 1]","[5, 5, 5]","[2, 3, 2]",2.3333333333333335,2.0,0.4714045207910317
LIDC-IDRI-0854,1.3.6.1.4.1.14519.5.2.1.6279.6001.247769845138587733933485039556,0,2,4,False,"[176.23642213107388, 99.60401249820299, 155.81671657112565]",8.93381967096657,1.25,0.703125,False,patches/LIDC-IDRI-0854_n02.npz,96,"[3, 5, 4, 4]","[1, 1, 1, 1]","[6, 6, 6, 6]","[5, 4, 3, 5]","[5, 4, 4, 4]","[1, 2, 2, 1]","[1, 3, 2, 3]","[5, 5, 5, 5]","[2, 3, 4, 3]",3.0,3.0,0.7071067811865476
LIDC-IDRI-0854,1.3.6.1.4.1.14519.5.2.1.6279.6001.247769845138587733933485039556,0,3,3,False,"[177.499104290771, 82.49308253474919, 168.58407795907794]",6.571009312288882,1.25,0.703125,False,patches/LIDC-IDRI-0854_n03.npz,96,"[5, 5, 3]","[1, 1, 1]","[6, 6, 6]","[4, 2, 3]","[5, 4, 5]","[1, 2, 1]","[1, 2, 1]","[5, 5, 5]","[2, 2, 2]",2.0,2.0,0.0
LIDC-IDRI-0854,1.3.6.1.4.1.14519.5.2.1.6279.6001.247769845138587733933485039556,0,4,1,False,"[209.94520547945206, 84.64383561643835, 186.32876712328766]",6.007502633426389,1.25,0.703125,False,patches/LIDC-IDRI-0854_n04.npz,96,[5],[1],[6],[4],[5],[1],[1],[5],[3],3.0,3.0,0.0
LIDC-IDRI-0854,1.3.6.1.4.1.14519.5.2.1.6279.6001.247769845138587733933485039556,0,5,1,False,"[151.1304347826087, 378.8695652173913, 237.0144927536232]",3.97747564417433,1.25,0.703125,False,patches/LIDC-IDRI-0854_n05.npz,96,[5],[1],[6],[5],[5],[1],[1],[5],[2],2.0,2.0,0.0
LIDC-IDRI-0855,1.3.6.1.4.1.14519.5.2.1.6279.6001.316643107252485100789257057503,0,0,4,False,"[229.6348871349043, 461.28858098833217, 37.75914868196955]",11.62234541317817,3.0,0.70703125,False,patches/LIDC-IDRI-0855_n00.npz,96,"[5, 4, 3, 4]","[1, 1, 1, 1]","[6, 6, 6, 6]","[4, 3, 3, 3]","[3, 5, 4, 4]","[4, 2, 2, 4]","[3, 1, 1, 4]","[4, 5, 5, 5]","[3, 3, 3, 2]",2.75,3.0,0.4330127018922193
LIDC-IDRI-0855,1.3.6.1.4.1.14519.5.2.1.6279.6001.316643107252485100789257057503,0,1,4,False,"[310.28150155401295, 450.78205818871976, 40.40419016632315]",9.776171309041946,3.0,0.70703125,False,patches/LIDC-IDRI-0855_n01.npz,96,"[5, 3, 3, 5]","[1, 1, 1, 1]","[6, 6, 6, 6]","[2, 2, 2, 2]","[4, 5, 5, 4]","[3, 1, 2, 3]","[2, 2, 1, 4]","[5, 5, 5, 4]","[2, 3, 3, 1]",2.25,2.5,0.82915619758885
LIDC-IDRI-0855,1.3.6.1.4.1.14519.5.2.1.6279.6001.316643107252485100789257057503,0,2,3,False,"[123.11496278887584, 192.657497418367, 43.87387387387387]",6.395777139619567,3.0,0.70703125,False,patches/LIDC-IDRI-0855_n02.npz,96,"[5, 1, 3]","[1, 1, 1]","[6, 6, 6]","[4, 2, 3]","[4, 4, 4]","[2, 1, 1]","[4, 2, 1]","[5, 4, 5]","[3, 3, 2]",2.6666666666666665,3.0,0.4714045207910317
LIDC-IDRI-0855,1.3.6.1.4.1.14519.5.2.1.6279.6001.316643107252485100789257057503,0,3,1,False,"[243.0857142857143, 454.14285714285717, 50.457142857142856]",10.294530390310733,3.0,0.70703125,False,patches/LIDC-IDRI-0855_n03.npz,96,[2],[1],[6],[3],[2],[4],[3],[4],[2],2.0,2.0,0.0
LIDC-IDRI-0855,1.3.6.1.4.1.14519.5.2.1.6279.6001.316643107252485100789257057503,0,4,3,False,"[137.52696458126448, 173.9578881165177, 56.5771002979146]",6.9087165860483895,3.0,0.70703125,False,patches/LIDC-IDRI-0855_n04.npz,96,"[5, 1, 2]","[1, 1, 1]","[6, 6, 6]","[4, 4, 4]","[4, 4, 3]","[2, 1, 2]","[2, 1, 2]","[5, 4, 4]","[3, 3, 2]",2.6666666666666665,3.0,0.4714045207910317
LIDC-IDRI-0855,1.3.6.1.4.1.14519.5.2.1.6279.6001.316643107252485100789257057503,0,5,2,False,"[396.6011904761905, 381.9970238095238, 57.4375]",4.818904426884645,3.0,0.70703125,False,patches/LIDC-IDRI-0855_n05.npz,96,"[5, 2]","[1, 1]","[6, 6]","[5, 4]","[5, 3]","[2, 1]","[1, 2]","[5, 4]","[3, 2]",2.5,2.5,0.5
LIDC-IDRI-0855,1.3.6.1.4.1.14519.5.2.1.6279.6001.316643107252485100789257057503,0,6,2,False,"[302.7747093023256, 85.9328488372093, 59.56482558139535]",6.185193822938052,3.0,0.70703125,False,patches/LIDC-IDRI-0855_n06.npz,96,"[4, 3]","[1, 1]","[6, 6]","[3, 3]","[4, 3]","[4, 4]","[2, 4]","[5, 3]","[3, 2]",2.5,2.5,0.5
LIDC-IDRI-0855,1.3.6.1.4.1.14519.5.2.1.6279.6001.316643107252485100789257057503,0,7,2,False,"[310.79653679653677, 412.1060606060606, 69.81818181818181]",5.464401949592885,3.0,0.70703125,False,patches/LIDC-IDRI-0855_n07.npz,96,"[1, 3]","[1, 1]","[6, 6]","[4, 3]","[4, 3]","[2, 4]","[3, 3]","[4, 3]","[3, 2]",2.5,2.5,0.5
LIDC-IDRI-0855,1.3.6.1.4.1.14519.5.2.1.6279.6001.316643107252485100789257057503,0,8,3,False,"[310.5127976190476, 75.81904761904762, 73.58749999999999]",5.309248426900287,3.0,0.70703125,False,patches/LIDC-IDRI-0855_n08.npz,96,"[5, 2, 4]","[1, 1, 1]","[6, 6, 6]","[4, 4, 4]","[4, 4, 4]","[2, 1, 1]","[2, 2, 1]","[5, 4, 5]","[3, 3, 2]",2.6666666666666665,3.0,0.4714045207910317
LIDC-IDRI-0855,1.3.6.1.4.1.14519.5.2.1.6279.6001.316643107252485100789257057503,0,9,3,False,"[349.9125018108069, 185.57109418483194, 75.66952202322408]",6.6423639152842995,3.0,0.70703125,False,patches/LIDC-IDRI-0855_n09.npz,96,"[5, 1, 3]","[1, 1, 1]","[6, 6, 6]","[4, 3, 3]","[4, 4, 3]","[2, 2, 2]","[2, 1, 3]","[5, 5, 3]","[3, 3, 2]",2.6666666666666665,3.0,0.4714045207910317
LIDC-IDRI-0855,1.3.6.1.4.1.14519.5.2.1.6279.6001.316643107252485100789257057503,0,10,1,False,"[323.28, 394.0, 76.0]",7.210332280939797,3.0,0.70703125,False,patches/LIDC-IDRI-0855_n10.npz,96,[5],[1],[6],[4],[4],[1],[3],[5],[3],3.0,3.0,0.0
LIDC-IDRI-0855,1.3.6.1.4.1.14519.5.2.1.6279.6001.316643107252485100789257057503,0,11,3,False,"[345.73515787483456, 204.27132728304028, 76.32501418037437]",5.635346422184444,3.0,0.70703125,False,patches/LIDC-IDRI-0855_n11.npz,96,"[5, 1, 2]","[1, 1, 1]","[6, 6, 6]","[3, 4, 3]","[4, 4, 2]","[4, 2, 3]","[2, 1, 2]","[5, 5, 3]","[3, 3, 2]",2.6666666666666665,3.0,0.4714045207910317
LIDC-IDRI-0855,1.3.6.1.4.1.14519.5.2.1.6279.6001.316643107252485100789257057503,0,12,1,False,"[266.6, 109.71428571428571, 84.48571428571428]",4.999465913858012,3.0,0.70703125,False,patches/LIDC-IDRI-0855_n12.npz,96,[5],[1],[6],[5],[4],[2],[2],[5],[3],3.0,3.0,0.0
LIDC-IDRI-0855,1.3.6.1.4.1.14519.5.2.1.6279.6001.316643107252485100789257057503,0,13,2,False,"[315.8834610472542, 195.9971264367816, 97.84833971902937]",7.239767439478788,3.0,0.70703125,False,patches/LIDC-IDRI-0855_n13.npz,96,"[5, 1]","[1, 1]","[3, 3]","[2, 4]","[5, 4]","[4, 2]","[1, 1]","[5, 5]","[1, 1]",1.0,1.0,0.0
LIDC-IDRI-0855,1.3.6.1.4.1.14519.5.2.1.6279.6001.316643107252485100789257057503,0,14,3,False,"[305.8358073060369, 336.0602582496413, 100.34468233822611]",5.5880820292288425,3.0,0.70703125,False,patches/LIDC-IDRI-0855_n14.npz,96,"[5, 3, 5]","[1, 1, 1]","[3, 3, 5]","[5, 5, 5]","[5, 5, 4]","[1, 1, 1]","[1, 1, 2]","[5, 5, 5]","[1, 1, 1]",1.0,1.0,0.0
LIDC-IDRI-0855,1.3.6.1.4.1.14519.5.2.1.6279.6001.316643107252485100789257057503,0,15,3,False,"[296.5942857142857, 192.57047619047617, 104.60190476190475]",5.554498185987156,3.0,0.70703125,False,patches/LIDC-IDRI-0855_n15.npz,96,"[5, 3, 5]","[1, 1, 1]","[5, 3, 5]","[4, 4, 4]","[4, 4, 4]","[5, 1, 1]","[1, 1, 1]","[3, 5, 5]","[1, 1, 1]",1.0,1.0,0.0
LIDC-IDRI-0856,1.3.6.1.4.1.14519.5.2.1.6279.6001.139889514693390832525232698200,0,0,1,False,"[269.3030303030303, 364.27272727272725, 436.07575757575756]",4.570313999999996,1.25,0.761719,False,patches/LIDC-IDRI-0856_n00.npz,96,[3],[1],[6],[4],[5],[1],[2],[5],[2],2.0,2.0,0.0
LIDC-IDRI-0857,1.3.6.1.4.1.14519.5.2.1.6279.6001.401389720232123950202941034290,0,0,4,False,"[178.55965020552247, 119.81250639521836, 110.2594350264483]",7.8735702877987475,1.25,0.625,False,patches/LIDC-IDRI-0857_n00.npz,96,"[5, 4, 3, 4]","[1, 1, 1, 1]","[6, 6, 6, 6]","[5, 4, 2, 3]","[5, 5, 4, 4]","[1, 2, 1, 1]","[1, 1, 1, 1]","[5, 5, 5, 5]","[3, 4, 2, 1]",2.5,2.5,1.118033988749895
LIDC-IDRI-0857,1.3.6.1.4.1.14519.5.2.1.6279.6001.401389720232123950202941034290,0,1,1,False,"[368.42857142857144, 411.2857142857143, 165.08163265306123]",2.7950849718747373,1.25,0.625,False,patches/LIDC-IDRI-0857_n01.npz,96,[3],[1],[3],[4],[5],[1],[1],[5],[1],1.0,1.0,0.0
LIDC-IDRI-0858,1.3.6.1.4.1.14519.5.2.1.6279.6001.309955999522338651429118207446,0,0,1,False,"[321.6703296703297, 94.81318681318682, 147.01098901098902]",5.070306481121235,1.25,0.703125,False,patches/LIDC-IDRI-0858_n00.npz,96,[5],[1],[6],[4],[5],[1],[1],[5],[3],3.0,3.0,0.0
LIDC-IDRI-0858,1.3.6.1.4.1.14519.5.2.1.6279.6001.309955999522338651429118207446,0,1,4,False,"[297.5521233682508, 427.7646419501412, 169.1495093551104]",11.029596216185038,1.25,0.703125,False,patches/LIDC-IDRI-0858_n01.npz,96,"[5, 5, 5, 4]","[1, 1, 1, 1]","[6, 6, 6, 6]","[4, 3, 3, 3]","[5, 4, 4, 5]","[1, 2, 1, 1]","[1, 2, 2, 1]","[5, 5, 5, 5]","[3, 3, 4, 3]",3.25,3.0,0.4330127018922193
LIDC-IDRI-0858,1.3.6.1.4.1.14519.5.2.1.6279.6001.309955999522338651429118207446,0,2,4,False,"[325.8126738978655, 136.00582027526897, 179.2074166859532]",10.638395457428459,1.25,0.703125,False,patches/LIDC-IDRI-0858_n02.npz,96,"[5, 5, 5, 5]","[1, 1, 1, 1]","[6, 3, 3, 3]","[4, 4, 3, 4]","[5, 5, 5, 5]","[1, 2, 1, 1]","[1, 1, 1, 1]","[5, 5, 5, 5]","[1, 1, 1, 1]",1.0,1.0,0.0
LIDC-IDRI-0858,1.3.6.1.4.1.14519.5.2.1.6279.6001.309955999522338651429118207446,0,3,2,False,"[182.3376530612245, 112.68673469387755, 216.9142857142857]",6.028006293407868,1.25,0.703125,False,patches/LIDC-IDRI-0858_n03.npz,96,"[5, 3]","[1, 1]","[6, 6]","[4, 4]","[5, 5]","[1, 1]","[1, 1]","[5, 5]","[3, 2]",2.5,2.5,0.5
LIDC-IDRI-0858,1.3.6.1.4.1.14519.5.2.1.6279.6001.309955999522338651429118207446,0,4,3,False,"[184.26600973607142, 389.254930772366, 235.57298855240728]",7.104983003877586,1.25,0.703125,False,patches/LIDC-IDRI-0858_n04.npz,96,"[5, 4, 4]","[1, 1, 1]","[6, 6, 6]","[4, 4, 4]","[3, 2, 4]","[1, 2, 1]","[1, 2, 1]","[5, 3, 5]","[3, 3, 2]",2.6666666666666665,3.0,0.4714045207910317
LIDC-IDRI-0858,1.3.6.1.4.1.14519.5.2.1.6279.6001.309955999522338651429118207446,0,5,1,False,"[309.7238805970149, 157.67910447761193, 242.82089552238807]",8.81013099806836,1.25,0.703125,False,patches/LIDC-IDRI-0858_n05.npz,96,[5],[1],[6],[3],[2],[1],[1],[4],[3],3.0,3.0,0.0
LIDC-IDRI-0858,1.3.6.1.4.1.14519.5.2.1.6279.6001.309955999522338651429118207446,0,6,4,False,"[287.3505116997888, 365.3179130851427, 243.4847735306274]",9.166378685368002,1.25,0.703125,False,patches/LIDC-IDRI-0858_n06.npz,96,"[5, 5, 4, 4]","[1, 1, 1, 1]","[6, 6, 6, 6]","[5, 3, 3, 4]","[4, 4, 4, 5]","[1, 3, 1, 1]","[1, 2, 2, 1]","[5, 5, 5, 5]","[3, 3, 4, 3]",3.25,3.0,0.4330127018922193
LIDC-IDRI-0858,1.3.6.1.4.1.14519.5.2.1.6279.6001.309955999522338651429118207446,0,7,1,False,"[235.54237288135593, 412.22033898305085, 246.0677966101695]",5.491581803371866,1.25,0.703125,False,patches/LIDC-IDRI-0858_n07.npz,96,[5],[1],[6],[4],[2],[1],[1],[4],[3],3.0,3.0,0.0
LIDC-IDRI-0858,1.3.6.1.4.1.14519.5.2.1.6279.6001.309955999522338651429118207446,0,8,3,False,"[258.5813229652052, 398.6413643752763, 282.52688307851764]",6.172352226277286,1.25,0.703125,False,patches/LIDC-IDRI-0858_n08.npz,96,"[5, 4, 4]","[1, 1, 1]","[6, 6, 6]","[5, 4, 4]","[4, 4, 5]","[1, 2, 1]","[1, 1, 1]","[5, 4, 5]","[3, 3, 2]",2.6666666666666665,3.0,0.4714045207910317
LIDC-IDRI-0858,1.3.6.1.4.1.14519.5.2.1.6279.6001.309955999522338651429118207446,0,9,1,False,"[156.19277108433735, 185.84337349397592, 284.0843373493976]",4.9718445552179125,1.25,0.703125,False,patches/LIDC-IDRI-0858_n09.npz,96,[5],[1],[6],[4],[5],[1],[1],[5],[3],3.0,3.0,0.0
LIDC-IDRI-0858,1.3.6.1.4.1.14519.5.2.1.6279.6001.309955999522338651429118207446,0,10,4,False,"[396.0171852899575, 186.274795002436, 290.7404110184937]",12.122942618267135,1.25,0.703125,False,patches/LIDC-IDRI-0858_n10.npz,96,"[3, 5, 5, 4]","[1, 1, 1, 1]","[6, 6, 6, 6]","[5, 4, 3, 5]","[5, 4, 5, 5]","[1, 2, 2, 1]","[1, 2, 2, 1]","[5, 5, 5, 5]","[2, 3, 4, 4]",3.25,3.5,0.82915619758885
LIDC-IDRI-0858,1.3.6.1.4.1.14519.5.2.1.6279.6001.309955999522338651429118207446,0,11,1,False,"[207.23076923076923, 368.34065934065933, 308.6923076923077]",5.070306481121235,1.25,0.703125,False,patches/LIDC-IDRI-0858_n11.npz,96,[5],[1],[6],[5],[5],[1],[1],[5],[3],3.0,3.0,0.0
LIDC-IDRI-0858,1.3.6.1.4.1.14519.5.2.1.6279.6001.309955999522338651429118207446,0,12,3,False,"[279.47792979205957, 146.16449036218594, 342.32233963283085]",7.361408238366827,1.25,0.703125,False,patches/LIDC-IDRI-0858_n12.npz,96,"[5, 3, 3]","[1, 1, 1]","[6, 6, 6]","[4, 2, 3]","[2, 3, 4]","[1, 2, 1]","[1, 2, 1]","[5, 4, 5]","[3, 2, 2]",2.3333333333333335,2.0,0.4714045207910317
LIDC-IDRI-0859,1.3.6.1.4.1.14519.5.2.1.6279.6001.466284753932369813717081722101,0,0,3,False,"[238.80053348050038, 436.7343175128771, 189.0]",6.141037194498433,1.0,0.56640625,False,patches/LIDC-IDRI-0859_n00.npz,96,"[3, 5, 1]","[1, 1, 1]","[6, 3, 6]","[4, 5, 3]","[4, 5, 1]","[1, 1, 1]","[1, 1, 1]","[4, 5, 1]","[4, 1, 3]",2.6666666666666665,3.0,1.247219128924647
LIDC-IDRI-0860,1.3.6.1.4.1.14519.5.2.1.6279.6001.200725988589959521302320481687,0,0,4,False,"[356.77278021540565, 357.8389342220256, 83.05339325210457]",9.563973647338695,2.0,0.7421875,False,patches/LIDC-IDRI-0860_n00.npz,96,"[5, 5, 4, 5]","[1, 1, 1, 1]","[6, 3, 3, 3]","[3, 5, 5, 5]","[4, 5, 5, 5]","[2, 1, 1, 1]","[2, 1, 1, 1]","[5, 5, 5, 5]","[5, 1, 1, 1]",2.0,1.0,1.7320508075688772
LIDC-IDRI-0860,1.3.6.1.4.1.14519.5.2.1.6279.6001.200725988589959521302320481687,0,1,4,False,"[306.016006199951, 327.5738342619655, 153.32365791330716]",11.306041932705593,2.0,0.7421875,False,patches/LIDC-IDRI-0860_n01.npz,96,"[5, 3, 3, 5]","[1, 1, 1, 1]","[6, 6, 6, 6]","[4, 4, 4, 4]","[5, 4, 4, 5]","[1, 2, 2, 2]","[1, 1, 2, 1]","[5, 5, 4, 5]","[4, 4, 3, 2]",3.25,3.5,0.82915619758885
LIDC-IDRI-0861,1.3.6.1.4.1.14519.5.2.1.6279.6001.293042942258944468818728122049,0,0,4,False,"[402.86209051724137, 323.81234913793105, 50.86776819923371]",7.164492000256002,3.0,0.65234375,False,patches/LIDC-IDRI-0861_n00.npz,96,"[4, 3, 4, 5]","[1, 1, 1, 1]","[3, 3, 3, 3]","[4, 5, 5, 5]","[5, 5, 5, 5]","[1, 1, 1, 1]","[1, 1, 1, 1]","[5, 5, 5, 5]","[1, 1, 1, 1]",1.0,1.0,0.0
LIDC-IDRI-0861,1.3.6.1.4.1.14519.5.2.1.6279.6001.293042942258944468818728122049,0,1,3,False,"[294.52934554665893, 212.90783021423434, 66.59309219409295]",29.51245812325281,3.0,0.65234375,False,patches/LIDC-IDRI-0861_n01.npz,96,"[5, 4, 5]","[1, 1, 1]","[6, 6, 6]","[2, 3, 5]","[2, 3, 4]","[2, 3, 1]","[3, 4, 5]","[5, 5, 4]","[4, 4, 4]",4.0,4.0,0.0
LIDC-IDRI-0863,1.3.6.1.4.1.14519.5.2.1.6279.6001.242624386080831911167122628616,0,0,3,False,"[207.85928947243437, 75.47553894932166, 192.8177177243814]",11.028982880495754,0.75,0.5859375,False,patches/LIDC-IDRI-0863_n00.npz,96,"[5, 5, 5]","[1, 1, 1]","[6, 6, 6]","[2, 3, 3]","[4, 5, 4]","[1, 1, 1]","[1, 1, 1]","[5, 5, 5]","[2, 4, 4]",3.3333333333333335,4.0,0.9428090415820634
LIDC-IDRI-0863,1.3.6.1.4.1.14519.5.2.1.6279.6001.242624386080831911167122628616,0,1,5,True,"[239.61746455451194, 136.67651208677032, 243.21612307928132]",8.335876591239957,0.75,0.5859375,False,patches/LIDC-IDRI-0863_n01.npz,96,"[4, 5, 5, 5, 4]","[1, 1, 1, 1, 1]","[3, 3, 3, 3, 3]","[5, 3, 3, 2, 3]","[5, 5, 5, 5, 5]","[1, 1, 1, 2, 2]","[1, 3, 1, 1, 1]","[5, 5, 5, 5, 5]","[1, 1, 1, 1, 1]",1.0,1.0,0.0
LIDC-IDRI-0864,1.3.6.1.4.1.14519.5.2.1.6279.6001.174935793360491516757154875981,0,0,2,False,"[295.40250361097736, 469.6571978815599, 61.01492537313433]",7.456864262055314,2.0,0.703125,False,patches/LIDC-IDRI-0864_n00.npz,96,"[4, 5]","[1, 1]","[6, 6]","[4, 5]","[5, 5]","[1, 1]","[1, 1]","[5, 5]","[2, 3]",2.5,2.5,0.5
LIDC-IDRI-0864,1.3.6.1.4.1.14519.5.2.1.6279.6001.174935793360491516757154875981,0,1,1,False,"[183.98717948717947, 73.25641025641026, 88.6025641025641]",6.670429439417675,2.0,0.703125,False,patches/LIDC-IDRI-0864_n01.npz,96,[4],[1],[6],[3],[5],[1],[1],[5],[1],1.0,1.0,0.0
LIDC-IDRI-0864,1.3.6.1.4.1.14519.5.2.1.6279.6001.174935793360491516757154875981,0,2,1,False,"[375.3529411764706, 434.88235294117646, 118.47058823529412]",5.668774979272418,2.0,0.703125,False,patches/LIDC-IDRI-0864_n02.npz,96,[3],[1],[6],[4],[5],[1],[1],[5],[2],2.0,2.0,0.0
LIDC-IDRI-0865,1.3.6.1.4.1.14519.5.2.1.6279.6001.655242448149322898770987310561,0,0,5,True,"[266.69490962137513, 191.9637900935169, 43.06134836086157]",28.642811646112413,2.5,0.703125,True,patches/LIDC-IDRI-0865_n00.npz,96,"[5, 5, 5, 5, 5]","[4, 1, 1, 1, 4]","[6, 6, 6, 6, 6]","[3, 3, 3, 4, 4]","[3, 3, 3, 3, 1]","[3, 3, 3, 5, 3]","[3, 5, 5, 3, 5]","[5, 5, 4, 5, 5]","[5, 5, 5, 5, 5]",5.0,5.0,0.0
LIDC-IDRI-0866,1.3.6.1.4.1.14519.5.2.1.6279.6001.217589936421986638139451480826,0,0,4,False,"[268.02611409882934, 456.82878017797054, 51.92770856130504]",8.930148273257046,1.25,0.703125,False,patches/LIDC-IDRI-0866_n00.npz,96,"[4, 5, 3, 4]","[1, 1, 1, 1]","[6, 6, 3, 6]","[4, 4, 3, 4]","[5, 5, 4, 4]","[1, 1, 1, 2]","[1, 1, 1, 1]","[5, 5, 5, 5]","[3, 3, 1, 3]",2.5,3.0,0.8660254037844386
LIDC-IDRI-0866,1.3.6.1.4.1.14519.5.2.1.6279.6001.217589936421986638139451480826,0,1,4,False,"[324.436950259656, 462.19471356702365, 53.22467137293087]",9.047147968138534,1.25,0.703125,False,patches/LIDC-IDRI-0866_n01.npz,96,"[4, 4, 3, 4]","[1, 1, 1, 1]","[6, 6, 6, 6]","[3, 4, 2, 4]","[5, 4, 4, 4]","[1, 1, 1, 1]","[1, 1, 1, 1]","[5, 5, 5, 5]","[2, 3, 1, 2]",2.0,2.0,0.7071067811865476
LIDC-IDRI-0866,1.3.6.1.4.1.14519.5.2.1.6279.6001.217589936421986638139451480826,0,2,4,False,"[398.0141611548135, 378.866142606063, 105.79133727651299]",8.098771156674092,1.25,0.703125,False,patches/LIDC-IDRI-0866_n02.npz,96,"[4, 5, 4, 4]","[1, 1, 1, 1]","[6, 6, 3, 6]","[3, 4, 5, 4]","[5, 5, 5, 4]","[1, 1, 1, 1]","[1, 2, 1, 1]","[5, 5, 5, 5]","[3, 4, 1, 3]",2.75,3.0,1.0897247358851685
LIDC-IDRI-0866,1.3.6.1.4.1.14519.5.2.1.6279.6001.217589936421986638139451480826,0,3,1,False,"[168.9090909090909, 147.25, 126.45454545454545]",7.340840514077731,1.25,0.703125,False,patches/LIDC-IDRI-0866_n03.npz,96,[4],[1],[6],[4],[5],[1],[1],[5],[3],3.0,3.0,0.0
LIDC-IDRI-0866,1.3.6.1.4.1.14519.5.2.1.6279.6001.217589936421986638139451480826,0,4,1,False,"[182.97222222222223, 400.6111111111111, 151.5]",5.668774979272418,1.25,0.703125,False,patches/LIDC-IDRI-0866_n04.npz,96,[2],[1],[6],[5],[4],[1],[1],[5],[1],1.0,1.0,0.0
LIDC-IDRI-0866,1.3.6.1.4.1.14519.5.2.1.6279.6001.217589936421986638139451480826,0,5,1,False,"[230.81132075471697, 127.01886792452831, 167.8679245283019]",6.482492196534062,1.25,0.703125,False,patches/LIDC-IDRI-0866_n05.npz,96,[3],[1],[6],[4],[5],[1],[1],[5],[2],2.0,2.0,0.0
LIDC-IDRI-0866,1.3.6.1.4.1.14519.5.2.1.6279.6001.217589936421986638139451480826,0,6,1,False,"[215.0958904109589, 165.45205479452054, 188.986301369863]",8.697175929037252,1.25,0.703125,False,patches/LIDC-IDRI-0866_n06.npz,96,[2],[1],[6],[2],[3],[2],[2],[5],[1],1.0,1.0,0.0
LIDC-IDRI-0866,1.3.6.1.4.1.14519.5.2.1.6279.6001.217589936421986638139451480826,0,7,1,False,"[335.0, 212.10526315789474, 194.91228070175438]",6.482492196534062,1.25,0.703125,False,patches/LIDC-IDRI-0866_n07.npz,96,[4],[1],[6],[4],[5],[1],[1],[5],[2],2.0,2.0,0.0
LIDC-IDRI-0866,1.3.6.1.4.1.14519.5.2.1.6279.6001.217589936421986638139451480826,0,8,3,False,"[265.7016181652095, 192.51626000281956, 217.16907038305908]",9.980792220007388,1.25,0.703125,False,patches/LIDC-IDRI-0866_n08.npz,96,"[4, 3, 5]","[1, 1, 1]","[6, 6, 6]","[3, 2, 3]","[5, 3, 4]","[1, 3, 4]","[2, 3, 3]","[5, 5, 5]","[3, 3, 2]",2.6666666666666665,3.0,0.4714045207910317
LIDC-IDRI-0867,1.3.6.1.4.1.14519.5.2.1.6279.6001.293757615532132808762625441831,0,0,4,False,"[203.57310581952967, 162.35231902894662, 242.82408144384166]",7.751249384474748,1.25,0.78125,False,patches/LIDC-IDRI-0867_n00.npz,96,"[5, 5, 5, 5]","[1, 1, 1, 1]","[6, 3, 3, 3]","[2, 4, 3, 3]","[4, 5, 5, 5]","[2, 3, 1, 3]","[2, 1, 1, 1]","[4, 5, 5, 5]","[4, 1, 1, 1]",1.75,1.0,1.299038105676658
LIDC-IDRI-0867,1.3.6.1.4.1.14519.5.2.1.6279.6001.293757615532132808762625441831,0,1,4,False,"[314.56696628056045, 137.3492008421951, 278.09434790924723]",16.37493392169674,1.25,0.78125,False,patches/LIDC-IDRI-0867_n01.npz,96,"[5, 5, 3, 4]","[1, 1, 1, 1]","[6, 6, 6, 6]","[2, 2, 3, 4]","[4, 3, 2, 5]","[3, 3, 1, 2]","[3, 2, 1, 1]","[4, 4, 1, 5]","[4, 3, 2, 4]",3.25,3.5,0.82915619758885
LIDC-IDRI-0868,1.3.6.1.4.1.14519.5.2.1.6279.6001.123654356399290048011621921476,0,0,3,False,"[155.5157309300532, 93.98307148946536, 47.74757439207567]",6.146295967642842,2.5,0.703125,False,patches/LIDC-IDRI-0868_n00.npz,96,"[5, 4, 5]","[1, 1, 1]","[6, 6, 6]","[4, 3, 3]","[4, 5, 4]","[1, 1, 1]","[1, 1, 2]","[4, 5, 4]","[3, 3, 2]",2.6666666666666665,3.0,0.4714045207910317
LIDC-IDRI-0868,1.3.6.1.4.1.14519.5.2.1.6279.6001.123654356399290048011621921476,0,1,3,False,"[299.56988961750864, 347.5010861201337, 72.75507139792855]",5.5983682928663905,2.5,0.703125,False,patches/LIDC-IDRI-0868_n01.npz,96,"[5, 4, 4]","[1, 1, 1]","[6, 6, 6]","[4, 4, 3]","[4, 5, 4]","[1, 1, 2]","[1, 1, 2]","[3, 5, 5]","[3, 3, 3]",3.0,3.0,0.0
LIDC-IDRI-0869,1.3.6.1.4.1.14519.5.2.1.6279.6001.163901773171373940247829492387,0,0,2,False,"[297.20532407407404, 117.01998456790123, 68.15825617283951]",6.258259015353696,1.0,0.666015625,False,patches/LIDC-IDRI-0869_n00.npz,96,"[2, 3]","[1, 1]","[6, 6]","[3, 5]","[3, 5]","[2, 1]","[2, 1]","[4, 5]","[3, 2]",2.5,2.5,0.5
LIDC-IDRI-0869,1.3.6.1.4.1.14519.5.2.1.6279.6001.163901773171373940247829492387,0,1,4,False,"[212.64334778528809, 165.5097393167323, 86.99216367083716]",25.895848745826598,1.0,0.666015625,False,patches/LIDC-IDRI-0869_n01.npz,96,"[5, 5, 5, 5]","[1, 1, 1, 1]","[6, 6, 6, 6]","[4, 3, 5, 5]","[4, 4, 5, 5]","[3, 2, 1, 1]","[2, 2, 1, 1]","[5, 5, 5, 5]","[4, 5, 5, 2]",4.0,4.5,1.224744871391589
LIDC-IDRI-0869,1.3.6.1.4.1.14519.5.2.1.6279.6001.163901773171373940247829492387,0,2,2,False,"[415.26822797290316, 112.83409370384115, 99.54650174994362]",17.708691320369983,1.0,0.666015625,False,patches/LIDC-IDRI-0869_n02.npz,96,"[4, 1]","[1, 1]","[6, 6]","[3, 5]","[2, 2]","[3, 1]","[3, 1]","[1, 1]","[3, 2]",2.5,2.5,0.5
LIDC-IDRI-0869,1.3.6.1.4.1.14519.5.2.1.6279.6001.163901773171373940247829492387,0,3,2,False,"[252.4453804347826, 172.16923309178745, 104.60389492753623]",7.575948023843992,1.0,0.666015625,False,patches/LIDC-IDRI-0869_n03.npz,96,"[3, 3]","[1, 1]","[6, 6]","[4, 5]","[5, 5]","[1, 1]","[1, 1]","[5, 5]","[3, 2]",2.5,2.5,0.5
LIDC-IDRI-0870,1.3.6.1.4.1.14519.5.2.1.6279.6001.214800939017429618305208626314,0,0,2,False,"[414.19575200918484, 399.3149636433219, 32.63592294935579]",7.361824720887238,2.0,0.6640625,False,patches/LIDC-IDRI-0870_n00.npz,96,"[4, 5]","[1, 1]","[6, 5]","[4, 3]","[4, 5]","[3, 1]","[2, 1]","[4, 5]","[3, 1]",2.0,2.0,1.0
LIDC-IDRI-0870,1.3.6.1.4.1.14519.5.2.1.6279.6001.214800939017429618305208626314,0,1,2,False,"[346.21138996138995, 311.9369829012686, 50.76172090457805]",7.167553095531964,2.0,0.6640625,False,patches/LIDC-IDRI-0870_n01.npz,96,"[4, 1]","[1, 1]","[6, 6]","[4, 3]","[4, 4]","[1, 2]","[1, 1]","[3, 5]","[2, 1]",1.5,1.5,0.5
LIDC-IDRI-0870,1.3.6.1.4.1.14519.5.2.1.6279.6001.214800939017429618305208626314,0,2,3,False,"[391.0110239715893, 392.1311038768867, 55.38428529150636]",8.541310108522275,2.0,0.6640625,False,patches/LIDC-IDRI-0870_n02.npz,96,"[4, 3, 2]","[1, 1, 1]","[6, 6, 6]","[3, 5, 4]","[4, 3, 4]","[1, 1, 4]","[1, 1, 2]","[5, 5, 4]","[3, 3, 3]",3.0,3.0,0.0
LIDC-IDRI-0870,1.3.6.1.4.1.14519.5.2.1.6279.6001.214800939017429618305208626314,0,3,3,False,"[268.66050086204376, 465.72324985632605, 60.751239492319534]",7.03277607918021,2.0,0.6640625,False,patches/LIDC-IDRI-0870_n03.npz,96,"[4, 2, 2]","[1, 1, 1]","[6, 6, 6]","[4, 5, 3]","[5, 3, 2]","[1, 1, 3]","[1, 1, 3]","[5, 5, 3]","[4, 2, 3]",3.0,3.0,0.816496580927726
LIDC-IDRI-0870,1.3.6.1.4.1.14519.5.2.1.6279.6001.214800939017429618305208626314,0,4,2,False,"[267.35769980506825, 141.40506822612085, 66.06335282651072]",7.868975732987687,2.0,0.6640625,False,patches/LIDC-IDRI-0870_n04.npz,96,"[1, 1]","[1, 1]","[6, 6]","[3, 2]","[4, 3]","[1, 4]","[2, 2]","[5, 3]","[1, 3]",2.0,2.0,1.0
LIDC-IDRI-0870,1.3.6.1.4.1.14519.5.2.1.6279.6001.214800939017429618305208626314,0,5,2,False,"[372.5743006993007, 199.6062062937063, 70.55113636363637]",6.918115263902651,2.0,0.6640625,False,patches/LIDC-IDRI-0870_n05.npz,96,"[1, 1]","[1, 1]","[6, 6]","[5, 4]","[4, 4]","[1, 3]","[1, 2]","[5, 4]","[2, 3]",2.5,2.5,0.5
LIDC-IDRI-0870,1.3.6.1.4.1.14519.5.2.1.6279.6001.214800939017429618305208626314,0,6,3,False,"[373.7994908473754, 95.51258738432942, 76.16442397058229]",7.238775620106961,2.0,0.6640625,False,patches/LIDC-IDRI-0870_n06.npz,96,"[4, 3, 2]","[1, 1, 1]","[6, 6, 6]","[5, 5, 5]","[5, 5, 4]","[1, 1, 2]","[1, 1, 2]","[5, 5, 4]","[3, 3, 3]",3.0,3.0,0.0
LIDC-IDRI-0870,1.3.6.1.4.1.14519.5.2.1.6279.6001.214800939017429618305208626314,0,7,3,False,"[404.83897533453654, 208.1824560629253, 91.02994821003699]",9.267519608619965,2.0,0.6640625,False,patches/LIDC-IDRI-0870_n07.npz,96,"[4, 4, 4]","[1, 1, 1]","[6, 6, 6]","[4, 4, 4]","[5, 3, 4]","[1, 1, 3]","[1, 1, 2]","[5, 5, 4]","[3, 3, 3]",3.0,3.0,0.0
LIDC-IDRI-0870,1.3.6.1.4.1.14519.5.2.1.6279.6001.214800939017429618305208626314,0,8,3,False,"[380.15649738156134, 126.56822149149515, 95.22173507083994]",5.805250780794793,2.0,0.6640625,False,patches/LIDC-IDRI-0870_n08.npz,96,"[3, 2, 2]","[1, 1, 1]","[6, 6, 6]","[5, 5, 4]","[5, 4, 4]","[1, 1, 2]","[1, 1, 2]","[5, 5, 4]","[2, 1, 3]",2.0,2.0,0.816496580927726
LIDC-IDRI-0870,1.3.6.1.4.1.14519.5.2.1.6279.6001.214800939017429618305208626314,0,9,2,False,"[280.0751879699248, 168.01804511278195, 107.50601503759398]",5.1552238161869,2.0,0.6640625,False,patches/LIDC-IDRI-0870_n09.npz,96,"[4, 1]","[1, 1]","[6, 6]","[5, 2]","[5, 4]","[1, 2]","[1, 2]","[5, 4]","[3, 3]",3.0,3.0,0.0
LIDC-IDRI-0870,1.3.6.1.4.1.14519.5.2.1.6279.6001.214800939017429618305208626314,0,10,3,False,"[406.1519354838709, 169.73001102839814, 109.57951475048249]",11.267730454970541,2.0,0.6640625,False,patches/LIDC-IDRI-0870_n10.npz,96,"[5, 4, 3]","[1, 1, 1]","[6, 6, 6]","[2, 3, 4]","[4, 2, 2]","[2, 1, 3]","[2, 1, 4]","[5, 4, 3]","[4, 3, 3]",3.3333333333333335,3.0,0.4714045207910317
LIDC-IDRI-0871,1.3.6.1.4.1.14519.5.2.1.6279.6001.299806338046301317870803017534,0,0,1,False,"[252.5, 428.3478260869565, 124.41304347826087]",5.800490264168373,1.25,0.585938,False,patches/LIDC-IDRI-0871_n00.npz,96,[4],[1],[6],[4],[3],[1],[1],[3],[3],3.0,3.0,0.0
LIDC-IDRI-0871,1.3.6.1.4.1.14519.5.2.1.6279.6001.299806338046301317870803017534,0,1,1,False,"[223.30232558139534, 397.83720930232556, 125.67441860465117]",6.117372315218031,1.25,0.585938,False,patches/LIDC-IDRI-0871_n01.npz,96,[4],[1],[6],[4],[3],[1],[1],[1],[3],3.0,3.0,0.0
LIDC-IDRI-0871,1.3.6.1.4.1.14519.5.2.1.6279.6001.299806338046301317870803017534,0,2,4,False,"[297.52964359656903, 405.07389825495414, 136.18526323572905]",6.228242527368055,1.25,0.585938,False,patches/LIDC-IDRI-0871_n02.npz,96,"[5, 3, 2, 4]","[1, 1, 1, 1]","[6, 6, 6, 6]","[3, 3, 3, 3]","[3, 4, 3, 5]","[1, 1, 1, 1]","[1, 2, 1, 1]","[4, 5, 5, 5]","[3, 3, 2, 4]",3.0,3.0,0.7071067811865476
LIDC-IDRI-0871,1.3.6.1.4.1.14519.5.2.1.6279.6001.299806338046301317870803017534,0,3,3,False,"[215.28815345463514, 391.5734593437146, 162.88294711824125]",5.125268937311229,1.25,0.585938,False,patches/LIDC-IDRI-0871_n03.npz,96,"[2, 1, 4]","[1, 1, 1]","[6, 6, 6]","[3, 3, 4]","[4, 4, 5]","[2, 1, 1]","[1, 1, 1]","[5, 5, 5]","[3, 2, 2]",2.3333333333333335,2.0,0.4714045207910317
LIDC-IDRI-0871,1.3.6.1.4.1.14519.5.2.1.6279.6001.299806338046301317870803017534,0,4,2,False,"[209.59445438282648, 353.9025044722719, 174.82182468694094]",6.214058854371779,1.25,0.585938,False,patches/LIDC-IDRI-0871_n04.npz,96,"[4, 3]","[1, 1]","[6, 6]","[3, 2]","[4, 4]","[1, 2]","[1, 2]","[4, 5]","[3, 3]",3.0,3.0,0.0
LIDC-IDRI-0871,1.3.6.1.4.1.14519.5.2.1.6279.6001.299806338046301317870803017534,0,5,3,False,"[370.37584998873336, 191.38296111118197, 175.52492464148906]",9.450955920096103,1.25,0.585938,False,patches/LIDC-IDRI-0871_n05.npz,96,"[5, 5, 3]","[1, 1, 1]","[6, 6, 6]","[3, 2, 3]","[4, 4, 4]","[1, 2, 1]","[1, 2, 1]","[4, 5, 5]","[3, 2, 2]",2.3333333333333335,2.0,0.4714045207910317
LIDC-IDRI-0871,1.3.6.1.4.1.14519.5.2.1.6279.6001.299806338046301317870803017534,0,6,4,False,"[370.39930426716137, 168.26983998144712, 189.83610273654918]",6.91335124092511,1.25,0.585938,False,patches/LIDC-IDRI-0871_n06.npz,96,"[4, 4, 4, 4]","[1, 1, 1, 1]","[6, 6, 6, 6]","[3, 4, 5, 3]","[4, 4, 4, 5]","[1, 1, 1, 1]","[1, 2, 1, 1]","[4, 5, 5, 5]","[3, 3, 3, 3]",3.0,3.0,0.0
LIDC-IDRI-0871,1.3.6.1.4.1.14519.5.2.1.6279.6001.299806338046301317870803017534,0,7,4,False,"[372.67635706539454, 328.21865686304193, 191.3711279436547]",9.125220810932174,1.25,0.585938,False,patches/LIDC-IDRI-0871_n07.npz,96,"[4, 4, 3, 4]","[1, 1, 1, 1]","[6, 6, 6, 6]","[3, 2, 3, 2]","[4, 5, 4, 5]","[1, 1, 1, 1]","[1, 1, 1, 1]","[4, 5, 5, 4]","[3, 2, 2, 2]",2.25,2.0,0.4330127018922193
LIDC-IDRI-0871,1.3.6.1.4.1.14519.5.2.1.6279.6001.299806338046301317870803017534,0,8,2,False,"[353.96572692095083, 140.10696517412936, 197.99074074074076]",5.1258556085387585,1.25,0.585938,False,patches/LIDC-IDRI-0871_n08.npz,96,"[4, 4]","[1, 1]","[5, 6]","[4, 4]","[4, 5]","[2, 1]","[1, 1]","[5, 5]","[1, 2]",1.5,1.5,0.5
LIDC-IDRI-0872,1.3.6.1.4.1.14519.5.2.1.6279.6001.665044273312514967270866833277,0,0,2,False,"[312.78045112781956, 410.8781954887218, 40.47857142857143]",5.094466172934404,3.0,0.732,True,patches/LIDC-IDRI-0872_n00.npz,96,"[5, 3]","[1, 1]","[3, 3]","[4, 5]","[5, 5]","[2, 1]","[1, 1]","[5, 5]","[1, 1]",1.0,1.0,0.0
LIDC-IDRI-0872,1.3.6.1.4.1.14519.5.2.1.6279.6001.665044273312514967270866833277,0,1,2,False,"[376.91950354609924, 120.60248226950355, 72.38404255319148]",6.25955382761108,3.0,0.732,True,patches/LIDC-IDRI-0872_n01.npz,96,"[5, 4]","[1, 1]","[6, 6]","[5, 5]","[4, 4]","[1, 1]","[2, 1]","[5, 5]","[3, 3]",3.0,3.0,0.0
LIDC-IDRI-0873,1.3.6.1.4.1.14519.5.2.1.6279.6001.975254950136384517744116790879,0,0,1,False,"[313.98809523809524, 131.89285714285714, 86.17857142857143]",7.794917000000012,2.5,0.599609,False,patches/LIDC-IDRI-0873_n00.npz,96,[4],[1],[6],[2],[4],[2],[1],[4],[4],4.0,4.0,0.0
LIDC-IDRI-0874,1.3.6.1.4.1.14519.5.2.1.6279.6001.115386642382564804180764325545,0,0,4,False,"[332.2178862757444, 393.3218343441891, 187.46226484739424]",16.060387975436253,1.25,0.664062,False,patches/LIDC-IDRI-0874_n00.npz,96,"[3, 5, 4, 5]","[1, 1, 1, 1]","[6, 6, 6, 6]","[5, 4, 4, 3]","[5, 4, 5, 3]","[1, 3, 2, 2]","[1, 3, 1, 2]","[5, 5, 5, 5]","[2, 2, 3, 5]",3.0,2.5,1.224744871391589
LIDC-IDRI-0874,1.3.6.1.4.1.14519.5.2.1.6279.6001.115386642382564804180764325545,0,1,1,False,"[257.0766129032258, 121.39112903225806, 232.64112903225808]",8.859692121751864,1.25,0.664062,False,patches/LIDC-IDRI-0874_n01.npz,96,[3],[1],[6],[3],[5],[1],[1],[5],[2],2.0,2.0,0.0
LIDC-IDRI-0874,1.3.6.1.4.1.14519.5.2.1.6279.6001.115386642382564804180764325545,0,2,2,False,"[307.80122265122264, 90.36994851994851, 313.2991634491634]",4.413975316784621,1.25,0.664062,False,patches/LIDC-IDRI-0874_n02.npz,96,"[5, 3]","[1, 1]","[3, 6]","[4, 4]","[5, 5]","[1, 1]","[1, 1]","[5, 5]","[1, 2]",1.5,1.5,0.5
LIDC-IDRI-0874,1.3.6.1.4.1.14519.5.2.1.6279.6001.115386642382564804180764325545,0,3,2,False,"[205.07901234567902, 232.66790123456792, 438.23148148148147]",4.575145376553213,1.25,0.664062,False,patches/LIDC-IDRI-0874_n03.npz,96,"[5, 5]","[1, 1]","[3, 3]","[4, 5]","[5, 5]","[1, 1]","[1, 1]","[5, 5]","[1, 1]",1.0,1.0,0.0
LIDC-IDRI-0875,1.3.6.1.4.1.14519.5.2.1.6279.6001.227968442353440630355230778531,0,0,1,False,"[356.914089347079, 349.01374570446734, 181.5979381443299]",11.492168911439759,1.0,0.66796875,False,patches/LIDC-IDRI-0875_n00.npz,96,[3],[1],[6],[2],[3],[1],[1],[5],[4],4.0,4.0,0.0
LIDC-IDRI-0875,1.3.6.1.4.1.14519.5.2.1.6279.6001.227968442353440630355230778531,0,1,4,False,"[330.88885774957, 155.54529520134705, 219.1392015912387]",17.208263002077402,1.0,0.66796875,False,patches/LIDC-IDRI-0875_n01.npz,96,"[5, 5, 5, 5]","[1, 1, 1, 1]","[6, 6, 6, 6]","[4, 3, 4, 5]","[3, 3, 2, 5]","[1, 3, 1, 4]","[3, 3, 1, 1]","[5, 5, 5, 5]","[5, 5, 5, 2]",4.25,5.0,1.299038105676658
LIDC-IDRI-0879,1.3.6.1.4.1.14519.5.2.1.6279.6001.134519406153127654901640638633,0,0,4,False,"[193.96422491416317, 108.59298603838315, 109.34777792315167]",18.47212216988494,1.25,0.78125,True,patches/LIDC-IDRI-0879_n00.npz,96,"[5, 5, 5, 5]","[1, 1, 1, 1]","[6, 3, 3, 3]","[3, 4, 3, 5]","[4, 5, 5, 5]","[2, 3, 1, 1]","[2, 1, 4, 1]","[5, 5, 5, 5]","[4, 1, 1, 1]",1.75,1.0,1.299038105676658
LIDC-IDRI-0879,1.3.6.1.4.1.14519.5.2.1.6279.6001.134519406153127654901640638633,0,1,1,False,"[176.16666666666666, 104.73333333333333, 136.94444444444446]",7.202769107260068,1.25,0.78125,True,patches/LIDC-IDRI-0879_n01.npz,96,[3],[1],[3],[2],[5],[1],[3],[5],[1],1.0,1.0,0.0
LIDC-IDRI-0879,1.3.6.1.4.1.14519.5.2.1.6279.6001.134519406153127654901640638633,0,2,2,False,"[249.8633962264151, 415.76842767295597, 151.74616352201258]",6.12423080240721,1.25,0.78125,True,patches/LIDC-IDRI-0879_n02.npz,96,"[2, 1]","[1, 1]","[6, 6]","[5, 5]","[5, 4]","[1, 1]","[1, 1]","[5, 5]","[2, 3]",2.5,2.5,0.5
LIDC-IDRI-0879,1.3.6.1.4.1.14519.5.2.1.6279.6001.134519406153127654901640638633,0,3,1,False,"[339.1515151515151, 339.4848484848485, 217.4848484848485]",6.2986388658582415,1.25,0.78125,True,patches/LIDC-IDRI-0879_n03.npz,96,[2],[1],[6],[3],[4],[1],[1],[5],[1],1.0,1.0,0.0
LIDC-IDRI-0879,1.3.6.1.4.1.14519.5.2.1.6279.6001.134519406153127654901640638633,0,4,2,False,"[329.72222222222223, 312.31111111111113, 220.4711111111111]",8.061853725037547,1.25,0.78125,True,patches/LIDC-IDRI-0879_n04.npz,96,"[3, 3]","[1, 1]","[6, 6]","[4, 4]","[5, 3]","[1, 2]","[1, 1]","[5, 4]","[2, 3]",2.5,2.5,0.5
LIDC-IDRI-0879,1.3.6.1.4.1.14519.5.2.1.6279.6001.134519406153127654901640638633,0,5,1,False,"[322.9, 346.1714285714286, 227.37142857142857]",5.949822738956178,1.25,0.78125,True,patches/LIDC-IDRI-0879_n05.npz,96,[2],[1],[6],[4],[4],[1],[1],[5],[2],2.0,2.0,0.0
LIDC-IDRI-0879,1.3.6.1.4.1.14519.5.2.1.6279.6001.134519406153127654901640638633,0,6,1,False,"[324.71794871794873, 334.4102564102564, 227.51282051282053]",6.442352540027595,1.25,0.78125,True,patches/LIDC-IDRI-0879_n06.npz,96,[2],[1],[6],[3],[3],[3],[1],[5],[1],1.0,1.0,0.0
LIDC-IDRI-0879,1.3.6.1.4.1.14519.5.2.1.6279.6001.134519406153127654901640638633,0,7,4,False,"[307.95349284933485, 215.8260277827532, 230.84518188186348]",12.957043933528755,1.25,0.78125,True,patches/LIDC-IDRI-0879_n07.npz,96,"[4, 4, 2, 5]","[1, 1, 1, 1]","[6, 6, 6, 3]","[2, 4, 2, 5]","[4, 4, 3, 5]","[2, 1, 1, 1]","[1, 1, 2, 1]","[5, 5, 5, 5]","[2, 3, 3, 1]",2.25,2.5,0.82915619758885
LIDC-IDRI-0880,1.3.6.1.4.1.14519.5.2.1.6279.6001.141345499716190654505508410197,0,0,1,False,"[389.8695652173913, 121.10144927536231, 104.8840579710145]",6.752490462654801,1.25,0.626953,False,patches/LIDC-IDRI-0880_n00.npz,96,[4],[1],[6],[4],[5],[1],[1],[5],[3],3.0,3.0,0.0
LIDC-IDRI-0880,1.3.6.1.4.1.14519.5.2.1.6279.6001.141345499716190654505508410197,0,1,1,False,"[287.85714285714283, 59.91836734693877, 112.55102040816327]",6.393691162211078,1.25,0.626953,False,patches/LIDC-IDRI-0880_n01.npz,96,[3],[1],[6],[3],[4],[1],[1],[3],[4],4.0,4.0,0.0
LIDC-IDRI-0880,1.3.6.1.4.1.14519.5.2.1.6279.6001.141345499716190654505508410197,0,2,4,False,"[361.86345612172596, 168.63602202011572, 123.63046875389915]",10.220951047741233,1.25,0.626953,False,patches/LIDC-IDRI-0880_n02.npz,96,"[3, 3, 4, 4]","[1, 1, 1, 1]","[6, 6, 6, 6]","[2, 3, 3, 3]","[3, 4, 4, 4]","[1, 1, 1, 2]","[1, 1, 1, 1]","[5, 5, 5, 4]","[2, 3, 2, 3]",2.5,2.5,0.5
LIDC-IDRI-0880,1.3.6.1.4.1.14519.5.2.1.6279.6001.141345499716190654505508410197,0,3,1,False,"[228.61666666666667, 88.51666666666667, 173.11666666666667]",5.947798397626636,1.25,0.626953,False,patches/LIDC-IDRI-0880_n03.npz,96,[3],[1],[6],[4],[5],[1],[1],[5],[3],3.0,3.0,0.0
LIDC-IDRI-0882,1.3.6.1.4.1.14519.5.2.1.6279.6001.329624439086643515259182406526,0,0,4,False,"[365.4537117004717, 123.27648881968057, 136.90364478308007]",9.187814863731361,1.25,0.751953,False,patches/LIDC-IDRI-0882_n00.npz,96,"[3, 4, 3, 2]","[1, 1, 1, 1]","[6, 6, 6, 6]","[5, 5, 4, 5]","[5, 5, 4, 4]","[1, 1, 1, 1]","[1, 1, 1, 1]","[5, 5, 5, 4]","[3, 2, 3, 3]",2.75,3.0,0.4330127018922193
LIDC-IDRI-0882,1.3.6.1.4.1.14519.5.2.1.6279.6001.329624439086643515259182406526,0,1,1,False,"[310.38028169014086, 350.943661971831, 199.4788732394366]",10.766328501993861,1.25,0.751953,False,patches/LIDC-IDRI-0882_n01.npz,96,[1],[1],[6],[5],[2],[1],[1],[1],[2],2.0,2.0,0.0
LIDC-IDRI-0883,1.3.6.1.4.1.14519.5.2.1.6279.6001.303066851236267189733420290986,0,0,1,False,"[146.8131868131868, 398.6978021978022, 185.35164835164835]",9.265734512685452,2.0,0.66015625,False,patches/LIDC-IDRI-0883_n00.npz,96,[1],[1],[6],[5],[2],[1],[1],[1],[2],2.0,2.0,0.0
LIDC-IDRI-0883,1.3.6.1.4.1.14519.5.2.1.6279.6001.303066851236267189733420290986,0,1,1,False,"[157.2312925170068, 426.1292517006803, 196.28571428571428]",8.165681844484975,2.0,0.66015625,False,patches/LIDC-IDRI-0883_n01.npz,96,[1],[1],[6],[5],[2],[1],[1],[1],[2],2.0,2.0,0.0
LIDC-IDRI-0883,1.3.6.1.4.1.14519.5.2.1.6279.6001.303066851236267189733420290986,0,2,1,False,"[126.57425742574257, 228.34323432343234, 202.57095709570956]",12.52558416957319,2.0,0.66015625,False,patches/LIDC-IDRI-0883_n02.npz,96,[5],[1],[3],[5],[5],[1],[1],[5],[1],1.0,1.0,0.0
LIDC-IDRI-0884,1.3.6.1.4.1.14519.5.2.1.6279.6001.892375496445736188832556446335,0,0,1,False,"[282.375, 219.5, 189.525]",5.673748215123035,1.25,0.664062,False,patches/LIDC-IDRI-0884_n00.npz,96,[1],[1],[6],[5],[2],[1],[1],[5],[2],2.0,2.0,0.0
LIDC-IDRI-0884,1.3.6.1.4.1.14519.5.2.1.6279.6001.892375496445736188832556446335,0,1,4,False,"[248.10321872813967, 374.8415884517284, 189.78884266312912]",21.30152168055806,1.25,0.664062,False,patches/LIDC-IDRI-0884_n01.npz,96,"[5, 5, 5, 5]","[1, 1, 1, 1]","[6, 6, 6, 6]","[5, 3, 4, 3]","[4, 3, 3, 4]","[5, 3, 5, 3]","[3, 5, 4, 3]","[5, 5, 4, 5]","[5, 5, 5, 5]",5.0,5.0,0.0
LIDC-IDRI-0886,1.3.6.1.4.1.14519.5.2.1.6279.6001.139030456172925758598108159491,0,0,2,False,"[233.2393445145407, 439.023003539006, 26.10370826280966]",8.994970635886741,3.0,0.75,False,patches/LIDC-IDRI-0886_n00.npz,96,"[5, 3]","[1, 1]","[6, 6]","[3, 3]","[1, 3]","[1, 1]","[1, 1]","[2, 1]","[1, 2]",1.5,1.5,0.5
LIDC-IDRI-0886,1.3.6.1.4.1.14519.5.2.1.6279.6001.139030456172925758598108159491,0,1,4,False,"[284.0190975116837, 106.39018188707846, 39.19109195402299]",8.520507979524401,3.0,0.75,False,patches/LIDC-IDRI-0886_n01.npz,96,"[4, 4, 5, 4]","[1, 1, 1, 1]","[6, 6, 6, 6]","[3, 4, 3, 4]","[5, 4, 5, 3]","[1, 2, 1, 1]","[1, 1, 1, 1]","[5, 5, 5, 5]","[2, 4, 4, 1]",2.75,3.0,1.299038105676658
LIDC-IDRI-0886,1.3.6.1.4.1.14519.5.2.1.6279.6001.139030456172925758598108159491,0,2,4,False,"[185.3169071634581, 264.7000101485452, 61.16940408183412]",16.253681132037872,3.0,0.75,False,patches/LIDC-IDRI-0886_n02.npz,96,"[5, 4, 5, 4]","[1, 1, 1, 1]","[6, 6, 6, 6]","[4, 4, 4, 3]","[2, 4, 4, 3]","[2, 2, 1, 2]","[4, 1, 3, 1]","[3, 4, 5, 3]","[5, 4, 4, 3]",4.0,4.0,0.7071067811865476
LIDC-IDRI-0888,1.3.6.1.4.1.14519.5.2.1.6279.6001.226152078193253087875725735761,0,0,3,False,"[349.71807186964315, 180.25684582943745, 154.83303018349696]",13.83148154816796,2.0,0.671875,False,patches/LIDC-IDRI-0888_n00.npz,96,"[5, 5, 4]","[1, 1, 1]","[6, 6, 6]","[4, 2, 4]","[3, 4, 4]","[1, 3, 2]","[2, 3, 2]","[4, 5, 4]","[3, 5, 3]",3.6666666666666665,3.0,0.9428090415820634
LIDC-IDRI-0890,1.3.6.1.4.1.14519.5.2.1.6279.6001.107109359065300889765026303943,0,0,2,False,"[192.12381404174573, 98.93833017077799, 46.928368121442126]",6.6451572087576345,1.25,0.732422,False,patches/LIDC-IDRI-0890_n00.npz,96,"[1, 3]","[1, 1]","[6, 6]","[3, 2]","[4, 5]","[2, 1]","[1, 4]","[5, 5]","[2, 3]",2.5,2.5,0.5
LIDC-IDRI-0890,1.3.6.1.4.1.14519.5.2.1.6279.6001.107109359065300889765026303943,0,1,1,False,"[264.1621621621622, 437.13513513513516, 57.432432432432435]",6.550981520865401,1.25,0.732422,False,patches/LIDC-IDRI-0890_n01.npz,96,[2],[1],[6],[4],[5],[2],[1],[5],[3],3.0,3.0,0.0
LIDC-IDRI-0890,1.3.6.1.4.1.14519.5.2.1.6279.6001.107109359065300889765026303943,0,2,4,False,"[156.1983564881343, 122.50864724098525, 59.87123123530182]",26.84485833376783,1.25,0.732422,False,patches/LIDC-IDRI-0890_n02.npz,96,"[5, 5, 5, 5]","[1, 1, 1, 1]","[6, 6, 6, 6]","[3, 4, 4, 3]","[3, 5, 4, 5]","[3, 2, 2, 2]","[4, 1, 1, 3]","[5, 5, 5, 5]","[4, 5, 5, 5]",4.75,5.0,0.4330127018922193
LIDC-IDRI-0892,1.3.6.1.4.1.14519.5.2.1.6279.6001.137009552031052971596477963106,0,0,4,False,"[182.18624374450752, 140.48020307079605, 42.81616102739918]",17.96696095889394,3.0,0.64,True,patches/LIDC-IDRI-0892_n00.npz,96,"[5, 5, 4, 5]","[1, 1, 1, 1]","[6, 5, 6, 6]","[5, 5, 3, 4]","[5, 5, 4, 4]","[1, 1, 1, 4]","[3, 1, 2, 2]","[5, 5, 5, 5]","[4, 1, 4, 3]",3.0,3.5,1.224744871391589
LIDC-IDRI-0892,1.3.6.1.4.1.14519.5.2.1.6279.6001.137009552031052971596477963106,0,1,4,False,"[170.19480275616786, 372.4761642995886, 63.336804771836995]",20.647922940027694,3.0,0.64,True,patches/LIDC-IDRI-0892_n01.npz,96,"[5, 5, 5, 5]","[1, 1, 1, 1]","[6, 5, 6, 6]","[3, 4, 4, 4]","[5, 5, 5, 4]","[3, 1, 1, 4]","[2, 1, 1, 2]","[5, 5, 5, 5]","[5, 1, 5, 3]",3.5,4.0,1.6583123951777
LIDC-IDRI-0892,1.3.6.1.4.1.14519.5.2.1.6279.6001.137009552031052971596477963106,0,2,4,False,"[234.48866104720048, 352.34920795229857, 81.17343830327891]",15.927561884843884,3.0,0.64,True,patches/LIDC-IDRI-0892_n02.npz,96,"[5, 5, 4, 5]","[1, 1, 1, 1]","[6, 5, 6, 6]","[5, 5, 3, 4]","[5, 5, 5, 4]","[1, 1, 1, 3]","[2, 1, 2, 2]","[5, 5, 5, 5]","[4, 1, 5, 3]",3.25,3.5,1.479019945774904
LIDC-IDRI-0892,1.3.6.1.4.1.14519.5.2.1.6279.6001.137009552031052971596477963106,0,3,4,False,"[223.4237809356768, 195.4772260258307, 84.14517428927668]",8.440515247033112,3.0,0.64,True,patches/LIDC-IDRI-0892_n03.npz,96,"[4, 2, 2, 4]","[1, 1, 1, 1]","[6, 3, 6, 6]","[3, 3, 3, 3]","[5, 5, 5, 4]","[1, 1, 1, 2]","[2, 1, 1, 1]","[5, 5, 5, 5]","[2, 1, 3, 2]",2.0,2.0,0.7071067811865476
LIDC-IDRI-0893,1.3.6.1.4.1.14519.5.2.1.6279.6001.765930210026773090100532964804,0,0,2,False,"[331.59957237498065, 431.70305172120914, 62.046322350977476]",17.09032437493712,1.0,0.662109375,False,patches/LIDC-IDRI-0893_n00.npz,96,"[4, 4]","[1, 1]","[6, 6]","[4, 3]","[2, 1]","[1, 2]","[2, 3]","[5, 5]","[4, 3]",3.5,3.5,0.5
LIDC-IDRI-0893,1.3.6.1.4.1.14519.5.2.1.6279.6001.765930210026773090100532964804,0,1,4,False,"[334.95564863817776, 168.21155160722117, 101.60501962850911]",24.621061806785875,1.0,0.662109375,False,patches/LIDC-IDRI-0893_n01.npz,96,"[5, 5, 5, 5]","[1, 1, 1, 1]","[6, 6, 6, 6]","[4, 2, 4, 5]","[4, 4, 5, 5]","[1, 2, 1, 3]","[1, 2, 2, 1]","[5, 5, 5, 5]","[5, 4, 5, 3]",4.25,4.5,0.82915619758885
LIDC-IDRI-0893,1.3.6.1.4.1.14519.5.2.1.6279.6001.765930210026773090100532964804,0,2,3,False,"[318.84978157306927, 361.33681531558244, 247.21263911126925]",5.946427862759021,1.0,0.662109375,False,patches/LIDC-IDRI-0893_n02.npz,96,"[4, 4, 5]","[1, 1, 1]","[6, 6, 6]","[5, 5, 5]","[5, 5, 5]","[1, 1, 1]","[1, 1, 1]","[5, 5, 5]","[2, 3, 2]",2.3333333333333335,2.0,0.4714045207910317
LIDC-IDRI-0894,1.3.6.1.4.1.14519.5.2.1.6279.6001.254473943359963613733707320244,0,0,2,False,"[306.3969137364027, 454.07133822413357, 63.944725524917786]",6.424779935893467,1.25,0.703125,False,patches/LIDC-IDRI-0894_n00.npz,96,"[2, 4]","[1, 1]","[6, 6]","[4, 4]","[4, 5]","[1, 1]","[1, 1]","[5, 5]","[2, 3]",2.5,2.5,0.5
LIDC-IDRI-0894,1.3.6.1.4.1.14519.5.2.1.6279.6001.254473943359963613733707320244,0,1,2,False,"[302.13662241845066, 55.48470677084846, 87.23191100008714]",12.090090541069173,1.25,0.703125,False,patches/LIDC-IDRI-0894_n01.npz,96,"[2, 5]","[1, 1]","[6, 6]","[2, 3]","[3, 5]","[2, 1]","[2, 1]","[4, 5]","[3, 2]",2.5,2.5,0.5
LIDC-IDRI-0894,1.3.6.1.4.1.14519.5.2.1.6279.6001.254473943359963613733707320244,0,2,4,False,"[369.0521673804918, 96.41374127866813, 108.78995535714286]",5.700657694319967,1.25,0.703125,False,patches/LIDC-IDRI-0894_n02.npz,96,"[1, 2, 3, 3]","[1, 1, 1, 1]","[6, 6, 6, 6]","[4, 5, 4, 4]","[2, 3, 4, 5]","[2, 1, 1, 1]","[2, 1, 1, 1]","[3, 3, 4, 5]","[3, 3, 3, 3]",3.0,3.0,0.0
LIDC-IDRI-0894,1.3.6.1.4.1.14519.5.2.1.6279.6001.254473943359963613733707320244,0,3,1,False,"[371.48387096774195, 209.74193548387098, 113.0]",6.670429439417675,1.25,0.703125,False,patches/LIDC-IDRI-0894_n03.npz,96,[4],[1],[6],[4],[5],[1],[1],[5],[2],2.0,2.0,0.0
LIDC-IDRI-0894,1.3.6.1.4.1.14519.5.2.1.6279.6001.254473943359963613733707320244,0,4,4,False,"[369.50981086974394, 356.88986029557867, 184.36904509047557]",8.692052031885469,1.25,0.703125,False,patches/LIDC-IDRI-0894_n04.npz,96,"[3, 3, 4, 5]","[1, 1, 1, 1]","[6, 6, 6, 6]","[3, 4, 3, 4]","[4, 4, 4, 4]","[1, 1, 2, 2]","[1, 1, 1, 1]","[4, 5, 5, 5]","[3, 3, 3, 4]",3.25,3.0,0.4330127018922193
LIDC-IDRI-0895,1.3.6.1.4.1.14519.5.2.1.6279.6001.458525794434429386945463560826,0,0,1,False,"[333.1060606060606, 407.3939393939394, 120.24242424242425]",8.687087817337188,1.25,0.742188,False,patches/LIDC-IDRI-0895_n00.npz,96,[4],[1],[6],[4],[4],[1],[1],[5],[3],3.0,3.0,0.0
LIDC-IDRI-0895,1.3.6.1.4.1.14519.5.2.1.6279.6001.458525794434429386945463560826,0,1,1,False,"[260.49685534591197, 443.4025157232704, 151.45911949685535]",6.120239036131885,1.25,0.742188,False,patches/LIDC-IDRI-0895_n01.npz,96,[3],[1],[6],[5],[5],[1],[1],[5],[2],2.0,2.0,0.0
LIDC-IDRI-0895,1.3.6.1.4.1.14519.5.2.1.6279.6001.458525794434429386945463560826,0,2,4,False,"[283.51340038861684, 198.78230140485826, 452.1430644239019]",13.097573928109876,1.25,0.742188,False,patches/LIDC-IDRI-0895_n02.npz,96,"[5, 3, 4, 5]","[1, 1, 1, 1]","[6, 6, 6, 6]","[2, 3, 4, 5]","[4, 2, 4, 5]","[2, 3, 4, 3]","[2, 1, 4, 4]","[5, 4, 4, 5]","[4, 4, 5, 5]",4.5,4.5,0.5
LIDC-IDRI-0896,1.3.6.1.4.1.14519.5.2.1.6279.6001.592821488053137951302246128864,0,0,4,False,"[290.63259502809524, 453.9450704964349, 81.81858278314931]",12.846423396982944,2.0,0.56640625,False,patches/LIDC-IDRI-0896_n00.npz,96,"[5, 4, 4, 5]","[1, 1, 1, 1]","[6, 6, 6, 6]","[4, 4, 4, 5]","[5, 4, 4, 5]","[2, 4, 3, 5]","[1, 2, 1, 1]","[5, 5, 4, 5]","[4, 4, 3, 3]",3.5,3.5,0.5
LIDC-IDRI-0896,1.3.6.1.4.1.14519.5.2.1.6279.6001.592821488053137951302246128864,0,1,3,False,"[293.15445468827113, 378.9500067833401, 136.00951289719407]",7.48921016548062,2.0,0.56640625,False,patches/LIDC-IDRI-0896_n01.npz,96,"[4, 3, 1]","[1, 1, 1]","[6, 6, 6]","[4, 5, 4]","[5, 2, 1]","[2, 4, 4]","[1, 1, 3]","[4, 1, 1]","[3, 3, 3]",3.0,3.0,0.0
LIDC-IDRI-0898,1.3.6.1.4.1.14519.5.2.1.6279.6001.244447966386688625240438849169,0,0,2,False,"[268.85132935431363, 360.0493081931633, 86.51024145415084]",6.806909265405293,1.0,0.67578125,False,patches/LIDC-IDRI-0898_n00.npz,96,"[1, 4]","[1, 1]","[6, 6]","[2, 4]","[4, 5]","[1, 1]","[1, 1]","[5, 5]","[1, 3]",2.0,2.0,1.0
LIDC-IDRI-0898,1.3.6.1.4.1.14519.5.2.1.6279.6001.244447966386688625240438849169,0,1,1,False,"[248.125, 78.66666666666667, 168.85416666666666]",4.919761761115351,1.0,0.67578125,False,patches/LIDC-IDRI-0898_n01.npz,96,[4],[1],[6],[5],[5],[1],[1],[5],[3],3.0,3.0,0.0
LIDC-IDRI-0898,1.3.6.1.4.1.14519.5.2.1.6279.6001.244447966386688625240438849169,0,2,4,False,"[344.43482726423906, 120.79344070961717, 209.39360410831]",7.697352611528833,1.0,0.67578125,False,patches/LIDC-IDRI-0898_n02.npz,96,"[2, 5, 5, 5]","[1, 1, 1, 1]","[6, 6, 6, 6]","[4, 3, 4, 4]","[3, 4, 4, 4]","[1, 2, 1, 1]","[2, 2, 1, 2]","[4, 5, 5, 5]","[3, 5, 4, 2]",3.5,3.5,1.118033988749895
LIDC-IDRI-0899,1.3.6.1.4.1.14519.5.2.1.6279.6001.216652640878960522552873394709,0,0,1,False,"[347.125, 152.75, 62.583333333333336]",2.878156861505987,2.5,0.564453,False,patches/LIDC-IDRI-0899_n00.npz,96,[2],[1],[6],[5],[2],[5],[4],[1],[1],1.0,1.0,0.0
LIDC-IDRI-0899,1.3.6.1.4.1.14519.5.2.1.6279.6001.216652640878960522552873394709,0,1,2,False,"[287.76548899129546, 90.78648233486943, 82.2068612391193]",8.838704168275981,2.5,0.564453,False,patches/LIDC-IDRI-0899_n01.npz,96,"[2, 3]","[1, 1]","[6, 6]","[3, 3]","[2, 2]","[5, 5]","[5, 5]","[1, 3]","[1, 3]",2.0,2.0,1.0
LIDC-IDRI-0902,1.3.6.1.4.1.14519.5.2.1.6279.6001.275766318636944297772360944907,0,0,4,False,"[349.32094642812405, 302.85794219402595, 93.18918950125206]",11.774629083233677,1.25,0.703125,False,patches/LIDC-IDRI-0902_n00.npz,96,"[5, 5, 3, 3]","[1, 1, 1, 1]","[3, 4, 5, 6]","[5, 4, 3, 3]","[5, 4, 4, 4]","[1, 2, 1, 1]","[1, 1, 1, 1]","[5, 5, 5, 5]","[1, 2, 1, 2]",1.5,1.5,0.5
LIDC-IDRI-0902,1.3.6.1.4.1.14519.5.2.1.6279.6001.275766318636944297772360944907,0,1,1,False,"[308.1875, 72.34375, 244.578125]",4.9718445552179125,1.25,0.703125,False,patches/LIDC-IDRI-0902_n01.npz,96,[3],[1],[6],[5],[5],[1],[1],[5],[2],2.0,2.0,0.0
LIDC-IDRI-0902,1.3.6.1.4.1.14519.5.2.1.6279.6001.275766318636944297772360944907,0,2,3,False,"[150.17439322685485, 148.6362183392176, 265.01913011321614]",13.940932120746815,1.25,0.703125,False,patches/LIDC-IDRI-0902_n02.npz,96,"[3, 5, 4]","[1, 1, 1]","[6, 6, 6]","[5, 2, 4]","[5, 4, 4]","[1, 3, 2]","[1, 1, 1]","[5, 5, 5]","[2, 3, 3]",2.6666666666666665,3.0,0.4714045207910317
LIDC-IDRI-0904,1.3.6.1.4.1.14519.5.2.1.6279.6001.762989635154095750732267242621,0,0,4,False,"[270.5690460136414, 322.3270631976586, 27.923328318970007]",11.601770393671213,3.0,0.558,True,patches/LIDC-IDRI-0904_n00.npz,96,"[5, 4, 3, 4]","[1, 1, 1, 1]","[6, 6, 6, 6]","[4, 4, 3, 4]","[2, 4, 3, 4]","[2, 2, 3, 1]","[3, 2, 2, 1]","[4, 5, 4, 5]","[4, 3, 3, 2]",3.0,3.0,0.7071067811865476
LIDC-IDRI-0904,1.3.6.1.4.1.14519.5.2.1.6279.6001.762989635154095750732267242621,0,1,1,False,"[352.8709677419355, 400.35483870967744, 52.53225806451613]",7.589620543874369,3.0,0.558,True,patches/LIDC-IDRI-0904_n01.npz,96,[4],[1],[6],[2],[2],[2],[1],[3],[3],3.0,3.0,0.0
LIDC-IDRI-0904,1.3.6.1.4.1.14519.5.2.1.6279.6001.762989635154095750732267242621,0,2,3,False,"[384.21293881660614, 196.90066383372573, 69.817305172775]",11.709594402097975,3.0,0.558,True,patches/LIDC-IDRI-0904_n02.npz,96,"[4, 4, 5]","[1, 1, 1]","[6, 6, 6]","[3, 2, 5]","[2, 3, 4]","[3, 4, 1]","[3, 4, 5]","[3, 5, 4]","[4, 3, 4]",3.6666666666666665,4.0,0.4714045207910317
LIDC-IDRI-0904,1.3.6.1.4.1.14519.5.2.1.6279.6001.762989635154095750732267242621,0,3,3,False,"[312.4965286651333, 257.15702998551836, 77.47005707470824]",6.260704854476266,3.0,0.558,True,patches/LIDC-IDRI-0904_n03.npz,96,"[4, 2, 2]","[1, 1, 1]","[6, 6, 6]","[3, 4, 4]","[2, 4, 3]","[2, 2, 2]","[2, 1, 1]","[3, 5, 3]","[3, 3, 3]",3.0,3.0,0.0
LIDC-IDRI-0905,1.3.6.1.4.1.14519.5.2.1.6279.6001.259227883564429312164962953756,0,0,4,False,"[321.92605958281024, 231.17139702149962, 162.94778190175273]",13.820808183129774,2.5,0.546875,True,patches/LIDC-IDRI-0905_n00.npz,96,"[4, 5, 4, 4]","[1, 1, 1, 1]","[6, 6, 6, 6]","[2, 3, 4, 5]","[3, 4, 4, 5]","[1, 3, 2, 3]","[4, 2, 4, 1]","[5, 5, 5, 5]","[4, 4, 5, 3]",4.0,4.0,0.7071067811865476
LIDC-IDRI-0906,1.3.6.1.4.1.14519.5.2.1.6279.6001.300246184547502297539521283806,0,0,1,False,"[357.0782529572339, 388.9171974522293, 35.46496815286624]",24.064408837235845,2.5,0.644531,False,patches/LIDC-IDRI-0906_n00.npz,96,[4],[1],[6],[4],[3],[1],[1],[3],[1],1.0,1.0,0.0
LIDC-IDRI-0906,1.3.6.1.4.1.14519.5.2.1.6279.6001.300246184547502297539521283806,0,1,3,False,"[155.04300232288037, 133.86962833914052, 49.6906794425087]",5.107378024995928,2.5,0.644531,False,patches/LIDC-IDRI-0906_n01.npz,96,"[3, 4, 2]","[1, 1, 1]","[6, 6, 6]","[5, 4, 4]","[5, 5, 4]","[1, 1, 1]","[1, 1, 1]","[5, 5, 5]","[2, 3, 1]",2.0,2.0,0.816496580927726
LIDC-IDRI-0906,1.3.6.1.4.1.14519.5.2.1.6279.6001.300246184547502297539521283806,0,2,1,False,"[307.2206572769953, 306.23474178403757, 52.732394366197184]",11.256249998916392,2.5,0.644531,False,patches/LIDC-IDRI-0906_n02.npz,96,[4],[1],[6],[2],[3],[3],[1],[4],[1],1.0,1.0,0.0
LIDC-IDRI-0906,1.3.6.1.4.1.14519.5.2.1.6279.6001.300246184547502297539521283806,0,3,4,False,"[249.49382411067194, 408.6171977931489, 107.88451086956522]",5.992542979644065,2.5,0.644531,False,patches/LIDC-IDRI-0906_n03.npz,96,"[3, 4, 2, 4]","[1, 1, 1, 1]","[6, 6, 6, 6]","[5, 3, 3, 5]","[5, 5, 3, 2]","[1, 1, 1, 2]","[1, 1, 1, 3]","[5, 5, 4, 2]","[2, 3, 1, 4]",2.5,2.5,1.118033988749895
LIDC-IDRI-0907,1.3.6.1.4.1.14519.5.2.1.6279.6001.147325126373007278009743173696,0,0,3,False,"[215.2837405844125, 142.94035279141664, 145.8822513184215]",6.566253145398124,1.25,0.585938,False,patches/LIDC-IDRI-0907_n00.npz,96,"[3, 4, 2]","[1, 1, 1]","[6, 6, 6]","[5, 3, 3]","[5, 4, 4]","[1, 3, 2]","[1, 1, 1]","[5, 5, 5]","[3, 3, 2]",2.6666666666666665,3.0,0.4714045207910317
LIDC-IDRI-0907,1.3.6.1.4.1.14519.5.2.1.6279.6001.147325126373007278009743173696,0,1,1,False,"[257.0806451612903, 107.69354838709677, 175.09677419354838]",5.975418591511059,1.25,0.585938,False,patches/LIDC-IDRI-0907_n01.npz,96,[3],[1],[6],[4],[5],[1],[1],[5],[3],3.0,3.0,0.0
LIDC-IDRI-0907,1.3.6.1.4.1.14519.5.2.1.6279.6001.147325126373007278009743173696,0,2,3,False,"[347.8892636270685, 222.6117563556588, 209.1786061725086]",5.374549450795423,1.25,0.585938,False,patches/LIDC-IDRI-0907_n02.npz,96,"[3, 4, 3]","[1, 1, 1]","[6, 6, 6]","[5, 2, 4]","[5, 4, 5]","[1, 2, 1]","[1, 2, 1]","[5, 5, 5]","[3, 3, 2]",2.6666666666666665,3.0,0.4714045207910317
LIDC-IDRI-0908,1.3.6.1.4.1.14519.5.2.1.6279.6001.265960756233787099041040311282,0,0,4,False,"[250.72024793827862, 438.21246862886886, 406.89975627555555]",8.304337325771998,1.25,0.664062,False,patches/LIDC-IDRI-0908_n00.npz,96,"[3, 1, 4, 2]","[1, 1, 1, 1]","[6, 6, 6, 6]","[3, 5, 3, 3]","[4, 2, 4, 2]","[2, 1, 2, 1]","[1, 1, 1, 1]","[3, 1, 5, 1]","[2, 2, 4, 2]",2.5,2.0,0.8660254037844386
LIDC-IDRI-0909,1.3.6.1.4.1.14519.5.2.1.6279.6001.116703382344406837243058680403,0,0,1,False,"[150.42616033755274, 99.31223628691983, 171.50210970464136]",10.891426601599811,1.25,0.664062,False,patches/LIDC-IDRI-0909_n00.npz,96,[4],[1],[6],[2],[4],[2],[1],[4],[2],2.0,2.0,0.0
LIDC-IDRI-0909,1.3.6.1.4.1.14519.5.2.1.6279.6001.116703382344406837243058680403,0,1,2,False,"[223.3534894294158, 200.36625748276123, 245.13836477987422]",16.846799303876743,1.25,0.664062,False,patches/LIDC-IDRI-0909_n01.npz,96,"[2, 4]","[1, 1]","[6, 6]","[4, 3]","[1, 4]","[1, 1]","[1, 1]","[1, 1]","[3, 3]",3.0,3.0,0.0
LIDC-IDRI-0910,1.3.6.1.4.1.14519.5.2.1.6279.6001.323646598927268841433920119813,0,0,4,False,"[332.002757514208, 90.63829098274277, 48.32337621857623]",33.368269995181315,3.0,0.665,True,patches/LIDC-IDRI-0910_n00.npz,96,"[5, 5, 5, 5]","[1, 1, 1, 1]","[6, 6, 6, 6]","[5, 4, 4, 4]","[1, 2, 2, 3]","[3, 3, 2, 1]","[5, 1, 3, 1]","[1, 3, 2, 1]","[5, 4, 3, 2]",3.5,3.5,1.118033988749895
LIDC-IDRI-0910,1.3.6.1.4.1.14519.5.2.1.6279.6001.323646598927268841433920119813,0,1,4,False,"[318.6324522488062, 383.7501108152704, 94.76668541713543]",15.331819207973542,3.0,0.665,True,patches/LIDC-IDRI-0910_n01.npz,96,"[5, 5, 5, 5]","[1, 1, 1, 1]","[6, 6, 6, 6]","[4, 5, 4, 4]","[4, 4, 3, 5]","[4, 3, 4, 1]","[3, 3, 4, 3]","[5, 5, 5, 5]","[5, 5, 5, 3]",4.5,5.0,0.8660254037844386
LIDC-IDRI-0911,1.3.6.1.4.1.14519.5.2.1.6279.6001.135657246677982059395844827629,0,0,4,False,"[269.8148942662706, 103.65527693300828, 119.87474671926822]",16.303979759894098,2.0,0.5859375,False,patches/LIDC-IDRI-0911_n00.npz,96,"[5, 5, 5, 5]","[1, 1, 1, 1]","[5, 5, 6, 6]","[5, 5, 5, 5]","[5, 5, 5, 4]","[1, 1, 1, 2]","[1, 1, 3, 2]","[5, 5, 5, 4]","[1, 1, 3, 3]",2.0,2.0,1.0
LIDC-IDRI-0911,1.3.6.1.4.1.14519.5.2.1.6279.6001.135657246677982059395844827629,0,1,1,False,"[243.13483146067415, 201.75280898876406, 140.14606741573033]",7.341775831723633,2.0,0.5859375,False,patches/LIDC-IDRI-0911_n01.npz,96,[2],[1],[6],[4],[1],[3],[2],[1],[4],4.0,4.0,0.0
LIDC-IDRI-0912,1.3.6.1.4.1.14519.5.2.1.6279.6001.117040183261056772902616195387,0,0,4,False,"[349.81711393255387, 235.14378076561272, 57.58379453939759]",6.1127166400511825,2.0,0.830078125,False,patches/LIDC-IDRI-0912_n00.npz,96,"[4, 5, 1, 5]","[1, 1, 1, 1]","[3, 3, 3, 6]","[4, 5, 4, 5]","[5, 5, 5, 5]","[1, 1, 1, 1]","[1, 1, 2, 1]","[5, 5, 5, 5]","[1, 1, 1, 3]",1.5,1.0,0.8660254037844386
LIDC-IDRI-0912,1.3.6.1.4.1.14519.5.2.1.6279.6001.117040183261056772902616195387,0,1,3,False,"[383.48371953383, 127.72573244660366, 62.74887718308663]",5.8194511149847825,2.0,0.830078125,False,patches/LIDC-IDRI-0912_n01.npz,96,"[3, 3, 5]","[1, 1, 1]","[6, 6, 6]","[3, 5, 5]","[4, 5, 5]","[1, 1, 1]","[1, 1, 1]","[5, 5, 5]","[3, 2, 3]",2.6666666666666665,3.0,0.4714045207910317
LIDC-IDRI-0912,1.3.6.1.4.1.14519.5.2.1.6279.6001.117040183261056772902616195387,0,2,4,False,"[400.6317996336875, 380.75247539307105, 75.01366410006526]",11.061042790848532,2.0,0.830078125,False,patches/LIDC-IDRI-0912_n02.npz,96,"[5, 4, 4, 5]","[1, 1, 1, 1]","[6, 6, 6, 6]","[5, 3, 5, 5]","[5, 5, 4, 5]","[1, 1, 2, 1]","[1, 1, 1, 1]","[5, 5, 5, 5]","[4, 4, 3, 3]",3.5,3.5,0.5
LIDC-IDRI-0912,1.3.6.1.4.1.14519.5.2.1.6279.6001.117040183261056772902616195387,0,3,1,False,"[262.0327868852459, 113.32786885245902, 106.49180327868852]",4.840145615838384,2.0,0.830078125,False,patches/LIDC-IDRI-0912_n03.npz,96,[5],[1],[6],[5],[5],[1],[1],[4],[3],3.0,3.0,0.0
LIDC-IDRI-0912,1.3.6.1.4.1.14519.5.2.1.6279.6001.117040183261056772902616195387,0,4,4,False,"[352.7245004549175, 341.5316822645301, 118.51587981768247]",13.166368482687357,2.0,0.830078125,False,patches/LIDC-IDRI-0912_n04.npz,96,"[4, 4, 3, 5]","[1, 1, 1, 1]","[6, 6, 6, 6]","[5, 4, 5, 5]","[5, 5, 4, 5]","[1, 1, 2, 1]","[1, 1, 1, 1]","[5, 5, 4, 5]","[5, 3, 3, 3]",3.5,3.0,0.8660254037844386
LIDC-IDRI-0912,1.3.6.1.4.1.14519.5.2.1.6279.6001.117040183261056772902616195387,0,5,4,False,"[396.9158706030861, 133.59659773363853, 132.61044091660648]",6.430335603461262,2.0,0.830078125,False,patches/LIDC-IDRI-0912_n05.npz,96,"[4, 3, 2, 5]","[1, 1, 1, 1]","[6, 6, 6, 6]","[5, 5, 4, 5]","[5, 5, 4, 5]","[1, 1, 2, 1]","[1, 1, 2, 1]","[5, 5, 4, 5]","[2, 2, 3, 3]",2.5,2.5,0.5
LIDC-IDRI-0912,1.3.6.1.4.1.14519.5.2.1.6279.6001.117040183261056772902616195387,0,6,1,False,"[395.8014214046823, 217.12667224080266, 203.4715719063545]",27.101764765072915,2.0,0.830078125,False,patches/LIDC-IDRI-0912_n06.npz,96,[5],[1],[6],[2],[4],[1],[1],[5],[4],4.0,4.0,0.0
LIDC-IDRI-0913,1.3.6.1.4.1.14519.5.2.1.6279.6001.750792629100457382099842515038,0,0,3,False,"[362.37239057239054, 316.3353712564239, 201.1835371256424]",7.430716524289672,1.5,0.52734375,False,patches/LIDC-IDRI-0913_n00.npz,96,"[3, 5, 3]","[1, 1, 1]","[6, 6, 6]","[2, 3, 3]","[4, 4, 3]","[3, 2, 1]","[1, 2, 1]","[5, 5, 5]","[1, 4, 2]",2.3333333333333335,2.0,1.247219128924647
LIDC-IDRI-0913,1.3.6.1.4.1.14519.5.2.1.6279.6001.750792629100457382099842515038,0,1,1,False,"[254.25352112676057, 118.01408450704226, 276.84507042253523]",5.704094791261389,1.5,0.52734375,False,patches/LIDC-IDRI-0913_n01.npz,96,[4],[1],[6],[4],[4],[2],[1],[5],[3],3.0,3.0,0.0
LIDC-IDRI-0913,1.3.6.1.4.1.14519.5.2.1.6279.6001.750792629100457382099842515038,0,2,3,False,"[323.8857827403181, 125.24239577165899, 319.82423207198616]",15.46999318597917,1.5,0.52734375,False,patches/LIDC-IDRI-0913_n02.npz,96,"[5, 5, 5]","[4, 1, 1]","[6, 6, 6]","[5, 4, 5]","[4, 4, 4]","[1, 1, 2]","[1, 1, 2]","[5, 3, 5]","[4, 5, 5]",4.666666666666667,5.0,0.4714045207910317
LIDC-IDRI-0914,1.3.6.1.4.1.14519.5.2.1.6279.6001.334105754605642100456249422350,0,0,4,False,"[295.90138694366635, 80.60970082477435, 102.05207360722066]",5.106706296008797,1.25,0.585938,False,patches/LIDC-IDRI-0914_n00.npz,96,"[3, 3, 4, 5]","[1, 1, 1, 1]","[3, 6, 3, 3]","[4, 5, 5, 4]","[5, 5, 5, 5]","[1, 1, 1, 1]","[1, 1, 1, 1]","[5, 5, 5, 5]","[1, 1, 1, 1]",1.0,1.0,0.0
LIDC-IDRI-0915,1.3.6.1.4.1.14519.5.2.1.6279.6001.305887072264491016857673607285,0,0,4,False,"[257.5483757689679, 62.56815404989747, 115.97682928913191]",10.1348083308786,1.25,0.703125,False,patches/LIDC-IDRI-0915_n00.npz,96,"[5, 4, 2, 3]","[1, 1, 1, 1]","[6, 6, 6, 6]","[2, 2, 3, 3]","[4, 4, 5, 3]","[4, 5, 5, 5]","[5, 5, 5, 5]","[5, 5, 5, 4]","[4, 2, 3, 3]",3.0,3.0,0.7071067811865476
LIDC-IDRI-0916,1.3.6.1.4.1.14519.5.2.1.6279.6001.338875090785618956575597613546,0,0,4,False,"[319.9168497619761, 96.26618728985652, 34.245289457039185]",6.626802931128417,2.5,0.664062,False,patches/LIDC-IDRI-0916_n00.npz,96,"[3, 5, 4, 2]","[1, 1, 1, 1]","[6, 6, 6, 6]","[3, 4, 4, 4]","[5, 3, 3, 3]","[1, 2, 2, 1]","[1, 3, 1, 1]","[5, 5, 3, 5]","[3, 3, 3, 3]",3.0,3.0,0.0
LIDC-IDRI-0916,1.3.6.1.4.1.14519.5.2.1.6279.6001.338875090785618956575597613546,0,1,3,False,"[323.80935672514624, 70.46764132553606, 41.2672514619883]",5.242753207869197,2.5,0.664062,False,patches/LIDC-IDRI-0916_n01.npz,96,"[4, 3, 2]","[1, 1, 1]","[6, 6, 6]","[4, 3, 4]","[5, 4, 4]","[1, 2, 1]","[1, 2, 1]","[5, 5, 5]","[2, 2, 1]",1.6666666666666667,2.0,0.4714045207910317
LIDC-IDRI-0916,1.3.6.1.4.1.14519.5.2.1.6279.6001.338875090785618956575597613546,0,2,3,False,"[280.10497835497836, 73.01839826839827, 45.488852813852816]",5.477596333537363,2.5,0.664062,False,patches/LIDC-IDRI-0916_n02.npz,96,"[3, 4, 2]","[1, 1, 1]","[6, 6, 6]","[4, 3, 4]","[5, 4, 3]","[1, 2, 1]","[1, 2, 1]","[5, 4, 3]","[2, 3, 2]",2.3333333333333335,2.0,0.4714045207910317
LIDC-IDRI-0916,1.3.6.1.4.1.14519.5.2.1.6279.6001.338875090785618956575597613546,0,3,4,False,"[323.38265483971367, 428.0091356138415, 49.03510313216196]",7.5763527936264,2.5,0.664062,False,patches/LIDC-IDRI-0916_n03.npz,96,"[5, 5, 5, 4]","[1, 1, 1, 1]","[6, 6, 6, 6]","[4, 4, 4, 4]","[5, 4, 5, 4]","[1, 2, 1, 1]","[1, 2, 1, 1]","[5, 4, 4, 5]","[4, 3, 3, 3]",3.25,3.0,0.4330127018922193
LIDC-IDRI-0916,1.3.6.1.4.1.14519.5.2.1.6279.6001.338875090785618956575597613546,0,4,4,False,"[364.0332160324084, 401.12285028427846, 55.016304347826086]",5.078921158506714,2.5,0.664062,False,patches/LIDC-IDRI-0916_n04.npz,96,"[4, 3, 2, 2]","[1, 1, 1, 1]","[6, 6, 6, 6]","[4, 3, 4, 4]","[5, 3, 3, 3]","[1, 3, 1, 1]","[1, 3, 1, 1]","[5, 4, 3, 5]","[3, 3, 3, 2]",2.75,3.0,0.4330127018922193
LIDC-IDRI-0916,1.3.6.1.4.1.14519.5.2.1.6279.6001.338875090785618956575597613546,0,5,1,False,"[343.64102564102564, 86.74358974358974, 61.48717948717949]",5.057345520226201,2.5,0.664062,False,patches/LIDC-IDRI-0916_n05.npz,96,[2],[1],[6],[4],[2],[1],[1],[1],[2],2.0,2.0,0.0
LIDC-IDRI-0916,1.3.6.1.4.1.14519.5.2.1.6279.6001.338875090785618956575597613546,0,6,2,False,"[329.9233108108108, 93.88277027027027, 62.545270270270265]",5.738094068124738,2.5,0.664062,False,patches/LIDC-IDRI-0916_n06.npz,96,"[4, 1]","[1, 1]","[6, 6]","[4, 5]","[5, 2]","[1, 1]","[1, 1]","[5, 2]","[2, 2]",2.0,2.0,0.0
LIDC-IDRI-0916,1.3.6.1.4.1.14519.5.2.1.6279.6001.338875090785618956575597613546,0,7,3,False,"[180.3924283889801, 118.08321474183543, 67.09416164933405]",7.098585293498118,2.5,0.664062,False,patches/LIDC-IDRI-0916_n07.npz,96,"[3, 4, 2]","[1, 1, 1]","[6, 6, 6]","[4, 2, 2]","[5, 3, 4]","[1, 2, 1]","[1, 2, 1]","[5, 4, 5]","[2, 2, 1]",1.6666666666666667,2.0,0.4714045207910317
LIDC-IDRI-0916,1.3.6.1.4.1.14519.5.2.1.6279.6001.338875090785618956575597613546,0,8,1,False,"[198.38095238095238, 369.85714285714283, 98.23809523809524]",4.454663319823392,2.5,0.664062,False,patches/LIDC-IDRI-0916_n08.npz,96,[4],[1],[6],[3],[4],[2],[2],[5],[2],2.0,2.0,0.0
LIDC-IDRI-0917,1.3.6.1.4.1.14519.5.2.1.6279.6001.219254430927834326484477690403,0,0,3,False,"[271.498909863664, 444.9902646685434, 57.770691891593536]",7.264618549470913,2.0,0.6640625,False,patches/LIDC-IDRI-0917_n00.npz,96,"[4, 2, 3]","[1, 1, 1]","[6, 6, 6]","[3, 5, 5]","[5, 5, 5]","[1, 1, 1]","[1, 1, 1]","[5, 5, 5]","[4, 3, 2]",3.0,3.0,0.816496580927726
LIDC-IDRI-0917,1.3.6.1.4.1.14519.5.2.1.6279.6001.219254430927834326484477690403,0,1,1,False,"[122.04285714285714, 411.45714285714286, 64.91428571428571]",6.83694189049918,2.0,0.6640625,False,patches/LIDC-IDRI-0917_n01.npz,96,[2],[1],[6],[3],[4],[1],[2],[5],[2],2.0,2.0,0.0
LIDC-IDRI-0917,1.3.6.1.4.1.14519.5.2.1.6279.6001.219254430927834326484477690403,0,2,3,False,"[289.3131736747232, 90.86667218482138, 72.52522103275332]",6.498625243703683,2.0,0.6640625,False,patches/LIDC-IDRI-0917_n02.npz,96,"[3, 5, 3]","[1, 1, 1]","[6, 6, 6]","[4, 4, 5]","[5, 2, 5]","[1, 1, 1]","[1, 1, 1]","[5, 3, 5]","[3, 3, 2]",2.6666666666666665,3.0,0.4714045207910317
LIDC-IDRI-0917,1.3.6.1.4.1.14519.5.2.1.6279.6001.219254430927834326484477690403,0,3,1,False,"[139.46153846153845, 101.26153846153846, 77.96923076923076]",6.299850026116693,2.0,0.6640625,False,patches/LIDC-IDRI-0917_n03.npz,96,[3],[1],[6],[4],[5],[1],[1],[5],[2],2.0,2.0,0.0
LIDC-IDRI-0919,1.3.6.1.4.1.14519.5.2.1.6279.6001.235364978775280910367690540811,0,0,4,False,"[314.0536598637725, 369.64408824290376, 71.8009938549723]",15.511176922369103,1.25,0.566406,False,patches/LIDC-IDRI-0919_n00.npz,96,"[4, 5, 5, 4]","[1, 1, 1, 1]","[6, 6, 6, 6]","[2, 3, 4, 4]","[4, 4, 2, 2]","[4, 3, 3, 2]","[4, 3, 2, 1]","[5, 5, 5, 5]","[5, 5, 3, 4]",4.25,4.5,0.82915619758885
LIDC-IDRI-0920,1.3.6.1.4.1.14519.5.2.1.6279.6001.328695385904874796172316226975,0,0,2,False,"[343.10256208119824, 107.55362414049841, 327.80780011387026]",18.06427613726182,1.25,0.585938,False,patches/LIDC-IDRI-0920_n00.npz,96,"[4, 4]","[1, 1]","[6, 6]","[4, 4]","[2, 1]","[2, 2]","[1, 1]","[3, 3]","[3, 4]",3.5,3.5,0.5
LIDC-IDRI-0921,1.3.6.1.4.1.14519.5.2.1.6279.6001.211956804948320236390242845468,0,0,4,False,"[202.43020840563796, 314.3842163255586, 247.9262151294286]",15.718601734930624,2.0,0.6796875,False,patches/LIDC-IDRI-0921_n00.npz,96,"[4, 5, 4, 5]","[1, 1, 1, 1]","[6, 6, 6, 3]","[4, 2, 3, 5]","[2, 4, 5, 5]","[1, 3, 2, 3]","[1, 3, 1, 1]","[5, 5, 5, 5]","[3, 5, 4, 1]",3.25,3.5,1.479019945774904
LIDC-IDRI-0921,1.3.6.1.4.1.14519.5.2.1.6279.6001.211956804948320236390242845468,0,1,2,False,"[236.31563575770895, 302.15020966088036, 258.3198198198198]",12.027368859482472,2.0,0.6796875,False,patches/LIDC-IDRI-0921_n01.npz,96,"[5, 3]","[1, 1]","[6, 6]","[2, 3]","[4, 3]","[1, 2]","[4, 2]","[5, 5]","[1, 3]",2.0,2.0,1.0
LIDC-IDRI-0921,1.3.6.1.4.1.14519.5.2.1.6279.6001.211956804948320236390242845468,0,2,1,False,"[220.09876543209876, 338.91358024691357, 263.16460905349794]",10.95963162659334,2.0,0.6796875,False,patches/LIDC-IDRI-0921_n02.npz,96,[4],[1],[6],[2],[4],[1],[4],[5],[1],1.0,1.0,0.0
LIDC-IDRI-0921,1.3.6.1.4.1.14519.5.2.1.6279.6001.211956804948320236390242845468,0,3,3,False,"[224.02955289260044, 309.14021457725306, 273.35604119494207]",31.73968306589769,2.0,0.6796875,False,patches/LIDC-IDRI-0921_n03.npz,96,"[5, 5, 5]","[1, 1, 1]","[6, 6, 3]","[5, 3, 5]","[3, 3, 5]","[3, 3, 5]","[4, 4, 1]","[5, 5, 5]","[5, 5, 1]",3.6666666666666665,5.0,1.8856180831641267
LIDC-IDRI-0921,1.3.6.1.4.1.14519.5.2.1.6279.6001.211956804948320236390242845468,0,4,4,False,"[300.9962570985019, 141.85069967847735, 282.5022384726349]",17.560138565510538,2.0,0.6796875,False,patches/LIDC-IDRI-0921_n04.npz,96,"[5, 5, 4, 5]","[1, 1, 1, 1]","[6, 6, 6, 6]","[2, 2, 2, 5]","[3, 4, 3, 5]","[3, 3, 2, 3]","[1, 3, 4, 5]","[5, 5, 5, 5]","[4, 5, 4, 5]",4.5,4.5,0.5
LIDC-IDRI-0922,1.3.6.1.4.1.14519.5.2.1.6279.6001.265133389948279331857097127422,0,0,2,False,"[258.0137525982501, 315.8677067723691, 300.66353265335715]",7.894804468258139,1.25,0.625,False,patches/LIDC-IDRI-0922_n00.npz,96,"[3, 2]","[1, 1]","[6, 6]","[4, 5]","[5, 3]","[2, 1]","[1, 1]","[5, 5]","[4, 3]",3.5,3.5,0.5
LIDC-IDRI-0922,1.3.6.1.4.1.14519.5.2.1.6279.6001.265133389948279331857097127422,0,1,1,False,"[334.15294117647056, 355.9764705882353, 359.63529411764705]",6.5251915680690935,1.25,0.625,False,patches/LIDC-IDRI-0922_n01.npz,96,[4],[1],[6],[4],[5],[1],[1],[5],[4],4.0,4.0,0.0
LIDC-IDRI-0923,1.3.6.1.4.1.14519.5.2.1.6279.6001.640729228179368154416184318668,0,0,4,False,"[173.61602996578458, 82.80471704166746, 221.34274249212513]",9.365094402452268,0.75,0.65234375,False,patches/LIDC-IDRI-0923_n00.npz,96,"[5, 5, 5, 3]","[1, 1, 1, 1]","[6, 6, 6, 6]","[3, 4, 4, 5]","[4, 5, 5, 5]","[2, 1, 1, 1]","[2, 1, 1, 1]","[4, 5, 5, 5]","[3, 2, 4, 2]",2.75,2.5,0.82915619758885
LIDC-IDRI-0924,1.3.6.1.4.1.14519.5.2.1.6279.6001.246225645401227472829175288633,0,0,3,False,"[217.63238070951957, 412.1150410132177, 182.75833621731238]",9.038307801120933,2.0,0.623046875,False,patches/LIDC-IDRI-0924_n00.npz,96,"[3, 5, 3]","[1, 1, 1]","[6, 6, 6]","[3, 3, 4]","[2, 4, 3]","[3, 2, 4]","[2, 2, 2]","[4, 5, 4]","[2, 4, 3]",3.0,3.0,0.816496580927726
LIDC-IDRI-0924,1.3.6.1.4.1.14519.5.2.1.6279.6001.246225645401227472829175288633,0,1,1,False,"[304.96911196911196, 245.33590733590734, 300.95366795366795]",8.123537372107988,2.0,0.623046875,False,patches/LIDC-IDRI-0924_n01.npz,96,[2],[1],[6],[4],[3],[4],[3],[4],[1],1.0,1.0,0.0
LIDC-IDRI-0925,1.3.6.1.4.1.14519.5.2.1.6279.6001.140239815496047437552471323962,0,0,4,False,"[368.51977143886313, 430.3000717123422, 172.69980515303223]",17.105905967796463,1.0,0.5859375,False,patches/LIDC-IDRI-0925_n00.npz,96,"[5, 4, 5, 5]","[1, 1, 1, 1]","[6, 6, 6, 6]","[3, 3, 4, 5]","[3, 4, 4, 4]","[2, 2, 2, 1]","[3, 3, 1, 5]","[5, 5, 5, 4]","[5, 4, 5, 4]",4.5,4.5,0.5
LIDC-IDRI-0926,1.3.6.1.4.1.14519.5.2.1.6279.6001.170765551637157813497344006818,0,0,4,False,"[296.1231427216764, 330.97242880238775, 32.94041241760975]",8.845422970933669,3.0,0.75,True,patches/LIDC-IDRI-0926_n00.npz,96,"[4, 4, 3, 5]","[1, 1, 1, 1]","[6, 6, 6, 6]","[5, 5, 4, 4]","[5, 5, 4, 4]","[1, 1, 2, 1]","[1, 1, 2, 1]","[5, 5, 4, 5]","[3, 3, 3, 2]",2.75,3.0,0.4330127018922193
LIDC-IDRI-0928,1.3.6.1.4.1.14519.5.2.1.6279.6001.315770913282450940389971401304,0,0,4,False,"[383.67886075251016, 334.3969518923094, 91.3967681783074]",5.632336260488383,1.25,0.605469,False,patches/LIDC-IDRI-0928_n00.npz,96,"[1, 4, 3, 5]","[1, 1, 1, 1]","[6, 6, 6, 6]","[5, 4, 4, 4]","[3, 5, 4, 4]","[2, 2, 1, 1]","[1, 1, 2, 1]","[5, 5, 5, 4]","[3, 4, 3, 3]",3.25,3.0,0.4330127018922193
LIDC-IDRI-0928,1.3.6.1.4.1.14519.5.2.1.6279.6001.315770913282450940389971401304,0,1,2,False,"[148.81330128205127, 155.6650641025641, 149.60576923076923]",5.177548902253891,1.25,0.605469,False,patches/LIDC-IDRI-0928_n01.npz,96,"[4, 5]","[1, 1]","[6, 6]","[4, 3]","[4, 3]","[2, 1]","[1, 2]","[5, 3]","[4, 3]",3.5,3.5,0.5
LIDC-IDRI-0929,1.3.6.1.4.1.14519.5.2.1.6279.6001.179730018513720561213088132029,0,0,4,False,"[336.7100290812849, 113.1052443382621, 77.64271323634289]",6.409325674744974,1.25,0.703125,False,patches/LIDC-IDRI-0929_n00.npz,96,"[5, 5, 4, 5]","[1, 1, 1, 1]","[3, 3, 3, 3]","[4, 5, 5, 4]","[5, 5, 5, 5]","[1, 1, 1, 1]","[1, 1, 1, 1]","[5, 5, 5, 5]","[1, 1, 1, 1]",1.0,1.0,0.0
LIDC-IDRI-0932,1.3.6.1.4.1.14519.5.2.1.6279.6001.334022941831199910030220864961,0,0,2,False,"[277.61923076923074, 225.07063789868667, 177.66219512195124]",7.197463485480034,2.0,0.76171875,False,patches/LIDC-IDRI-0932_n00.npz,96,"[4, 5]","[1, 1]","[6, 4]","[3, 5]","[5, 5]","[1, 1]","[1, 1]","[5, 5]","[2, 2]",2.0,2.0,0.0
LIDC-IDRI-0933,1.3.6.1.4.1.14519.5.2.1.6279.6001.138904664700896606480369521124,0,0,1,False,"[310.73333333333335, 419.9555555555556, 50.82222222222222]",5.673752487124923,2.0,0.6640625,False,patches/LIDC-IDRI-0933_n00.npz,96,[4],[1],[6],[3],[5],[1],[1],[4],[3],3.0,3.0,0.0
LIDC-IDRI-0933,1.3.6.1.4.1.14519.5.2.1.6279.6001.138904664700896606480369521124,0,1,1,False,"[185.24074074074073, 94.81481481481481, 90.46296296296296]",7.182934181588416,2.0,0.6640625,False,patches/LIDC-IDRI-0933_n01.npz,96,[4],[1],[6],[4],[5],[1],[1],[5],[3],3.0,3.0,0.0
LIDC-IDRI-0933,1.3.6.1.4.1.14519.5.2.1.6279.6001.138904664700896606480369521124,0,2,2,False,"[103.86204146730462, 131.1999601275917, 93.44896331738437]",9.560659558916887,2.0,0.6640625,False,patches/LIDC-IDRI-0933_n02.npz,96,"[3, 4]","[1, 1]","[6, 6]","[4, 4]","[4, 2]","[2, 3]","[1, 1]","[3, 3]","[4, 2]",3.0,3.0,1.0
LIDC-IDRI-0933,1.3.6.1.4.1.14519.5.2.1.6279.6001.138904664700896606480369521124,0,3,3,False,"[121.72724216754068, 415.38416027968265, 95.72800509789477]",6.5774508582364435,2.0,0.6640625,False,patches/LIDC-IDRI-0933_n03.npz,96,"[4, 3, 5]","[1, 1, 1]","[6, 6, 6]","[4, 4, 4]","[4, 4, 3]","[1, 1, 2]","[1, 2, 1]","[5, 5, 3]","[2, 3, 3]",2.6666666666666665,3.0,0.4714045207910317
LIDC-IDRI-0933,1.3.6.1.4.1.14519.5.2.1.6279.6001.138904664700896606480369521124,0,4,3,False,"[222.09898982481047, 112.18176013643075, 97.58337617194194]",8.548675344354857,2.0,0.6640625,False,patches/LIDC-IDRI-0933_n04.npz,96,"[5, 4, 5]","[1, 1, 1]","[3, 3, 3]","[3, 3, 3]","[5, 4, 5]","[1, 1, 2]","[1, 1, 1]","[5, 5, 5]","[1, 1, 1]",1.0,1.0,0.0
LIDC-IDRI-0933,1.3.6.1.4.1.14519.5.2.1.6279.6001.138904664700896606480369521124,0,5,3,False,"[323.70530329548995, 154.66712599419375, 112.77491993333437]",19.05474073285969,2.0,0.6640625,False,patches/LIDC-IDRI-0933_n05.npz,96,"[5, 5, 5]","[1, 1, 1]","[3, 3, 3]","[2, 3, 3]","[5, 4, 5]","[1, 2, 4]","[1, 2, 1]","[5, 5, 5]","[1, 1, 1]",1.0,1.0,0.0
LIDC-IDRI-0935,1.3.6.1.4.1.14519.5.2.1.6279.6001.231939547329414331267567352432,0,0,4,False,"[185.79561756503352, 381.8919607752389, 43.80708090433624]",10.864671911818965,3.0,0.673828125,False,patches/LIDC-IDRI-0935_n00.npz,96,"[5, 5, 5, 5]","[1, 1, 1, 1]","[3, 3, 3, 3]","[4, 5, 4, 5]","[5, 5, 5, 5]","[2, 1, 1, 1]","[1, 1, 1, 1]","[5, 5, 5, 5]","[1, 1, 1, 1]",1.0,1.0,0.0
LIDC-IDRI-0935,1.3.6.1.4.1.14519.5.2.1.6279.6001.231939547329414331267567352432,0,1,1,False,"[169.45454545454547, 82.64935064935065, 52.811688311688314]",21.49923580497116,3.0,0.673828125,False,patches/LIDC-IDRI-0935_n01.npz,96,[5],[1],[6],[2],[3],[1],[1],[4],[2],2.0,2.0,0.0
LIDC-IDRI-0935,1.3.6.1.4.1.14519.5.2.1.6279.6001.231939547329414331267567352432,0,2,1,False,"[122.45833333333333, 117.20833333333333, 63.0]",5.796488705331457,3.0,0.673828125,False,patches/LIDC-IDRI-0935_n02.npz,96,[4],[1],[6],[3],[4],[1],[1],[5],[3],3.0,3.0,0.0
LIDC-IDRI-0935,1.3.6.1.4.1.14519.5.2.1.6279.6001.231939547329414331267567352432,0,3,1,False,"[156.98507462686567, 91.01492537313433, 64.64179104477611]",12.147609277686293,3.0,0.673828125,False,patches/LIDC-IDRI-0935_n03.npz,96,[4],[1],[6],[3],[2],[5],[2],[3],[2],2.0,2.0,0.0
LIDC-IDRI-0935,1.3.6.1.4.1.14519.5.2.1.6279.6001.231939547329414331267567352432,0,4,2,False,"[255.08421052631581, 65.88026315789475, 71.0]",5.1972440036238705,3.0,0.673828125,False,patches/LIDC-IDRI-0935_n04.npz,96,"[4, 5]","[1, 1]","[6, 6]","[5, 5]","[5, 5]","[1, 1]","[2, 1]","[5, 5]","[3, 3]",3.0,3.0,0.0
LIDC-IDRI-0935,1.3.6.1.4.1.14519.5.2.1.6279.6001.231939547329414331267567352432,0,5,1,False,"[206.66101694915255, 71.32203389830508, 72.08474576271186]",5.796488705331457,3.0,0.673828125,False,patches/LIDC-IDRI-0935_n05.npz,96,[5],[1],[6],[5],[5],[1],[1],[5],[2],2.0,2.0,0.0
LIDC-IDRI-0936,1.3.6.1.4.1.14519.5.2.1.6279.6001.296738183013079390785739615169,0,0,4,False,"[192.86468367313438, 371.623824135682, 133.0762048707989]",16.70914171960789,1.25,0.585938,False,patches/LIDC-IDRI-0936_n00.npz,96,"[3, 5, 3, 4]","[4, 1, 1, 1]","[6, 6, 6, 6]","[3, 3, 3, 3]","[1, 4, 3, 2]","[2, 3, 3, 3]","[3, 3, 1, 2]","[3, 3, 2, 1]","[5, 5, 4, 2]",4.0,4.5,1.224744871391589
LIDC-IDRI-0936,1.3.6.1.4.1.14519.5.2.1.6279.6001.296738183013079390785739615169,0,1,4,False,"[290.46827443408995, 135.5495594898185, 151.6008499355898]",18.24785973906388,1.25,0.585938,False,patches/LIDC-IDRI-0936_n01.npz,96,"[3, 5, 4, 4]","[1, 1, 1, 1]","[6, 6, 6, 6]","[2, 3, 4, 3]","[1, 4, 1, 1]","[1, 3, 1, 3]","[2, 2, 1, 1]","[1, 3, 1, 1]","[5, 5, 4, 3]",4.25,4.5,0.82915619758885
LIDC-IDRI-0938,1.3.6.1.4.1.14519.5.2.1.6279.6001.219349715895470349269596532320,0,0,4,False,"[160.9555897970235, 346.88481327710633, 100.69911673501949]",14.761410674214012,1.25,0.761719,False,patches/LIDC-IDRI-0938_n00.npz,96,"[4, 5, 4, 4]","[1, 1, 1, 1]","[6, 6, 6, 6]","[4, 4, 4, 2]","[2, 1, 4, 2]","[3, 3, 2, 4]","[1, 1, 2, 1]","[1, 1, 4, 1]","[5, 3, 5, 5]",4.5,5.0,0.8660254037844386
LIDC-IDRI-0939,1.3.6.1.4.1.14519.5.2.1.6279.6001.313835996725364342034830119490,0,0,1,False,"[249.53125, 424.15625, 191.453125]",5.668774979272418,1.25,0.703125,False,patches/LIDC-IDRI-0939_n00.npz,96,[4],[1],[6],[3],[5],[1],[1],[5],[2],2.0,2.0,0.0
LIDC-IDRI-0939,1.3.6.1.4.1.14519.5.2.1.6279.6001.313835996725364342034830119490,0,1,1,False,"[290.9569892473118, 127.89247311827957, 261.18279569892474]",6.482492196534062,1.25,0.703125,False,patches/LIDC-IDRI-0939_n01.npz,96,[4],[1],[6],[4],[5],[1],[1],[5],[2],2.0,2.0,0.0
LIDC-IDRI-0939,1.3.6.1.4.1.14519.5.2.1.6279.6001.313835996725364342034830119490,0,2,4,False,"[287.6427619053507, 120.11853733368062, 377.1627113101291]",17.490373947352502,1.25,0.703125,False,patches/LIDC-IDRI-0939_n02.npz,96,"[4, 5, 5, 5]","[1, 1, 1, 1]","[6, 6, 6, 6]","[3, 3, 5, 4]","[5, 4, 5, 5]","[2, 3, 2, 3]","[1, 2, 1, 2]","[5, 5, 5, 5]","[3, 5, 2, 5]",3.75,4.0,1.299038105676658
LIDC-IDRI-0940,1.3.6.1.4.1.14519.5.2.1.6279.6001.317087518531899043292346860596,0,0,4,False,"[176.6748219699154, 128.01974649086762, 215.23598100486407]",14.657480563087459,1.25,0.625,False,patches/LIDC-IDRI-0940_n00.npz,96,"[4, 3, 5, 5]","[1, 1, 1, 1]","[6, 6, 6, 6]","[2, 4, 3, 5]","[3, 1, 3, 3]","[3, 2, 4, 5]","[3, 2, 2, 1]","[3, 3, 3, 2]","[5, 5, 5, 3]",4.5,5.0,0.8660254037844386
LIDC-IDRI-0940,1.3.6.1.4.1.14519.5.2.1.6279.6001.317087518531899043292346860596,0,1,1,False,"[258.05245901639347, 329.61092896174864, 349.0]",17.67766952966369,1.25,0.625,False,patches/LIDC-IDRI-0940_n01.npz,96,[3],[1],[6],[3],[2],[1],[2],[1],[2],2.0,2.0,0.0
LIDC-IDRI-0941,1.3.6.1.4.1.14519.5.2.1.6279.6001.278010349511857248000260557753,0,0,4,False,"[306.5389917968155, 61.59115214820066, 239.18841469151917]",10.775097659526638,1.25,0.703125,False,patches/LIDC-IDRI-0941_n00.npz,96,"[3, 5, 3, 4]","[1, 1, 1, 1]","[6, 6, 6, 6]","[5, 2, 3, 4]","[5, 3, 4, 4]","[1, 2, 2, 2]","[1, 2, 2, 2]","[5, 5, 5, 5]","[2, 3, 3, 5]",3.25,3.0,1.0897247358851685
LIDC-IDRI-0942,1.3.6.1.4.1.14519.5.2.1.6279.6001.137763212752154081977261297097,0,0,7,True,"[341.99869796462133, 117.94049271939089, 91.32918542344575]",27.537857563089087,1.0,0.7421875,False,patches/LIDC-IDRI-0942_n00.npz,96,"[5, 5, 5, 5, 5, 5, 5]","[1, 1, 1, 1, 1, 1, 1]","[6, 6, 6, 6, 6, 6, 6]","[3, 5, 3, 3, 4, 5, 5]","[3, 1, 3, 4, 4, 5, 5]","[3, 2, 2, 2, 1, 4, 4]","[1, 3, 3, 3, 2, 3, 3]","[5, 3, 4, 4, 5, 5, 5]","[5, 4, 5, 5, 5, 3, 3]",4.285714285714286,5.0,0.880630571852711
LIDC-IDRI-0942,1.3.6.1.4.1.14519.5.2.1.6279.6001.137763212752154081977261297097,0,1,4,False,"[308.11847416305216, 81.85575996941, 91.52663249658227]",15.343845105208636,1.0,0.7421875,False,patches/LIDC-IDRI-0942_n01.npz,96,"[4, 5, 5, 5]","[1, 1, 1, 1]","[6, 6, 6, 6]","[4, 3, 5, 5]","[4, 4, 5, 5]","[3, 2, 1, 4]","[2, 2, 2, 1]","[5, 5, 5, 5]","[5, 5, 5, 3]",4.5,5.0,0.8660254037844386
LIDC-IDRI-0942,1.3.6.1.4.1.14519.5.2.1.6279.6001.137763212752154081977261297097,0,2,1,False,"[291.9107142857143, 123.67857142857143, 153.98214285714286]",7.748664987082049,1.0,0.7421875,False,patches/LIDC-IDRI-0942_n02.npz,96,[4],[1],[3],[4],[4],[1],[4],[5],[1],1.0,1.0,0.0
LIDC-IDRI-0942,1.3.6.1.4.1.14519.5.2.1.6279.6001.137763212752154081977261297097,0,3,2,False,"[299.4846286620638, 103.49250482055109, 159.4106098774647]",11.460867559185559,1.0,0.7421875,False,patches/LIDC-IDRI-0942_n03.npz,96,"[4, 5]","[1, 1]","[3, 3]","[2, 2]","[4, 5]","[1, 1]","[3, 1]","[5, 5]","[1, 1]",1.0,1.0,0.0
LIDC-IDRI-0943,1.3.6.1.4.1.14519.5.2.1.6279.6001.163931625580639955914619627409,0,0,1,False,"[368.13274336283183, 217.1150442477876, 152.43362831858408]",6.670429439417675,1.25,0.703125,False,patches/LIDC-IDRI-0943_n00.npz,96,[3],[1],[6],[4],[5],[1],[1],[5],[3],3.0,3.0,0.0
LIDC-IDRI-0944,1.3.6.1.4.1.14519.5.2.1.6279.6001.275124131364875117499826877835,0,0,4,False,"[375.76643170426064, 360.7241737155389, 58.98083098370927]",7.297835756490966,3.0,0.6171875,False,patches/LIDC-IDRI-0944_n00.npz,96,"[5, 4, 5, 5]","[1, 1, 1, 1]","[3, 3, 3, 3]","[5, 5, 5, 5]","[4, 5, 5, 5]","[1, 1, 1, 1]","[1, 1, 1, 1]","[5, 5, 5, 5]","[1, 1, 1, 1]",1.0,1.0,0.0
LIDC-IDRI-0944,1.3.6.1.4.1.14519.5.2.1.6279.6001.275124131364875117499826877835,0,1,3,False,"[134.00843970147173, 137.68535955918253, 60.37964706702937]",7.468181723710668,3.0,0.6171875,False,patches/LIDC-IDRI-0944_n01.npz,96,"[3, 4, 5]","[1, 1, 1]","[6, 6, 6]","[2, 3, 5]","[3, 2, 4]","[2, 1, 1]","[1, 1, 5]","[3, 2, 4]","[3, 2, 4]",3.0,3.0,0.816496580927726
LIDC-IDRI-0945,1.3.6.1.4.1.14519.5.2.1.6279.6001.191034085672515521659942406513,0,0,1,False,"[256.8744939271255, 378.7975708502024, 93.64372469635627]",17.316480762556814,3.0,0.671,True,patches/LIDC-IDRI-0945_n00.npz,96,[5],[1],[6],[2],[3],[2],[2],[5],[3],3.0,3.0,0.0
LIDC-IDRI-0946,1.3.6.1.4.1.14519.5.2.1.6279.6001.156181515927698299507377083373,0,0,4,False,"[394.8964342243175, 130.01031766018474, 76.52042505714792]",12.480773428874327,3.0,0.65625,False,patches/LIDC-IDRI-0946_n00.npz,96,"[5, 5, 4, 5]","[1, 1, 1, 1]","[3, 6, 6, 3]","[5, 5, 4, 5]","[5, 3, 3, 5]","[1, 1, 2, 1]","[1, 1, 2, 1]","[5, 5, 4, 5]","[1, 3, 3, 1]",2.0,2.0,1.0
LIDC-IDRI-0947,1.3.6.1.4.1.14519.5.2.1.6279.6001.252358625003143649770119512644,0,0,1,False,"[372.2589928057554, 374.59712230215825, 131.57553956834533]",6.007502633426389,1.25,0.703125,False,patches/LIDC-IDRI-0947_n00.npz,96,[3],[1],[6],[2],[1],[3],[3],[1],[3],3.0,3.0,0.0
LIDC-IDRI-0947,1.3.6.1.4.1.14519.5.2.1.6279.6001.252358625003143649770119512644,0,1,1,False,"[369.9756097560976, 217.0, 200.0487804878049]",4.099888051063102,1.25,0.703125,False,patches/LIDC-IDRI-0947_n01.npz,96,[4],[1],[6],[3],[4],[2],[2],[4],[3],3.0,3.0,0.0
LIDC-IDRI-0947,1.3.6.1.4.1.14519.5.2.1.6279.6001.252358625003143649770119512644,0,2,3,False,"[269.5732118501199, 100.49383853444517, 234.6954626876349]",11.427561537030963,1.25,0.703125,False,patches/LIDC-IDRI-0947_n02.npz,96,"[5, 3, 4]","[1, 1, 1]","[6, 6, 6]","[3, 2, 2]","[2, 1, 4]","[1, 3, 2]","[1, 4, 1]","[2, 1, 3]","[2, 3, 4]",3.0,3.0,0.816496580927726
LIDC-IDRI-0947,1.3.6.1.4.1.14519.5.2.1.6279.6001.252358625003143649770119512644,0,3,1,False,"[183.1549295774648, 127.95774647887323, 279.4788732394366]",5.798117286024835,1.25,0.703125,False,patches/LIDC-IDRI-0947_n03.npz,96,[3],[1],[6],[4],[5],[1],[1],[5],[2],2.0,2.0,0.0
LIDC-IDRI-0947,1.3.6.1.4.1.14519.5.2.1.6279.6001.252358625003143649770119512644,0,4,2,False,"[373.6269792334632, 154.7574113352735, 324.35807477926306]",9.588326762048867,1.25,0.703125,False,patches/LIDC-IDRI-0947_n04.npz,96,"[3, 3]","[1, 1]","[6, 6]","[3, 3]","[2, 2]","[1, 3]","[1, 2]","[2, 1]","[2, 3]",2.5,2.5,0.5
LIDC-IDRI-0947,1.3.6.1.4.1.14519.5.2.1.6279.6001.252358625003143649770119512644,0,5,1,False,"[255.8537859007833, 367.8851174934726, 365.4934725848564]",11.973787288542,1.25,0.703125,False,patches/LIDC-IDRI-0947_n05.npz,96,[4],[1],[6],[2],[1],[4],[1],[1],[3],3.0,3.0,0.0
LIDC-IDRI-0947,1.3.6.1.4.1.14519.5.2.1.6279.6001.252358625003143649770119512644,0,6,1,False,"[230.50625, 389.875, 391.625]",6.007502633426389,1.25,0.703125,False,patches/LIDC-IDRI-0947_n06.npz,96,[3],[1],[6],[2],[2],[2],[2],[2],[3],3.0,3.0,0.0
LIDC-IDRI-0949,1.3.6.1.4.1.14519.5.2.1.6279.6001.152944699527354927160275613434,0,0,4,False,"[164.76538605908866, 110.86269656474637, 51.886768404774216]",17.9386925715663,3.0,0.622,True,patches/LIDC-IDRI-0949_n00.npz,96,"[5, 5, 5, 5]","[1, 1, 1, 1]","[6, 6, 6, 6]","[5, 4, 4, 4]","[5, 5, 4, 4]","[1, 5, 4, 1]","[1, 5, 4, 1]","[5, 5, 4, 5]","[3, 3, 3, 3]",3.0,3.0,0.0
LIDC-IDRI-0949,1.3.6.1.4.1.14519.5.2.1.6279.6001.152944699527354927160275613434,0,1,3,False,"[195.03023587093355, 145.62391505996155, 61.03980322003577]",12.141655856845077,3.0,0.622,True,patches/LIDC-IDRI-0949_n01.npz,96,"[5, 4, 3]","[1, 1, 1]","[6, 6, 6]","[4, 2, 3]","[4, 4, 2]","[1, 1, 1]","[4, 4, 4]","[5, 5, 3]","[1, 4, 3]",2.6666666666666665,3.0,1.247219128924647
LIDC-IDRI-0949,1.3.6.1.4.1.14519.5.2.1.6279.6001.152944699527354927160275613434,0,2,1,False,"[215.87234042553192, 341.8510638297872, 67.0]",11.00430334005748,3.0,0.622,True,patches/LIDC-IDRI-0949_n02.npz,96,[1],[1],[6],[4],[1],[1],[1],[1],[1],1.0,1.0,0.0
LIDC-IDRI-0950,1.3.6.1.4.1.14519.5.2.1.6279.6001.888291896309937415860209787179,0,0,1,False,"[334.87179487179486, 104.56410256410257, 212.43589743589743]",5.668774979272418,1.25,0.703125,False,patches/LIDC-IDRI-0950_n00.npz,96,[2],[1],[6],[4],[1],[2],[1],[1],[3],3.0,3.0,0.0
LIDC-IDRI-0950,1.3.6.1.4.1.14519.5.2.1.6279.6001.888291896309937415860209787179,0,1,1,False,"[283.90697674418607, 178.30232558139534, 232.46511627906978]",6.048509953389347,1.25,0.703125,False,patches/LIDC-IDRI-0950_n01.npz,96,[1],[1],[6],[4],[1],[2],[1],[1],[2],2.0,2.0,0.0
LIDC-IDRI-0951,1.3.6.1.4.1.14519.5.2.1.6279.6001.119304665257760307862874140576,0,0,4,False,"[266.2140312718691, 31.63328240777239, 52.22674239806425]",18.770971697822816,1.0,0.607421875,False,patches/LIDC-IDRI-0951_n00.npz,96,"[5, 5, 5, 5]","[1, 1, 1, 1]","[3, 6, 3, 3]","[4, 4, 5, 4]","[5, 5, 5, 5]","[1, 1, 1, 2]","[1, 1, 1, 1]","[5, 5, 5, 5]","[1, 4, 1, 1]",1.75,1.0,1.299038105676658
LIDC-IDRI-0951,1.3.6.1.4.1.14519.5.2.1.6279.6001.119304665257760307862874140576,0,1,1,False,"[213.975, 64.2, 131.95]",3.271066904333654,1.0,0.607421875,False,patches/LIDC-IDRI-0951_n01.npz,96,[5],[1],[6],[5],[5],[1],[1],[5],[2],2.0,2.0,0.0
LIDC-IDRI-0951,1.3.6.1.4.1.14519.5.2.1.6279.6001.119304665257760307862874140576,0,2,2,False,"[224.171875, 52.53125, 139.46875]",4.438970152269214,1.0,0.607421875,False,patches/LIDC-IDRI-0951_n02.npz,96,"[4, 5]","[1, 1]","[6, 3]","[4, 4]","[5, 5]","[1, 1]","[1, 1]","[5, 5]","[2, 1]",1.5,1.5,0.5
LIDC-IDRI-0951,1.3.6.1.4.1.14519.5.2.1.6279.6001.119304665257760307862874140576,0,3,1,False,"[225.6153846153846, 111.26923076923077, 147.05769230769232]",6.542133808667308,1.0,0.607421875,False,patches/LIDC-IDRI-0951_n03.npz,96,[5],[1],[3],[3],[5],[1],[1],[5],[1],1.0,1.0,0.0
LIDC-IDRI-0951,1.3.6.1.4.1.14519.5.2.1.6279.6001.119304665257760307862874140576,0,4,1,False,"[398.35820895522386, 157.01492537313433, 228.3582089552239]",4.625987179538429,1.0,0.607421875,False,patches/LIDC-IDRI-0951_n04.npz,96,[5],[1],[3],[4],[5],[1],[1],[5],[1],1.0,1.0,0.0
LIDC-IDRI-0953,1.3.6.1.4.1.14519.5.2.1.6279.6001.238855414831158993232534884296,0,0,3,False,"[302.0064151312115, 103.85578377625892, 228.24127729214197]",7.772042131571836,1.25,0.585938,False,patches/LIDC-IDRI-0953_n00.npz,96,"[2, 4, 4]","[1, 1, 1]","[6, 6, 6]","[4, 5, 4]","[1, 4, 4]","[1, 5, 1]","[1, 1, 1]","[1, 4, 4]","[3, 3, 4]",3.3333333333333335,3.0,0.4714045207910317
LIDC-IDRI-0955,1.3.6.1.4.1.14519.5.2.1.6279.6001.776429308535398795601496131524,0,0,2,False,"[137.41624493927125, 153.73738432620013, 241.57262145748987]",6.941745667131813,1.25,0.585938,False,patches/LIDC-IDRI-0955_n00.npz,96,"[4, 2]","[1, 1]","[6, 6]","[3, 2]","[4, 4]","[1, 1]","[1, 1]","[5, 5]","[3, 2]",2.5,2.5,0.5
LIDC-IDRI-0956,1.3.6.1.4.1.14519.5.2.1.6279.6001.534083630500464995109143618896,0,0,4,False,"[199.5658704714794, 421.4846055087294, 129.50574716315606]",6.320932276149331,1.25,0.654297,False,patches/LIDC-IDRI-0956_n00.npz,96,"[1, 1, 2, 3]","[1, 1, 1, 1]","[6, 6, 6, 6]","[4, 4, 4, 4]","[2, 4, 3, 4]","[1, 1, 3, 1]","[2, 1, 2, 1]","[1, 1, 1, 2]","[3, 3, 3, 4]",3.25,3.0,0.4330127018922193
LIDC-IDRI-0956,1.3.6.1.4.1.14519.5.2.1.6279.6001.534083630500464995109143618896,0,1,4,False,"[250.95484848484847, 181.6558444741533, 148.58482174688058]",6.358678281698299,1.25,0.654297,False,patches/LIDC-IDRI-0956_n01.npz,96,"[4, 3, 5, 4]","[1, 1, 1, 1]","[3, 3, 3, 3]","[5, 3, 3, 4]","[5, 5, 5, 5]","[1, 3, 1, 1]","[1, 1, 5, 1]","[5, 5, 5, 5]","[1, 1, 1, 1]",1.0,1.0,0.0
LIDC-IDRI-0956,1.3.6.1.4.1.14519.5.2.1.6279.6001.534083630500464995109143618896,0,2,4,False,"[341.969941337558, 113.82332014281474, 150.97898830561053]",7.315262847370913,1.25,0.654297,False,patches/LIDC-IDRI-0956_n02.npz,96,"[3, 4, 5, 5]","[1, 1, 1, 1]","[3, 3, 3, 3]","[4, 5, 4, 5]","[5, 5, 5, 5]","[1, 1, 1, 1]","[1, 2, 5, 1]","[5, 5, 5, 5]","[1, 1, 1, 1]",1.0,1.0,0.0
LIDC-IDRI-0957,1.3.6.1.4.1.14519.5.2.1.6279.6001.314917368146772872954571551463,0,0,3,False,"[154.76211180124224, 161.24430641821948, 28.292753623188407]",6.46973965932764,5.0,0.7734375,False,patches/LIDC-IDRI-0957_n00.npz,96,"[5, 2, 2]","[1, 1, 1]","[6, 6, 6]","[3, 5, 3]","[4, 4, 3]","[1, 1, 2]","[3, 1, 3]","[5, 5, 3]","[3, 2, 3]",2.6666666666666665,3.0,0.4714045207910317
LIDC-IDRI-0957,1.3.6.1.4.1.14519.5.2.1.6279.6001.314917368146772872954571551463,0,1,3,False,"[252.88864352022247, 347.22852001799373, 58.004723346828605]",6.424009322990698,5.0,0.7734375,False,patches/LIDC-IDRI-0957_n01.npz,96,"[5, 3, 3]","[1, 1, 1]","[6, 6, 6]","[3, 5, 3]","[4, 4, 4]","[1, 1, 2]","[2, 1, 4]","[5, 5, 5]","[3, 2, 2]",2.3333333333333335,2.0,0.4714045207910317
LIDC-IDRI-0958,1.3.6.1.4.1.14519.5.2.1.6279.6001.281254424459536762125243157973,0,0,1,False,"[341.83660130718954, 105.52941176470588, 110.83660130718954]",11.573224017539635,3.0,0.7109375,False,patches/LIDC-IDRI-0958_n00.npz,96,[5],[1],[6],[3],[4],[1],[1],[5],[3],3.0,3.0,0.0
LIDC-IDRI-0959,1.3.6.1.4.1.14519.5.2.1.6279.6001.161633200801003804714818844696,0,0,2,False,"[180.71323529411765, 432.27941176470586, 66.97794117647058]",6.355840642784386,1.25,0.664062,False,patches/LIDC-IDRI-0959_n00.npz,96,"[3, 3]","[1, 1]","[6, 6]","[4, 3]","[5, 4]","[1, 1]","[1, 1]","[5, 5]","[2, 3]",2.5,2.5,0.5
LIDC-IDRI-0961,1.3.6.1.4.1.14519.5.2.1.6279.6001.218225745759901171776512645078,0,0,4,False,"[284.6765933113616, 434.4906821454414, 59.25283150515999]",6.80934864100214,3.0,0.744,True,patches/LIDC-IDRI-0961_n00.npz,96,"[4, 4, 5, 5]","[1, 1, 1, 1]","[3, 3, 3, 3]","[4, 5, 5, 5]","[4, 5, 5, 5]","[1, 1, 1, 1]","[1, 1, 1, 1]","[5, 5, 5, 5]","[1, 1, 1, 1]",1.0,1.0,0.0
LIDC-IDRI-0961,1.3.6.1.4.1.14519.5.2.1.6279.6001.218225745759901171776512645078,0,1,1,False,"[177.66666666666666, 174.4848484848485, 62.72727272727273]",6.3567387865162415,3.0,0.744,True,patches/LIDC-IDRI-0961_n01.npz,96,[3],[1],[6],[3],[2],[1],[1],[3],[3],3.0,3.0,0.0
LIDC-IDRI-0961,1.3.6.1.4.1.14519.5.2.1.6279.6001.218225745759901171776512645078,0,2,3,False,"[288.8153854320785, 119.80523504712586, 63.951170269603814]",9.725063929699774,3.0,0.744,True,patches/LIDC-IDRI-0961_n02.npz,96,"[3, 3, 3]","[1, 1, 1]","[6, 6, 6]","[1, 3, 5]","[3, 2, 5]","[1, 1, 1]","[1, 1, 1]","[5, 3, 5]","[1, 2, 2]",1.6666666666666667,2.0,0.4714045207910317
LIDC-IDRI-0961,1.3.6.1.4.1.14519.5.2.1.6279.6001.218225745759901171776512645078,0,3,1,False,"[382.5, 151.69117647058823, 67.1029411764706]",9.410938316661094,3.0,0.744,True,patches/LIDC-IDRI-0961_n03.npz,96,[1],[1],[6],[4],[2],[1],[1],[4],[3],3.0,3.0,0.0
LIDC-IDRI-0961,1.3.6.1.4.1.14519.5.2.1.6279.6001.218225745759901171776512645078,0,4,2,False,"[214.71320346320346, 165.33170995670997, 68.50324675324676]",12.993401402250294,3.0,0.744,True,patches/LIDC-IDRI-0961_n04.npz,96,"[3, 5]","[1, 1]","[6, 6]","[2, 3]","[4, 2]","[1, 2]","[1, 1]","[5, 3]","[2, 3]",2.5,2.5,0.5
LIDC-IDRI-0961,1.3.6.1.4.1.14519.5.2.1.6279.6001.218225745759901171776512645078,0,5,1,False,"[390.4871794871795, 171.0, 71.46153846153847]",6.135181170919077,3.0,0.744,True,patches/LIDC-IDRI-0961_n05.npz,96,[3],[1],[6],[3],[2],[1],[1],[3],[3],3.0,3.0,0.0
LIDC-IDRI-0961,1.3.6.1.4.1.14519.5.2.1.6279.6001.218225745759901171776512645078,0,6,2,False,"[238.09940476190476, 206.79761904761904, 94.50059523809524]",6.3567387865162415,3.0,0.744,True,patches/LIDC-IDRI-0961_n06.npz,96,"[1, 2]","[1, 1]","[6, 6]","[4, 4]","[2, 2]","[1, 1]","[1, 1]","[2, 3]","[2, 3]",2.5,2.5,0.5
LIDC-IDRI-0961,1.3.6.1.4.1.14519.5.2.1.6279.6001.218225745759901171776512645078,0,7,1,False,"[328.8857142857143, 140.4, 96.91428571428571]",8.318172876299215,3.0,0.744,True,patches/LIDC-IDRI-0961_n07.npz,96,[5],[1],[5],[4],[5],[1],[1],[5],[1],1.0,1.0,0.0
LIDC-IDRI-0961,1.3.6.1.4.1.14519.5.2.1.6279.6001.218225745759901171776512645078,0,8,2,False,"[392.24837662337666, 168.32564935064937, 98.25584415584416]",7.110938913554046,3.0,0.744,True,patches/LIDC-IDRI-0961_n08.npz,96,"[3, 1]","[1, 1]","[6, 6]","[4, 4]","[4, 2]","[1, 3]","[1, 1]","[5, 1]","[1, 3]",2.0,2.0,1.0
LIDC-IDRI-0961,1.3.6.1.4.1.14519.5.2.1.6279.6001.218225745759901171776512645078,0,9,3,False,"[368.14616953778926, 342.90376657882706, 98.97312360708816]",7.470903725779529,3.0,0.744,True,patches/LIDC-IDRI-0961_n09.npz,96,"[3, 2, 2]","[1, 1, 1]","[3, 6, 6]","[5, 5, 4]","[5, 3, 3]","[1, 1, 1]","[1, 1, 1]","[5, 4, 4]","[1, 3, 3]",2.3333333333333335,3.0,0.9428090415820634
LIDC-IDRI-0962,1.3.6.1.4.1.14519.5.2.1.6279.6001.110835886706944718242055570943,0,0,4,False,"[215.97413970878864, 362.0166919121865, 62.97911843626713]",11.410794314278693,3.0,0.646484375,False,patches/LIDC-IDRI-0962_n00.npz,96,"[5, 5, 4, 5]","[1, 1, 1, 1]","[6, 6, 6, 6]","[3, 3, 5, 5]","[4, 4, 5, 5]","[1, 1, 1, 1]","[1, 2, 1, 1]","[5, 5, 5, 5]","[4, 4, 3, 2]",3.25,3.5,0.82915619758885
LIDC-IDRI-0962,1.3.6.1.4.1.14519.5.2.1.6279.6001.110835886706944718242055570943,0,1,1,False,"[275.43706293706293, 155.3041958041958, 104.04895104895105]",17.58627632184153,3.0,0.646484375,False,patches/LIDC-IDRI-0962_n01.npz,96,[3],[1],[6],[5],[3],[1],[3],[5],[2],2.0,2.0,0.0
LIDC-IDRI-0963,1.3.6.1.4.1.14519.5.2.1.6279.6001.177785764461425908755977367558,0,0,4,False,"[128.68510879491762, 182.57894123486201, 215.5557161008537]",6.174941645354144,1.25,0.605469,False,patches/LIDC-IDRI-0963_n00.npz,96,"[4, 4, 3, 5]","[1, 1, 1, 1]","[6, 6, 6, 6]","[4, 5, 3, 5]","[5, 4, 4, 5]","[1, 4, 1, 1]","[1, 1, 1, 1]","[5, 4, 5, 5]","[2, 2, 3, 2]",2.25,2.0,0.4330127018922193
LIDC-IDRI-0965,1.3.6.1.4.1.14519.5.2.1.6279.6001.106719103982792863757268101375,0,0,4,False,"[291.488451904733, 142.23277711792332, 186.18504791433463]",19.670389502237498,2.0,0.7421875,False,patches/LIDC-IDRI-0965_n00.npz,96,"[5, 5, 5, 4]","[1, 1, 1, 1]","[6, 6, 6, 6]","[3, 2, 3, 3]","[3, 4, 2, 2]","[3, 2, 2, 3]","[1, 4, 3, 1]","[3, 5, 4, 3]","[3, 5, 4, 4]",4.0,4.0,0.7071067811865476
LIDC-IDRI-0966,1.3.6.1.4.1.14519.5.2.1.6279.6001.413896555982844732694353377538,0,0,3,False,"[180.38197189284145, 448.1140755379885, 49.38855950812473]",6.721576564228253,2.5,0.683594,False,patches/LIDC-IDRI-0966_n00.npz,96,"[4, 2, 3]","[1, 1, 1]","[6, 6, 6]","[4, 4, 5]","[5, 3, 5]","[1, 1, 1]","[1, 1, 1]","[5, 2, 5]","[2, 1, 2]",1.6666666666666667,2.0,0.4714045207910317
LIDC-IDRI-0966,1.3.6.1.4.1.14519.5.2.1.6279.6001.413896555982844732694353377538,0,1,4,False,"[313.6931580346915, 202.20574639993458, 63.25908955162821]",9.332947350234749,2.5,0.683594,False,patches/LIDC-IDRI-0966_n01.npz,96,"[4, 2, 5, 3]","[1, 1, 1, 1]","[6, 6, 6, 6]","[4, 5, 4, 5]","[4, 2, 2, 2]","[1, 1, 2, 1]","[1, 1, 1, 1]","[2, 2, 3, 1]","[5, 3, 4, 2]",3.5,3.5,1.118033988749895
LIDC-IDRI-0966,1.3.6.1.4.1.14519.5.2.1.6279.6001.413896555982844732694353377538,0,2,2,False,"[170.33653846153845, 402.67884615384617, 70.97115384615384]",6.190206948119904,2.5,0.683594,False,patches/LIDC-IDRI-0966_n02.npz,96,"[4, 2]","[1, 1]","[6, 6]","[4, 3]","[5, 3]","[1, 1]","[1, 1]","[5, 5]","[2, 2]",2.0,2.0,0.0
LIDC-IDRI-0968,1.3.6.1.4.1.14519.5.2.1.6279.6001.206097113343059612247503064658,0,0,1,False,"[140.7530864197531, 124.03703703703704, 149.58024691358025]",6.30242296885256,1.0,0.68359375,False,patches/LIDC-IDRI-0968_n00.npz,96,[3],[1],[6],[3],[3],[2],[1],[5],[2],2.0,2.0,0.0
LIDC-IDRI-0968,1.3.6.1.4.1.14519.5.2.1.6279.6001.206097113343059612247503064658,0,1,3,False,"[333.57794195537787, 362.8720505396709, 217.78867583971768]",31.11149093217661,1.0,0.68359375,False,patches/LIDC-IDRI-0968_n01.npz,96,"[5, 5, 5]","[1, 1, 1]","[6, 6, 6]","[3, 3, 4]","[3, 4, 5]","[3, 5, 1]","[3, 4, 3]","[5, 5, 5]","[5, 5, 4]",4.666666666666667,5.0,0.4714045207910317
LIDC-IDRI-0969,1.3.6.1.4.1.14519.5.2.1.6279.6001.230675342744370103160629638194,0,0,2,False,"[179.45145145145145, 112.38238238238239, 134.50675675675677]",5.509852132586544,1.25,0.615234,False,patches/LIDC-IDRI-0969_n00.npz,96,"[3, 2]","[1, 1]","[6, 6]","[4, 4]","[4, 2]","[2, 4]","[1, 1]","[5, 3]","[3, 3]",3.0,3.0,0.0
LIDC-IDRI-0969,1.3.6.1.4.1.14519.5.2.1.6279.6001.230675342744370103160629638194,0,1,3,False,"[162.34871316832744, 116.92645023036538, 135.4741305046609]",7.112312313236845,1.25,0.615234,False,patches/LIDC-IDRI-0969_n01.npz,96,"[2, 3, 2]","[1, 1, 1]","[6, 6, 6]","[2, 3, 2]","[3, 4, 2]","[3, 2, 1]","[3, 1, 3]","[3, 4, 3]","[3, 3, 3]",3.0,3.0,0.0
LIDC-IDRI-0969,1.3.6.1.4.1.14519.5.2.1.6279.6001.230675342744370103160629638194,0,2,2,False,"[356.2541102866288, 338.9177215189874, 176.3507929579514]",6.039143145325599,1.25,0.615234,False,patches/LIDC-IDRI-0969_n02.npz,96,"[3, 5]","[1, 1]","[6, 6]","[3, 3]","[5, 1]","[1, 1]","[1, 1]","[5, 4]","[2, 3]",2.5,2.5,0.5
LIDC-IDRI-0971,1.3.6.1.4.1.14519.5.2.1.6279.6001.336102335330125765000317290445,0,0,1,False,"[166.546875, 446.6927083333333, 52.859375]",8.173846891809992,1.25,0.652344,False,patches/LIDC-IDRI-0971_n00.npz,96,[2],[1],[6],[3],[4],[1],[1],[4],[3],3.0,3.0,0.0
LIDC-IDRI-0972,1.3.6.1.4.1.14519.5.2.1.6279.6001.881807066375601978080868510714,0,0,1,False,"[400.25454545454545, 332.58181818181816, 54.0]",4.6823263448845465,3.0,0.698,True,patches/LIDC-IDRI-0972_n00.npz,96,[3],[1],[6],[3],[3],[1],[3],[3],[3],3.0,3.0,0.0
LIDC-IDRI-0972,1.3.6.1.4.1.14519.5.2.1.6279.6001.881807066375601978080868510714,0,1,1,False,"[205.95, 128.0, 56.475]",5.755855453362254,3.0,0.698,True,patches/LIDC-IDRI-0972_n01.npz,96,[2],[1],[6],[2],[3],[1],[3],[3],[3],3.0,3.0,0.0
LIDC-IDRI-0972,1.3.6.1.4.1.14519.5.2.1.6279.6001.881807066375601978080868510714,0,2,3,False,"[369.72179155900085, 374.4443008900373, 73.65848406546081]",9.270169343672034,3.0,0.698,True,patches/LIDC-IDRI-0972_n02.npz,96,"[4, 3, 5]","[1, 1, 1]","[6, 6, 6]","[3, 4, 4]","[3, 2, 2]","[2, 2, 3]","[1, 2, 2]","[5, 4, 4]","[3, 3, 4]",3.3333333333333335,3.0,0.4714045207910317
LIDC-IDRI-0973,1.3.6.1.4.1.14519.5.2.1.6279.6001.118140393257625250121502185026,0,0,3,False,"[397.099621240578, 181.51325282347932, 45.876657150727475]",12.445651090125835,2.0,0.703125,False,patches/LIDC-IDRI-0973_n00.npz,96,"[5, 5, 4]","[1, 1, 1]","[6, 6, 6]","[4, 5, 4]","[5, 5, 3]","[1, 1, 3]","[1, 1, 2]","[5, 5, 4]","[3, 5, 3]",3.6666666666666665,3.0,0.9428090415820634
LIDC-IDRI-0973,1.3.6.1.4.1.14519.5.2.1.6279.6001.118140393257625250121502185026,0,1,3,False,"[282.8312939368595, 37.609256184757264, 63.24216628019759]",12.448055158372332,2.0,0.703125,False,patches/LIDC-IDRI-0973_n01.npz,96,"[5, 5, 4]","[1, 1, 1]","[6, 5, 6]","[4, 5, 4]","[5, 5, 4]","[1, 1, 2]","[1, 1, 2]","[5, 5, 4]","[4, 1, 3]",2.6666666666666665,3.0,1.247219128924647
LIDC-IDRI-0973,1.3.6.1.4.1.14519.5.2.1.6279.6001.118140393257625250121502185026,0,2,3,False,"[299.700695004029, 69.84478243352135, 91.211657265646]",8.668051682012473,2.0,0.703125,False,patches/LIDC-IDRI-0973_n02.npz,96,"[4, 4, 3]","[1, 1, 1]","[6, 6, 6]","[4, 3, 3]","[5, 4, 4]","[1, 1, 2]","[1, 1, 3]","[5, 5, 4]","[3, 3, 3]",3.0,3.0,0.0
LIDC-IDRI-0973,1.3.6.1.4.1.14519.5.2.1.6279.6001.118140393257625250121502185026,0,3,1,False,"[289.75757575757575, 96.12121212121212, 98.39393939393939]",5.798117286024835,2.0,0.703125,False,patches/LIDC-IDRI-0973_n03.npz,96,[3],[1],[6],[2],[3],[2],[2],[4],[2],2.0,2.0,0.0
LIDC-IDRI-0974,1.3.6.1.4.1.14519.5.2.1.6279.6001.991510467496831189331312523884,0,0,4,False,"[163.05853109017147, 380.56796930532863, 42.582182752408464]",13.763821348207799,3.0,0.5859375,False,patches/LIDC-IDRI-0974_n00.npz,96,"[5, 5, 5, 5]","[1, 1, 1, 1]","[6, 5, 5, 6]","[3, 5, 5, 5]","[4, 5, 5, 5]","[2, 1, 1, 1]","[2, 2, 1, 3]","[5, 5, 5, 5]","[4, 1, 1, 4]",2.5,2.5,1.5
LIDC-IDRI-0974,1.3.6.1.4.1.14519.5.2.1.6279.6001.991510467496831189331312523884,0,1,3,False,"[382.83207642031175, 365.49069884364, 53.093011563599795]",5.87910013755398,3.0,0.5859375,False,patches/LIDC-IDRI-0974_n01.npz,96,"[5, 4, 5]","[1, 1, 1]","[6, 6, 6]","[5, 4, 5]","[5, 5, 5]","[1, 1, 1]","[1, 1, 1]","[5, 5, 5]","[3, 3, 3]",3.0,3.0,0.0
LIDC-IDRI-0976,1.3.6.1.4.1.14519.5.2.1.6279.6001.624425075947752229712087113746,0,0,1,False,"[345.825, 316.0, 48.475]",5.4759955359178125,2.5,0.664062,True,patches/LIDC-IDRI-0976_n00.npz,96,[2],[1],[6],[4],[5],[1],[1],[5],[2],2.0,2.0,0.0
LIDC-IDRI-0976,1.3.6.1.4.1.14519.5.2.1.6279.6001.624425075947752229712087113746,0,1,4,False,"[162.82932263915066, 144.38554377867806, 53.50038470788626]",27.17098891674744,2.5,0.664062,True,patches/LIDC-IDRI-0976_n01.npz,96,"[5, 5, 5, 5]","[1, 1, 1, 1]","[6, 6, 6, 6]","[3, 5, 4, 4]","[4, 5, 5, 4]","[2, 3, 2, 2]","[2, 1, 1, 1]","[5, 5, 5, 5]","[5, 3, 5, 5]",4.5,5.0,0.8660254037844386
LIDC-IDRI-0976,1.3.6.1.4.1.14519.5.2.1.6279.6001.624425075947752229712087113746,0,2,1,False,"[178.64423076923077, 132.44230769230768, 76.47115384615384]",8.023891675317156,2.5,0.664062,True,patches/LIDC-IDRI-0976_n02.npz,96,[4],[1],[6],[3],[5],[1],[1],[5],[2],2.0,2.0,0.0
LIDC-IDRI-0977,1.3.6.1.4.1.14519.5.2.1.6279.6001.308183340111270052562662456038,0,0,1,False,"[292.453125, 447.71875, 34.625]",7.969618426947434,2.5,0.585938,False,patches/LIDC-IDRI-0977_n00.npz,96,[4],[1],[6],[4],[2],[3],[3],[5],[3],3.0,3.0,0.0
LIDC-IDRI-0978,1.3.6.1.4.1.14519.5.2.1.6279.6001.765459236550358748053283544075,0,0,1,False,"[350.18990634755465, 204.5140478668054, 122.59417273673257]",29.744310171515924,1.5,0.724609375,False,patches/LIDC-IDRI-0978_n00.npz,96,[5],[1],[6],[3],[3],[3],[1],[5],[4],4.0,4.0,0.0
LIDC-IDRI-0978,1.3.6.1.4.1.14519.5.2.1.6279.6001.765459236550358748053283544075,0,1,4,False,"[266.5330963673085, 375.977123770969, 153.93569619404622]",9.176392902077282,1.5,0.724609375,False,patches/LIDC-IDRI-0978_n01.npz,96,"[5, 5, 5, 5]","[1, 1, 1, 1]","[6, 6, 6, 6]","[4, 3, 3, 4]","[4, 4, 5, 4]","[1, 2, 1, 1]","[1, 1, 1, 1]","[5, 4, 5, 5]","[2, 4, 5, 2]",3.25,3.0,1.299038105676658
LIDC-IDRI-0978,1.3.6.1.4.1.14519.5.2.1.6279.6001.765459236550358748053283544075,0,2,1,False,"[215.26747720364742, 127.72644376899696, 179.0273556231003]",11.457080194555358,1.5,0.724609375,False,patches/LIDC-IDRI-0978_n02.npz,96,[5],[1],[6],[4],[4],[1],[1],[5],[4],4.0,4.0,0.0
LIDC-IDRI-0978,1.3.6.1.4.1.14519.5.2.1.6279.6001.765459236550358748053283544075,0,3,1,False,"[207.47513812154696, 159.20441988950276, 188.94475138121547]",29.50504027159127,1.5,0.724609375,False,patches/LIDC-IDRI-0978_n03.npz,96,[5],[1],[6],[2],[4],[1],[1],[5],[4],4.0,4.0,0.0
LIDC-IDRI-0978,1.3.6.1.4.1.14519.5.2.1.6279.6001.765459236550358748053283544075,0,4,4,False,"[357.7301923846462, 325.82497566332484, 239.4503894715122]",10.678874639040341,1.5,0.724609375,False,patches/LIDC-IDRI-0978_n04.npz,96,"[5, 4, 5, 5]","[1, 1, 1, 1]","[6, 6, 6, 6]","[4, 3, 3, 3]","[4, 4, 4, 4]","[1, 3, 3, 3]","[1, 1, 2, 3]","[5, 5, 5, 5]","[4, 5, 2, 3]",3.5,3.5,1.118033988749895
LIDC-IDRI-0980,1.3.6.1.4.1.14519.5.2.1.6279.6001.230180665627287711381156820813,0,0,4,False,"[339.1641231043101, 431.0131446252117, 44.55622292211078]",9.206429136987671,3.0,0.741,True,patches/LIDC-IDRI-0980_n00.npz,96,"[5, 4, 5, 4]","[1, 1, 1, 1]","[6, 6, 6, 6]","[5, 5, 5, 5]","[4, 5, 5, 4]","[5, 5, 5, 1]","[5, 5, 5, 1]","[5, 5, 5, 5]","[2, 2, 4, 2]",2.5,2.0,0.8660254037844386
LIDC-IDRI-0980,1.3.6.1.4.1.14519.5.2.1.6279.6001.230180665627287711381156820813,0,1,1,False,"[220.84848484848484, 417.3333333333333, 47.0]",10.53158876903193,3.0,0.741,True,patches/LIDC-IDRI-0980_n01.npz,96,[2],[1],[6],[3],[2],[3],[5],[1],[3],3.0,3.0,0.0
LIDC-IDRI-0980,1.3.6.1.4.1.14519.5.2.1.6279.6001.230180665627287711381156820813,0,2,3,False,"[383.02854230601594, 364.3789600719863, 66.44938237175607]",15.290112118140248,3.0,0.741,True,patches/LIDC-IDRI-0980_n02.npz,96,"[4, 4, 5]","[1, 1, 1]","[6, 6, 6]","[3, 5, 3]","[2, 3, 1]","[3, 2, 3]","[5, 2, 4]","[3, 5, 4]","[4, 5, 5]",4.666666666666667,5.0,0.4714045207910317
LIDC-IDRI-0981,1.3.6.1.4.1.14519.5.2.1.6279.6001.156579001330474859527530187095,0,0,2,False,"[325.32124352331607, 194.40414507772022, 396.52331606217615]",8.338540040078959,1.25,0.625,False,patches/LIDC-IDRI-0981_n00.npz,96,"[3, 3]","[1, 4]","[6, 6]","[4, 2]","[3, 4]","[3, 2]","[2, 1]","[3, 3]","[3, 4]",3.5,3.5,0.5
LIDC-IDRI-0982,1.3.6.1.4.1.14519.5.2.1.6279.6001.196251645377731223510086726530,0,0,4,False,"[166.98942728874636, 380.1893338558018, 373.1517529032074]",6.706520808983278,1.25,0.585938,False,patches/LIDC-IDRI-0982_n00.npz,96,"[3, 5, 3, 4]","[1, 1, 1, 1]","[6, 6, 5, 6]","[5, 3, 2, 3]","[5, 4, 4, 4]","[1, 1, 1, 3]","[1, 1, 1, 1]","[5, 5, 5, 4]","[2, 4, 1, 3]",2.5,2.5,1.118033988749895
LIDC-IDRI-0982,1.3.6.1.4.1.14519.5.2.1.6279.6001.196251645377731223510086726530,0,1,2,False,"[313.01875816993464, 359.2272268907563, 400.373081232493]",5.838034129074648,1.25,0.585938,False,patches/LIDC-IDRI-0982_n01.npz,96,"[5, 2]","[1, 1]","[6, 3]","[5, 3]","[5, 5]","[1, 1]","[1, 1]","[5, 5]","[3, 1]",2.0,2.0,1.0
LIDC-IDRI-0982,1.3.6.1.4.1.14519.5.2.1.6279.6001.196251645377731223510086726530,0,2,1,False,"[286.90964467005074, 185.06294416243654, 487.1918781725888]",24.893746773405162,1.25,0.585938,False,patches/LIDC-IDRI-0982_n02.npz,96,[4],[1],[6],[2],[1],[4],[3],[5],[4],4.0,4.0,0.0
LIDC-IDRI-0983,1.3.6.1.4.1.14519.5.2.1.6279.6001.309564220265302089123180126785,0,0,2,False,"[236.93814655172415, 458.5743534482759, 28.341379310344827]",7.4365357230873155,3.0,0.579,True,patches/LIDC-IDRI-0983_n00.npz,96,"[3, 1]","[1, 1]","[6, 6]","[3, 3]","[1, 2]","[1, 2]","[1, 1]","[4, 2]","[3, 3]",3.0,3.0,0.0
LIDC-IDRI-0984,1.3.6.1.4.1.14519.5.2.1.6279.6001.126704785377921920210612476953,0,0,3,False,"[253.03292508878488, 433.9609014570679, 112.17820040492548]",5.566649335933036,1.25,0.576172,False,patches/LIDC-IDRI-0984_n00.npz,96,"[1, 5, 3]","[1, 1, 1]","[6, 6, 6]","[3, 2, 3]","[2, 1, 4]","[2, 1, 2]","[1, 1, 1]","[2, 1, 5]","[3, 3, 4]",3.3333333333333335,3.0,0.4714045207910317
LIDC-IDRI-0985,1.3.6.1.4.1.14519.5.2.1.6279.6001.198016798894102791158686961192,0,0,4,False,"[249.14865978393476, 34.48057022520912, 148.73925990626398]",7.724779168607648,0.75,0.65234375,False,patches/LIDC-IDRI-0985_n00.npz,96,"[3, 4, 5, 5]","[1, 1, 1, 1]","[6, 6, 6, 6]","[5, 4, 5, 3]","[5, 5, 5, 5]","[1, 1, 1, 1]","[1, 1, 1, 1]","[5, 5, 5, 5]","[2, 3, 4, 1]",2.5,2.5,1.118033988749895
LIDC-IDRI-0985,1.3.6.1.4.1.14519.5.2.1.6279.6001.198016798894102791158686961192,0,1,1,False,"[309.44444444444446, 52.45679012345679, 164.06172839506172]",4.968101987028409,0.75,0.65234375,False,patches/LIDC-IDRI-0985_n01.npz,96,[5],[1],[6],[5],[5],[1],[1],[5],[3],3.0,3.0,0.0
LIDC-IDRI-0985,1.3.6.1.4.1.14519.5.2.1.6279.6001.198016798894102791158686961192,0,2,1,False,"[364.25, 336.18518518518516, 343.6296296296296]",5.094967562017231,0.75,0.65234375,False,patches/LIDC-IDRI-0985_n02.npz,96,[5],[1],[6],[4],[5],[1],[1],[5],[3],3.0,3.0,0.0
LIDC-IDRI-0986,1.3.6.1.4.1.14519.5.2.1.6279.6001.254138388912084634057282064266,0,0,2,False,"[178.86512180629828, 171.5291146761735, 61.92572786690434]",17.7715544332938,2.5,0.644531,False,patches/LIDC-IDRI-0986_n00.npz,96,"[5, 5]","[1, 1]","[6, 6]","[1, 2]","[2, 3]","[2, 1]","[2, 4]","[5, 5]","[3, 4]",3.5,3.5,0.5
LIDC-IDRI-0986,1.3.6.1.4.1.14519.5.2.1.6279.6001.254138388912084634057282064266,0,1,1,False,"[295.65714285714284, 385.1142857142857, 96.4]",5.5068752779732595,2.5,0.644531,False,patches/LIDC-IDRI-0986_n01.npz,96,[3],[1],[6],[4],[5],[1],[1],[5],[3],3.0,3.0,0.0
LIDC-IDRI-0986,1.3.6.1.4.1.14519.5.2.1.6279.6001.254138388912084634057282064266,0,2,2,False,"[316.70738727214587, 201.1451870802686, 97.61448672849377]",9.960989272422534,2.5,0.644531,False,patches/LIDC-IDRI-0986_n02.npz,96,"[4, 4]","[1, 1]","[6, 6]","[3, 3]","[5, 3]","[1, 1]","[1, 2]","[5, 5]","[3, 3]",3.0,3.0,0.0
LIDC-IDRI-0987,1.3.6.1.4.1.14519.5.2.1.6279.6001.282779922503707013097174625409,0,0,4,False,"[130.31968797409266, 411.98654549344536, 191.87685503948344]",6.060092918233385,1.25,0.625,False,patches/LIDC-IDRI-0987_n00.npz,96,"[4, 3, 3, 2]","[1, 1, 1, 1]","[6, 6, 6, 6]","[5, 5, 4, 4]","[5, 1, 3, 3]","[1, 5, 1, 1]","[1, 1, 1, 1]","[5, 5, 5, 3]","[2, 3, 2, 1]",2.0,2.0,0.7071067811865476
LIDC-IDRI-0987,1.3.6.1.4.1.14519.5.2.1.6279.6001.282779922503707013097174625409,0,1,2,False,"[152.22852416400804, 143.35288904643744, 276.7670447831738]",4.6549634359826335,1.25,0.625,False,patches/LIDC-IDRI-0987_n01.npz,96,"[2, 1]","[1, 1]","[6, 6]","[4, 5]","[4, 3]","[1, 1]","[1, 1]","[5, 5]","[2, 1]",1.5,1.5,0.5
LIDC-IDRI-0987,1.3.6.1.4.1.14519.5.2.1.6279.6001.282779922503707013097174625409,0,2,3,False,"[312.8314373466578, 426.8073697755029, 288.8660254756972]",7.05629686902418,1.25,0.625,False,patches/LIDC-IDRI-0987_n02.npz,96,"[5, 5, 3]","[1, 1, 1]","[6, 6, 6]","[4, 5, 4]","[5, 5, 5]","[1, 3, 1]","[1, 1, 1]","[5, 5, 5]","[3, 2, 1]",2.0,2.0,0.816496580927726
LIDC-IDRI-0989,1.3.6.1.4.1.14519.5.2.1.6279.6001.266581250778073944645044950856,0,0,1,False,"[234.29508196721312, 345.9836065573771, 211.9016393442623]",5.50687741397419,2.0,0.64453125,False,patches/LIDC-IDRI-0989_n00.npz,96,[5],[1],[6],[4],[4],[1],[1],[1],[3],3.0,3.0,0.0
LIDC-IDRI-0990,1.3.6.1.4.1.14519.5.2.1.6279.6001.339882192295517122002429068974,0,0,3,False,"[156.12848385167464, 199.6497502436647, 161.206782185894]",9.520915804077973,2.0,0.630859375,False,patches/LIDC-IDRI-0990_n00.npz,96,"[3, 5, 3]","[1, 1, 1]","[6, 6, 6]","[4, 4, 4]","[3, 4, 4]","[1, 2, 2]","[3, 2, 3]","[5, 5, 4]","[2, 4, 3]",3.0,3.0,0.816496580927726
LIDC-IDRI-0991,1.3.6.1.4.1.14519.5.2.1.6279.6001.337005960787660957389988207064,0,0,3,False,"[165.1227648102648, 158.9392275798526, 159.74079903767404]",6.2692442597916616,1.25,0.703125,False,patches/LIDC-IDRI-0991_n00.npz,96,"[3, 1, 4]","[1, 1, 1]","[6, 6, 6]","[3, 3, 4]","[4, 4, 5]","[1, 2, 1]","[1, 1, 1]","[5, 4, 5]","[3, 3, 3]",3.0,3.0,0.0
LIDC-IDRI-0993,1.3.6.1.4.1.14519.5.2.1.6279.6001.302876782304722412779805665588,0,0,3,False,"[267.2867386633571, 81.9012691168228, 58.19579162996771]",14.922666069690221,3.0,0.582,True,patches/LIDC-IDRI-0993_n00.npz,96,"[4, 5, 4]","[1, 1, 1]","[5, 3, 5]","[4, 4, 3]","[4, 4, 4]","[1, 2, 1]","[1, 2, 1]","[5, 5, 5]","[1, 1, 1]",1.0,1.0,0.0
LIDC-IDRI-0994,1.3.6.1.4.1.14519.5.2.1.6279.6001.534006575256943390479252771547,0,0,2,False,"[215.14877796901894, 455.8389156626506, 173.78617900172117]",7.663996729116226,1.25,0.722656,False,patches/LIDC-IDRI-0994_n00.npz,96,"[3, 3]","[1, 1]","[6, 6]","[4, 3]","[5, 4]","[1, 1]","[1, 1]","[5, 5]","[3, 2]",2.5,2.5,0.5
LIDC-IDRI-0994,1.3.6.1.4.1.14519.5.2.1.6279.6001.534006575256943390479252771547,0,1,4,False,"[263.4638539255834, 454.97313613138806, 200.93755656358314]",10.28362199097361,1.25,0.722656,False,patches/LIDC-IDRI-0994_n01.npz,96,"[5, 5, 4, 3]","[1, 1, 1, 1]","[6, 6, 6, 6]","[4, 5, 3, 5]","[4, 5, 4, 5]","[2, 1, 2, 1]","[2, 1, 1, 1]","[5, 5, 5, 5]","[2, 4, 4, 2]",3.0,3.0,1.0
LIDC-IDRI-0994,1.3.6.1.4.1.14519.5.2.1.6279.6001.534006575256943390479252771547,0,2,1,False,"[174.64429530201343, 137.85906040268458, 305.4161073825503]",8.791489678190386,1.25,0.722656,False,patches/LIDC-IDRI-0994_n02.npz,96,[2],[1],[6],[2],[4],[1],[1],[5],[2],2.0,2.0,0.0
LIDC-IDRI-0994,1.3.6.1.4.1.14519.5.2.1.6279.6001.534006575256943390479252771547,0,3,3,False,"[362.8962104155469, 152.16790005141857, 381.692076281233]",18.908255203416388,1.25,0.722656,False,patches/LIDC-IDRI-0994_n03.npz,96,"[5, 2, 1]","[1, 1, 1]","[6, 6, 6]","[4, 4, 5]","[1, 1, 2]","[2, 2, 1]","[2, 1, 1]","[1, 1, 1]","[3, 4, 2]",3.0,3.0,0.816496580927726
LIDC-IDRI-0994,1.3.6.1.4.1.14519.5.2.1.6279.6001.534006575256943390479252771547,0,4,3,False,"[238.18750524072297, 360.1806048682542, 420.9732544557255]",25.25494513003049,1.25,0.722656,False,patches/LIDC-IDRI-0994_n04.npz,96,"[5, 5, 5]","[1, 1, 1]","[6, 6, 6]","[2, 4, 3]","[1, 2, 3]","[5, 1, 3]","[4, 2, 5]","[4, 4, 5]","[5, 5, 5]",5.0,5.0,0.0
LIDC-IDRI-0994,1.3.6.1.4.1.14519.5.2.1.6279.6001.534006575256943390479252771547,0,5,1,False,"[252.0441176470588, 398.1336898395722, 439.5200534759358]",14.525205833713489,1.25,0.722656,False,patches/LIDC-IDRI-0994_n05.npz,96,[1],[1],[6],[5],[2],[1],[1],[1],[2],2.0,2.0,0.0
LIDC-IDRI-0996,1.3.6.1.4.1.14519.5.2.1.6279.6001.842980983137518332429408284002,0,0,1,False,"[233.67441860465115, 109.69767441860465, 156.97674418604652]",4.212252664521161,1.0,0.666015625,False,patches/LIDC-IDRI-0996_n00.npz,96,[3],[1],[6],[4],[5],[1],[1],[5],[1],1.0,1.0,0.0
LIDC-IDRI-0996,1.3.6.1.4.1.14519.5.2.1.6279.6001.842980983137518332429408284002,0,1,1,False,"[337.9259259259259, 303.27777777777777, 222.09259259259258]",5.957024846308033,1.0,0.666015625,False,patches/LIDC-IDRI-0996_n01.npz,96,[4],[1],[6],[5],[5],[1],[1],[5],[1],1.0,1.0,0.0
LIDC-IDRI-0997,1.3.6.1.4.1.14519.5.2.1.6279.6001.803987517543436570820681016103,0,0,2,False,"[250.0494787843195, 57.13940684187344, 180.3204742328586]",10.499077990274042,0.75,0.60546875,False,patches/LIDC-IDRI-0997_n00.npz,96,"[4, 3]","[1, 1]","[6, 6]","[2, 3]","[4, 5]","[3, 1]","[2, 1]","[5, 5]","[2, 2]",2.0,2.0,0.0
LIDC-IDRI-0997,1.3.6.1.4.1.14519.5.2.1.6279.6001.803987517543436570820681016103,0,1,2,False,"[244.31003086419753, 486.645524691358, 184.0581790123457]",5.878370000183908,0.75,0.60546875,False,patches/LIDC-IDRI-0997_n01.npz,96,"[3, 3]","[1, 1]","[3, 3]","[2, 3]","[4, 5]","[1, 2]","[1, 2]","[5, 5]","[1, 1]",1.0,1.0,0.0
LIDC-IDRI-0997,1.3.6.1.4.1.14519.5.2.1.6279.6001.803987517543436570820681016103,0,2,4,False,"[131.1521125734336, 152.90839276598015, 290.9322651172271]",8.182602950879245,0.75,0.60546875,False,patches/LIDC-IDRI-0997_n02.npz,96,"[4, 4, 3, 3]","[1, 1, 1, 1]","[6, 6, 6, 6]","[2, 3, 4, 3]","[3, 5, 3, 4]","[1, 3, 3, 1]","[1, 2, 2, 1]","[4, 5, 5, 5]","[2, 3, 1, 2]",2.0,2.0,0.7071067811865476
LIDC-IDRI-0997,1.3.6.1.4.1.14519.5.2.1.6279.6001.803987517543436570820681016103,0,3,4,False,"[367.8049504780692, 330.2179057849256, 426.2953681887865]",6.883780194725988,0.75,0.60546875,False,patches/LIDC-IDRI-0997_n03.npz,96,"[4, 4, 2, 5]","[1, 1, 1, 1]","[3, 3, 6, 3]","[5, 5, 4, 5]","[4, 5, 4, 5]","[1, 2, 2, 1]","[1, 1, 1, 1]","[5, 5, 5, 5]","[1, 1, 1, 1]",1.0,1.0,0.0
LIDC-IDRI-0997,1.3.6.1.4.1.14519.5.2.1.6279.6001.803987517543436570820681016103,0,4,1,False,"[347.40072202166067, 326.69314079422384, 485.85920577617327]",14.644335363120412,0.75,0.60546875,False,patches/LIDC-IDRI-0997_n04.npz,96,[2],[1],[6],[2],[1],[1],[3],[2],[4],4.0,4.0,0.0
LIDC-IDRI-0998,1.3.6.1.4.1.14519.5.2.1.6279.6001.120301525825493211649827266081,0,0,1,False,"[369.2173913043478, 156.65217391304347, 36.55072463768116]",10.496116283237814,3.0,0.7421875,False,patches/LIDC-IDRI-0998_n00.npz,96,[4],[1],[6],[4],[2],[1],[1],[4],[3],3.0,3.0,0.0
LIDC-IDRI-0998,1.3.6.1.4.1.14519.5.2.1.6279.6001.120301525825493211649827266081,0,1,2,False,"[362.9658289241622, 395.2749118165785, 38.42824074074074]",11.60309523572909,3.0,0.7421875,False,patches/LIDC-IDRI-0998_n01.npz,96,"[5, 4]","[1, 1]","[6, 6]","[2, 3]","[4, 4]","[2, 2]","[2, 2]","[5, 4]","[2, 2]",2.0,2.0,0.0
LIDC-IDRI-0998,1.3.6.1.4.1.14519.5.2.1.6279.6001.120301525825493211649827266081,0,2,1,False,"[345.40909090909093, 384.1818181818182, 41.0]",7.001782871448261,3.0,0.7421875,False,patches/LIDC-IDRI-0998_n02.npz,96,[3],[1],[6],[2],[4],[2],[2],[4],[2],2.0,2.0,0.0
LIDC-IDRI-0998,1.3.6.1.4.1.14519.5.2.1.6279.6001.120301525825493211649827266081,0,3,2,False,"[344.6711956521739, 369.10434782608695, 41.328804347826086]",8.702270271486316,3.0,0.7421875,False,patches/LIDC-IDRI-0998_n03.npz,96,"[3, 4]","[1, 1]","[6, 6]","[3, 3]","[4, 3]","[2, 1]","[2, 1]","[5, 4]","[2, 3]",2.5,2.5,0.5
LIDC-IDRI-0998,1.3.6.1.4.1.14519.5.2.1.6279.6001.120301525825493211649827266081,0,4,1,False,"[323.7852348993289, 214.95302013422818, 47.79865771812081]",19.720412098136094,3.0,0.7421875,False,patches/LIDC-IDRI-0998_n04.npz,96,[4],[1],[6],[3],[4],[3],[1],[4],[3],3.0,3.0,0.0
LIDC-IDRI-0998,1.3.6.1.4.1.14519.5.2.1.6279.6001.120301525825493211649827266081,0,5,4,False,"[289.6306041591629, 317.23914238592636, 55.92592794449394]",12.381728738252539,3.0,0.7421875,False,patches/LIDC-IDRI-0998_n05.npz,96,"[5, 3, 5, 3]","[1, 1, 1, 1]","[6, 6, 6, 6]","[3, 4, 5, 5]","[4, 4, 5, 5]","[2, 2, 1, 1]","[4, 2, 1, 1]","[5, 5, 5, 5]","[3, 5, 5, 2]",3.75,4.0,1.299038105676658
LIDC-IDRI-0998,1.3.6.1.4.1.14519.5.2.1.6279.6001.120301525825493211649827266081,0,6,4,False,"[292.41549336507387, 147.39030520266763, 59.53083035219355]",11.797067832008318,3.0,0.7421875,False,patches/LIDC-IDRI-0998_n06.npz,96,"[5, 5, 5, 5]","[1, 1, 1, 1]","[6, 6, 6, 6]","[3, 4, 3, 5]","[2, 4, 4, 4]","[3, 1, 2, 1]","[3, 1, 1, 5]","[4, 5, 3, 4]","[3, 2, 4, 4]",3.25,3.5,0.82915619758885
LIDC-IDRI-0998,1.3.6.1.4.1.14519.5.2.1.6279.6001.120301525825493211649827266081,0,7,4,False,"[255.94646189942944, 402.94419699049706, 69.15949610852962]",9.402110130061327,3.0,0.7421875,False,patches/LIDC-IDRI-0998_n07.npz,96,"[5, 4, 5, 3]","[1, 1, 1, 1]","[6, 6, 6, 6]","[3, 4, 3, 5]","[4, 5, 2, 5]","[2, 1, 1, 1]","[2, 1, 1, 1]","[5, 5, 4, 5]","[3, 3, 4, 2]",3.0,3.0,0.7071067811865476
LIDC-IDRI-0998,1.3.6.1.4.1.14519.5.2.1.6279.6001.120301525825493211649827266081,0,8,3,False,"[260.1458393458393, 104.46565656565656, 74.32491582491582]",7.491591691487464,3.0,0.7421875,False,patches/LIDC-IDRI-0998_n08.npz,96,"[4, 3, 4]","[1, 1, 1]","[6, 6, 6]","[2, 3, 4]","[2, 3, 2]","[2, 1, 1]","[2, 1, 2]","[4, 5, 3]","[3, 3, 3]",3.0,3.0,0.0
LIDC-IDRI-0998,1.3.6.1.4.1.14519.5.2.1.6279.6001.120301525825493211649827266081,0,9,3,False,"[305.52360566868253, 369.65792606350715, 76.49045278488754]",8.11927955529102,3.0,0.7421875,False,patches/LIDC-IDRI-0998_n09.npz,96,"[4, 2, 5]","[1, 1, 1]","[6, 6, 6]","[3, 3, 3]","[4, 5, 4]","[2, 1, 2]","[3, 1, 1]","[5, 5, 4]","[3, 2, 4]",3.0,3.0,0.816496580927726
LIDC-IDRI-0999,1.3.6.1.4.1.14519.5.2.1.6279.6001.216882370221919561230873289517,0,0,2,False,"[279.83928571428567, 232.37117346938777, 104.01785714285714]",5.28664675719874,1.25,0.654297,False,patches/LIDC-IDRI-0999_n00.npz,96,"[4, 2]","[1, 1]","[6, 6]","[4, 3]","[5, 4]","[1, 1]","[1, 2]","[5, 5]","[3, 3]",3.0,3.0,0.0
LIDC-IDRI-0999,1.3.6.1.4.1.14519.5.2.1.6279.6001.216882370221919561230873289517,0,1,4,False,"[239.4693391779789, 104.05403940422323, 176.59419777526395]",6.137159481119017,1.25,0.654297,False,patches/LIDC-IDRI-0999_n01.npz,96,"[1, 4, 2, 3]","[1, 1, 1, 1]","[6, 6, 6, 6]","[3, 3, 3, 3]","[2, 5, 3, 4]","[3, 2, 1, 1]","[2, 1, 1, 1]","[3, 5, 4, 5]","[3, 3, 3, 3]",3.0,3.0,0.0
LIDC-IDRI-0999,1.3.6.1.4.1.14519.5.2.1.6279.6001.216882370221919561230873289517,0,2,1,False,"[379.17391304347825, 326.1304347826087, 190.0]",5.62847561525019,1.25,0.654297,False,patches/LIDC-IDRI-0999_n02.npz,96,[2],[1],[6],[2],[3],[1],[2],[4],[3],3.0,3.0,0.0
LIDC-IDRI-0999,1.3.6.1.4.1.14519.5.2.1.6279.6001.216882370221919561230873289517,0,3,4,False,"[221.2602938264703, 108.36441281294222, 199.78227112050644]",5.264120028888997,1.25,0.654297,False,patches/LIDC-IDRI-0999_n03.npz,96,"[2, 5, 3, 4]","[1, 1, 1, 1]","[3, 3, 3, 3]","[3, 4, 3, 3]","[5, 5, 5, 5]","[2, 1, 1, 1]","[1, 1, 1, 1]","[5, 5, 5, 5]","[1, 1, 1, 1]",1.0,1.0,0.0
LIDC-IDRI-0999,1.3.6.1.4.1.14519.5.2.1.6279.6001.216882370221919561230873289517,0,4,1,False,"[253.23076923076923, 386.20512820512823, 229.48717948717947]",5.395471283049542,1.25,0.654297,False,patches/LIDC-IDRI-0999_n04.npz,96,[2],[1],[6],[2],[2],[1],[1],[3],[3],3.0,3.0,0.0
LIDC-IDRI-1000,1.3.6.1.4.1.14519.5.2.1.6279.6001.686768766518862600747989429768,0,0,4,False,"[163.04019449715372, 150.0064642631246, 55.94524193548387]",9.918120356969006,3.0,0.738,True,patches/LIDC-IDRI-1000_n00.npz,96,"[4, 4, 5, 5]","[1, 1, 1, 1]","[6, 6, 6, 6]","[4, 4, 4, 5]","[3, 3, 5, 4]","[1, 5, 5, 5]","[3, 4, 2, 1]","[5, 4, 4, 5]","[3, 3, 4, 4]",3.5,3.5,0.5
LIDC-IDRI-1000,1.3.6.1.4.1.14519.5.2.1.6279.6001.686768766518862600747989429768,0,1,1,False,"[293.4032258064516, 408.7258064516129, 62.854838709677416]",6.348516047077455,3.0,0.738,True,patches/LIDC-IDRI-1000_n01.npz,96,[4],[1],[6],[4],[3],[5],[5],[4],[3],3.0,3.0,0.0
LIDC-IDRI-1000,1.3.6.1.4.1.14519.5.2.1.6279.6001.686768766518862600747989429768,0,2,4,False,"[277.9459595959596, 354.7527958152958, 64.57227633477633]",6.480435912655973,3.0,0.738,True,patches/LIDC-IDRI-1000_n02.npz,96,"[1, 1, 4, 1]","[1, 1, 1, 1]","[6, 6, 6, 6]","[5, 5, 3, 5]","[4, 4, 2, 5]","[1, 5, 5, 1]","[1, 5, 4, 1]","[4, 5, 5, 5]","[2, 3, 2, 3]",2.5,2.5,0.5
LIDC-IDRI-1000,1.3.6.1.4.1.14519.5.2.1.6279.6001.686768766518862600747989429768,0,3,3,False,"[322.2768975210836, 389.551487917767, 73.31511732521524]",18.231487278888054,3.0,0.738,True,patches/LIDC-IDRI-1000_n03.npz,96,"[5, 5, 5]","[1, 1, 1]","[5, 3, 6]","[4, 5, 5]","[2, 4, 5]","[1, 5, 5]","[1, 5, 5]","[5, 5, 5]","[1, 1, 5]",2.3333333333333335,1.0,1.8856180831641267
LIDC-IDRI-1000,1.3.6.1.4.1.14519.5.2.1.6279.6001.686768766518862600747989429768,0,4,1,False,"[297.77777777777777, 400.0833333333333, 73.69444444444444]",7.3799999999999955,3.0,0.738,True,patches/LIDC-IDRI-1000_n04.npz,96,[4],[1],[6],[5],[3],[3],[3],[3],[3],3.0,3.0,0.0
LIDC-IDRI-1001,1.3.6.1.4.1.14519.5.2.1.6279.6001.100225287222365663678666836860,0,0,4,False,"[211.5840459483682, 45.036082420705185, 77.83036893129604]",6.80860356403931,2.0,0.64453125,False,patches/LIDC-IDRI-1001_n00.npz,96,"[5, 3, 5, 3]","[1, 1, 1, 1]","[6, 6, 6, 6]","[4, 4, 5, 3]","[5, 4, 5, 4]","[1, 1, 1, 1]","[1, 1, 1, 1]","[5, 5, 5, 5]","[4, 2, 4, 2]",3.0,3.0,1.0
LIDC-IDRI-1001,1.3.6.1.4.1.14519.5.2.1.6279.6001.100225287222365663678666836860,0,1,3,False,"[154.8547843665768, 405.69721473495065, 117.46471248876908]",5.556285701720538,2.0,0.64453125,False,patches/LIDC-IDRI-1001_n01.npz,96,"[4, 2, 5]","[1, 1, 1]","[6, 6, 6]","[5, 5, 4]","[5, 3, 5]","[1, 2, 1]","[1, 2, 1]","[5, 5, 4]","[3, 1, 3]",2.3333333333333335,3.0,0.9428090415820634
LIDC-IDRI-1002,1.3.6.1.4.1.14519.5.2.1.6279.6001.100621383016233746780170740405,0,0,4,False,"[336.36015494336704, 376.09247067258735, 142.00339436967565]",18.803966777144275,2.0,0.556640625,False,patches/LIDC-IDRI-1002_n00.npz,96,"[5, 5, 4, 5]","[1, 1, 1, 1]","[6, 6, 6, 6]","[5, 4, 5, 5]","[3, 4, 5, 5]","[1, 2, 2, 1]","[2, 2, 1, 1]","[4, 4, 5, 5]","[5, 5, 3, 2]",3.75,4.0,1.299038105676658
LIDC-IDRI-1002,1.3.6.1.4.1.14519.5.2.1.6279.6001.100621383016233746780170740405,0,1,4,False,"[250.44253643192633, 379.1914428953687, 230.9207290750546]",20.69516704686682,2.0,0.556640625,False,patches/LIDC-IDRI-1002_n01.npz,96,"[5, 5, 5, 5]","[1, 1, 1, 1]","[6, 6, 6, 6]","[4, 4, 5, 5]","[5, 5, 5, 5]","[1, 2, 1, 3]","[2, 1, 1, 1]","[5, 5, 5, 5]","[5, 5, 3, 2]",3.75,4.0,1.299038105676658
LIDC-IDRI-1002,1.3.6.1.4.1.14519.5.2.1.6279.6001.100621383016233746780170740405,0,2,4,False,"[292.5992950482062, 220.24246322119942, 251.62324225928162]",20.645675170119684,2.0,0.556640625,False,patches/LIDC-IDRI-1002_n02.npz,96,"[5, 5, 5, 5]","[1, 1, 1, 1]","[6, 6, 6, 6]","[5, 4, 5, 5]","[4, 5, 5, 5]","[1, 1, 1, 4]","[2, 1, 2, 1]","[5, 5, 5, 5]","[5, 5, 4, 3]",4.25,4.5,0.82915619758885
LIDC-IDRI-1002,1.3.6.1.4.1.14519.5.2.1.6279.6001.100621383016233746780170740405,0,3,4,False,"[328.23512875380493, 172.79431532263175, 265.79938397206166]",9.657725240910226,2.0,0.556640625,False,patches/LIDC-IDRI-1002_n03.npz,96,"[5, 5, 4, 4]","[1, 1, 1, 1]","[6, 6, 6, 6]","[4, 4, 3, 4]","[4, 5, 5, 5]","[1, 2, 1, 3]","[2, 1, 2, 1]","[5, 5, 5, 5]","[5, 4, 3, 3]",3.75,3.5,0.82915619758885
LIDC-IDRI-1003,1.3.6.1.4.1.14519.5.2.1.6279.6001.229096941293122177107846044795,0,0,1,False,"[385.2800718132855, 187.17175344105326, 94.12567324955117]",31.368184721072282,2.0,0.5859375,False,patches/LIDC-IDRI-1003_n00.npz,96,[5],[1],[6],[4],[2],[3],[2],[1],[3],3.0,3.0,0.0
LIDC-IDRI-1003,1.3.6.1.4.1.14519.5.2.1.6279.6001.229096941293122177107846044795,0,1,3,False,"[131.06451703768087, 120.70169169604198, 102.71132116471101]",6.794658155121881,2.0,0.5859375,False,patches/LIDC-IDRI-1003_n01.npz,96,"[3, 4, 2]","[1, 1, 1]","[6, 6, 6]","[4, 4, 3]","[4, 4, 4]","[1, 1, 4]","[1, 1, 4]","[4, 5, 4]","[2, 1, 3]",2.0,2.0,0.816496580927726
LIDC-IDRI-1003,1.3.6.1.4.1.14519.5.2.1.6279.6001.229096941293122177107846044795,0,2,3,False,"[155.07213317911433, 126.49551112579864, 103.52690295219212]",10.632362049989972,2.0,0.5859375,False,patches/LIDC-IDRI-1003_n02.npz,96,"[4, 4, 4]","[1, 1, 1]","[6, 6, 6]","[4, 3, 3]","[5, 4, 2]","[1, 2, 3]","[1, 2, 4]","[5, 5, 3]","[2, 2, 3]",2.3333333333333335,2.0,0.4714045207910317
LIDC-IDRI-1003,1.3.6.1.4.1.14519.5.2.1.6279.6001.229096941293122177107846044795,0,3,4,False,"[386.3531227224432, 157.99514954187873, 107.66749192885095]",8.793313336568913,2.0,0.5859375,False,patches/LIDC-IDRI-1003_n03.npz,96,"[4, 2, 3, 5]","[1, 1, 1, 1]","[6, 6, 6, 6]","[4, 4, 4, 4]","[4, 5, 3, 4]","[2, 1, 3, 1]","[1, 1, 4, 1]","[5, 5, 4, 5]","[5, 3, 3, 2]",3.25,3.0,1.0897247358851685
LIDC-IDRI-1003,1.3.6.1.4.1.14519.5.2.1.6279.6001.229096941293122177107846044795,0,4,3,False,"[409.06503559658205, 151.63516988141768, 114.38564475813253]",20.075655317846117,2.0,0.5859375,False,patches/LIDC-IDRI-1003_n04.npz,96,"[5, 5, 4]","[1, 1, 1]","[6, 6, 6]","[2, 4, 3]","[4, 3, 3]","[2, 3, 1]","[2, 3, 4]","[4, 4, 5]","[5, 5, 3]",4.333333333333333,5.0,0.9428090415820634
LIDC-IDRI-1003,1.3.6.1.4.1.14519.5.2.1.6279.6001.229096941293122177107846044795,0,5,3,False,"[136.4495101553166, 148.5641577060932, 114.40671445639187]",9.633630557776797,2.0,0.5859375,False,patches/LIDC-IDRI-1003_n05.npz,96,"[4, 2, 3]","[1, 1, 1]","[6, 6, 6]","[4, 3, 3]","[5, 4, 4]","[1, 2, 3]","[1, 2, 5]","[5, 5, 4]","[2, 2, 3]",2.3333333333333335,2.0,0.4714045207910317
LIDC-IDRI-1003,1.3.6.1.4.1.14519.5.2.1.6279.6001.229096941293122177107846044795,0,6,2,False,"[202.00166229488195, 311.38138229732203, 129.30999511986823]",12.2832088577609,2.0,0.5859375,False,patches/LIDC-IDRI-1003_n06.npz,96,"[4, 3]","[1, 1]","[6, 6]","[3, 3]","[4, 2]","[2, 1]","[2, 3]","[5, 3]","[4, 3]",3.5,3.5,0.5
LIDC-IDRI-1003,1.3.6.1.4.1.14519.5.2.1.6279.6001.229096941293122177107846044795,0,7,1,False,"[340.8181818181818, 172.4318181818182, 156.4375]",13.489294257681255,2.0,0.5859375,False,patches/LIDC-IDRI-1003_n07.npz,96,[4],[1],[6],[4],[2],[2],[3],[3],[3],3.0,3.0,0.0
LIDC-IDRI-1004,1.3.6.1.4.1.14519.5.2.1.6279.6001.141511313712034597336182402384,0,0,4,False,"[391.0486274886299, 306.2645037047077, 297.9565295473028]",4.987549653513954,1.25,0.605469,False,patches/LIDC-IDRI-1004_n00.npz,96,"[4, 4, 3, 3]","[1, 1, 1, 1]","[6, 6, 6, 6]","[3, 4, 5, 5]","[4, 5, 5, 5]","[1, 1, 1, 1]","[1, 1, 1, 1]","[5, 5, 5, 5]","[2, 2, 2, 3]",2.25,2.0,0.4330127018922193
LIDC-IDRI-1004,1.3.6.1.4.1.14519.5.2.1.6279.6001.141511313712034597336182402384,0,1,1,False,"[258.93658536585366, 91.88780487804878, 322.86341463414635]",8.668996801360867,1.25,0.605469,False,patches/LIDC-IDRI-1004_n01.npz,96,[4],[1],[6],[4],[4],[1],[1],[5],[3],3.0,3.0,0.0
LIDC-IDRI-1004,1.3.6.1.4.1.14519.5.2.1.6279.6001.141511313712034597336182402384,0,2,4,False,"[194.714904207649, 394.9648593789565, 379.2766039706584]",23.99923488946119,1.25,0.605469,False,patches/LIDC-IDRI-1004_n02.npz,96,"[5, 5, 5, 5]","[1, 1, 1, 1]","[6, 6, 6, 6]","[4, 2, 5, 4]","[3, 3, 4, 3]","[3, 4, 1, 5]","[4, 4, 5, 4]","[3, 5, 4, 5]","[5, 5, 4, 5]",4.75,5.0,0.4330127018922193
LIDC-IDRI-1004,1.3.6.1.4.1.14519.5.2.1.6279.6001.141511313712034597336182402384,0,3,3,False,"[151.44771257025772, 164.02243915234337, 408.89979644170154]",9.409052811031573,1.25,0.605469,False,patches/LIDC-IDRI-1004_n03.npz,96,"[4, 5, 4]","[1, 1, 1]","[6, 6, 6]","[3, 5, 4]","[4, 5, 3]","[2, 3, 3]","[1, 1, 2]","[5, 5, 4]","[3, 2, 3]",2.6666666666666665,3.0,0.4714045207910317
LIDC-IDRI-1005,1.3.6.1.4.1.14519.5.2.1.6279.6001.142485715518010940961688015191,0,0,3,False,"[339.9044997486174, 325.2555765041059, 95.4557147645383]",7.260634984719318,1.0,0.6640625,False,patches/LIDC-IDRI-1005_n00.npz,96,"[4, 2, 2]","[1, 1, 1]","[6, 6, 6]","[3, 5, 5]","[5, 4, 4]","[1, 1, 1]","[1, 1, 1]","[5, 5, 5]","[2, 3, 3]",2.6666666666666665,3.0,0.4714045207910317
LIDC-IDRI-1005,1.3.6.1.4.1.14519.5.2.1.6279.6001.142485715518010940961688015191,0,1,1,False,"[288.40845070422534, 75.3943661971831, 130.92957746478874]",6.9330160410734125,1.0,0.6640625,False,patches/LIDC-IDRI-1005_n01.npz,96,[4],[1],[6],[4],[5],[1],[1],[5],[2],2.0,2.0,0.0
LIDC-IDRI-1005,1.3.6.1.4.1.14519.5.2.1.6279.6001.142485715518010940961688015191,0,2,1,False,"[168.8139534883721, 361.22093023255815, 152.34883720930233]",6.9330160410734125,1.0,0.6640625,False,patches/LIDC-IDRI-1005_n02.npz,96,[1],[1],[6],[2],[3],[1],[1],[5],[2],2.0,2.0,0.0
LIDC-IDRI-1005,1.3.6.1.4.1.14519.5.2.1.6279.6001.142485715518010940961688015191,0,3,1,False,"[181.96825396825398, 101.93650793650794, 191.06349206349208]",6.540257134005226,1.0,0.6640625,False,patches/LIDC-IDRI-1005_n03.npz,96,[1],[1],[6],[4],[3],[1],[1],[1],[3],3.0,3.0,0.0
LIDC-IDRI-1005,1.3.6.1.4.1.14519.5.2.1.6279.6001.142485715518010940961688015191,0,4,3,False,"[191.71947128287707, 85.52328234031131, 193.80971551261405]",6.475448448852816,1.0,0.6640625,False,patches/LIDC-IDRI-1005_n04.npz,96,"[3, 2, 3]","[1, 1, 1]","[6, 6, 6]","[3, 4, 4]","[5, 4, 4]","[1, 1, 1]","[1, 1, 1]","[5, 5, 5]","[3, 2, 3]",2.6666666666666665,3.0,0.4714045207910317
LIDC-IDRI-1005,1.3.6.1.4.1.14519.5.2.1.6279.6001.142485715518010940961688015191,0,5,4,False,"[119.28882288532552, 112.8305972494143, 194.69167315531584]",9.562468329989862,1.0,0.6640625,False,patches/LIDC-IDRI-1005_n05.npz,96,"[4, 4, 3, 3]","[1, 1, 1, 1]","[6, 6, 6, 6]","[4, 4, 3, 5]","[5, 4, 4, 5]","[1, 1, 1, 1]","[1, 1, 1, 1]","[5, 5, 5, 5]","[2, 3, 3, 2]",2.5,2.5,0.5
LIDC-IDRI-1005,1.3.6.1.4.1.14519.5.2.1.6279.6001.142485715518010940961688015191,0,6,1,False,"[276.34375, 309.640625, 262.984375]",6.299850026116693,1.0,0.6640625,False,patches/LIDC-IDRI-1005_n06.npz,96,[1],[1],[6],[4],[2],[1],[1],[1],[3],3.0,3.0,0.0
LIDC-IDRI-1006,1.3.6.1.4.1.14519.5.2.1.6279.6001.397062004302272014259317520874,0,0,2,False,"[233.1806268720582, 104.62521394950792, 94.04706889174155]",8.815373400015059,1.0,0.78125,False,patches/LIDC-IDRI-1006_n00.npz,96,"[5, 5]","[1, 1]","[6, 6]","[4, 4]","[4, 5]","[1, 1]","[1, 1]","[5, 5]","[3, 4]",3.5,3.5,0.5
LIDC-IDRI-1007,1.3.6.1.4.1.14519.5.2.1.6279.6001.675543413149938600000570588203,0,0,4,False,"[124.05231973995272, 88.77550122749591, 65.57945308237862]",6.914614369149301,2.0,0.64453125,False,patches/LIDC-IDRI-1007_n00.npz,96,"[4, 2, 3, 3]","[1, 1, 1, 1]","[6, 6, 6, 6]","[3, 3, 3, 5]","[4, 4, 2, 5]","[1, 1, 2, 1]","[1, 1, 1, 1]","[5, 5, 4, 5]","[4, 2, 1, 2]",2.25,2.0,1.0897247358851685
LIDC-IDRI-1007,1.3.6.1.4.1.14519.5.2.1.6279.6001.675543413149938600000570588203,0,1,3,False,"[303.17394171094566, 417.16420637560515, 77.92572701401859]",42.09192359330651,2.0,0.64453125,False,patches/LIDC-IDRI-1007_n01.npz,96,"[5, 5, 5]","[1, 1, 1]","[6, 6, 6]","[2, 4, 4]","[3, 4, 4]","[2, 3, 5]","[3, 4, 2]","[5, 5, 5]","[5, 5, 5]",5.0,5.0,0.0
LIDC-IDRI-1008,1.3.6.1.4.1.14519.5.2.1.6279.6001.332510758903897288735539953182,0,0,2,False,"[339.48624559859155, 438.57328345070425, 38.920224471830984]",7.358510343207782,3.0,0.72,True,patches/LIDC-IDRI-1008_n00.npz,96,"[4, 4]","[1, 1]","[6, 6]","[3, 4]","[3, 4]","[1, 1]","[2, 1]","[3, 4]","[3, 2]",2.5,2.5,0.5
LIDC-IDRI-1008,1.3.6.1.4.1.14519.5.2.1.6279.6001.332510758903897288735539953182,0,1,3,False,"[262.9407511324884, 104.01735952053748, 61.79401117218914]",6.929138735859552,3.0,0.72,True,patches/LIDC-IDRI-1008_n01.npz,96,"[5, 3, 4]","[1, 1, 1]","[6, 6, 6]","[5, 5, 3]","[4, 4, 3]","[2, 2, 4]","[3, 1, 3]","[5, 3, 4]","[3, 3, 2]",2.6666666666666665,3.0,0.4714045207910317
LIDC-IDRI-1008,1.3.6.1.4.1.14519.5.2.1.6279.6001.332510758903897288735539953182,0,2,2,False,"[220.94896115627824, 119.01309846431798, 68.26626016260163]",10.562844369947154,3.0,0.72,True,patches/LIDC-IDRI-1008_n02.npz,96,"[5, 3]","[1, 1]","[3, 3]","[2, 4]","[5, 5]","[1, 1]","[1, 1]","[5, 5]","[1, 1]",1.0,1.0,0.0
LIDC-IDRI-1008,1.3.6.1.4.1.14519.5.2.1.6279.6001.332510758903897288735539953182,0,3,1,False,"[202.51282051282053, 118.17948717948718, 68.53846153846153]",6.151682696628626,3.0,0.72,True,patches/LIDC-IDRI-1008_n03.npz,96,[5],[1],[3],[5],[5],[1],[1],[5],[1],1.0,1.0,0.0
LIDC-IDRI-1008,1.3.6.1.4.1.14519.5.2.1.6279.6001.332510758903897288735539953182,0,4,2,False,"[372.2644431209053, 209.14383561643837, 78.7552114353782]",6.966365500484805,3.0,0.72,True,patches/LIDC-IDRI-1008_n04.npz,96,"[5, 2]","[1, 1]","[6, 6]","[3, 4]","[4, 3]","[2, 1]","[3, 1]","[4, 4]","[3, 2]",2.5,2.5,0.5
LIDC-IDRI-1008,1.3.6.1.4.1.14519.5.2.1.6279.6001.332510758903897288735539953182,0,5,1,False,"[228.16666666666666, 141.0, 82.47619047619048]",5.937272100889422,3.0,0.72,True,patches/LIDC-IDRI-1008_n05.npz,96,[3],[1],[6],[2],[3],[2],[2],[3],[2],2.0,2.0,0.0
LIDC-IDRI-1009,1.3.6.1.4.1.14519.5.2.1.6279.6001.855232435861303786204450738044,0,0,1,False,"[322.7156862745098, 312.4901960784314, 59.26820728291317]",37.43108902745484,2.5,0.703125,True,patches/LIDC-IDRI-1009_n00.npz,96,[3],[1],[6],[5],[5],[1],[1],[5],[2],2.0,2.0,0.0
LIDC-IDRI-1010,1.3.6.1.4.1.14519.5.2.1.6279.6001.550599855064600241623943717588,0,0,3,False,"[366.71294117647057, 195.15032679738565, 126.5035294117647]",8.314055738283427,1.25,0.78125,True,patches/LIDC-IDRI-1010_n00.npz,96,"[3, 2, 3]","[1, 1, 1]","[6, 6, 6]","[2, 3, 2]","[5, 5, 5]","[1, 1, 1]","[1, 1, 1]","[5, 5, 5]","[2, 3, 2]",2.3333333333333335,2.0,0.4714045207910317
LIDC-IDRI-1011,1.3.6.1.4.1.14519.5.2.1.6279.6001.272123398257168239653655006815,0,0,4,False,"[297.3897863465488, 406.208414244347, 56.49468068218698]",28.67580489709698,2.5,0.859375,False,patches/LIDC-IDRI-1011_n00.npz,96,"[5, 5, 5, 5]","[1, 4, 4, 4]","[6, 6, 6, 6]","[5, 3, 5, 5]","[4, 3, 4, 5]","[1, 3, 1, 1]","[5, 4, 2, 1]","[4, 1, 5, 3]","[4, 3, 4, 3]",3.5,3.5,0.5
LIDC-IDRI-1011,1.3.6.1.4.1.14519.5.2.1.6279.6001.272123398257168239653655006815,0,1,4,False,"[253.7902565584493, 381.02323140789196, 72.59879870873114]",32.8592102048355,2.5,0.859375,False,patches/LIDC-IDRI-1011_n01.npz,96,"[5, 5, 5, 5]","[1, 1, 1, 1]","[6, 6, 6, 6]","[5, 3, 3, 3]","[5, 2, 4, 4]","[4, 3, 3, 2]","[1, 3, 1, 2]","[5, 5, 5, 5]","[3, 5, 5, 5]",4.5,5.0,0.8660254037844386
LIDC-IDRI-1011,1.3.6.1.4.1.14519.5.2.1.6279.6001.272123398257168239653655006815,0,2,4,False,"[166.75800279597732, 213.26093117393793, 85.91653528684901]",22.721655181024957,2.5,0.859375,False,patches/LIDC-IDRI-1011_n02.npz,96,"[3, 5, 5, 5]","[1, 1, 1, 1]","[6, 6, 6, 6]","[4, 3, 4, 3]","[3, 2, 3, 4]","[1, 4, 3, 2]","[1, 4, 2, 3]","[5, 5, 5, 5]","[2, 5, 5, 5]",4.25,5.0,1.299038105676658
LIDC-IDRI-1011,1.3.6.1.4.1.14519.5.2.1.6279.6001.272123398257168239653655006815,0,3,1,False,"[231.57894736842104, 205.10526315789474, 108.5]",6.544805012851796,2.5,0.859375,False,patches/LIDC-IDRI-1011_n03.npz,96,[1],[1],[6],[4],[2],[1],[1],[1],[2],2.0,2.0,0.0
LIDC-IDRI-1012,1.3.6.1.4.1.14519.5.2.1.6279.6001.153646219551578201092527860224,0,0,4,False,"[152.8208681441629, 144.62440994289398, 61.288554686865076]",9.267563364103658,2.5,0.722656,False,patches/LIDC-IDRI-1012_n00.npz,96,"[1, 4, 4, 4]","[1, 1, 1, 1]","[6, 6, 6, 6]","[5, 4, 4, 4]","[2, 4, 5, 3]","[1, 2, 1, 1]","[1, 2, 1, 1]","[1, 3, 5, 5]","[2, 2, 2, 2]",2.0,2.0,0.0
