patient_id,scan_idx,nodule_idx,patch_file,n_readers,diameter_mm,mal_mean,mal_std,stratum,bin_label,fold
LIDC-IDRI-0001,0,0,patches/LIDC-IDRI-0001_n00.npz,4,32.755812386471106,4.75,0.4330127018922193,malignant,1,3
LIDC-IDRI-0003,0,1,patches/LIDC-IDRI-0003_n01.npz,4,31.001964027750965,4.25,0.82915619758885,malignant,1,0
LIDC-IDRI-0003,0,2,patches/LIDC-IDRI-0003_n02.npz,4,13.30915538551264,3.25,0.82915619758885,malignant,1,0
LIDC-IDRI-0003,0,3,patches/LIDC-IDRI-0003_n03.npz,4,14.983128350671969,3.5,1.118033988749895,malignant,1,0
LIDC-IDRI-0004,0,0,patches/LIDC-IDRI-0004_n00.npz,4,6.817327425145711,1.25,0.4330127018922193,benign,0,0
LIDC-IDRI-0005,0,0,patches/LIDC-IDRI-0005_n00.npz,4,5.696569523133998,2.75,0.4330127018922193,benign,0,2
LIDC-IDRI-0005,0,1,patches/LIDC-IDRI-0005_n01.npz,4,7.903706425240214,2.75,0.4330127018922193,benign,0,2
LIDC-IDRI-0006,0,3,patches/LIDC-IDRI-0006_n03.npz,4,8.763416161900523,3.0,0.7071067811865476,indeterminate,-1,1
LIDC-IDRI-0007,0,0,patches/LIDC-IDRI-0007_n00.npz,4,34.442065596612395,4.75,0.4330127018922193,malignant,1,3
LIDC-IDRI-0008,0,0,patches/LIDC-IDRI-0008_n00.npz,3,9.095609242035335,2.6666666666666665,0.4714045207910317,benign,0,1
LIDC-IDRI-0008,0,1,patches/LIDC-IDRI-0008_n01.npz,4,8.397048493288045,2.75,0.4330127018922193,benign,0,1
LIDC-IDRI-0010,0,2,patches/LIDC-IDRI-0010_n02.npz,4,10.026450675531889,3.25,0.82915619758885,malignant,1,3
LIDC-IDRI-0011,0,0,patches/LIDC-IDRI-0011_n00.npz,4,9.346321891099844,3.0,0.7071067811865476,indeterminate,-1,0
LIDC-IDRI-0011,0,5,patches/LIDC-IDRI-0011_n05.npz,4,6.203326721609065,1.25,0.4330127018922193,benign,0,0
LIDC-IDRI-0011,0,9,patches/LIDC-IDRI-0011_n09.npz,4,15.267015577693437,3.75,1.0897247358851685,malignant,1,0
LIDC-IDRI-0012,0,0,patches/LIDC-IDRI-0012_n00.npz,3,5.896404468361894,2.6666666666666665,0.4714045207910317,benign,0,3
LIDC-IDRI-0012,0,1,patches/LIDC-IDRI-0012_n01.npz,4,6.961291060999994,2.5,0.5,benign,0,3
LIDC-IDRI-0012,0,2,patches/LIDC-IDRI-0012_n02.npz,3,6.091459214642522,2.6666666666666665,0.4714045207910317,benign,0,3
LIDC-IDRI-0012,0,3,patches/LIDC-IDRI-0012_n03.npz,4,12.69586769323868,3.5,1.118033988749895,malignant,1,3
LIDC-IDRI-0012,0,5,patches/LIDC-IDRI-0012_n05.npz,4,7.501931459222398,2.75,0.4330127018922193,benign,0,3
LIDC-IDRI-0012,0,6,patches/LIDC-IDRI-0012_n06.npz,4,7.871139801495211,3.0,0.7071067811865476,indeterminate,-1,3
LIDC-IDRI-0012,0,8,patches/LIDC-IDRI-0012_n08.npz,4,8.251650495904371,2.5,0.5,benign,0,3
LIDC-IDRI-0012,0,9,patches/LIDC-IDRI-0012_n09.npz,3,7.1134021111009575,2.6666666666666665,0.4714045207910317,benign,0,3
LIDC-IDRI-0012,0,10,patches/LIDC-IDRI-0012_n10.npz,3,6.8406600460476215,2.6666666666666665,0.4714045207910317,benign,0,3
LIDC-IDRI-0013,0,1,patches/LIDC-IDRI-0013_n01.npz,4,10.722210292715644,3.25,0.82915619758885,malignant,1,2
LIDC-IDRI-0013,0,2,patches/LIDC-IDRI-0013_n02.npz,4,21.96984973564483,4.75,0.4330127018922193,malignant,1,2
LIDC-IDRI-0014,0,0,patches/LIDC-IDRI-0014_n00.npz,4,17.784388422049286,3.5,1.118033988749895,malignant,1,0
LIDC-IDRI-0015,0,0,patches/LIDC-IDRI-0015_n00.npz,4,23.4707737119894,4.25,0.82915619758885,malignant,1,4
LIDC-IDRI-0016,0,0,patches/LIDC-IDRI-0016_n00.npz,4,17.77130594143522,4.0,0.7071067811865476,malignant,1,3
LIDC-IDRI-0016,0,1,patches/LIDC-IDRI-0016_n01.npz,4,12.370181590063408,3.75,0.82915619758885,malignant,1,3
LIDC-IDRI-0016,0,3,patches/LIDC-IDRI-0016_n03.npz,4,8.012347435968932,2.75,0.4330127018922193,benign,0,3
LIDC-IDRI-0016,0,4,patches/LIDC-IDRI-0016_n04.npz,4,6.903777018451885,2.75,0.4330127018922193,benign,0,3
LIDC-IDRI-0016,0,5,patches/LIDC-IDRI-0016_n05.npz,4,18.62291349209224,4.5,0.5,malignant,1,3
LIDC-IDRI-0017,0,0,patches/LIDC-IDRI-0017_n00.npz,4,7.817360901635803,2.5,0.5,benign,0,4
LIDC-IDRI-0018,0,0,patches/LIDC-IDRI-0018_n00.npz,3,5.829439380033636,2.333333333333333,0.4714045207910317,benign,0,2
LIDC-IDRI-0018,0,1,patches/LIDC-IDRI-0018_n01.npz,4,11.562617089904563,3.0,1.224744871391589,indeterminate,-1,2
LIDC-IDRI-0018,0,2,patches/LIDC-IDRI-0018_n02.npz,3,8.114038859855265,2.6666666666666665,0.4714045207910317,benign,0,2
LIDC-IDRI-0018,0,3,patches/LIDC-IDRI-0018_n03.npz,4,21.796444929269107,4.5,0.8660254037844386,malignant,1,2
LIDC-IDRI-0020,0,1,patches/LIDC-IDRI-0020_n01.npz,4,7.211083302823991,2.75,0.4330127018922193,benign,0,2
LIDC-IDRI-0021,0,2,patches/LIDC-IDRI-0021_n02.npz,4,9.585359215919883,1.5,0.8660254037844386,benign,0,3
LIDC-IDRI-0023,0,0,patches/LIDC-IDRI-0023_n00.npz,4,37.48782414749885,4.75,0.4330127018922193,malignant,1,1
LIDC-IDRI-0024,0,0,patches/LIDC-IDRI-0024_n00.npz,3,6.1167397213721655,2.6666666666666665,0.4714045207910317,benign,0,3
LIDC-IDRI-0024,0,1,patches/LIDC-IDRI-0024_n01.npz,4,15.102328938660438,3.25,0.82915619758885,malignant,1,3
LIDC-IDRI-0024,0,2,patches/LIDC-IDRI-0024_n02.npz,3,14.469358127584158,2.0,0.816496580927726,benign,0,3
LIDC-IDRI-0027,0,0,patches/LIDC-IDRI-0027_n00.npz,4,10.431100415176957,2.75,0.4330127018922193,benign,0,3
LIDC-IDRI-0027,0,1,patches/LIDC-IDRI-0027_n01.npz,3,9.84451605464018,2.6666666666666665,0.4714045207910317,benign,0,3
LIDC-IDRI-0027,0,3,patches/LIDC-IDRI-0027_n03.npz,4,8.370248830267908,2.5,0.5,benign,0,3
LIDC-IDRI-0027,0,4,patches/LIDC-IDRI-0027_n04.npz,3,9.068960554776584,2.6666666666666665,0.4714045207910317,benign,0,3
LIDC-IDRI-0031,0,2,patches/LIDC-IDRI-0031_n02.npz,4,14.006934977202182,3.5,0.8660254037844386,malignant,1,4
LIDC-IDRI-0031,0,3,patches/LIDC-IDRI-0031_n03.npz,4,8.776028352426358,2.5,0.5,benign,0,4
LIDC-IDRI-0031,0,4,patches/LIDC-IDRI-0031_n04.npz,4,18.7050589643358,4.5,0.5,malignant,1,4
LIDC-IDRI-0033,0,0,patches/LIDC-IDRI-0033_n00.npz,4,10.139131648461492,3.0,1.0,indeterminate,-1,0
LIDC-IDRI-0034,0,0,patches/LIDC-IDRI-0034_n00.npz,3,5.729700603895561,2.0,0.0,benign,0,2
LIDC-IDRI-0036,0,1,patches/LIDC-IDRI-0036_n01.npz,4,11.16524419824512,3.75,0.82915619758885,malignant,1,1
LIDC-IDRI-0037,0,0,patches/LIDC-IDRI-0037_n00.npz,4,18.53994128243076,4.0,0.7071067811865476,malignant,1,2
LIDC-IDRI-0037,0,1,patches/LIDC-IDRI-0037_n01.npz,3,9.620805027439166,3.6666666666666665,0.4714045207910317,malignant,1,2
LIDC-IDRI-0039,0,0,patches/LIDC-IDRI-0039_n00.npz,4,8.161888526427742,1.5,0.8660254037844386,benign,0,0
LIDC-IDRI-0039,0,1,patches/LIDC-IDRI-0039_n01.npz,4,6.630991719297576,1.5,0.8660254037844386,benign,0,0
LIDC-IDRI-0039,0,2,patches/LIDC-IDRI-0039_n02.npz,4,6.344833413196427,1.25,0.4330127018922193,benign,0,0
LIDC-IDRI-0039,0,3,patches/LIDC-IDRI-0039_n03.npz,4,8.141289403707411,1.0,0.0,benign,0,0
LIDC-IDRI-0039,0,4,patches/LIDC-IDRI-0039_n04.npz,4,9.491374637071615,2.75,0.4330127018922193,benign,0,0
LIDC-IDRI-0040,0,1,patches/LIDC-IDRI-0040_n01.npz,4,7.471763933037472,2.75,0.4330127018922193,benign,0,2
LIDC-IDRI-0041,0,0,patches/LIDC-IDRI-0041_n00.npz,4,24.04969269012732,3.75,0.82915619758885,malignant,1,0
LIDC-IDRI-0042,0,2,patches/LIDC-IDRI-0042_n02.npz,3,6.762085457000405,3.0,0.816496580927726,indeterminate,-1,1
LIDC-IDRI-0042,0,3,patches/LIDC-IDRI-0042_n03.npz,4,9.251339511067872,3.25,0.4330127018922193,malignant,1,1
LIDC-IDRI-0042,0,8,patches/LIDC-IDRI-0042_n08.npz,4,6.644486687044092,2.75,0.82915619758885,benign,0,1
LIDC-IDRI-0043,0,0,patches/LIDC-IDRI-0043_n00.npz,3,11.426785033609676,3.0,1.4142135623730951,indeterminate,-1,2
LIDC-IDRI-0043,0,1,patches/LIDC-IDRI-0043_n01.npz,3,19.45837918865746,3.0,1.4142135623730951,indeterminate,-1,2
LIDC-IDRI-0043,0,2,patches/LIDC-IDRI-0043_n02.npz,4,20.25775981902453,4.5,0.8660254037844386,malignant,1,2
LIDC-IDRI-0044,0,1,patches/LIDC-IDRI-0044_n01.npz,4,12.465228277220112,1.5,0.8660254037844386,benign,0,0
LIDC-IDRI-0044,0,2,patches/LIDC-IDRI-0044_n02.npz,4,31.086422592000407,4.0,1.0,malignant,1,0
LIDC-IDRI-0044,0,3,patches/LIDC-IDRI-0044_n03.npz,4,12.51948402279579,3.0,0.7071067811865476,indeterminate,-1,0
LIDC-IDRI-0045,0,0,patches/LIDC-IDRI-0045_n00.npz,4,8.397258724047575,3.0,0.7071067811865476,indeterminate,-1,3
LIDC-IDRI-0045,0,2,patches/LIDC-IDRI-0045_n02.npz,3,12.616147790203934,4.0,0.0,malignant,1,3
LIDC-IDRI-0045,0,4,patches/LIDC-IDRI-0045_n04.npz,4,7.371434226554557,3.25,0.82915619758885,malignant,1,3
LIDC-IDRI-0045,0,5,patches/LIDC-IDRI-0045_n05.npz,4,7.265242366041631,1.5,0.8660254037844386,benign,0,3
LIDC-IDRI-0045,0,9,patches/LIDC-IDRI-0045_n09.npz,4,18.297308778531267,4.5,0.8660254037844386,malignant,1,3
LIDC-IDRI-0045,0,10,patches/LIDC-IDRI-0045_n10.npz,4,8.78272639969489,2.75,0.82915619758885,benign,0,3
LIDC-IDRI-0045,0,11,patches/LIDC-IDRI-0045_n11.npz,4,10.751415333616306,3.5,0.5,malignant,1,3
LIDC-IDRI-0046,0,1,patches/LIDC-IDRI-0046_n01.npz,3,9.010207288804253,2.6666666666666665,0.4714045207910317,benign,0,4
LIDC-IDRI-0046,0,2,patches/LIDC-IDRI-0046_n02.npz,3,6.381654528653719,2.6666666666666665,0.4714045207910317,benign,0,4
LIDC-IDRI-0046,0,3,patches/LIDC-IDRI-0046_n03.npz,3,5.763234003008622,2.6666666666666665,0.4714045207910317,benign,0,4
LIDC-IDRI-0046,0,4,patches/LIDC-IDRI-0046_n04.npz,4,7.791156404460091,2.25,0.4330127018922193,benign,0,4
LIDC-IDRI-0046,0,5,patches/LIDC-IDRI-0046_n05.npz,3,8.2993344028691,2.6666666666666665,0.4714045207910317,benign,0,4
LIDC-IDRI-0046,0,6,patches/LIDC-IDRI-0046_n06.npz,4,7.608462281173256,2.75,0.4330127018922193,benign,0,4
LIDC-IDRI-0047,0,0,patches/LIDC-IDRI-0047_n00.npz,4,18.84252539993499,4.25,0.82915619758885,malignant,1,4
LIDC-IDRI-0048,0,2,patches/LIDC-IDRI-0048_n02.npz,3,21.207683649109427,3.6666666666666665,1.247219128924647,malignant,1,3
LIDC-IDRI-0049,0,4,patches/LIDC-IDRI-0049_n04.npz,3,7.29529606664918,2.333333333333333,0.4714045207910317,benign,0,1
LIDC-IDRI-0049,0,5,patches/LIDC-IDRI-0049_n05.npz,3,7.638828353096021,2.333333333333333,0.4714045207910317,benign,0,1
LIDC-IDRI-0049,0,7,patches/LIDC-IDRI-0049_n07.npz,3,7.301630644931283,2.333333333333333,0.4714045207910317,benign,0,1
LIDC-IDRI-0049,0,8,patches/LIDC-IDRI-0049_n08.npz,4,6.960838402147672,2.5,0.5,benign,0,1
LIDC-IDRI-0049,0,9,patches/LIDC-IDRI-0049_n09.npz,4,11.56628257133004,3.5,0.5,malignant,1,1
LIDC-IDRI-0049,0,10,patches/LIDC-IDRI-0049_n10.npz,4,7.655062752172956,2.5,0.5,benign,0,1
LIDC-IDRI-0049,0,11,patches/LIDC-IDRI-0049_n11.npz,3,6.056806055478056,1.6666666666666667,0.4714045207910317,benign,0,1
LIDC-IDRI-0049,0,14,patches/LIDC-IDRI-0049_n14.npz,4,8.437585136701497,2.25,0.4330127018922193,benign,0,1
LIDC-IDRI-0050,0,0,patches/LIDC-IDRI-0050_n00.npz,4,32.72064289205031,4.0,1.0,malignant,1,2
LIDC-IDRI-0051,0,1,patches/LIDC-IDRI-0051_n01.npz,4,15.322426360220854,3.75,1.0897247358851685,malignant,1,3
LIDC-IDRI-0051,0,2,patches/LIDC-IDRI-0051_n02.npz,4,14.962905733419689,3.5,1.118033988749895,malignant,1,3
LIDC-IDRI-0052,0,0,patches/LIDC-IDRI-0052_n00.npz,4,11.461238877374216,2.0,0.7071067811865476,benign,0,3
LIDC-IDRI-0052,0,1,patches/LIDC-IDRI-0052_n01.npz,4,28.78252019434365,4.75,0.4330127018922193,malignant,1,3
LIDC-IDRI-0053,0,0,patches/LIDC-IDRI-0053_n00.npz,4,25.56026919328538,4.0,0.7071067811865476,malignant,1,0
LIDC-IDRI-0053,0,1,patches/LIDC-IDRI-0053_n01.npz,4,12.596769618268173,3.25,0.82915619758885,malignant,1,0
LIDC-IDRI-0054,0,0,patches/LIDC-IDRI-0054_n00.npz,4,20.01522705521207,4.0,1.224744871391589,malignant,1,1
LIDC-IDRI-0055,0,1,patches/LIDC-IDRI-0055_n01.npz,4,9.186081627499757,3.5,0.8660254037844386,malignant,1,0
LIDC-IDRI-0055,0,4,patches/LIDC-IDRI-0055_n04.npz,4,15.315359968164625,4.25,0.82915619758885,malignant,1,0
LIDC-IDRI-0056,0,0,patches/LIDC-IDRI-0056_n00.npz,4,12.94819895725476,3.25,0.4330127018922193,malignant,1,4
LIDC-IDRI-0056,0,1,patches/LIDC-IDRI-0056_n01.npz,3,6.014622947446676,2.333333333333333,0.4714045207910317,benign,0,4
LIDC-IDRI-0056,0,2,patches/LIDC-IDRI-0056_n02.npz,3,6.231379452015504,2.333333333333333,0.4714045207910317,benign,0,4
LIDC-IDRI-0057,0,0,patches/LIDC-IDRI-0057_n00.npz,4,30.851935468563035,4.75,0.4330127018922193,malignant,1,1
LIDC-IDRI-0058,0,0,patches/LIDC-IDRI-0058_n00.npz,3,37.15508208607756,5.0,0.0,malignant,1,1
LIDC-IDRI-0058,0,2,patches/LIDC-IDRI-0058_n02.npz,4,29.761583388436105,4.0,1.0,malignant,1,1
LIDC-IDRI-0059,0,0,patches/LIDC-IDRI-0059_n00.npz,4,13.40390112095652,4.25,0.4330127018922193,malignant,1,2
LIDC-IDRI-0060,0,0,patches/LIDC-IDRI-0060_n00.npz,4,13.906047066969784,4.25,0.82915619758885,malignant,1,3
LIDC-IDRI-0060,0,3,patches/LIDC-IDRI-0060_n03.npz,3,15.442491831312289,4.666666666666667,0.4714045207910317,malignant,1,3
LIDC-IDRI-0061,0,0,patches/LIDC-IDRI-0061_n00.npz,4,23.580196468599585,4.0,1.224744871391589,malignant,1,4
LIDC-IDRI-0061,0,2,patches/LIDC-IDRI-0061_n02.npz,3,8.234042169031257,2.6666666666666665,0.4714045207910317,benign,0,4
LIDC-IDRI-0061,0,3,patches/LIDC-IDRI-0061_n03.npz,4,12.752605761779735,2.75,0.4330127018922193,benign,0,4
LIDC-IDRI-0061,0,4,patches/LIDC-IDRI-0061_n04.npz,4,11.75060928887084,2.5,0.5,benign,0,4
LIDC-IDRI-0061,0,5,patches/LIDC-IDRI-0061_n05.npz,3,37.90469369897283,4.0,1.4142135623730951,malignant,1,4
LIDC-IDRI-0063,0,1,patches/LIDC-IDRI-0063_n01.npz,3,10.481181049385375,3.333333333333333,0.4714045207910317,malignant,1,1
LIDC-IDRI-0063,0,3,patches/LIDC-IDRI-0063_n03.npz,4,8.534012638112312,2.75,0.4330127018922193,benign,0,1
LIDC-IDRI-0064,0,0,patches/LIDC-IDRI-0064_n00.npz,4,29.790759554522907,3.0,0.7071067811865476,indeterminate,-1,0
LIDC-IDRI-0064,0,1,patches/LIDC-IDRI-0064_n01.npz,4,23.55997380778714,4.0,1.0,malignant,1,0
LIDC-IDRI-0066,0,0,patches/LIDC-IDRI-0066_n00.npz,4,11.536296924432143,3.5,0.5,malignant,1,1
LIDC-IDRI-0066,0,1,patches/LIDC-IDRI-0066_n01.npz,4,22.00835902353065,4.25,0.4330127018922193,malignant,1,1
LIDC-IDRI-0066,0,2,patches/LIDC-IDRI-0066_n02.npz,3,9.716586808558034,3.6666666666666665,0.4714045207910317,malignant,1,1
LIDC-IDRI-0067,0,0,patches/LIDC-IDRI-0067_n00.npz,4,11.605210960735686,3.5,0.8660254037844386,malignant,1,2
LIDC-IDRI-0067,0,1,patches/LIDC-IDRI-0067_n01.npz,4,7.867990807029553,2.5,0.5,benign,0,2
LIDC-IDRI-0067,0,2,patches/LIDC-IDRI-0067_n02.npz,4,9.07271857613406,3.0,0.7071067811865476,indeterminate,-1,2
LIDC-IDRI-0068,0,0,patches/LIDC-IDRI-0068_n00.npz,4,6.0462729426363,2.75,0.4330127018922193,benign,0,4
LIDC-IDRI-0068,0,1,patches/LIDC-IDRI-0068_n01.npz,4,7.677836996690582,3.0,0.7071067811865476,indeterminate,-1,4
LIDC-IDRI-0068,0,2,patches/LIDC-IDRI-0068_n02.npz,4,10.1593916565712,3.5,1.118033988749895,malignant,1,4
LIDC-IDRI-0068,0,4,patches/LIDC-IDRI-0068_n04.npz,4,12.510066792112974,3.5,1.118033988749895,malignant,1,4
LIDC-IDRI-0068,0,5,patches/LIDC-IDRI-0068_n05.npz,4,14.026190438869529,3.75,1.0897247358851685,malignant,1,4
LIDC-IDRI-0069,0,0,patches/LIDC-IDRI-0069_n00.npz,4,12.64880024501674,3.25,1.0897247358851685,malignant,1,3
LIDC-IDRI-0069,0,2,patches/LIDC-IDRI-0069_n02.npz,4,24.299615255500765,3.5,1.118033988749895,malignant,1,3
LIDC-IDRI-0070,0,1,patches/LIDC-IDRI-0070_n01.npz,3,7.292419417853163,2.6666666666666665,0.4714045207910317,benign,0,4
LIDC-IDRI-0072,0,0,patches/LIDC-IDRI-0072_n00.npz,3,43.47396528286431,5.0,0.0,malignant,1,2
LIDC-IDRI-0073,0,2,patches/LIDC-IDRI-0073_n02.npz,4,21.66293973921517,4.0,1.224744871391589,malignant,1,0
LIDC-IDRI-0074,0,0,patches/LIDC-IDRI-0074_n00.npz,3,24.748218155472955,4.0,1.4142135623730951,malignant,1,3
LIDC-IDRI-0075,0,1,patches/LIDC-IDRI-0075_n01.npz,3,44.93582368135128,5.0,0.0,malignant,1,3
LIDC-IDRI-0075,0,3,patches/LIDC-IDRI-0075_n03.npz,4,14.81006167979722,3.0,0.0,indeterminate,-1,3
LIDC-IDRI-0076,0,0,patches/LIDC-IDRI-0076_n00.npz,4,10.519987979517683,2.75,1.0897247358851685,benign,0,1
LIDC-IDRI-0076,0,1,patches/LIDC-IDRI-0076_n01.npz,4,8.801275848300419,3.0,0.7071067811865476,indeterminate,-1,1
LIDC-IDRI-0077,0,0,patches/LIDC-IDRI-0077_n00.npz,4,23.48818971560028,4.25,1.299038105676658,malignant,1,4
LIDC-IDRI-0078,0,0,patches/LIDC-IDRI-0078_n00.npz,4,23.94524301340669,3.75,0.82915619758885,malignant,1,2
LIDC-IDRI-0078,0,1,patches/LIDC-IDRI-0078_n01.npz,4,20.694394667693725,3.75,0.82915619758885,malignant,1,2
LIDC-IDRI-0078,0,3,patches/LIDC-IDRI-0078_n03.npz,4,27.69434990672441,4.25,0.82915619758885,malignant,1,2
LIDC-IDRI-0079,0,0,patches/LIDC-IDRI-0079_n00.npz,4,16.145066017886315,2.5,0.8660254037844386,benign,0,4
LIDC-IDRI-0080,0,0,patches/LIDC-IDRI-0080_n00.npz,3,30.048481726469905,3.6666666666666665,1.247219128924647,malignant,1,0
LIDC-IDRI-0080,0,1,patches/LIDC-IDRI-0080_n01.npz,4,35.04495685148284,5.0,0.0,malignant,1,0
LIDC-IDRI-0081,0,0,patches/LIDC-IDRI-0081_n00.npz,4,14.086320133212812,3.75,1.0897247358851685,malignant,1,0
LIDC-IDRI-0081,0,1,patches/LIDC-IDRI-0081_n01.npz,3,23.97523324693516,3.6666666666666665,1.8856180831641267,malignant,1,0
LIDC-IDRI-0082,0,0,patches/LIDC-IDRI-0082_n00.npz,3,26.9830641053009,4.666666666666667,0.4714045207910317,malignant,1,2
LIDC-IDRI-0083,0,0,patches/LIDC-IDRI-0083_n00.npz,3,7.045682621845836,2.6666666666666665,0.4714045207910317,benign,0,1
LIDC-IDRI-0083,0,1,patches/LIDC-IDRI-0083_n01.npz,4,7.367912071266442,2.75,0.4330127018922193,benign,0,1
LIDC-IDRI-0084,0,1,patches/LIDC-IDRI-0084_n01.npz,3,9.190535013862704,2.0,0.816496580927726,benign,0,4
LIDC-IDRI-0084,0,2,patches/LIDC-IDRI-0084_n02.npz,3,6.556831020427729,2.0,0.816496580927726,benign,0,4
LIDC-IDRI-0084,0,5,patches/LIDC-IDRI-0084_n05.npz,3,8.231529887484939,2.6666666666666665,0.4714045207910317,benign,0,4
LIDC-IDRI-0085,0,0,patches/LIDC-IDRI-0085_n00.npz,4,6.994217756238932,2.25,0.4330127018922193,benign,0,2
LIDC-IDRI-0087,0,0,patches/LIDC-IDRI-0087_n00.npz,3,30.173643692612444,4.666666666666667,0.4714045207910317,malignant,1,3
LIDC-IDRI-0088,0,0,patches/LIDC-IDRI-0088_n00.npz,4,7.867003819042097,3.0,0.7071067811865476,indeterminate,-1,4
LIDC-IDRI-0088,0,1,patches/LIDC-IDRI-0088_n01.npz,3,7.826398954997527,1.3333333333333333,0.4714045207910317,benign,0,4
LIDC-IDRI-0088,0,2,patches/LIDC-IDRI-0088_n02.npz,3,5.8348092696087335,2.333333333333333,0.4714045207910317,benign,0,4
LIDC-IDRI-0089,0,0,patches/LIDC-IDRI-0089_n00.npz,4,30.531885774843712,4.5,0.8660254037844386,malignant,1,3
LIDC-IDRI-0090,0,0,patches/LIDC-IDRI-0090_n00.npz,4,7.955320614849357,2.75,0.82915619758885,benign,0,0
LIDC-IDRI-0091,0,1,patches/LIDC-IDRI-0091_n01.npz,3,9.76118068086589,2.6666666666666665,0.4714045207910317,benign,0,2
LIDC-IDRI-0091,0,2,patches/LIDC-IDRI-0091_n02.npz,4,9.896275292613208,3.0,0.7071067811865476,indeterminate,-1,2
LIDC-IDRI-0091,0,3,patches/LIDC-IDRI-0091_n03.npz,4,11.049792302198217,3.0,0.7071067811865476,indeterminate,-1,2
LIDC-IDRI-0091,0,4,patches/LIDC-IDRI-0091_n04.npz,4,11.912944042347608,3.0,1.0,indeterminate,-1,2
LIDC-IDRI-0092,0,0,patches/LIDC-IDRI-0092_n00.npz,3,6.705645444154503,1.0,0.0,benign,0,2
LIDC-IDRI-0092,0,3,patches/LIDC-IDRI-0092_n03.npz,3,5.980614687672639,1.0,0.0,benign,0,2
LIDC-IDRI-0093,0,1,patches/LIDC-IDRI-0093_n01.npz,4,9.021667754353764,3.5,1.118033988749895,malignant,1,3
LIDC-IDRI-0094,0,0,patches/LIDC-IDRI-0094_n00.npz,4,31.420372465854868,4.0,0.7071067811865476,malignant,1,4
LIDC-IDRI-0095,0,0,patches/LIDC-IDRI-0095_n00.npz,4,26.793530933462776,4.0,1.224744871391589,malignant,1,3
LIDC-IDRI-0095,0,2,patches/LIDC-IDRI-0095_n02.npz,4,18.833078147983542,4.0,0.7071067811865476,malignant,1,3
LIDC-IDRI-0096,0,0,patches/LIDC-IDRI-0096_n00.npz,3,13.219037128049283,3.333333333333333,0.9428090415820634,malignant,1,0
LIDC-IDRI-0097,0,0,patches/LIDC-IDRI-0097_n00.npz,3,15.003023144967138,2.6666666666666665,0.4714045207910317,benign,0,4
LIDC-IDRI-0098,0,0,patches/LIDC-IDRI-0098_n00.npz,3,14.37353122832709,3.333333333333333,1.699673171197595,malignant,1,0
LIDC-IDRI-0099,0,0,patches/LIDC-IDRI-0099_n00.npz,3,9.297485374771936,2.0,0.816496580927726,benign,0,4
LIDC-IDRI-0099,0,2,patches/LIDC-IDRI-0099_n02.npz,4,8.603210267613727,2.75,0.4330127018922193,benign,0,4
LIDC-IDRI-0103,0,0,patches/LIDC-IDRI-0103_n00.npz,4,6.030066657722257,2.75,0.4330127018922193,benign,0,1
LIDC-IDRI-0104,0,0,patches/LIDC-IDRI-0104_n00.npz,4,16.543989295467,3.75,1.299038105676658,malignant,1,4
LIDC-IDRI-0106,0,1,patches/LIDC-IDRI-0106_n01.npz,4,11.112191314168816,3.75,0.4330127018922193,malignant,1,1
LIDC-IDRI-0107,0,2,patches/LIDC-IDRI-0107_n02.npz,4,10.44065071247775,3.0,0.7071067811865476,indeterminate,-1,0
LIDC-IDRI-0108,0,0,patches/LIDC-IDRI-0108_n00.npz,4,23.93230552640696,4.75,0.4330127018922193,malignant,1,0
LIDC-IDRI-0109,0,0,patches/LIDC-IDRI-0109_n00.npz,4,15.303940259392617,3.25,1.0897247358851685,malignant,1,0
LIDC-IDRI-0110,0,0,patches/LIDC-IDRI-0110_n00.npz,3,11.402077631301593,3.333333333333333,0.4714045207910317,malignant,1,2
LIDC-IDRI-0110,0,1,patches/LIDC-IDRI-0110_n01.npz,3,8.919828816498173,2.6666666666666665,0.4714045207910317,benign,0,2
LIDC-IDRI-0111,0,0,patches/LIDC-IDRI-0111_n00.npz,4,6.608962523249476,2.75,0.4330127018922193,benign,0,3
LIDC-IDRI-0111,0,1,patches/LIDC-IDRI-0111_n01.npz,4,23.753422289503007,4.25,0.82915619758885,malignant,1,3
LIDC-IDRI-0111,0,2,patches/LIDC-IDRI-0111_n02.npz,4,20.06080710456995,4.75,0.4330127018922193,malignant,1,3
LIDC-IDRI-0111,0,3,patches/LIDC-IDRI-0111_n03.npz,4,10.913656318752448,3.0,0.7071067811865476,indeterminate,-1,3
LIDC-IDRI-0112,0,0,patches/LIDC-IDRI-0112_n00.npz,4,16.17675334483427,3.5,1.118033988749895,malignant,1,4
LIDC-IDRI-0113,0,0,patches/LIDC-IDRI-0113_n00.npz,3,9.1990465950932,3.0,0.816496580927726,indeterminate,-1,2
LIDC-IDRI-0114,0,0,patches/LIDC-IDRI-0114_n00.npz,4,13.80297547634568,3.5,0.8660254037844386,malignant,1,0
LIDC-IDRI-0115,0,0,patches/LIDC-IDRI-0115_n00.npz,4,17.205589841667987,3.5,0.8660254037844386,malignant,1,1
LIDC-IDRI-0116,0,1,patches/LIDC-IDRI-0116_n01.npz,4,27.555149278567374,4.75,0.4330127018922193,malignant,1,3
LIDC-IDRI-0117,0,0,patches/LIDC-IDRI-0117_n00.npz,4,11.0555758468348,2.75,1.479019945774904,benign,0,2
LIDC-IDRI-0118,0,0,patches/LIDC-IDRI-0118_n00.npz,4,6.341610906092351,1.25,0.4330127018922193,benign,0,1
LIDC-IDRI-0118,0,2,patches/LIDC-IDRI-0118_n02.npz,3,6.949379802573447,1.0,0.0,benign,0,1
LIDC-IDRI-0118,0,3,patches/LIDC-IDRI-0118_n03.npz,3,7.800087788028093,1.0,0.0,benign,0,1
LIDC-IDRI-0118,0,5,patches/LIDC-IDRI-0118_n05.npz,3,7.004437644233448,1.0,0.0,benign,0,1
LIDC-IDRI-0119,0,0,patches/LIDC-IDRI-0119_n00.npz,4,13.782496583330438,1.0,0.0,benign,0,2
LIDC-IDRI-0119,0,1,patches/LIDC-IDRI-0119_n01.npz,4,6.810033136386071,1.0,0.0,benign,0,2
LIDC-IDRI-0120,0,2,patches/LIDC-IDRI-0120_n02.npz,3,26.02789680323785,3.333333333333333,0.4714045207910317,malignant,1,1
LIDC-IDRI-0120,0,3,patches/LIDC-IDRI-0120_n03.npz,3,16.907351504255562,4.0,0.0,malignant,1,1
LIDC-IDRI-0121,0,0,patches/LIDC-IDRI-0121_n00.npz,4,20.737575498149283,4.0,1.224744871391589,malignant,1,1
LIDC-IDRI-0121,0,1,patches/LIDC-IDRI-0121_n01.npz,4,8.418776847524065,3.25,1.0897247358851685,malignant,1,1
LIDC-IDRI-0122,0,0,patches/LIDC-IDRI-0122_n00.npz,4,6.589714769588703,2.75,0.4330127018922193,benign,0,2
LIDC-IDRI-0124,0,1,patches/LIDC-IDRI-0124_n01.npz,3,7.187340855066393,2.6666666666666665,0.4714045207910317,benign,0,1
LIDC-IDRI-0124,0,4,patches/LIDC-IDRI-0124_n04.npz,3,5.633147810006904,2.0,0.0,benign,0,1
LIDC-IDRI-0124,0,5,patches/LIDC-IDRI-0124_n05.npz,4,12.266415446902547,3.0,1.224744871391589,indeterminate,-1,1
LIDC-IDRI-0124,0,8,patches/LIDC-IDRI-0124_n08.npz,4,7.11151867809541,2.5,0.5,benign,0,1
LIDC-IDRI-0124,0,11,patches/LIDC-IDRI-0124_n11.npz,3,4.990738685286289,2.6666666666666665,0.4714045207910317,benign,0,1
LIDC-IDRI-0124,0,12,patches/LIDC-IDRI-0124_n12.npz,3,8.088959691977818,2.6666666666666665,0.4714045207910317,benign,0,1
LIDC-IDRI-0124,0,13,patches/LIDC-IDRI-0124_n13.npz,3,6.854726704078629,3.0,0.816496580927726,indeterminate,-1,1
LIDC-IDRI-0124,0,14,patches/LIDC-IDRI-0124_n14.npz,4,7.011427314122572,2.5,0.5,benign,0,1
LIDC-IDRI-0126,0,0,patches/LIDC-IDRI-0126_n00.npz,3,7.638727748691042,1.6666666666666667,0.4714045207910317,benign,0,3
LIDC-IDRI-0126,0,1,patches/LIDC-IDRI-0126_n01.npz,4,6.489125396984494,2.25,0.82915619758885,benign,0,3
LIDC-IDRI-0128,0,0,patches/LIDC-IDRI-0128_n00.npz,3,5.200809589811608,2.6666666666666665,0.4714045207910317,benign,0,1
LIDC-IDRI-0128,0,2,patches/LIDC-IDRI-0128_n02.npz,4,16.206662712803034,3.5,1.118033988749895,malignant,1,1
LIDC-IDRI-0129,0,0,patches/LIDC-IDRI-0129_n00.npz,4,7.818802009601049,2.75,0.82915619758885,benign,0,0
LIDC-IDRI-0129,0,1,patches/LIDC-IDRI-0129_n01.npz,4,16.341959730418857,3.75,0.82915619758885,malignant,1,0
LIDC-IDRI-0129,0,3,patches/LIDC-IDRI-0129_n03.npz,4,13.893384153307396,3.5,1.118033988749895,malignant,1,0
LIDC-IDRI-0129,0,4,patches/LIDC-IDRI-0129_n04.npz,3,8.063448865835722,3.0,0.816496580927726,indeterminate,-1,0
LIDC-IDRI-0129,0,6,patches/LIDC-IDRI-0129_n06.npz,4,7.927789125434028,2.75,0.82915619758885,benign,0,0
LIDC-IDRI-0129,0,7,patches/LIDC-IDRI-0129_n07.npz,3,6.607407864579176,2.333333333333333,0.4714045207910317,benign,0,0
LIDC-IDRI-0129,0,8,patches/LIDC-IDRI-0129_n08.npz,3,7.075374412211228,2.6666666666666665,0.4714045207910317,benign,0,0
LIDC-IDRI-0129,0,10,patches/LIDC-IDRI-0129_n10.npz,4,9.570934362179306,2.75,0.82915619758885,benign,0,0
LIDC-IDRI-0129,0,11,patches/LIDC-IDRI-0129_n11.npz,4,8.880917084600062,2.75,0.82915619758885,benign,0,0
LIDC-IDRI-0129,0,12,patches/LIDC-IDRI-0129_n12.npz,4,10.033096697479207,3.25,0.82915619758885,malignant,1,0
LIDC-IDRI-0129,0,13,patches/LIDC-IDRI-0129_n13.npz,4,6.631734238391909,2.5,0.5,benign,0,0
LIDC-IDRI-0129,0,14,patches/LIDC-IDRI-0129_n14.npz,3,5.784406540327866,2.6666666666666665,0.4714045207910317,benign,0,0
LIDC-IDRI-0130,0,0,patches/LIDC-IDRI-0130_n00.npz,4,19.65984555809633,3.5,1.118033988749895,malignant,1,3
LIDC-IDRI-0130,0,1,patches/LIDC-IDRI-0130_n01.npz,4,6.845092936666209,2.0,1.7320508075688772,benign,0,3
LIDC-IDRI-0131,0,1,patches/LIDC-IDRI-0131_n01.npz,3,14.166266598843372,3.333333333333333,0.9428090415820634,malignant,1,2
LIDC-IDRI-0132,0,0,patches/LIDC-IDRI-0132_n00.npz,3,6.281876926809339,2.333333333333333,0.9428090415820634,benign,0,4
LIDC-IDRI-0132,0,3,patches/LIDC-IDRI-0132_n03.npz,4,28.072120277184816,3.5,1.118033988749895,malignant,1,4
LIDC-IDRI-0132,1,3,patches/LIDC-IDRI-0132_s1_n03.npz,4,12.709219677601515,4.0,1.0,malignant,1,4
LIDC-IDRI-0132,1,6,patches/LIDC-IDRI-0132_s1_n06.npz,4,25.82766983112506,3.75,1.299038105676658,malignant,1,4
LIDC-IDRI-0133,0,0,patches/LIDC-IDRI-0133_n00.npz,3,20.912423896844626,3.0,0.0,indeterminate,-1,4
LIDC-IDRI-0133,0,1,patches/LIDC-IDRI-0133_n01.npz,4,16.75797082336581,3.0,0.7071067811865476,indeterminate,-1,4
LIDC-IDRI-0134,0,0,patches/LIDC-IDRI-0134_n00.npz,4,9.803070068374216,3.25,1.0897247358851685,malignant,1,2
LIDC-IDRI-0134,0,1,patches/LIDC-IDRI-0134_n01.npz,4,12.349092137406746,3.5,0.8660254037844386,malignant,1,2
LIDC-IDRI-0135,0,0,patches/LIDC-IDRI-0135_n00.npz,4,12.156517010762594,3.25,0.4330127018922193,malignant,1,2
LIDC-IDRI-0135,0,3,patches/LIDC-IDRI-0135_n03.npz,4,7.77791031814762,2.5,0.5,benign,0,2
LIDC-IDRI-0135,0,4,patches/LIDC-IDRI-0135_n04.npz,4,6.128903312278452,2.5,0.5,benign,0,2
LIDC-IDRI-0135,0,5,patches/LIDC-IDRI-0135_n05.npz,3,6.9169446742550775,2.333333333333333,0.4714045207910317,benign,0,2
LIDC-IDRI-0136,0,0,patches/LIDC-IDRI-0136_n00.npz,3,6.296668275793752,2.6666666666666665,0.4714045207910317,benign,0,0
LIDC-IDRI-0136,0,1,patches/LIDC-IDRI-0136_n01.npz,3,9.019799868468011,2.6666666666666665,1.247219128924647,benign,0,0
LIDC-IDRI-0136,0,5,patches/LIDC-IDRI-0136_n05.npz,3,9.236872944625327,2.0,0.816496580927726,benign,0,0
LIDC-IDRI-0136,0,6,patches/LIDC-IDRI-0136_n06.npz,3,23.61777912757128,2.333333333333333,0.4714045207910317,benign,0,0
LIDC-IDRI-0137,0,1,patches/LIDC-IDRI-0137_n01.npz,3,31.420699855835156,4.0,0.816496580927726,malignant,1,1
LIDC-IDRI-0139,0,1,patches/LIDC-IDRI-0139_n01.npz,3,37.86805976593477,4.333333333333333,0.9428090415820634,malignant,1,0
LIDC-IDRI-0139,0,2,patches/LIDC-IDRI-0139_n02.npz,3,22.13765550233124,4.0,1.4142135623730951,malignant,1,0
LIDC-IDRI-0140,0,0,patches/LIDC-IDRI-0140_n00.npz,4,11.23421825372607,2.75,0.4330127018922193,benign,0,2
LIDC-IDRI-0141,0,0,patches/LIDC-IDRI-0141_n00.npz,4,31.503130272893596,3.0,1.5811388300841898,indeterminate,-1,2
LIDC-IDRI-0141,0,1,patches/LIDC-IDRI-0141_n01.npz,4,12.755251215381865,3.25,0.82915619758885,malignant,1,2
LIDC-IDRI-0141,0,3,patches/LIDC-IDRI-0141_n03.npz,4,5.930778319317238,2.5,0.5,benign,0,2
LIDC-IDRI-0141,0,4,patches/LIDC-IDRI-0141_n04.npz,3,6.1747847200320765,2.333333333333333,0.4714045207910317,benign,0,2
LIDC-IDRI-0142,0,0,patches/LIDC-IDRI-0142_n00.npz,4,7.450726327248109,1.0,0.0,benign,0,3
LIDC-IDRI-0142,0,1,patches/LIDC-IDRI-0142_n01.npz,3,7.6033728146731425,2.0,0.0,benign,0,3
LIDC-IDRI-0142,0,2,patches/LIDC-IDRI-0142_n02.npz,4,11.051000241096862,3.0,1.224744871391589,indeterminate,-1,3
LIDC-IDRI-0144,0,0,patches/LIDC-IDRI-0144_n00.npz,4,8.771967949936792,1.75,0.82915619758885,benign,0,2
LIDC-IDRI-0144,0,1,patches/LIDC-IDRI-0144_n01.npz,4,11.436612573436232,2.0,1.0,benign,0,2
LIDC-IDRI-0144,0,3,patches/LIDC-IDRI-0144_n03.npz,4,10.630282708724478,1.75,0.82915619758885,benign,0,2
LIDC-IDRI-0144,0,4,patches/LIDC-IDRI-0144_n04.npz,4,13.754899830058193,3.5,0.8660254037844386,malignant,1,2
LIDC-IDRI-0145,0,1,patches/LIDC-IDRI-0145_n01.npz,4,9.060708703743092,3.5,0.5,malignant,1,1
LIDC-IDRI-0146,0,0,patches/LIDC-IDRI-0146_n00.npz,4,19.273769824506203,3.25,0.82915619758885,malignant,1,4
LIDC-IDRI-0147,0,0,patches/LIDC-IDRI-0147_n00.npz,3,7.39024842957986,2.6666666666666665,1.247219128924647,benign,0,4
LIDC-IDRI-0147,0,2,patches/LIDC-IDRI-0147_n02.npz,3,6.787926977088202,2.6666666666666665,1.247219128924647,benign,0,4
LIDC-IDRI-0148,0,1,patches/LIDC-IDRI-0148_n01.npz,4,14.668066544616542,4.25,0.82915619758885,malignant,1,0
LIDC-IDRI-0148,0,2,patches/LIDC-IDRI-0148_n02.npz,4,22.174891409881816,4.5,0.5,malignant,1,0
LIDC-IDRI-0149,0,1,patches/LIDC-IDRI-0149_n01.npz,3,10.600182099226798,2.333333333333333,0.9428090415820634,benign,0,3
LIDC-IDRI-0149,0,2,patches/LIDC-IDRI-0149_n02.npz,4,6.707963945045528,2.5,0.5,benign,0,3
LIDC-IDRI-0149,0,4,patches/LIDC-IDRI-0149_n04.npz,4,6.961667861068561,2.25,0.82915619758885,benign,0,3
LIDC-IDRI-0151,0,0,patches/LIDC-IDRI-0151_n00.npz,3,10.154294101980325,3.6666666666666665,1.247219128924647,malignant,1,0
LIDC-IDRI-0151,1,0,patches/LIDC-IDRI-0151_s1_n00.npz,4,14.403897170931664,3.75,0.82915619758885,malignant,1,0
LIDC-IDRI-0152,0,0,patches/LIDC-IDRI-0152_n00.npz,4,10.847850876335066,2.75,0.82915619758885,benign,0,1
LIDC-IDRI-0153,0,0,patches/LIDC-IDRI-0153_n00.npz,3,18.036184742855912,3.6666666666666665,0.4714045207910317,malignant,1,2
LIDC-IDRI-0153,0,1,patches/LIDC-IDRI-0153_n01.npz,3,24.406895007035477,3.6666666666666665,0.9428090415820634,malignant,1,2
LIDC-IDRI-0154,0,1,patches/LIDC-IDRI-0154_n01.npz,4,24.813995438908396,3.75,1.299038105676658,malignant,1,3
LIDC-IDRI-0156,0,0,patches/LIDC-IDRI-0156_n00.npz,4,12.531650427476302,4.0,0.7071067811865476,malignant,1,4
LIDC-IDRI-0158,0,2,patches/LIDC-IDRI-0158_n02.npz,3,7.264567166140071,2.6666666666666665,0.4714045207910317,benign,0,0
LIDC-IDRI-0158,0,3,patches/LIDC-IDRI-0158_n03.npz,4,11.40613590453994,2.75,0.4330127018922193,benign,0,0
LIDC-IDRI-0159,0,1,patches/LIDC-IDRI-0159_n01.npz,4,14.872365035802437,3.25,0.82915619758885,malignant,1,0
LIDC-IDRI-0160,0,0,patches/LIDC-IDRI-0160_n00.npz,4,8.29226206630029,1.5,0.8660254037844386,benign,0,0
LIDC-IDRI-0160,0,1,patches/LIDC-IDRI-0160_n01.npz,4,10.888334407760745,3.5,0.8660254037844386,malignant,1,0
LIDC-IDRI-0160,0,2,patches/LIDC-IDRI-0160_n02.npz,4,9.775295150663537,3.0,0.7071067811865476,indeterminate,-1,0
LIDC-IDRI-0160,0,3,patches/LIDC-IDRI-0160_n03.npz,3,6.968251052877249,3.0,0.816496580927726,indeterminate,-1,0
LIDC-IDRI-0161,0,0,patches/LIDC-IDRI-0161_n00.npz,4,10.279976832996187,3.0,0.7071067811865476,indeterminate,-1,1
LIDC-IDRI-0161,0,1,patches/LIDC-IDRI-0161_n01.npz,3,6.691490645818683,3.0,0.0,indeterminate,-1,1
LIDC-IDRI-0162,0,1,patches/LIDC-IDRI-0162_n01.npz,4,14.58125965288179,2.75,0.82915619758885,benign,0,1
LIDC-IDRI-0163,0,0,patches/LIDC-IDRI-0163_n00.npz,4,23.68494457249823,4.25,0.4330127018922193,malignant,1,2
LIDC-IDRI-0164,0,0,patches/LIDC-IDRI-0164_n00.npz,3,8.07049109758232,2.6666666666666665,0.4714045207910317,benign,0,4
LIDC-IDRI-0164,0,1,patches/LIDC-IDRI-0164_n01.npz,4,10.47520163728609,3.25,0.82915619758885,malignant,1,4
LIDC-IDRI-0164,0,2,patches/LIDC-IDRI-0164_n02.npz,4,15.117406438763492,3.75,1.299038105676658,malignant,1,4
LIDC-IDRI-0164,0,3,patches/LIDC-IDRI-0164_n03.npz,4,9.7716440795085,3.0,0.7071067811865476,indeterminate,-1,4
LIDC-IDRI-0164,0,4,patches/LIDC-IDRI-0164_n04.npz,4,7.851177123593655,2.5,0.5,benign,0,4
LIDC-IDRI-0164,0,5,patches/LIDC-IDRI-0164_n05.npz,3,7.467096820878361,2.6666666666666665,0.4714045207910317,benign,0,4
LIDC-IDRI-0164,0,6,patches/LIDC-IDRI-0164_n06.npz,3,7.971230975803974,2.6666666666666665,0.4714045207910317,benign,0,4
LIDC-IDRI-0164,0,8,patches/LIDC-IDRI-0164_n08.npz,4,11.649941971237885,3.0,0.7071067811865476,indeterminate,-1,4
LIDC-IDRI-0164,0,10,patches/LIDC-IDRI-0164_n10.npz,4,12.937243693297708,3.5,0.5,malignant,1,4
LIDC-IDRI-0168,0,0,patches/LIDC-IDRI-0168_n00.npz,4,7.6543096941806095,1.25,0.4330127018922193,benign,0,2
LIDC-IDRI-0168,0,1,patches/LIDC-IDRI-0168_n01.npz,3,8.10932347088472,3.0,0.0,indeterminate,-1,2
LIDC-IDRI-0169,0,1,patches/LIDC-IDRI-0169_n01.npz,4,10.148665250447628,4.0,0.7071067811865476,malignant,1,2
LIDC-IDRI-0169,0,2,patches/LIDC-IDRI-0169_n02.npz,4,7.080823937840341,2.5,0.5,benign,0,2
LIDC-IDRI-0170,0,0,patches/LIDC-IDRI-0170_n00.npz,4,28.3981606074757,4.25,0.82915619758885,malignant,1,1
LIDC-IDRI-0170,0,1,patches/LIDC-IDRI-0170_n01.npz,3,35.492648891243306,4.333333333333333,0.9428090415820634,malignant,1,1
LIDC-IDRI-0171,0,0,patches/LIDC-IDRI-0171_n00.npz,4,20.100401930256584,3.5,0.8660254037844386,malignant,1,2
LIDC-IDRI-0171,0,1,patches/LIDC-IDRI-0171_n01.npz,4,8.148718824345696,2.5,0.5,benign,0,2
LIDC-IDRI-0171,0,2,patches/LIDC-IDRI-0171_n02.npz,4,7.988133760898,2.25,0.4330127018922193,benign,0,2
LIDC-IDRI-0171,0,3,patches/LIDC-IDRI-0171_n03.npz,4,7.654790875664507,2.5,0.5,benign,0,2
LIDC-IDRI-0172,0,0,patches/LIDC-IDRI-0172_n00.npz,4,21.50936357000108,4.0,1.224744871391589,malignant,1,3
LIDC-IDRI-0175,0,0,patches/LIDC-IDRI-0175_n00.npz,4,11.487127135499804,3.0,0.7071067811865476,indeterminate,-1,4
LIDC-IDRI-0177,0,0,patches/LIDC-IDRI-0177_n00.npz,4,9.099122224170031,3.0,0.7071067811865476,indeterminate,-1,4
LIDC-IDRI-0179,0,0,patches/LIDC-IDRI-0179_n00.npz,4,17.710802864034473,3.5,0.8660254037844386,malignant,1,1
LIDC-IDRI-0179,0,2,patches/LIDC-IDRI-0179_n02.npz,3,9.38059654320162,2.6666666666666665,0.4714045207910317,benign,0,1
LIDC-IDRI-0179,0,3,patches/LIDC-IDRI-0179_n03.npz,3,9.699927770539466,2.6666666666666665,0.4714045207910317,benign,0,1
LIDC-IDRI-0179,0,8,patches/LIDC-IDRI-0179_n08.npz,4,11.796742717804744,2.75,0.4330127018922193,benign,0,1
LIDC-IDRI-0181,0,0,patches/LIDC-IDRI-0181_n00.npz,4,15.839578804693256,3.0,1.0,indeterminate,-1,0
LIDC-IDRI-0181,0,1,patches/LIDC-IDRI-0181_n01.npz,4,9.698494672158064,2.75,1.0897247358851685,benign,0,0
LIDC-IDRI-0181,0,2,patches/LIDC-IDRI-0181_n02.npz,4,18.245028432047476,3.5,1.118033988749895,malignant,1,0
LIDC-IDRI-0181,0,3,patches/LIDC-IDRI-0181_n03.npz,4,9.565100178891669,3.25,0.82915619758885,malignant,1,0
LIDC-IDRI-0181,0,7,patches/LIDC-IDRI-0181_n07.npz,4,15.70011170247749,3.25,0.82915619758885,malignant,1,0
LIDC-IDRI-0182,0,2,patches/LIDC-IDRI-0182_n02.npz,4,12.843645671786998,2.5,0.5,benign,0,3
LIDC-IDRI-0183,0,0,patches/LIDC-IDRI-0183_n00.npz,3,7.6594858829849235,2.6666666666666665,0.4714045207910317,benign,0,0
LIDC-IDRI-0183,0,1,patches/LIDC-IDRI-0183_n01.npz,4,27.57791032491152,4.25,0.82915619758885,malignant,1,0
LIDC-IDRI-0184,0,0,patches/LIDC-IDRI-0184_n00.npz,4,7.768014483964229,2.0,1.0,benign,0,2
LIDC-IDRI-0185,0,0,patches/LIDC-IDRI-0185_n00.npz,4,9.084158062564256,2.75,0.4330127018922193,benign,0,1
LIDC-IDRI-0185,0,2,patches/LIDC-IDRI-0185_n02.npz,3,6.9506410233479725,1.6666666666666667,0.4714045207910317,benign,0,1
LIDC-IDRI-0185,0,3,patches/LIDC-IDRI-0185_n03.npz,4,7.4871725649843315,2.5,0.5,benign,0,1
LIDC-IDRI-0185,0,4,patches/LIDC-IDRI-0185_n04.npz,3,5.608093643044597,2.6666666666666665,0.4714045207910317,benign,0,1
LIDC-IDRI-0185,0,5,patches/LIDC-IDRI-0185_n05.npz,4,10.5772005711753,1.0,0.0,benign,0,1
LIDC-IDRI-0186,0,4,patches/LIDC-IDRI-0186_n04.npz,4,17.44550398094146,4.75,0.4330127018922193,malignant,1,2
LIDC-IDRI-0187,0,3,patches/LIDC-IDRI-0187_n03.npz,4,26.56394524812244,4.25,1.299038105676658,malignant,1,4
LIDC-IDRI-0188,0,3,patches/LIDC-IDRI-0188_n03.npz,4,23.796754940793047,3.75,1.0897247358851685,malignant,1,3
LIDC-IDRI-0188,0,4,patches/LIDC-IDRI-0188_n04.npz,4,6.780865927726301,2.5,0.5,benign,0,3
LIDC-IDRI-0188,0,5,patches/LIDC-IDRI-0188_n05.npz,4,9.937702395793464,3.0,1.224744871391589,indeterminate,-1,3
LIDC-IDRI-0188,0,6,patches/LIDC-IDRI-0188_n06.npz,4,8.312131766462686,2.5,0.5,benign,0,3
LIDC-IDRI-0190,0,0,patches/LIDC-IDRI-0190_n00.npz,4,28.044705162145423,4.25,0.82915619758885,malignant,1,4
LIDC-IDRI-0190,0,1,patches/LIDC-IDRI-0190_n01.npz,4,25.4060289207809,4.25,0.82915619758885,malignant,1,4
LIDC-IDRI-0191,0,0,patches/LIDC-IDRI-0191_n00.npz,4,46.83820778134822,4.75,0.4330127018922193,malignant,1,2
LIDC-IDRI-0192,0,2,patches/LIDC-IDRI-0192_n02.npz,4,11.023187382674966,2.75,0.4330127018922193,benign,0,0
LIDC-IDRI-0192,0,3,patches/LIDC-IDRI-0192_n03.npz,3,8.649427062576665,3.333333333333333,0.4714045207910317,malignant,1,0
LIDC-IDRI-0192,0,4,patches/LIDC-IDRI-0192_n04.npz,3,7.257198077098287,3.0,0.0,indeterminate,-1,0
LIDC-IDRI-0193,0,0,patches/LIDC-IDRI-0193_n00.npz,4,11.512361815996393,2.25,0.4330127018922193,benign,0,1
LIDC-IDRI-0194,0,0,patches/LIDC-IDRI-0194_n00.npz,3,39.47964110517833,3.333333333333333,0.4714045207910317,malignant,1,3
LIDC-IDRI-0194,0,1,patches/LIDC-IDRI-0194_n01.npz,4,29.594755345208004,4.5,0.5,malignant,1,3
LIDC-IDRI-0194,0,2,patches/LIDC-IDRI-0194_n02.npz,4,20.142049815077268,4.5,0.5,malignant,1,3
LIDC-IDRI-0195,0,0,patches/LIDC-IDRI-0195_n00.npz,3,14.959102579900083,3.6666666666666665,0.4714045207910317,malignant,1,0
LIDC-IDRI-0195,0,1,patches/LIDC-IDRI-0195_n01.npz,4,14.334662342463018,4.25,0.82915619758885,malignant,1,0
LIDC-IDRI-0195,0,2,patches/LIDC-IDRI-0195_n02.npz,4,13.312462810795177,4.0,1.0,malignant,1,0
LIDC-IDRI-0195,0,3,patches/LIDC-IDRI-0195_n03.npz,4,21.93516526873402,4.5,0.5,malignant,1,0
LIDC-IDRI-0195,0,4,patches/LIDC-IDRI-0195_n04.npz,4,17.429912709738293,4.0,1.224744871391589,malignant,1,0
LIDC-IDRI-0195,0,6,patches/LIDC-IDRI-0195_n06.npz,4,9.534286625612015,4.0,1.0,malignant,1,0
LIDC-IDRI-0196,0,0,patches/LIDC-IDRI-0196_n00.npz,4,12.601105432817278,4.25,0.82915619758885,malignant,1,2
LIDC-IDRI-0199,0,3,patches/LIDC-IDRI-0199_n03.npz,4,14.972972445902592,3.0,0.7071067811865476,indeterminate,-1,0
LIDC-IDRI-0200,0,1,patches/LIDC-IDRI-0200_n01.npz,3,7.049102199967847,2.6666666666666665,0.4714045207910317,benign,0,1
LIDC-IDRI-0203,0,0,patches/LIDC-IDRI-0203_n00.npz,4,8.343930672991773,1.0,0.0,benign,0,1
LIDC-IDRI-0203,0,1,patches/LIDC-IDRI-0203_n01.npz,4,32.818535053820376,4.25,0.82915619758885,malignant,1,1
LIDC-IDRI-0206,0,0,patches/LIDC-IDRI-0206_n00.npz,4,6.817603015624648,2.0,0.0,benign,0,3
LIDC-IDRI-0206,0,1,patches/LIDC-IDRI-0206_n01.npz,4,13.59554661489274,4.5,0.5,malignant,1,3
LIDC-IDRI-0206,0,3,patches/LIDC-IDRI-0206_n03.npz,3,7.23864934229477,2.6666666666666665,0.4714045207910317,benign,0,3
LIDC-IDRI-0207,0,0,patches/LIDC-IDRI-0207_n00.npz,3,31.30361367018782,3.0,0.816496580927726,indeterminate,-1,4
LIDC-IDRI-0208,0,0,patches/LIDC-IDRI-0208_n00.npz,4,10.792718181164876,3.5,0.5,malignant,1,3
LIDC-IDRI-0208,0,1,patches/LIDC-IDRI-0208_n01.npz,3,5.691197755240128,3.0,0.0,indeterminate,-1,3
LIDC-IDRI-0208,0,2,patches/LIDC-IDRI-0208_n02.npz,4,6.267901924453287,2.75,0.4330127018922193,benign,0,3
LIDC-IDRI-0209,0,0,patches/LIDC-IDRI-0209_n00.npz,4,20.564869436827536,4.0,1.0,malignant,1,2
LIDC-IDRI-0210,0,0,patches/LIDC-IDRI-0210_n00.npz,4,8.747124875635595,3.25,0.4330127018922193,malignant,1,4
LIDC-IDRI-0211,0,0,patches/LIDC-IDRI-0211_n00.npz,4,28.721955057149454,4.5,0.8660254037844386,malignant,1,2
LIDC-IDRI-0212,0,0,patches/LIDC-IDRI-0212_n00.npz,3,4.839635306407856,1.0,0.0,benign,0,0
LIDC-IDRI-0213,0,0,patches/LIDC-IDRI-0213_n00.npz,4,10.11921758038433,1.25,0.4330127018922193,benign,0,4
LIDC-IDRI-0215,0,0,patches/LIDC-IDRI-0215_n00.npz,3,10.314262803576606,3.0,0.0,indeterminate,-1,1
LIDC-IDRI-0215,0,2,patches/LIDC-IDRI-0215_n02.npz,3,7.607481564557162,2.333333333333333,0.4714045207910317,benign,0,1
LIDC-IDRI-0215,0,3,patches/LIDC-IDRI-0215_n03.npz,4,6.120095650379038,1.0,0.0,benign,0,1
LIDC-IDRI-0216,0,1,patches/LIDC-IDRI-0216_n01.npz,4,7.865907287385719,2.5,1.118033988749895,benign,0,3
LIDC-IDRI-0217,0,0,patches/LIDC-IDRI-0217_n00.npz,4,19.2916353070231,3.75,1.0897247358851685,malignant,1,0
LIDC-IDRI-0217,0,1,patches/LIDC-IDRI-0217_n01.npz,4,12.33174966591048,3.5,0.8660254037844386,malignant,1,0
LIDC-IDRI-0217,0,2,patches/LIDC-IDRI-0217_n02.npz,4,12.411920209220014,3.5,0.8660254037844386,malignant,1,0
LIDC-IDRI-0219,0,0,patches/LIDC-IDRI-0219_n00.npz,4,12.671005104470913,3.75,0.82915619758885,malignant,1,1
LIDC-IDRI-0220,0,0,patches/LIDC-IDRI-0220_n00.npz,3,21.504686045134747,3.333333333333333,0.9428090415820634,malignant,1,3
LIDC-IDRI-0220,0,1,patches/LIDC-IDRI-0220_n01.npz,4,16.16116997394051,3.25,0.82915619758885,malignant,1,3
LIDC-IDRI-0220,0,2,patches/LIDC-IDRI-0220_n02.npz,4,21.51792179911892,3.5,1.118033988749895,malignant,1,3
LIDC-IDRI-0221,0,0,patches/LIDC-IDRI-0221_n00.npz,4,30.62199294247728,4.75,0.4330127018922193,malignant,1,0
LIDC-IDRI-0222,0,0,patches/LIDC-IDRI-0222_n00.npz,4,7.246123897954229,1.75,0.82915619758885,benign,0,2
LIDC-IDRI-0223,0,0,patches/LIDC-IDRI-0223_n00.npz,3,23.354032939045897,4.333333333333333,0.9428090415820634,malignant,1,3
LIDC-IDRI-0223,0,2,patches/LIDC-IDRI-0223_n02.npz,4,18.115455314208035,4.0,1.0,malignant,1,3
LIDC-IDRI-0227,0,0,patches/LIDC-IDRI-0227_n00.npz,4,9.004239296683238,3.25,0.4330127018922193,malignant,1,0
LIDC-IDRI-0228,0,0,patches/LIDC-IDRI-0228_n00.npz,4,12.258907743930614,3.5,0.5,malignant,1,0
LIDC-IDRI-0229,0,0,patches/LIDC-IDRI-0229_n00.npz,4,7.030684353095962,2.5,0.8660254037844386,benign,0,4
LIDC-IDRI-0229,0,1,patches/LIDC-IDRI-0229_n01.npz,4,26.687583338824865,4.5,0.8660254037844386,malignant,1,4
LIDC-IDRI-0229,0,2,patches/LIDC-IDRI-0229_n02.npz,4,13.499449374326884,4.25,0.82915619758885,malignant,1,4
LIDC-IDRI-0229,0,3,patches/LIDC-IDRI-0229_n03.npz,4,11.815383736043945,4.0,0.7071067811865476,malignant,1,4
LIDC-IDRI-0229,0,5,patches/LIDC-IDRI-0229_n05.npz,4,7.519226408403453,3.0,0.0,indeterminate,-1,4
LIDC-IDRI-0229,0,6,patches/LIDC-IDRI-0229_n06.npz,4,16.27634250854713,4.25,0.82915619758885,malignant,1,4
LIDC-IDRI-0230,0,0,patches/LIDC-IDRI-0230_n00.npz,3,6.200418584862232,3.0,0.0,indeterminate,-1,1
LIDC-IDRI-0233,0,0,patches/LIDC-IDRI-0233_n00.npz,3,7.632671985680385,2.6666666666666665,0.4714045207910317,benign,0,1
LIDC-IDRI-0233,0,1,patches/LIDC-IDRI-0233_n01.npz,3,6.465633865602906,3.0,0.0,indeterminate,-1,1
LIDC-IDRI-0234,0,0,patches/LIDC-IDRI-0234_n00.npz,4,12.062739575938766,3.0,0.7071067811865476,indeterminate,-1,3
LIDC-IDRI-0235,0,1,patches/LIDC-IDRI-0235_n01.npz,4,11.388934460413108,2.25,0.82915619758885,benign,0,0
LIDC-IDRI-0236,0,0,patches/LIDC-IDRI-0236_n00.npz,4,8.05585698708595,2.75,0.82915619758885,benign,0,4
LIDC-IDRI-0237,0,1,patches/LIDC-IDRI-0237_n01.npz,4,9.21932324143364,2.5,0.5,benign,0,4
LIDC-IDRI-0237,0,2,patches/LIDC-IDRI-0237_n02.npz,4,13.883592024652042,3.75,0.82915619758885,malignant,1,4
LIDC-IDRI-0240,0,0,patches/LIDC-IDRI-0240_n00.npz,3,17.35504658441597,3.333333333333333,1.247219128924647,malignant,1,2
LIDC-IDRI-0240,0,4,patches/LIDC-IDRI-0240_n04.npz,4,27.11470683956389,4.5,0.8660254037844386,malignant,1,2
LIDC-IDRI-0241,0,0,patches/LIDC-IDRI-0241_n00.npz,3,7.139626977215289,2.6666666666666665,0.4714045207910317,benign,0,3
LIDC-IDRI-0241,0,3,patches/LIDC-IDRI-0241_n03.npz,4,9.179499536655127,2.5,0.5,benign,0,3
LIDC-IDRI-0241,0,4,patches/LIDC-IDRI-0241_n04.npz,4,7.357641318273293,2.5,0.5,benign,0,3
LIDC-IDRI-0242,0,0,patches/LIDC-IDRI-0242_n00.npz,4,28.16203746064796,4.75,0.4330127018922193,malignant,1,4
LIDC-IDRI-0244,0,0,patches/LIDC-IDRI-0244_n00.npz,4,10.923562783343048,2.5,1.118033988749895,benign,0,4
LIDC-IDRI-0244,0,1,patches/LIDC-IDRI-0244_n01.npz,4,5.928358749474166,1.0,0.0,benign,0,4
LIDC-IDRI-0244,0,2,patches/LIDC-IDRI-0244_n02.npz,3,18.92339205189234,3.6666666666666665,0.4714045207910317,malignant,1,4
LIDC-IDRI-0245,0,0,patches/LIDC-IDRI-0245_n00.npz,3,6.125333219820384,2.6666666666666665,0.4714045207910317,benign,0,1
LIDC-IDRI-0246,0,0,patches/LIDC-IDRI-0246_n00.npz,4,10.169538697502022,2.5,1.118033988749895,benign,0,0
LIDC-IDRI-0248,0,0,patches/LIDC-IDRI-0248_n00.npz,3,8.149874163130848,1.3333333333333333,0.4714045207910317,benign,0,3
LIDC-IDRI-0249,0,0,patches/LIDC-IDRI-0249_n00.npz,4,14.059477186192275,3.25,0.82915619758885,malignant,1,2
LIDC-IDRI-0249,0,1,patches/LIDC-IDRI-0249_n01.npz,4,22.182326887812096,3.75,0.4330127018922193,malignant,1,2
LIDC-IDRI-0250,0,0,patches/LIDC-IDRI-0250_n00.npz,4,15.02363578122153,3.75,1.0897247358851685,malignant,1,3
LIDC-IDRI-0250,0,1,patches/LIDC-IDRI-0250_n01.npz,4,14.13673774979738,4.0,1.224744871391589,malignant,1,3
LIDC-IDRI-0251,0,0,patches/LIDC-IDRI-0251_n00.npz,4,9.275925013701375,3.0,0.7071067811865476,indeterminate,-1,1
LIDC-IDRI-0254,0,2,patches/LIDC-IDRI-0254_n02.npz,4,10.005439235541122,2.25,0.82915619758885,benign,0,1
LIDC-IDRI-0255,0,0,patches/LIDC-IDRI-0255_n00.npz,4,7.356266307294552,2.5,0.5,benign,0,4
LIDC-IDRI-0255,0,1,patches/LIDC-IDRI-0255_n01.npz,4,7.127284026354047,2.5,0.5,benign,0,4
LIDC-IDRI-0256,0,0,patches/LIDC-IDRI-0256_n00.npz,3,8.132875174495116,1.3333333333333333,0.4714045207910317,benign,0,0
LIDC-IDRI-0257,0,0,patches/LIDC-IDRI-0257_n00.npz,3,17.758412179378585,3.6666666666666665,0.4714045207910317,malignant,1,4
LIDC-IDRI-0258,0,0,patches/LIDC-IDRI-0258_n00.npz,4,10.496138897437795,3.0,0.0,indeterminate,-1,2
LIDC-IDRI-0258,0,1,patches/LIDC-IDRI-0258_n01.npz,4,9.05961731521911,2.75,0.4330127018922193,benign,0,2
LIDC-IDRI-0259,0,0,patches/LIDC-IDRI-0259_n00.npz,4,15.009916506965723,3.5,1.118033988749895,malignant,1,3
LIDC-IDRI-0260,0,0,patches/LIDC-IDRI-0260_n00.npz,4,17.166756526274273,4.0,1.0,malignant,1,0
LIDC-IDRI-0260,0,2,patches/LIDC-IDRI-0260_n02.npz,4,17.387220200786437,3.75,0.82915619758885,malignant,1,0
LIDC-IDRI-0262,0,0,patches/LIDC-IDRI-0262_n00.npz,4,11.813771727969664,4.0,0.7071067811865476,malignant,1,2
LIDC-IDRI-0263,0,0,patches/LIDC-IDRI-0263_n00.npz,4,6.953128258076962,1.75,1.299038105676658,benign,0,2
LIDC-IDRI-0264,0,0,patches/LIDC-IDRI-0264_n00.npz,4,9.933927079500917,2.75,1.479019945774904,benign,0,3
LIDC-IDRI-0264,0,1,patches/LIDC-IDRI-0264_n01.npz,4,17.741335408826313,3.25,1.479019945774904,malignant,1,3
LIDC-IDRI-0265,0,0,patches/LIDC-IDRI-0265_n00.npz,4,35.0459106731404,4.5,0.8660254037844386,malignant,1,1
LIDC-IDRI-0267,0,0,patches/LIDC-IDRI-0267_n00.npz,3,37.56678001956081,5.0,0.0,malignant,1,0
LIDC-IDRI-0269,0,0,patches/LIDC-IDRI-0269_n00.npz,3,6.743332077583786,3.0,0.0,indeterminate,-1,4
LIDC-IDRI-0270,0,0,patches/LIDC-IDRI-0270_n00.npz,4,7.657574880756972,2.25,0.82915619758885,benign,0,0
LIDC-IDRI-0271,0,0,patches/LIDC-IDRI-0271_n00.npz,4,8.152746127104095,2.25,0.82915619758885,benign,0,2
LIDC-IDRI-0272,0,0,patches/LIDC-IDRI-0272_n00.npz,4,7.460508683834114,2.25,0.4330127018922193,benign,0,2
LIDC-IDRI-0273,0,1,patches/LIDC-IDRI-0273_n01.npz,4,6.586494473419139,2.5,0.5,benign,0,0
LIDC-IDRI-0274,0,0,patches/LIDC-IDRI-0274_n00.npz,4,12.828300832770775,3.25,1.299038105676658,malignant,1,4
LIDC-IDRI-0276,0,0,patches/LIDC-IDRI-0276_n00.npz,4,12.92123703136253,3.75,0.4330127018922193,malignant,1,1
LIDC-IDRI-0277,0,0,patches/LIDC-IDRI-0277_n00.npz,4,14.007818882041676,3.0,1.224744871391589,indeterminate,-1,2
LIDC-IDRI-0278,0,0,patches/LIDC-IDRI-0278_n00.npz,4,10.391162175274724,3.0,0.7071067811865476,indeterminate,-1,3
LIDC-IDRI-0278,0,1,patches/LIDC-IDRI-0278_n01.npz,3,6.695824729105087,2.6666666666666665,0.4714045207910317,benign,0,3
LIDC-IDRI-0281,0,0,patches/LIDC-IDRI-0281_n00.npz,4,9.823281793195932,1.5,0.8660254037844386,benign,0,2
LIDC-IDRI-0282,0,0,patches/LIDC-IDRI-0282_n00.npz,4,8.438640922655585,2.75,0.4330127018922193,benign,0,2
LIDC-IDRI-0282,0,1,patches/LIDC-IDRI-0282_n01.npz,3,6.757773763130669,2.6666666666666665,0.4714045207910317,benign,0,2
LIDC-IDRI-0283,0,0,patches/LIDC-IDRI-0283_n00.npz,4,8.60937249150446,2.75,0.4330127018922193,benign,0,3
LIDC-IDRI-0284,0,0,patches/LIDC-IDRI-0284_n00.npz,4,7.922884384399146,2.75,0.4330127018922193,benign,0,1
LIDC-IDRI-0284,0,2,patches/LIDC-IDRI-0284_n02.npz,4,8.440468048287116,1.0,0.0,benign,0,1
LIDC-IDRI-0285,0,0,patches/LIDC-IDRI-0285_n00.npz,4,10.63423312911826,2.25,0.82915619758885,benign,0,1
LIDC-IDRI-0286,0,0,patches/LIDC-IDRI-0286_n00.npz,4,6.573685072993722,1.25,0.4330127018922193,benign,0,4
LIDC-IDRI-0286,0,1,patches/LIDC-IDRI-0286_n01.npz,4,7.478073594798391,2.5,0.5,benign,0,4
LIDC-IDRI-0287,0,0,patches/LIDC-IDRI-0287_n00.npz,4,6.455560062174552,2.0,0.7071067811865476,benign,0,0
LIDC-IDRI-0288,0,1,patches/LIDC-IDRI-0288_n01.npz,3,8.093037688558192,3.0,0.816496580927726,indeterminate,-1,3
LIDC-IDRI-0289,0,0,patches/LIDC-IDRI-0289_n00.npz,3,8.202296365973233,2.333333333333333,0.4714045207910317,benign,0,1
LIDC-IDRI-0289,0,1,patches/LIDC-IDRI-0289_n01.npz,3,34.96269095412297,3.0,1.4142135623730951,indeterminate,-1,1
LIDC-IDRI-0292,0,0,patches/LIDC-IDRI-0292_n00.npz,3,7.177854849206571,2.6666666666666665,0.9428090415820634,benign,0,4
LIDC-IDRI-0294,0,1,patches/LIDC-IDRI-0294_n01.npz,4,20.02731274461933,4.0,1.224744871391589,malignant,1,3
LIDC-IDRI-0296,0,0,patches/LIDC-IDRI-0296_n00.npz,4,17.846426100978988,3.5,0.5,malignant,1,2
LIDC-IDRI-0298,0,0,patches/LIDC-IDRI-0298_n00.npz,4,14.657767870463784,3.0,0.7071067811865476,indeterminate,-1,0
LIDC-IDRI-0298,0,2,patches/LIDC-IDRI-0298_n02.npz,3,11.39871770152144,2.333333333333333,0.4714045207910317,benign,0,0
LIDC-IDRI-0298,0,3,patches/LIDC-IDRI-0298_n03.npz,4,9.46020323153305,2.5,0.5,benign,0,0
LIDC-IDRI-0298,0,4,patches/LIDC-IDRI-0298_n04.npz,4,7.15460804131821,2.75,0.4330127018922193,benign,0,0
LIDC-IDRI-0298,0,5,patches/LIDC-IDRI-0298_n05.npz,3,6.449519023785757,2.333333333333333,0.4714045207910317,benign,0,0
LIDC-IDRI-0298,0,6,patches/LIDC-IDRI-0298_n06.npz,4,11.466298322962771,2.5,0.5,benign,0,0
LIDC-IDRI-0299,0,1,patches/LIDC-IDRI-0299_n01.npz,3,7.314214283120804,2.6666666666666665,0.9428090415820634,benign,0,3
LIDC-IDRI-0299,0,2,patches/LIDC-IDRI-0299_n02.npz,4,10.125743201199704,3.25,1.0897247358851685,malignant,1,3
LIDC-IDRI-0300,0,0,patches/LIDC-IDRI-0300_n00.npz,3,5.402367158087043,2.0,0.816496580927726,benign,0,2
LIDC-IDRI-0300,0,1,patches/LIDC-IDRI-0300_n01.npz,4,10.778828535869604,2.5,1.118033988749895,benign,0,2
LIDC-IDRI-0300,0,2,patches/LIDC-IDRI-0300_n02.npz,4,16.23944915946225,3.0,1.4142135623730951,indeterminate,-1,2
LIDC-IDRI-0300,0,3,patches/LIDC-IDRI-0300_n03.npz,4,11.274599395106582,3.0,1.224744871391589,indeterminate,-1,2
LIDC-IDRI-0301,0,1,patches/LIDC-IDRI-0301_n01.npz,3,8.926117684043263,2.6666666666666665,1.247219128924647,benign,0,0
LIDC-IDRI-0303,0,0,patches/LIDC-IDRI-0303_n00.npz,3,33.28223254756045,3.6666666666666665,0.9428090415820634,malignant,1,0
LIDC-IDRI-0304,0,0,patches/LIDC-IDRI-0304_n00.npz,3,17.154796511039617,3.6666666666666665,0.4714045207910317,malignant,1,4
LIDC-IDRI-0305,0,1,patches/LIDC-IDRI-0305_n01.npz,3,8.270560930065729,3.333333333333333,0.4714045207910317,malignant,1,2
LIDC-IDRI-0305,0,7,patches/LIDC-IDRI-0305_n07.npz,4,14.015173839075285,4.0,0.7071067811865476,malignant,1,2
LIDC-IDRI-0308,0,1,patches/LIDC-IDRI-0308_n01.npz,4,6.799574857819973,3.0,0.7071067811865476,indeterminate,-1,1
LIDC-IDRI-0309,0,1,patches/LIDC-IDRI-0309_n01.npz,4,11.744330023919556,4.0,0.7071067811865476,malignant,1,0
LIDC-IDRI-0310,0,0,patches/LIDC-IDRI-0310_n00.npz,4,13.412219103054284,3.25,0.4330127018922193,malignant,1,0
LIDC-IDRI-0311,0,1,patches/LIDC-IDRI-0311_n01.npz,4,13.757707516732948,3.5,0.5,malignant,1,4
LIDC-IDRI-0312,0,0,patches/LIDC-IDRI-0312_n00.npz,3,9.752633104967115,3.6666666666666665,0.4714045207910317,malignant,1,4
LIDC-IDRI-0312,0,1,patches/LIDC-IDRI-0312_n01.npz,3,7.706811129968862,3.6666666666666665,0.4714045207910317,malignant,1,4
LIDC-IDRI-0312,0,2,patches/LIDC-IDRI-0312_n02.npz,3,6.794275877549223,3.6666666666666665,0.4714045207910317,malignant,1,4
LIDC-IDRI-0313,0,0,patches/LIDC-IDRI-0313_n00.npz,4,31.89444006874788,5.0,0.0,malignant,1,3
LIDC-IDRI-0314,0,0,patches/LIDC-IDRI-0314_n00.npz,4,22.087252960886925,3.25,1.479019945774904,malignant,1,0
LIDC-IDRI-0315,0,0,patches/LIDC-IDRI-0315_n00.npz,4,20.973856094718386,3.5,0.5,malignant,1,0
LIDC-IDRI-0315,0,1,patches/LIDC-IDRI-0315_n01.npz,4,5.043201365616878,2.5,0.5,benign,0,0
LIDC-IDRI-0315,0,2,patches/LIDC-IDRI-0315_n02.npz,3,9.578312787049883,2.6666666666666665,0.4714045207910317,benign,0,0
LIDC-IDRI-0315,0,3,patches/LIDC-IDRI-0315_n03.npz,4,7.96677475519679,2.75,0.4330127018922193,benign,0,0
LIDC-IDRI-0315,0,4,patches/LIDC-IDRI-0315_n04.npz,4,10.011360154285086,2.75,0.4330127018922193,benign,0,0
LIDC-IDRI-0315,1,3,patches/LIDC-IDRI-0315_s1_n03.npz,4,16.896685164070032,3.75,0.82915619758885,malignant,1,0
LIDC-IDRI-0315,1,4,patches/LIDC-IDRI-0315_s1_n04.npz,4,9.98089033533962,2.5,0.5,benign,0,0
LIDC-IDRI-0315,1,5,patches/LIDC-IDRI-0315_s1_n05.npz,4,10.460447228155656,3.0,0.7071067811865476,indeterminate,-1,0
LIDC-IDRI-0315,1,6,patches/LIDC-IDRI-0315_s1_n06.npz,3,9.701834081395804,2.333333333333333,0.4714045207910317,benign,0,0
LIDC-IDRI-0318,0,0,patches/LIDC-IDRI-0318_n00.npz,3,11.427479521916217,1.6666666666666667,0.9428090415820634,benign,0,1
LIDC-IDRI-0319,0,0,patches/LIDC-IDRI-0319_n00.npz,4,8.03839477870798,2.75,0.4330127018922193,benign,0,3
LIDC-IDRI-0321,0,0,patches/LIDC-IDRI-0321_n00.npz,3,9.099986855028028,2.6666666666666665,0.4714045207910317,benign,0,1
LIDC-IDRI-0321,0,1,patches/LIDC-IDRI-0321_n01.npz,3,6.340409741516216,1.0,0.0,benign,0,1
LIDC-IDRI-0321,0,2,patches/LIDC-IDRI-0321_n02.npz,4,9.982676954060448,1.75,1.299038105676658,benign,0,1
LIDC-IDRI-0323,0,0,patches/LIDC-IDRI-0323_n00.npz,4,6.727799109848763,2.75,0.4330127018922193,benign,0,2
LIDC-IDRI-0323,0,2,patches/LIDC-IDRI-0323_n02.npz,3,6.086276437851514,2.6666666666666665,0.4714045207910317,benign,0,2
LIDC-IDRI-0325,0,0,patches/LIDC-IDRI-0325_n00.npz,4,31.07648341936009,4.25,0.82915619758885,malignant,1,4
LIDC-IDRI-0326,0,0,patches/LIDC-IDRI-0326_n00.npz,4,6.995227831834203,3.5,0.5,malignant,1,2
LIDC-IDRI-0326,0,1,patches/LIDC-IDRI-0326_n01.npz,4,5.938996985765269,3.25,0.4330127018922193,malignant,1,2
LIDC-IDRI-0332,1,0,patches/LIDC-IDRI-0332_s1_n00.npz,4,39.78588532787897,5.0,0.0,malignant,1,0
LIDC-IDRI-0332,1,1,patches/LIDC-IDRI-0332_s1_n01.npz,4,12.064950464368296,3.0,0.7071067811865476,indeterminate,-1,0
LIDC-IDRI-0334,0,2,patches/LIDC-IDRI-0334_n02.npz,3,16.13406507592361,3.6666666666666665,0.4714045207910317,malignant,1,1
LIDC-IDRI-0334,0,6,patches/LIDC-IDRI-0334_n06.npz,4,13.823668380583776,3.0,0.7071067811865476,indeterminate,-1,1
LIDC-IDRI-0334,0,8,patches/LIDC-IDRI-0334_n08.npz,3,8.404796854016277,2.6666666666666665,0.4714045207910317,benign,0,1
LIDC-IDRI-0335,0,1,patches/LIDC-IDRI-0335_n01.npz,3,5.3641055553183925,2.6666666666666665,0.4714045207910317,benign,0,2
LIDC-IDRI-0335,0,2,patches/LIDC-IDRI-0335_n02.npz,3,5.3641055553183925,2.6666666666666665,0.4714045207910317,benign,0,2
LIDC-IDRI-0337,0,0,patches/LIDC-IDRI-0337_n00.npz,4,20.27226315970207,4.75,0.4330127018922193,malignant,1,3
LIDC-IDRI-0337,0,1,patches/LIDC-IDRI-0337_n01.npz,4,36.60991450653995,5.0,0.0,malignant,1,3
LIDC-IDRI-0338,0,0,patches/LIDC-IDRI-0338_n00.npz,4,7.039257018194313,3.0,1.0,indeterminate,-1,2
LIDC-IDRI-0339,0,0,patches/LIDC-IDRI-0339_n00.npz,3,7.48059605829804,3.0,0.816496580927726,indeterminate,-1,4
LIDC-IDRI-0341,0,1,patches/LIDC-IDRI-0341_n01.npz,4,5.70694316273833,2.5,0.5,benign,0,2
LIDC-IDRI-0341,0,3,patches/LIDC-IDRI-0341_n03.npz,4,5.888503151766541,3.0,0.0,indeterminate,-1,2
LIDC-IDRI-0341,0,5,patches/LIDC-IDRI-0341_n05.npz,4,8.450052720689808,2.75,0.4330127018922193,benign,0,2
LIDC-IDRI-0343,0,0,patches/LIDC-IDRI-0343_n00.npz,4,7.349661199399456,2.5,1.118033988749895,benign,0,1
LIDC-IDRI-0344,0,1,patches/LIDC-IDRI-0344_n01.npz,4,18.813731933855177,2.75,0.82915619758885,benign,0,2
LIDC-IDRI-0345,0,0,patches/LIDC-IDRI-0345_n00.npz,3,6.274528511812945,2.6666666666666665,0.4714045207910317,benign,0,0
LIDC-IDRI-0345,0,1,patches/LIDC-IDRI-0345_n01.npz,3,6.750313298068927,2.333333333333333,0.4714045207910317,benign,0,0
LIDC-IDRI-0346,0,0,patches/LIDC-IDRI-0346_n00.npz,4,6.9438017162707,1.0,0.0,benign,0,4
LIDC-IDRI-0346,0,1,patches/LIDC-IDRI-0346_n01.npz,4,21.71866599463289,2.5,0.8660254037844386,benign,0,4
LIDC-IDRI-0346,0,3,patches/LIDC-IDRI-0346_n03.npz,3,5.987828233642568,2.6666666666666665,0.4714045207910317,benign,0,4
LIDC-IDRI-0346,0,4,patches/LIDC-IDRI-0346_n04.npz,4,7.343545041477144,1.0,0.0,benign,0,4
LIDC-IDRI-0347,0,0,patches/LIDC-IDRI-0347_n00.npz,4,21.684566424458367,3.5,0.8660254037844386,malignant,1,4
LIDC-IDRI-0347,0,2,patches/LIDC-IDRI-0347_n02.npz,4,7.595017074098896,2.25,0.82915619758885,benign,0,4
LIDC-IDRI-0347,0,3,patches/LIDC-IDRI-0347_n03.npz,4,30.036684666922227,3.75,1.6393596310755,malignant,1,4
LIDC-IDRI-0348,0,1,patches/LIDC-IDRI-0348_n01.npz,4,17.25833532039532,3.75,1.0897247358851685,malignant,1,3
LIDC-IDRI-0350,0,0,patches/LIDC-IDRI-0350_n00.npz,4,6.497800682696019,3.25,0.4330127018922193,malignant,1,1
LIDC-IDRI-0351,0,1,patches/LIDC-IDRI-0351_n01.npz,3,6.81911798908479,1.0,0.0,benign,0,0
LIDC-IDRI-0352,0,1,patches/LIDC-IDRI-0352_n01.npz,3,7.736221460620165,2.6666666666666665,0.4714045207910317,benign,0,3
LIDC-IDRI-0353,0,0,patches/LIDC-IDRI-0353_n00.npz,3,6.3568519488762405,1.0,0.0,benign,0,2
LIDC-IDRI-0353,0,1,patches/LIDC-IDRI-0353_n01.npz,4,8.602136048749358,3.0,1.224744871391589,indeterminate,-1,2
LIDC-IDRI-0353,0,2,patches/LIDC-IDRI-0353_n02.npz,3,18.311658921288952,4.0,0.816496580927726,malignant,1,2
LIDC-IDRI-0354,0,0,patches/LIDC-IDRI-0354_n00.npz,3,9.633666124526876,1.0,0.0,benign,0,0
LIDC-IDRI-0356,0,0,patches/LIDC-IDRI-0356_n00.npz,4,6.149599198383262,3.0,0.7071067811865476,indeterminate,-1,1
LIDC-IDRI-0356,0,2,patches/LIDC-IDRI-0356_n02.npz,4,6.033185134729293,2.5,0.5,benign,0,1
LIDC-IDRI-0356,0,3,patches/LIDC-IDRI-0356_n03.npz,4,6.687796781924341,2.75,0.4330127018922193,benign,0,1
LIDC-IDRI-0356,0,4,patches/LIDC-IDRI-0356_n04.npz,4,8.099569565501783,3.0,0.7071067811865476,indeterminate,-1,1
LIDC-IDRI-0358,0,5,patches/LIDC-IDRI-0358_n05.npz,4,9.247163723928152,2.25,1.299038105676658,benign,0,3
LIDC-IDRI-0358,0,7,patches/LIDC-IDRI-0358_n07.npz,4,8.694087459142628,3.25,0.4330127018922193,malignant,1,3
LIDC-IDRI-0359,0,0,patches/LIDC-IDRI-0359_n00.npz,4,9.435849164689506,2.75,0.82915619758885,benign,0,4
LIDC-IDRI-0359,0,1,patches/LIDC-IDRI-0359_n01.npz,4,11.962587328840772,1.5,0.8660254037844386,benign,0,4
LIDC-IDRI-0360,0,0,patches/LIDC-IDRI-0360_n00.npz,3,6.201899374383583,2.333333333333333,0.4714045207910317,benign,0,3
LIDC-IDRI-0360,0,2,patches/LIDC-IDRI-0360_n02.npz,3,13.48914024295357,3.0,0.816496580927726,indeterminate,-1,3
LIDC-IDRI-0360,0,3,patches/LIDC-IDRI-0360_n03.npz,4,14.293655794626709,3.25,0.82915619758885,malignant,1,3
LIDC-IDRI-0362,0,1,patches/LIDC-IDRI-0362_n01.npz,4,16.44106655007448,4.5,0.8660254037844386,malignant,1,0
LIDC-IDRI-0363,0,0,patches/LIDC-IDRI-0363_n00.npz,4,10.479320553786504,2.0,1.0,benign,0,3
LIDC-IDRI-0365,0,0,patches/LIDC-IDRI-0365_n00.npz,4,18.78570986021275,3.25,0.82915619758885,malignant,1,1
LIDC-IDRI-0365,1,0,patches/LIDC-IDRI-0365_s1_n00.npz,4,13.937139038304345,3.75,0.82915619758885,malignant,1,1
LIDC-IDRI-0368,0,0,patches/LIDC-IDRI-0368_n00.npz,4,20.202745216758885,3.5,1.118033988749895,malignant,1,2
LIDC-IDRI-0368,0,1,patches/LIDC-IDRI-0368_n01.npz,4,9.857884789019533,3.0,0.7071067811865476,indeterminate,-1,2
LIDC-IDRI-0368,0,3,patches/LIDC-IDRI-0368_n03.npz,4,10.81508329556846,1.0,0.0,benign,0,2
LIDC-IDRI-0368,0,4,patches/LIDC-IDRI-0368_n04.npz,4,24.821827850806628,3.5,1.118033988749895,malignant,1,2
LIDC-IDRI-0368,0,5,patches/LIDC-IDRI-0368_n05.npz,4,11.388652778553734,3.0,0.7071067811865476,indeterminate,-1,2
LIDC-IDRI-0369,0,0,patches/LIDC-IDRI-0369_n00.npz,4,8.924876173918527,2.75,0.82915619758885,benign,0,1
LIDC-IDRI-0371,0,0,patches/LIDC-IDRI-0371_n00.npz,3,7.530178952524229,2.333333333333333,0.4714045207910317,benign,0,4
LIDC-IDRI-0372,0,1,patches/LIDC-IDRI-0372_n01.npz,4,7.363073380133972,3.0,0.0,indeterminate,-1,3
LIDC-IDRI-0373,0,0,patches/LIDC-IDRI-0373_n00.npz,3,7.429178409755565,2.6666666666666665,1.247219128924647,benign,0,0
LIDC-IDRI-0375,0,0,patches/LIDC-IDRI-0375_n00.npz,4,7.47905533485811,1.0,0.0,benign,0,0
LIDC-IDRI-0375,0,1,patches/LIDC-IDRI-0375_n01.npz,4,12.765242822504597,3.25,1.299038105676658,malignant,1,0
LIDC-IDRI-0376,0,0,patches/LIDC-IDRI-0376_n00.npz,4,8.081447510355932,2.25,1.0897247358851685,benign,0,0
LIDC-IDRI-0377,0,0,patches/LIDC-IDRI-0377_n00.npz,4,20.64491700466733,4.5,0.8660254037844386,malignant,1,2
LIDC-IDRI-0377,0,1,patches/LIDC-IDRI-0377_n01.npz,3,6.543079452971747,3.0,0.816496580927726,indeterminate,-1,2
LIDC-IDRI-0379,0,0,patches/LIDC-IDRI-0379_n00.npz,4,11.164664471675469,2.75,0.4330127018922193,benign,0,0
LIDC-IDRI-0379,0,2,patches/LIDC-IDRI-0379_n02.npz,4,6.035148956977265,1.0,0.0,benign,0,0
LIDC-IDRI-0379,0,3,patches/LIDC-IDRI-0379_n03.npz,4,9.26097626038064,2.75,0.4330127018922193,benign,0,0
LIDC-IDRI-0380,0,0,patches/LIDC-IDRI-0380_n00.npz,4,5.443852265640997,2.75,0.82915619758885,benign,0,4
LIDC-IDRI-0380,0,1,patches/LIDC-IDRI-0380_n01.npz,4,5.286457306003938,2.25,0.4330127018922193,benign,0,4
LIDC-IDRI-0385,0,0,patches/LIDC-IDRI-0385_n00.npz,4,10.90010012406629,3.75,1.0897247358851685,malignant,1,3
LIDC-IDRI-0386,0,1,patches/LIDC-IDRI-0386_n01.npz,3,9.039694043792116,3.333333333333333,0.4714045207910317,malignant,1,2
LIDC-IDRI-0386,0,3,patches/LIDC-IDRI-0386_n03.npz,4,7.984754201185591,1.0,0.0,benign,0,2
LIDC-IDRI-0386,0,4,patches/LIDC-IDRI-0386_n04.npz,4,8.244983478226727,3.0,1.0,indeterminate,-1,2
LIDC-IDRI-0387,0,0,patches/LIDC-IDRI-0387_n00.npz,4,16.70092709341842,3.75,0.82915619758885,malignant,1,0
LIDC-IDRI-0388,0,1,patches/LIDC-IDRI-0388_n01.npz,3,7.529205260231099,3.0,0.816496580927726,indeterminate,-1,3
LIDC-IDRI-0390,0,0,patches/LIDC-IDRI-0390_n00.npz,4,9.965761441030752,1.0,0.0,benign,0,2
LIDC-IDRI-0390,0,1,patches/LIDC-IDRI-0390_n01.npz,4,11.40710762080852,1.0,0.0,benign,0,2
LIDC-IDRI-0390,0,2,patches/LIDC-IDRI-0390_n02.npz,4,8.63740902916781,1.0,0.0,benign,0,2
LIDC-IDRI-0390,0,4,patches/LIDC-IDRI-0390_n04.npz,4,10.02668016608863,1.0,0.0,benign,0,2
LIDC-IDRI-0390,0,5,patches/LIDC-IDRI-0390_n05.npz,4,16.405494195145483,1.5,0.8660254037844386,benign,0,2
LIDC-IDRI-0390,0,6,patches/LIDC-IDRI-0390_n06.npz,3,6.614540451409652,1.0,0.0,benign,0,2
LIDC-IDRI-0390,0,7,patches/LIDC-IDRI-0390_n07.npz,3,6.411824648674066,1.0,0.0,benign,0,2
LIDC-IDRI-0392,0,0,patches/LIDC-IDRI-0392_n00.npz,4,4.997941160800375,3.0,0.0,indeterminate,-1,0
LIDC-IDRI-0392,0,2,patches/LIDC-IDRI-0392_n02.npz,3,5.56155244864019,2.6666666666666665,0.4714045207910317,benign,0,0
LIDC-IDRI-0394,0,1,patches/LIDC-IDRI-0394_n01.npz,3,6.15941514996963,3.0,0.0,indeterminate,-1,3
LIDC-IDRI-0394,0,2,patches/LIDC-IDRI-0394_n02.npz,3,5.234070767418364,3.333333333333333,0.4714045207910317,malignant,1,3
LIDC-IDRI-0394,0,3,patches/LIDC-IDRI-0394_n03.npz,4,5.894809922082057,3.25,0.4330127018922193,malignant,1,3
LIDC-IDRI-0394,0,4,patches/LIDC-IDRI-0394_n04.npz,3,8.646902930140314,3.6666666666666665,0.9428090415820634,malignant,1,3
LIDC-IDRI-0394,0,5,patches/LIDC-IDRI-0394_n05.npz,4,9.602725192069292,3.5,0.8660254037844386,malignant,1,3
LIDC-IDRI-0395,0,0,patches/LIDC-IDRI-0395_n00.npz,3,22.525446540541367,3.6666666666666665,0.4714045207910317,malignant,1,4
LIDC-IDRI-0395,0,3,patches/LIDC-IDRI-0395_n03.npz,3,6.9843080074812045,2.6666666666666665,0.4714045207910317,benign,0,4
LIDC-IDRI-0398,0,1,patches/LIDC-IDRI-0398_n01.npz,4,7.072912531789539,2.75,0.4330127018922193,benign,0,4
LIDC-IDRI-0398,0,3,patches/LIDC-IDRI-0398_n03.npz,4,7.933435042200218,3.25,0.4330127018922193,malignant,1,4
LIDC-IDRI-0398,0,6,patches/LIDC-IDRI-0398_n06.npz,3,6.142859085628747,2.6666666666666665,0.4714045207910317,benign,0,4
LIDC-IDRI-0398,0,10,patches/LIDC-IDRI-0398_n10.npz,4,14.955746974739636,3.75,0.82915619758885,malignant,1,4
LIDC-IDRI-0399,0,0,patches/LIDC-IDRI-0399_n00.npz,3,6.879383944770406,2.0,0.0,benign,0,3
LIDC-IDRI-0400,0,0,patches/LIDC-IDRI-0400_n00.npz,3,7.62599851791479,3.333333333333333,0.4714045207910317,malignant,1,3
LIDC-IDRI-0400,0,1,patches/LIDC-IDRI-0400_n01.npz,3,9.628631486180444,3.333333333333333,1.247219128924647,malignant,1,3
LIDC-IDRI-0400,0,2,patches/LIDC-IDRI-0400_n02.npz,4,7.17303315674882,3.5,0.5,malignant,1,3
LIDC-IDRI-0402,0,0,patches/LIDC-IDRI-0402_n00.npz,4,9.284054874807527,3.0,0.7071067811865476,indeterminate,-1,2
LIDC-IDRI-0402,0,1,patches/LIDC-IDRI-0402_n01.npz,3,6.31525014592954,2.6666666666666665,0.4714045207910317,benign,0,2
LIDC-IDRI-0402,0,3,patches/LIDC-IDRI-0402_n03.npz,4,9.149044102263698,3.25,0.4330127018922193,malignant,1,2
LIDC-IDRI-0402,0,4,patches/LIDC-IDRI-0402_n04.npz,3,5.64661817475491,3.0,0.0,indeterminate,-1,2
LIDC-IDRI-0402,0,5,patches/LIDC-IDRI-0402_n05.npz,3,7.775419656496645,2.333333333333333,0.4714045207910317,benign,0,2
LIDC-IDRI-0402,0,6,patches/LIDC-IDRI-0402_n06.npz,3,7.485673704958238,3.0,0.0,indeterminate,-1,2
LIDC-IDRI-0402,0,9,patches/LIDC-IDRI-0402_n09.npz,3,31.151595543305596,4.333333333333333,0.4714045207910317,malignant,1,2
LIDC-IDRI-0403,0,0,patches/LIDC-IDRI-0403_n00.npz,4,7.606280864999227,1.0,0.0,benign,0,0
LIDC-IDRI-0404,0,0,patches/LIDC-IDRI-0404_n00.npz,3,36.69219020002435,4.333333333333333,0.4714045207910317,malignant,1,2
LIDC-IDRI-0404,0,1,patches/LIDC-IDRI-0404_n01.npz,3,9.19172656024385,2.6666666666666665,0.4714045207910317,benign,0,2
LIDC-IDRI-0404,0,3,patches/LIDC-IDRI-0404_n03.npz,4,18.998417196878705,4.0,1.224744871391589,malignant,1,2
LIDC-IDRI-0405,0,0,patches/LIDC-IDRI-0405_n00.npz,3,8.406669288109763,2.333333333333333,0.9428090415820634,benign,0,1
LIDC-IDRI-0405,0,1,patches/LIDC-IDRI-0405_n01.npz,4,8.370044827490867,3.0,0.7071067811865476,indeterminate,-1,1
LIDC-IDRI-0406,0,1,patches/LIDC-IDRI-0406_n01.npz,4,7.401498396132361,2.75,0.4330127018922193,benign,0,4
LIDC-IDRI-0406,0,2,patches/LIDC-IDRI-0406_n02.npz,3,5.719471951331468,2.6666666666666665,0.4714045207910317,benign,0,4
LIDC-IDRI-0407,0,0,patches/LIDC-IDRI-0407_n00.npz,4,6.1900663164350656,2.75,0.4330127018922193,benign,0,0
LIDC-IDRI-0407,0,1,patches/LIDC-IDRI-0407_n01.npz,4,14.92154558443696,4.25,0.82915619758885,malignant,1,0
LIDC-IDRI-0407,0,2,patches/LIDC-IDRI-0407_n02.npz,3,6.923763017821724,1.6666666666666667,0.9428090415820634,benign,0,0
LIDC-IDRI-0408,0,0,patches/LIDC-IDRI-0408_n00.npz,4,5.930619214518627,2.75,0.4330127018922193,benign,0,4
LIDC-IDRI-0408,0,1,patches/LIDC-IDRI-0408_n01.npz,4,6.170202898475825,2.75,0.4330127018922193,benign,0,4
LIDC-IDRI-0409,0,0,patches/LIDC-IDRI-0409_n00.npz,3,8.42658087615014,1.6666666666666667,0.9428090415820634,benign,0,2
LIDC-IDRI-0409,0,1,patches/LIDC-IDRI-0409_n01.npz,4,12.858696354180458,3.25,0.4330127018922193,malignant,1,2
LIDC-IDRI-0411,0,2,patches/LIDC-IDRI-0411_n02.npz,3,8.302537800467311,2.6666666666666665,0.9428090415820634,benign,0,3
LIDC-IDRI-0412,0,2,patches/LIDC-IDRI-0412_n02.npz,4,5.808590500220828,2.0,0.7071067811865476,benign,0,4
LIDC-IDRI-0413,0,0,patches/LIDC-IDRI-0413_n00.npz,3,8.340217735855846,2.333333333333333,0.4714045207910317,benign,0,1
LIDC-IDRI-0413,0,1,patches/LIDC-IDRI-0413_n01.npz,3,7.145063775004336,2.0,0.816496580927726,benign,0,1
LIDC-IDRI-0415,0,0,patches/LIDC-IDRI-0415_n00.npz,4,8.268833927592,3.5,0.8660254037844386,malignant,1,2
LIDC-IDRI-0415,0,2,patches/LIDC-IDRI-0415_n02.npz,4,9.003256392460436,3.75,0.82915619758885,malignant,1,2
LIDC-IDRI-0415,0,3,patches/LIDC-IDRI-0415_n03.npz,4,6.620125079626787,3.25,0.4330127018922193,malignant,1,2
LIDC-IDRI-0415,0,5,patches/LIDC-IDRI-0415_n05.npz,3,7.142003244095059,3.0,0.0,indeterminate,-1,2
LIDC-IDRI-0415,0,6,patches/LIDC-IDRI-0415_n06.npz,4,13.472252373367237,4.75,0.4330127018922193,malignant,1,2
LIDC-IDRI-0416,0,0,patches/LIDC-IDRI-0416_n00.npz,3,6.958533060688836,3.0,0.0,indeterminate,-1,1
LIDC-IDRI-0416,0,1,patches/LIDC-IDRI-0416_n01.npz,3,8.142884580465035,3.333333333333333,0.4714045207910317,malignant,1,1
LIDC-IDRI-0419,0,0,patches/LIDC-IDRI-0419_n00.npz,3,7.803698743179901,2.6666666666666665,0.9428090415820634,benign,0,4
LIDC-IDRI-0419,0,1,patches/LIDC-IDRI-0419_n01.npz,4,7.2079322222805216,1.5,0.8660254037844386,benign,0,4
LIDC-IDRI-0420,0,0,patches/LIDC-IDRI-0420_n00.npz,3,12.26909272100143,4.0,0.816496580927726,malignant,1,2
LIDC-IDRI-0420,0,1,patches/LIDC-IDRI-0420_n01.npz,3,10.51286414385107,3.0,0.0,indeterminate,-1,2
LIDC-IDRI-0421,0,0,patches/LIDC-IDRI-0421_n00.npz,4,28.49406647332801,3.25,1.0897247358851685,malignant,1,0
LIDC-IDRI-0421,0,1,patches/LIDC-IDRI-0421_n01.npz,3,6.983316042434805,1.0,0.0,benign,0,0
LIDC-IDRI-0423,0,0,patches/LIDC-IDRI-0423_n00.npz,4,25.84320409415158,4.25,0.82915619758885,malignant,1,1
LIDC-IDRI-0424,0,2,patches/LIDC-IDRI-0424_n02.npz,3,8.463595313158683,3.333333333333333,0.9428090415820634,malignant,1,3
LIDC-IDRI-0426,0,0,patches/LIDC-IDRI-0426_n00.npz,4,11.040678020843226,1.0,0.0,benign,0,1
LIDC-IDRI-0427,0,0,patches/LIDC-IDRI-0427_n00.npz,4,9.732612581062384,1.0,0.0,benign,0,2
LIDC-IDRI-0427,0,1,patches/LIDC-IDRI-0427_n01.npz,3,6.394098090921837,1.6666666666666667,0.9428090415820634,benign,0,2
LIDC-IDRI-0427,0,3,patches/LIDC-IDRI-0427_n03.npz,3,6.477904152536248,1.0,0.0,benign,0,2
LIDC-IDRI-0429,0,1,patches/LIDC-IDRI-0429_n01.npz,4,11.411358934684564,2.75,0.4330127018922193,benign,0,4
LIDC-IDRI-0430,0,0,patches/LIDC-IDRI-0430_n00.npz,4,9.590565471948963,3.0,0.7071067811865476,indeterminate,-1,0
LIDC-IDRI-0430,0,1,patches/LIDC-IDRI-0430_n01.npz,3,6.960402094591924,2.6666666666666665,0.9428090415820634,benign,0,0
LIDC-IDRI-0433,0,0,patches/LIDC-IDRI-0433_n00.npz,3,6.32413094426688,2.6666666666666665,0.4714045207910317,benign,0,4
LIDC-IDRI-0433,0,2,patches/LIDC-IDRI-0433_n02.npz,4,10.416752690964138,1.75,1.299038105676658,benign,0,4
LIDC-IDRI-0433,0,3,patches/LIDC-IDRI-0433_n03.npz,3,6.880721421440241,2.6666666666666665,0.4714045207910317,benign,0,4
LIDC-IDRI-0433,0,4,patches/LIDC-IDRI-0433_n04.npz,4,6.837834926758472,2.75,0.4330127018922193,benign,0,4
LIDC-IDRI-0434,0,0,patches/LIDC-IDRI-0434_n00.npz,4,11.37441587560205,3.0,0.7071067811865476,indeterminate,-1,3
LIDC-IDRI-0434,0,1,patches/LIDC-IDRI-0434_n01.npz,4,10.161206029443273,3.0,0.7071067811865476,indeterminate,-1,3
LIDC-IDRI-0434,0,2,patches/LIDC-IDRI-0434_n02.npz,4,8.493374943450604,2.5,0.5,benign,0,3
LIDC-IDRI-0435,0,0,patches/LIDC-IDRI-0435_n00.npz,3,7.134441079486471,2.0,0.816496580927726,benign,0,2
LIDC-IDRI-0435,0,2,patches/LIDC-IDRI-0435_n02.npz,3,7.162671713481948,2.333333333333333,0.9428090415820634,benign,0,2
LIDC-IDRI-0435,0,5,patches/LIDC-IDRI-0435_n05.npz,4,7.5766291663104255,2.5,0.5,benign,0,2
LIDC-IDRI-0435,0,6,patches/LIDC-IDRI-0435_n06.npz,3,6.114526203358683,2.333333333333333,0.4714045207910317,benign,0,2
LIDC-IDRI-0436,0,0,patches/LIDC-IDRI-0436_n00.npz,4,43.22789592957557,4.0,0.7071067811865476,malignant,1,2
LIDC-IDRI-0437,0,0,patches/LIDC-IDRI-0437_n00.npz,4,10.209320133172785,1.75,1.299038105676658,benign,0,0
LIDC-IDRI-0437,0,2,patches/LIDC-IDRI-0437_n02.npz,4,7.61898293339316,1.25,0.4330127018922193,benign,0,0
LIDC-IDRI-0437,0,3,patches/LIDC-IDRI-0437_n03.npz,4,8.208444957221186,1.25,0.4330127018922193,benign,0,0
LIDC-IDRI-0438,0,0,patches/LIDC-IDRI-0438_n00.npz,4,8.318907951587803,2.75,0.4330127018922193,benign,0,3
LIDC-IDRI-0439,0,1,patches/LIDC-IDRI-0439_n01.npz,4,30.46480944843104,3.5,1.118033988749895,malignant,1,3
LIDC-IDRI-0440,0,0,patches/LIDC-IDRI-0440_n00.npz,4,12.232590108087056,3.0,0.7071067811865476,indeterminate,-1,1
LIDC-IDRI-0440,0,1,patches/LIDC-IDRI-0440_n01.npz,4,16.126830948279334,1.0,0.0,benign,0,1
LIDC-IDRI-0442,0,0,patches/LIDC-IDRI-0442_n00.npz,3,7.362986504625176,2.333333333333333,0.9428090415820634,benign,0,4
LIDC-IDRI-0442,0,1,patches/LIDC-IDRI-0442_n01.npz,3,7.029367414863633,2.0,0.816496580927726,benign,0,4
LIDC-IDRI-0442,0,2,patches/LIDC-IDRI-0442_n02.npz,4,4.874236057586079,2.5,1.118033988749895,benign,0,4
LIDC-IDRI-0442,1,0,patches/LIDC-IDRI-0442_s1_n00.npz,4,7.526951660776553,2.75,0.4330127018922193,benign,0,4
LIDC-IDRI-0442,1,1,patches/LIDC-IDRI-0442_s1_n01.npz,3,6.928861530969528,3.333333333333333,0.4714045207910317,malignant,1,4
LIDC-IDRI-0443,0,0,patches/LIDC-IDRI-0443_n00.npz,4,8.395895314758244,1.75,1.299038105676658,benign,0,2
LIDC-IDRI-0445,0,1,patches/LIDC-IDRI-0445_n01.npz,3,9.182739198022714,3.333333333333333,0.9428090415820634,malignant,1,4
LIDC-IDRI-0447,0,0,patches/LIDC-IDRI-0447_n00.npz,3,6.176494510712565,3.0,0.0,indeterminate,-1,1
LIDC-IDRI-0447,0,1,patches/LIDC-IDRI-0447_n01.npz,4,18.81115175743064,5.0,0.0,malignant,1,1
LIDC-IDRI-0448,0,0,patches/LIDC-IDRI-0448_n00.npz,4,7.620644348487247,3.0,0.7071067811865476,indeterminate,-1,2
LIDC-IDRI-0448,0,1,patches/LIDC-IDRI-0448_n01.npz,4,7.123666016982831,3.25,0.82915619758885,malignant,1,2
LIDC-IDRI-0448,0,2,patches/LIDC-IDRI-0448_n02.npz,4,9.42214602046141,3.0,0.7071067811865476,indeterminate,-1,2
LIDC-IDRI-0449,0,1,patches/LIDC-IDRI-0449_n01.npz,3,8.151645668563413,2.333333333333333,0.9428090415820634,benign,0,2
LIDC-IDRI-0450,0,2,patches/LIDC-IDRI-0450_n02.npz,3,7.26310278222167,2.333333333333333,0.4714045207910317,benign,0,3
LIDC-IDRI-0450,0,3,patches/LIDC-IDRI-0450_n03.npz,4,7.473873030725045,3.0,0.7071067811865476,indeterminate,-1,3
LIDC-IDRI-0450,0,5,patches/LIDC-IDRI-0450_n05.npz,4,8.627761797269184,3.0,0.7071067811865476,indeterminate,-1,3
LIDC-IDRI-0450,0,6,patches/LIDC-IDRI-0450_n06.npz,4,9.012005974826137,3.25,0.82915619758885,malignant,1,3
LIDC-IDRI-0450,0,7,patches/LIDC-IDRI-0450_n07.npz,4,12.969197350030944,4.5,0.8660254037844386,malignant,1,3
LIDC-IDRI-0450,0,8,patches/LIDC-IDRI-0450_n08.npz,4,8.161934970267186,3.25,0.4330127018922193,malignant,1,3
LIDC-IDRI-0451,0,0,patches/LIDC-IDRI-0451_n00.npz,4,12.875655770711049,3.25,0.82915619758885,malignant,1,4
LIDC-IDRI-0452,0,0,patches/LIDC-IDRI-0452_n00.npz,4,9.106185035346108,3.0,0.7071067811865476,indeterminate,-1,4
LIDC-IDRI-0452,0,2,patches/LIDC-IDRI-0452_n02.npz,3,6.208378976822547,3.0,0.816496580927726,indeterminate,-1,4
LIDC-IDRI-0453,0,0,patches/LIDC-IDRI-0453_n00.npz,4,12.355426784044688,3.5,0.5,malignant,1,0
LIDC-IDRI-0454,0,0,patches/LIDC-IDRI-0454_n00.npz,4,6.53795694184602,2.25,0.82915619758885,benign,0,1
LIDC-IDRI-0454,0,2,patches/LIDC-IDRI-0454_n02.npz,3,6.013836854679021,3.0,0.0,indeterminate,-1,1
LIDC-IDRI-0454,0,3,patches/LIDC-IDRI-0454_n03.npz,4,7.952279575198099,3.75,0.82915619758885,malignant,1,1
LIDC-IDRI-0454,0,5,patches/LIDC-IDRI-0454_n05.npz,4,5.71386991891493,2.5,0.5,benign,0,1
LIDC-IDRI-0454,0,6,patches/LIDC-IDRI-0454_n06.npz,3,39.03299078554852,4.333333333333333,0.9428090415820634,malignant,1,1
LIDC-IDRI-0456,0,0,patches/LIDC-IDRI-0456_n00.npz,4,9.298212422629366,1.0,0.0,benign,0,3
LIDC-IDRI-0456,0,1,patches/LIDC-IDRI-0456_n01.npz,4,8.225029722030094,3.25,0.4330127018922193,malignant,1,3
LIDC-IDRI-0456,0,2,patches/LIDC-IDRI-0456_n02.npz,4,5.08527169237022,1.0,0.0,benign,0,3
LIDC-IDRI-0458,0,1,patches/LIDC-IDRI-0458_n01.npz,3,6.905942992942734,3.6666666666666665,0.9428090415820634,malignant,1,1
LIDC-IDRI-0458,0,2,patches/LIDC-IDRI-0458_n02.npz,3,8.679692422964768,3.333333333333333,0.4714045207910317,malignant,1,1
LIDC-IDRI-0460,0,0,patches/LIDC-IDRI-0460_n00.npz,3,7.828613508444843,2.6666666666666665,0.4714045207910317,benign,0,0
LIDC-IDRI-0461,0,1,patches/LIDC-IDRI-0461_n01.npz,4,5.611506740727448,3.0,0.7071067811865476,indeterminate,-1,1
LIDC-IDRI-0461,0,5,patches/LIDC-IDRI-0461_n05.npz,4,5.59415244397133,1.75,1.299038105676658,benign,0,1
LIDC-IDRI-0462,0,1,patches/LIDC-IDRI-0462_n01.npz,4,22.319927581626352,3.75,1.0897247358851685,malignant,1,4
LIDC-IDRI-0462,0,2,patches/LIDC-IDRI-0462_n02.npz,4,13.365030031628566,2.5,1.118033988749895,benign,0,4
LIDC-IDRI-0463,0,0,patches/LIDC-IDRI-0463_n00.npz,4,8.94973353285566,2.5,0.5,benign,0,0
LIDC-IDRI-0463,0,1,patches/LIDC-IDRI-0463_n01.npz,4,8.670343837028385,1.0,0.0,benign,0,0
LIDC-IDRI-0464,0,2,patches/LIDC-IDRI-0464_n02.npz,4,22.790354890904016,4.5,0.8660254037844386,malignant,1,3
LIDC-IDRI-0466,0,0,patches/LIDC-IDRI-0466_n00.npz,3,6.672261756707665,1.3333333333333333,0.4714045207910317,benign,0,2
LIDC-IDRI-0466,0,1,patches/LIDC-IDRI-0466_n01.npz,3,24.90980557777485,5.0,0.0,malignant,1,2
LIDC-IDRI-0466,0,2,patches/LIDC-IDRI-0466_n02.npz,3,21.94537830519856,4.0,0.816496580927726,malignant,1,2
LIDC-IDRI-0467,0,0,patches/LIDC-IDRI-0467_n00.npz,4,9.175774976467157,2.5,1.118033988749895,benign,0,4
LIDC-IDRI-0469,0,0,patches/LIDC-IDRI-0469_n00.npz,4,18.063480826148517,2.75,1.7853571071357126,benign,0,2
LIDC-IDRI-0469,0,2,patches/LIDC-IDRI-0469_n02.npz,4,5.766220604108918,2.75,0.4330127018922193,benign,0,2
LIDC-IDRI-0470,0,1,patches/LIDC-IDRI-0470_n01.npz,4,29.075968562408164,4.5,0.8660254037844386,malignant,1,0
LIDC-IDRI-0473,0,0,patches/LIDC-IDRI-0473_n00.npz,4,6.987421143781331,2.0,0.7071067811865476,benign,0,1
LIDC-IDRI-0473,0,1,patches/LIDC-IDRI-0473_n01.npz,4,5.949480524799573,2.0,0.7071067811865476,benign,0,1
LIDC-IDRI-0473,0,3,patches/LIDC-IDRI-0473_n03.npz,3,7.505375378290566,2.0,0.0,benign,0,1
LIDC-IDRI-0475,0,0,patches/LIDC-IDRI-0475_n00.npz,4,7.301622307818377,2.5,0.8660254037844386,benign,0,2
LIDC-IDRI-0476,0,0,patches/LIDC-IDRI-0476_n00.npz,4,15.639445278553026,3.25,1.0897247358851685,malignant,1,3
LIDC-IDRI-0476,0,1,patches/LIDC-IDRI-0476_n01.npz,4,13.3560942770678,3.5,0.5,malignant,1,3
LIDC-IDRI-0476,0,2,patches/LIDC-IDRI-0476_n02.npz,4,9.657280589035512,3.25,0.82915619758885,malignant,1,3
LIDC-IDRI-0476,0,3,patches/LIDC-IDRI-0476_n03.npz,3,9.77235500567299,2.333333333333333,0.4714045207910317,benign,0,3
LIDC-IDRI-0476,0,4,patches/LIDC-IDRI-0476_n04.npz,4,12.534814778670276,3.75,0.82915619758885,malignant,1,3
LIDC-IDRI-0476,0,5,patches/LIDC-IDRI-0476_n05.npz,4,7.427142552726121,2.75,0.82915619758885,benign,0,3
LIDC-IDRI-0477,0,1,patches/LIDC-IDRI-0477_n01.npz,3,7.942356612698288,1.6666666666666667,0.9428090415820634,benign,0,4
LIDC-IDRI-0479,0,1,patches/LIDC-IDRI-0479_n01.npz,3,6.707150316001221,2.6666666666666665,0.4714045207910317,benign,0,0
LIDC-IDRI-0480,0,0,patches/LIDC-IDRI-0480_n00.npz,4,10.724035023383996,3.0,1.0,indeterminate,-1,4
LIDC-IDRI-0481,0,0,patches/LIDC-IDRI-0481_n00.npz,3,9.016521192477429,2.0,0.816496580927726,benign,0,1
LIDC-IDRI-0481,0,1,patches/LIDC-IDRI-0481_n01.npz,3,5.768139732415847,2.0,0.816496580927726,benign,0,1
LIDC-IDRI-0481,0,2,patches/LIDC-IDRI-0481_n02.npz,4,7.811309517769159,2.25,0.82915619758885,benign,0,1
LIDC-IDRI-0481,0,3,patches/LIDC-IDRI-0481_n03.npz,4,13.820055166228348,4.0,0.7071067811865476,malignant,1,1
LIDC-IDRI-0481,0,5,patches/LIDC-IDRI-0481_n05.npz,4,9.629240281907649,2.75,0.4330127018922193,benign,0,1
LIDC-IDRI-0481,0,6,patches/LIDC-IDRI-0481_n06.npz,3,9.691788232489664,3.333333333333333,0.9428090415820634,malignant,1,1
LIDC-IDRI-0484,0,0,patches/LIDC-IDRI-0484_n00.npz,4,20.26380658521652,3.0,1.4142135623730951,indeterminate,-1,3
LIDC-IDRI-0484,1,0,patches/LIDC-IDRI-0484_s1_n00.npz,4,18.59316321050914,3.75,1.299038105676658,malignant,1,3
LIDC-IDRI-0485,0,1,patches/LIDC-IDRI-0485_n01.npz,4,10.66304487983927,1.0,0.0,benign,0,4
LIDC-IDRI-0485,0,3,patches/LIDC-IDRI-0485_n03.npz,3,6.590400054020328,3.0,0.0,indeterminate,-1,4
LIDC-IDRI-0485,0,4,patches/LIDC-IDRI-0485_n04.npz,4,8.721292801592636,2.75,0.4330127018922193,benign,0,4
LIDC-IDRI-0486,0,0,patches/LIDC-IDRI-0486_n00.npz,4,10.74623280605699,1.75,1.299038105676658,benign,0,2
LIDC-IDRI-0486,0,1,patches/LIDC-IDRI-0486_n01.npz,3,9.117223899427003,3.333333333333333,0.4714045207910317,malignant,1,2
LIDC-IDRI-0487,0,0,patches/LIDC-IDRI-0487_n00.npz,4,8.517060909857442,3.0,0.7071067811865476,indeterminate,-1,3
LIDC-IDRI-0487,0,5,patches/LIDC-IDRI-0487_n05.npz,3,6.0132793957239175,1.6666666666666667,0.9428090415820634,benign,0,3
LIDC-IDRI-0488,0,0,patches/LIDC-IDRI-0488_n00.npz,4,5.621762984074378,2.25,1.0897247358851685,benign,0,1
LIDC-IDRI-0489,0,0,patches/LIDC-IDRI-0489_n00.npz,4,18.68209304364741,4.5,0.5,malignant,1,3
LIDC-IDRI-0489,0,2,patches/LIDC-IDRI-0489_n02.npz,4,22.35378214645417,5.0,0.0,malignant,1,3
LIDC-IDRI-0489,0,3,patches/LIDC-IDRI-0489_n03.npz,3,8.206095639481765,3.0,0.816496580927726,indeterminate,-1,3
LIDC-IDRI-0489,0,4,patches/LIDC-IDRI-0489_n04.npz,4,10.62021684835308,3.25,0.4330127018922193,malignant,1,3
LIDC-IDRI-0489,0,6,patches/LIDC-IDRI-0489_n06.npz,4,19.477469467004816,4.0,0.7071067811865476,malignant,1,3
LIDC-IDRI-0490,0,0,patches/LIDC-IDRI-0490_n00.npz,4,17.928187057065397,4.0,1.0,malignant,1,2
LIDC-IDRI-0490,0,1,patches/LIDC-IDRI-0490_n01.npz,3,5.782749697843912,2.6666666666666665,0.4714045207910317,benign,0,2
LIDC-IDRI-0491,0,0,patches/LIDC-IDRI-0491_n00.npz,4,5.815638493515733,1.0,0.0,benign,0,4
LIDC-IDRI-0491,0,3,patches/LIDC-IDRI-0491_n03.npz,3,6.170958035634828,1.0,0.0,benign,0,4
LIDC-IDRI-0491,0,7,patches/LIDC-IDRI-0491_n07.npz,4,6.812126491595631,1.0,0.0,benign,0,4
LIDC-IDRI-0491,0,8,patches/LIDC-IDRI-0491_n08.npz,4,11.2124042871863,2.75,1.7853571071357126,benign,0,4
LIDC-IDRI-0492,0,0,patches/LIDC-IDRI-0492_n00.npz,3,6.157357777365017,2.6666666666666665,0.4714045207910317,benign,0,2
LIDC-IDRI-0492,0,1,patches/LIDC-IDRI-0492_n01.npz,4,6.54078218464176,1.0,0.0,benign,0,2
LIDC-IDRI-0493,0,0,patches/LIDC-IDRI-0493_n00.npz,3,5.45529435418955,1.6666666666666667,0.9428090415820634,benign,0,0
LIDC-IDRI-0493,0,1,patches/LIDC-IDRI-0493_n01.npz,3,26.92407818662764,4.333333333333333,0.9428090415820634,malignant,1,0
LIDC-IDRI-0496,0,0,patches/LIDC-IDRI-0496_n00.npz,4,8.863407981929155,3.0,0.0,indeterminate,-1,1
LIDC-IDRI-0496,0,1,patches/LIDC-IDRI-0496_n01.npz,3,6.218030573533576,2.0,0.0,benign,0,1
LIDC-IDRI-0496,0,2,patches/LIDC-IDRI-0496_n02.npz,3,4.70265976882416,2.6666666666666665,0.4714045207910317,benign,0,1
LIDC-IDRI-0497,0,0,patches/LIDC-IDRI-0497_n00.npz,4,18.388957804876817,3.75,0.4330127018922193,malignant,1,3
LIDC-IDRI-0498,0,1,patches/LIDC-IDRI-0498_n01.npz,3,8.624965637001305,3.6666666666666665,0.9428090415820634,malignant,1,2
LIDC-IDRI-0500,0,0,patches/LIDC-IDRI-0500_n00.npz,4,11.667932228163588,3.0,0.7071067811865476,indeterminate,-1,0
LIDC-IDRI-0501,0,0,patches/LIDC-IDRI-0501_n00.npz,4,5.096281092108063,3.0,0.0,indeterminate,-1,2
LIDC-IDRI-0501,0,1,patches/LIDC-IDRI-0501_n01.npz,4,6.025372165849398,2.75,0.4330127018922193,benign,0,2
LIDC-IDRI-0503,0,1,patches/LIDC-IDRI-0503_n01.npz,3,7.936337585135405,2.6666666666666665,0.4714045207910317,benign,0,3
LIDC-IDRI-0504,0,0,patches/LIDC-IDRI-0504_n00.npz,4,13.163476201867107,3.25,0.82915619758885,malignant,1,1
LIDC-IDRI-0505,0,1,patches/LIDC-IDRI-0505_n01.npz,3,10.269160135933728,2.6666666666666665,0.4714045207910317,benign,0,4
LIDC-IDRI-0507,0,0,patches/LIDC-IDRI-0507_n00.npz,4,17.91702446648756,3.5,0.8660254037844386,malignant,1,2
LIDC-IDRI-0507,0,2,patches/LIDC-IDRI-0507_n02.npz,4,18.69260121633274,4.0,1.224744871391589,malignant,1,2
LIDC-IDRI-0507,0,3,patches/LIDC-IDRI-0507_n03.npz,3,12.140634798047136,3.0,0.816496580927726,indeterminate,-1,2
LIDC-IDRI-0508,0,0,patches/LIDC-IDRI-0508_n00.npz,4,28.43609982042804,3.75,0.82915619758885,malignant,1,4
LIDC-IDRI-0509,0,0,patches/LIDC-IDRI-0509_n00.npz,4,6.345004062433492,2.75,0.4330127018922193,benign,0,4
LIDC-IDRI-0509,0,2,patches/LIDC-IDRI-0509_n02.npz,3,8.282262402804717,2.6666666666666665,0.4714045207910317,benign,0,4
LIDC-IDRI-0509,0,3,patches/LIDC-IDRI-0509_n03.npz,3,7.807540010870394,2.6666666666666665,0.4714045207910317,benign,0,4
LIDC-IDRI-0509,0,4,patches/LIDC-IDRI-0509_n04.npz,4,11.391541780664364,3.0,0.7071067811865476,indeterminate,-1,4
LIDC-IDRI-0510,0,0,patches/LIDC-IDRI-0510_n00.npz,3,16.17374137268577,3.0,1.4142135623730951,indeterminate,-1,1
LIDC-IDRI-0510,0,1,patches/LIDC-IDRI-0510_n01.npz,3,10.60382502608002,3.0,0.816496580927726,indeterminate,-1,1
LIDC-IDRI-0510,0,3,patches/LIDC-IDRI-0510_n03.npz,3,9.978043965623275,3.0,0.816496580927726,indeterminate,-1,1
LIDC-IDRI-0510,0,4,patches/LIDC-IDRI-0510_n04.npz,3,11.833941812467046,3.0,0.816496580927726,indeterminate,-1,1
LIDC-IDRI-0510,0,5,patches/LIDC-IDRI-0510_n05.npz,3,12.989482942890575,3.0,0.816496580927726,indeterminate,-1,1
LIDC-IDRI-0515,0,0,patches/LIDC-IDRI-0515_n00.npz,4,21.156858804261116,4.25,0.82915619758885,malignant,1,0
LIDC-IDRI-0518,0,0,patches/LIDC-IDRI-0518_n00.npz,4,10.27083531807493,3.0,0.7071067811865476,indeterminate,-1,0
LIDC-IDRI-0521,0,0,patches/LIDC-IDRI-0521_n00.npz,4,21.21251478013602,3.75,0.82915619758885,malignant,1,3
LIDC-IDRI-0522,0,0,patches/LIDC-IDRI-0522_n00.npz,3,6.170398776002124,2.6666666666666665,1.247219128924647,benign,0,4
LIDC-IDRI-0523,0,1,patches/LIDC-IDRI-0523_n01.npz,4,12.064629544674432,2.5,0.8660254037844386,benign,0,2
LIDC-IDRI-0523,0,4,patches/LIDC-IDRI-0523_n04.npz,4,6.544113728693278,1.0,0.0,benign,0,2
LIDC-IDRI-0524,0,0,patches/LIDC-IDRI-0524_n00.npz,4,5.720999814166166,2.0,1.0,benign,0,0
LIDC-IDRI-0525,0,2,patches/LIDC-IDRI-0525_n02.npz,4,12.62118041334374,3.5,0.5,malignant,1,1
LIDC-IDRI-0526,0,0,patches/LIDC-IDRI-0526_n00.npz,4,12.928476907716558,4.25,1.299038105676658,malignant,1,2
LIDC-IDRI-0526,0,1,patches/LIDC-IDRI-0526_n01.npz,4,15.390275778142458,3.0,1.224744871391589,indeterminate,-1,2
LIDC-IDRI-0526,0,3,patches/LIDC-IDRI-0526_n03.npz,3,11.12036309097043,3.0,0.0,indeterminate,-1,2
LIDC-IDRI-0526,0,4,patches/LIDC-IDRI-0526_n04.npz,3,8.170747364924237,2.6666666666666665,0.4714045207910317,benign,0,2
LIDC-IDRI-0526,0,5,patches/LIDC-IDRI-0526_n05.npz,4,29.17361593109026,4.25,1.299038105676658,malignant,1,2
LIDC-IDRI-0527,0,0,patches/LIDC-IDRI-0527_n00.npz,4,14.291241702459743,3.5,1.118033988749895,malignant,1,4
LIDC-IDRI-0529,0,3,patches/LIDC-IDRI-0529_n03.npz,4,8.475636944329812,2.0,0.7071067811865476,benign,0,0
LIDC-IDRI-0530,0,0,patches/LIDC-IDRI-0530_n00.npz,4,10.396122821077912,1.75,1.299038105676658,benign,0,2
LIDC-IDRI-0530,0,1,patches/LIDC-IDRI-0530_n01.npz,3,9.34085755794788,3.0,0.816496580927726,indeterminate,-1,2
LIDC-IDRI-0533,0,0,patches/LIDC-IDRI-0533_n00.npz,4,12.77600164544616,3.25,0.82915619758885,malignant,1,0
LIDC-IDRI-0535,0,0,patches/LIDC-IDRI-0535_n00.npz,4,6.317099294853149,2.75,0.4330127018922193,benign,0,1
LIDC-IDRI-0535,0,1,patches/LIDC-IDRI-0535_n01.npz,3,5.998167900620625,2.6666666666666665,0.9428090415820634,benign,0,1
LIDC-IDRI-0537,0,0,patches/LIDC-IDRI-0537_n00.npz,4,8.359365145580146,2.0,0.7071067811865476,benign,0,3
LIDC-IDRI-0539,0,0,patches/LIDC-IDRI-0539_n00.npz,3,9.665729044645111,3.6666666666666665,0.9428090415820634,malignant,1,0
LIDC-IDRI-0541,0,1,patches/LIDC-IDRI-0541_n01.npz,4,7.612131957671879,1.0,0.0,benign,0,4
LIDC-IDRI-0542,0,2,patches/LIDC-IDRI-0542_n02.npz,3,4.834582966840088,1.0,0.0,benign,0,0
LIDC-IDRI-0543,0,0,patches/LIDC-IDRI-0543_n00.npz,4,11.458912715621908,3.0,0.7071067811865476,indeterminate,-1,1
LIDC-IDRI-0543,0,1,patches/LIDC-IDRI-0543_n01.npz,4,16.652111419503687,4.0,1.0,malignant,1,1
LIDC-IDRI-0546,0,0,patches/LIDC-IDRI-0546_n00.npz,4,22.034755982388777,4.5,0.8660254037844386,malignant,1,1
LIDC-IDRI-0547,0,1,patches/LIDC-IDRI-0547_n01.npz,3,9.072886158042026,2.6666666666666665,0.9428090415820634,benign,0,4
LIDC-IDRI-0549,0,0,patches/LIDC-IDRI-0549_n00.npz,3,6.321025698060442,2.6666666666666665,0.4714045207910317,benign,0,1
LIDC-IDRI-0549,0,1,patches/LIDC-IDRI-0549_n01.npz,4,7.780611334103576,2.75,0.4330127018922193,benign,0,1
LIDC-IDRI-0549,0,2,patches/LIDC-IDRI-0549_n02.npz,4,6.553219918114812,3.0,0.7071067811865476,indeterminate,-1,1
LIDC-IDRI-0549,0,3,patches/LIDC-IDRI-0549_n03.npz,4,8.026005127850889,3.0,0.0,indeterminate,-1,1
LIDC-IDRI-0549,0,4,patches/LIDC-IDRI-0549_n04.npz,4,5.567416966072889,2.75,0.82915619758885,benign,0,1
LIDC-IDRI-0549,0,5,patches/LIDC-IDRI-0549_n05.npz,4,10.076496303465044,2.75,0.82915619758885,benign,0,1
LIDC-IDRI-0550,0,0,patches/LIDC-IDRI-0550_n00.npz,4,12.504873498691676,3.25,0.82915619758885,malignant,1,3
LIDC-IDRI-0552,0,0,patches/LIDC-IDRI-0552_n00.npz,3,9.165384820232676,4.0,0.816496580927726,malignant,1,0
LIDC-IDRI-0555,0,0,patches/LIDC-IDRI-0555_n00.npz,4,7.19344383787994,3.0,0.7071067811865476,indeterminate,-1,0
LIDC-IDRI-0556,0,0,patches/LIDC-IDRI-0556_n00.npz,4,9.660601985256667,3.5,0.8660254037844386,malignant,1,3
LIDC-IDRI-0557,0,1,patches/LIDC-IDRI-0557_n01.npz,3,10.69240348033703,3.6666666666666665,0.9428090415820634,malignant,1,4
LIDC-IDRI-0559,0,0,patches/LIDC-IDRI-0559_n00.npz,4,5.977940291802579,1.0,0.0,benign,0,1
LIDC-IDRI-0562,0,0,patches/LIDC-IDRI-0562_n00.npz,3,6.031786841995803,2.6666666666666665,0.4714045207910317,benign,0,2
LIDC-IDRI-0562,0,1,patches/LIDC-IDRI-0562_n01.npz,4,17.670179373057643,4.0,0.7071067811865476,malignant,1,2
LIDC-IDRI-0565,0,0,patches/LIDC-IDRI-0565_n00.npz,4,8.384904367086182,2.0,0.0,benign,0,3
LIDC-IDRI-0565,0,1,patches/LIDC-IDRI-0565_n01.npz,4,9.049175440698887,2.5,0.8660254037844386,benign,0,3
LIDC-IDRI-0565,0,3,patches/LIDC-IDRI-0565_n03.npz,4,5.416903012979072,2.5,0.5,benign,0,3
LIDC-IDRI-0565,0,4,patches/LIDC-IDRI-0565_n04.npz,4,19.407182845740525,4.75,0.4330127018922193,malignant,1,3
LIDC-IDRI-0566,0,0,patches/LIDC-IDRI-0566_n00.npz,4,8.643248767934487,2.5,0.5,benign,0,3
LIDC-IDRI-0568,0,1,patches/LIDC-IDRI-0568_n01.npz,4,8.299409758176802,1.0,0.0,benign,0,0
LIDC-IDRI-0568,0,2,patches/LIDC-IDRI-0568_n02.npz,4,7.117504640624083,1.0,0.0,benign,0,0
LIDC-IDRI-0568,0,3,patches/LIDC-IDRI-0568_n03.npz,4,7.134192232018082,2.75,0.4330127018922193,benign,0,0
LIDC-IDRI-0569,0,1,patches/LIDC-IDRI-0569_n01.npz,4,7.437265621583032,2.75,0.4330127018922193,benign,0,1
LIDC-IDRI-0569,0,2,patches/LIDC-IDRI-0569_n02.npz,4,5.210722125183298,1.0,0.0,benign,0,1
LIDC-IDRI-0572,0,0,patches/LIDC-IDRI-0572_n00.npz,3,7.933824006920627,1.6666666666666667,0.4714045207910317,benign,0,4
LIDC-IDRI-0576,0,2,patches/LIDC-IDRI-0576_n02.npz,4,11.416432757286891,4.0,1.224744871391589,malignant,1,4
LIDC-IDRI-0577,0,2,patches/LIDC-IDRI-0577_n02.npz,4,8.033884037487352,2.0,1.0,benign,0,2
LIDC-IDRI-0577,0,3,patches/LIDC-IDRI-0577_n03.npz,4,11.67358479364883,2.5,0.8660254037844386,benign,0,2
LIDC-IDRI-0577,0,4,patches/LIDC-IDRI-0577_n04.npz,4,29.61218579930777,3.0,1.4142135623730951,indeterminate,-1,2
LIDC-IDRI-0578,0,0,patches/LIDC-IDRI-0578_n00.npz,4,6.623685914481603,2.25,0.4330127018922193,benign,0,1
LIDC-IDRI-0579,0,0,patches/LIDC-IDRI-0579_n00.npz,4,14.895944280954852,2.75,0.82915619758885,benign,0,4
LIDC-IDRI-0580,0,0,patches/LIDC-IDRI-0580_n00.npz,4,6.288490766738836,3.0,0.7071067811865476,indeterminate,-1,3
LIDC-IDRI-0582,0,1,patches/LIDC-IDRI-0582_n01.npz,3,7.874624948988234,2.333333333333333,0.4714045207910317,benign,0,0
LIDC-IDRI-0582,0,2,patches/LIDC-IDRI-0582_n02.npz,3,7.045425137426523,2.333333333333333,0.9428090415820634,benign,0,0
LIDC-IDRI-0582,0,3,patches/LIDC-IDRI-0582_n03.npz,3,7.49422515824919,2.333333333333333,0.4714045207910317,benign,0,0
LIDC-IDRI-0582,0,5,patches/LIDC-IDRI-0582_n05.npz,3,7.228635027041018,2.333333333333333,0.4714045207910317,benign,0,0
LIDC-IDRI-0582,0,7,patches/LIDC-IDRI-0582_n07.npz,3,7.143188474546201,2.6666666666666665,0.4714045207910317,benign,0,0
LIDC-IDRI-0583,0,1,patches/LIDC-IDRI-0583_n01.npz,3,5.7395766289839285,2.6666666666666665,0.4714045207910317,benign,0,4
LIDC-IDRI-0583,0,9,patches/LIDC-IDRI-0583_n09.npz,4,7.941919165191524,3.25,0.4330127018922193,malignant,1,4
LIDC-IDRI-0583,0,10,patches/LIDC-IDRI-0583_n10.npz,3,7.748820796325956,3.0,0.816496580927726,indeterminate,-1,4
LIDC-IDRI-0583,0,13,patches/LIDC-IDRI-0583_n13.npz,3,6.148152541330273,2.0,0.816496580927726,benign,0,4
LIDC-IDRI-0583,0,19,patches/LIDC-IDRI-0583_n19.npz,4,14.385138060910696,3.5,1.118033988749895,malignant,1,4
LIDC-IDRI-0586,0,0,patches/LIDC-IDRI-0586_n00.npz,4,6.305011648820555,2.25,0.82915619758885,benign,0,2
LIDC-IDRI-0586,0,1,patches/LIDC-IDRI-0586_n01.npz,4,5.2991718058506,2.25,0.82915619758885,benign,0,2
LIDC-IDRI-0587,0,0,patches/LIDC-IDRI-0587_n00.npz,4,8.932489712751925,3.25,0.82915619758885,malignant,1,3
LIDC-IDRI-0587,0,4,patches/LIDC-IDRI-0587_n04.npz,3,23.343167943080605,5.0,0.0,malignant,1,3
LIDC-IDRI-0587,0,6,patches/LIDC-IDRI-0587_n06.npz,3,6.904098386092451,2.333333333333333,0.9428090415820634,benign,0,3
LIDC-IDRI-0590,0,0,patches/LIDC-IDRI-0590_n00.npz,4,8.510878422688606,4.0,0.7071067811865476,malignant,1,2
LIDC-IDRI-0591,0,0,patches/LIDC-IDRI-0591_n00.npz,3,6.748786937669622,3.0,0.816496580927726,indeterminate,-1,2
LIDC-IDRI-0592,0,0,patches/LIDC-IDRI-0592_n00.npz,4,6.400927241335433,2.75,0.4330127018922193,benign,0,1
LIDC-IDRI-0594,0,0,patches/LIDC-IDRI-0594_n00.npz,4,8.880316766310921,2.75,0.4330127018922193,benign,0,0
LIDC-IDRI-0595,0,0,patches/LIDC-IDRI-0595_n00.npz,4,24.669491779401348,3.75,1.299038105676658,malignant,1,4
LIDC-IDRI-0596,0,0,patches/LIDC-IDRI-0596_n00.npz,3,5.692660094900635,3.333333333333333,0.4714045207910317,malignant,1,2
LIDC-IDRI-0596,0,1,patches/LIDC-IDRI-0596_n01.npz,4,8.86368168401275,3.25,0.4330127018922193,malignant,1,2
LIDC-IDRI-0597,0,0,patches/LIDC-IDRI-0597_n00.npz,4,14.162281753391476,3.5,0.5,malignant,1,0
LIDC-IDRI-0598,0,0,patches/LIDC-IDRI-0598_n00.npz,4,7.606164724633853,3.0,1.224744871391589,indeterminate,-1,1
LIDC-IDRI-0601,0,0,patches/LIDC-IDRI-0601_n00.npz,4,9.584536599284917,2.25,0.82915619758885,benign,0,0
LIDC-IDRI-0601,0,1,patches/LIDC-IDRI-0601_n01.npz,4,15.002037662604582,2.25,0.82915619758885,benign,0,0
LIDC-IDRI-0601,0,3,patches/LIDC-IDRI-0601_n03.npz,4,15.218246846750358,3.75,0.82915619758885,malignant,1,0
LIDC-IDRI-0601,0,4,patches/LIDC-IDRI-0601_n04.npz,3,9.13296840280353,1.6666666666666667,0.9428090415820634,benign,0,0
LIDC-IDRI-0602,0,1,patches/LIDC-IDRI-0602_n01.npz,4,5.545713032353191,1.75,0.82915619758885,benign,0,3
LIDC-IDRI-0602,0,3,patches/LIDC-IDRI-0602_n03.npz,4,5.559549096988858,2.0,1.0,benign,0,3
LIDC-IDRI-0604,0,1,patches/LIDC-IDRI-0604_n01.npz,4,5.69720422011163,1.0,0.0,benign,0,3
LIDC-IDRI-0604,0,2,patches/LIDC-IDRI-0604_n02.npz,4,7.700118590331719,2.75,0.82915619758885,benign,0,3
LIDC-IDRI-0604,0,4,patches/LIDC-IDRI-0604_n04.npz,4,6.271320676859448,2.0,0.7071067811865476,benign,0,3
LIDC-IDRI-0605,0,0,patches/LIDC-IDRI-0605_n00.npz,3,11.136113296316353,2.333333333333333,1.247219128924647,benign,0,4
LIDC-IDRI-0605,0,1,patches/LIDC-IDRI-0605_n01.npz,3,5.824798299574547,1.6666666666666667,0.4714045207910317,benign,0,4
LIDC-IDRI-0605,0,2,patches/LIDC-IDRI-0605_n02.npz,3,5.988406266472322,2.0,0.816496580927726,benign,0,4
LIDC-IDRI-0605,0,3,patches/LIDC-IDRI-0605_n03.npz,3,5.511337144118259,1.6666666666666667,0.4714045207910317,benign,0,4
LIDC-IDRI-0605,0,4,patches/LIDC-IDRI-0605_n04.npz,3,10.29962880701865,2.333333333333333,0.9428090415820634,benign,0,4
LIDC-IDRI-0606,0,0,patches/LIDC-IDRI-0606_n00.npz,4,19.02062672502185,4.75,0.4330127018922193,malignant,1,0
LIDC-IDRI-0608,0,0,patches/LIDC-IDRI-0608_n00.npz,4,9.72599943221702,3.75,0.4330127018922193,malignant,1,0
LIDC-IDRI-0608,0,1,patches/LIDC-IDRI-0608_n01.npz,4,9.218333505610062,1.0,0.0,benign,0,0
LIDC-IDRI-0610,0,1,patches/LIDC-IDRI-0610_n01.npz,4,15.04698009325704,3.75,0.4330127018922193,malignant,1,1
LIDC-IDRI-0613,0,0,patches/LIDC-IDRI-0613_n00.npz,4,7.401116079389579,2.75,0.82915619758885,benign,0,1
LIDC-IDRI-0614,0,2,patches/LIDC-IDRI-0614_n02.npz,4,13.53333094298243,4.0,1.224744871391589,malignant,1,4
LIDC-IDRI-0615,0,0,patches/LIDC-IDRI-0615_n00.npz,4,6.914783674473643,2.25,0.4330127018922193,benign,0,3
LIDC-IDRI-0615,0,1,patches/LIDC-IDRI-0615_n01.npz,4,6.642223919145698,1.0,0.0,benign,0,3
LIDC-IDRI-0617,0,1,patches/LIDC-IDRI-0617_n01.npz,4,15.209345636623611,4.0,1.224744871391589,malignant,1,2
LIDC-IDRI-0617,0,2,patches/LIDC-IDRI-0617_n02.npz,4,9.204578401580369,4.0,1.224744871391589,malignant,1,2
LIDC-IDRI-0618,0,0,patches/LIDC-IDRI-0618_n00.npz,4,8.749357602619579,3.25,0.4330127018922193,malignant,1,0
LIDC-IDRI-0619,0,0,patches/LIDC-IDRI-0619_n00.npz,4,16.08863592642026,3.25,1.479019945774904,malignant,1,3
LIDC-IDRI-0619,0,1,patches/LIDC-IDRI-0619_n01.npz,4,27.822888101754724,5.0,0.0,malignant,1,3
LIDC-IDRI-0620,0,0,patches/LIDC-IDRI-0620_n00.npz,3,14.195557957011466,4.333333333333333,0.4714045207910317,malignant,1,4
LIDC-IDRI-0620,0,1,patches/LIDC-IDRI-0620_n01.npz,4,5.760478387592634,2.25,0.4330127018922193,benign,0,4
LIDC-IDRI-0624,0,3,patches/LIDC-IDRI-0624_n03.npz,4,26.34164570467704,4.0,1.0,malignant,1,3
LIDC-IDRI-0625,0,0,patches/LIDC-IDRI-0625_n00.npz,4,11.73543658447474,4.25,0.82915619758885,malignant,1,0
LIDC-IDRI-0626,0,0,patches/LIDC-IDRI-0626_n00.npz,3,5.580808085340098,2.333333333333333,0.4714045207910317,benign,0,4
LIDC-IDRI-0628,0,3,patches/LIDC-IDRI-0628_n03.npz,3,7.24218743542995,3.6666666666666665,0.9428090415820634,malignant,1,3
LIDC-IDRI-0628,0,5,patches/LIDC-IDRI-0628_n05.npz,4,9.862563918145614,3.5,0.8660254037844386,malignant,1,3
LIDC-IDRI-0631,0,0,patches/LIDC-IDRI-0631_n00.npz,3,7.172428611720288,3.0,0.0,indeterminate,-1,3
LIDC-IDRI-0633,0,0,patches/LIDC-IDRI-0633_n00.npz,4,6.969648400005011,3.0,0.7071067811865476,indeterminate,-1,1
LIDC-IDRI-0634,0,1,patches/LIDC-IDRI-0634_n01.npz,3,12.772299137841737,3.0,0.0,indeterminate,-1,4
LIDC-IDRI-0635,0,0,patches/LIDC-IDRI-0635_n00.npz,4,16.267721459496805,3.5,1.118033988749895,malignant,1,3
LIDC-IDRI-0636,0,2,patches/LIDC-IDRI-0636_n02.npz,3,6.092277574961511,2.6666666666666665,0.4714045207910317,benign,0,1
LIDC-IDRI-0636,0,3,patches/LIDC-IDRI-0636_n03.npz,3,6.611780354174705,2.0,0.816496580927726,benign,0,1
LIDC-IDRI-0636,0,4,patches/LIDC-IDRI-0636_n04.npz,4,17.194348223711405,3.25,0.82915619758885,malignant,1,1
LIDC-IDRI-0637,0,0,patches/LIDC-IDRI-0637_n00.npz,4,7.073153329122994,2.25,0.82915619758885,benign,0,4
LIDC-IDRI-0637,0,1,patches/LIDC-IDRI-0637_n01.npz,4,8.336925515751272,2.5,1.118033988749895,benign,0,4
LIDC-IDRI-0637,0,5,patches/LIDC-IDRI-0637_n05.npz,4,8.279484895076308,2.25,0.82915619758885,benign,0,4
LIDC-IDRI-0639,0,0,patches/LIDC-IDRI-0639_n00.npz,3,9.82723515361266,4.0,0.0,malignant,1,3
LIDC-IDRI-0640,0,0,patches/LIDC-IDRI-0640_n00.npz,4,8.617029170958517,1.0,0.0,benign,0,0
LIDC-IDRI-0640,0,1,patches/LIDC-IDRI-0640_n01.npz,3,5.947343833508827,3.333333333333333,0.4714045207910317,malignant,1,0
LIDC-IDRI-0641,0,1,patches/LIDC-IDRI-0641_n01.npz,3,5.232059888407165,2.333333333333333,0.4714045207910317,benign,0,1
LIDC-IDRI-0641,0,3,patches/LIDC-IDRI-0641_n03.npz,4,14.997064150866684,2.0,1.7320508075688772,benign,0,1
LIDC-IDRI-0641,0,4,patches/LIDC-IDRI-0641_n04.npz,4,9.151307229137538,1.0,0.0,benign,0,1
LIDC-IDRI-0641,0,5,patches/LIDC-IDRI-0641_n05.npz,3,5.509065868144588,2.6666666666666665,0.4714045207910317,benign,0,1
LIDC-IDRI-0641,0,6,patches/LIDC-IDRI-0641_n06.npz,3,9.03063183650584,2.333333333333333,0.4714045207910317,benign,0,1
LIDC-IDRI-0642,0,0,patches/LIDC-IDRI-0642_n00.npz,4,10.901211555773187,3.25,0.82915619758885,malignant,1,2
LIDC-IDRI-0642,0,1,patches/LIDC-IDRI-0642_n01.npz,3,7.550372806802695,3.0,0.0,indeterminate,-1,2
LIDC-IDRI-0642,0,3,patches/LIDC-IDRI-0642_n03.npz,3,6.116256413151791,1.0,0.0,benign,0,2
LIDC-IDRI-0643,0,2,patches/LIDC-IDRI-0643_n02.npz,4,8.00614055401952,2.5,0.5,benign,0,4
LIDC-IDRI-0644,0,0,patches/LIDC-IDRI-0644_n00.npz,4,6.121031134478338,2.5,0.5,benign,0,0
LIDC-IDRI-0645,0,0,patches/LIDC-IDRI-0645_n00.npz,4,10.13742630410021,4.0,0.7071067811865476,malignant,1,3
LIDC-IDRI-0648,0,2,patches/LIDC-IDRI-0648_n02.npz,4,11.361591853803867,1.0,0.0,benign,0,2
LIDC-IDRI-0649,0,0,patches/LIDC-IDRI-0649_n00.npz,4,5.993180358210839,1.0,0.0,benign,0,0
LIDC-IDRI-0649,0,1,patches/LIDC-IDRI-0649_n01.npz,4,5.35484046506056,1.0,0.0,benign,0,0
LIDC-IDRI-0649,0,2,patches/LIDC-IDRI-0649_n02.npz,3,5.096599658205918,1.0,0.0,benign,0,0
LIDC-IDRI-0649,0,3,patches/LIDC-IDRI-0649_n03.npz,4,5.5118077221664885,1.0,0.0,benign,0,0
LIDC-IDRI-0649,0,5,patches/LIDC-IDRI-0649_n05.npz,4,5.021784771027384,1.0,0.0,benign,0,0
LIDC-IDRI-0649,0,6,patches/LIDC-IDRI-0649_n06.npz,4,6.080064713810362,1.0,0.0,benign,0,0
LIDC-IDRI-0649,0,7,patches/LIDC-IDRI-0649_n07.npz,4,5.3749651575204656,1.0,0.0,benign,0,0
LIDC-IDRI-0649,0,9,patches/LIDC-IDRI-0649_n09.npz,3,6.971248962956082,1.0,0.0,benign,0,0
LIDC-IDRI-0649,0,10,patches/LIDC-IDRI-0649_n10.npz,4,5.45280442237644,1.0,0.0,benign,0,0
LIDC-IDRI-0651,0,0,patches/LIDC-IDRI-0651_n00.npz,4,13.62483245853204,3.25,0.4330127018922193,malignant,1,4
LIDC-IDRI-0651,0,2,patches/LIDC-IDRI-0651_n02.npz,4,15.038768125837873,3.25,0.4330127018922193,malignant,1,4
LIDC-IDRI-0655,0,1,patches/LIDC-IDRI-0655_n01.npz,4,6.903617995100624,2.75,0.82915619758885,benign,0,1
LIDC-IDRI-0655,0,4,patches/LIDC-IDRI-0655_n04.npz,4,8.427644648328013,3.25,0.4330127018922193,malignant,1,1
LIDC-IDRI-0655,0,5,patches/LIDC-IDRI-0655_n05.npz,4,22.24780951982539,4.25,0.4330127018922193,malignant,1,1
LIDC-IDRI-0655,0,6,patches/LIDC-IDRI-0655_n06.npz,4,9.378933738134744,2.5,0.5,benign,0,1
LIDC-IDRI-0655,0,7,patches/LIDC-IDRI-0655_n07.npz,4,7.530760648551826,2.0,0.7071067811865476,benign,0,1
LIDC-IDRI-0656,0,0,patches/LIDC-IDRI-0656_n00.npz,4,8.04168444439042,2.5,0.5,benign,0,0
LIDC-IDRI-0656,0,1,patches/LIDC-IDRI-0656_n01.npz,3,8.85863617561135,3.333333333333333,0.4714045207910317,malignant,1,0
LIDC-IDRI-0658,0,0,patches/LIDC-IDRI-0658_n00.npz,4,9.193352093533392,3.0,2.0,indeterminate,-1,0
LIDC-IDRI-0659,0,3,patches/LIDC-IDRI-0659_n03.npz,4,7.968734321977259,3.0,0.7071067811865476,indeterminate,-1,3
LIDC-IDRI-0660,0,3,patches/LIDC-IDRI-0660_n03.npz,3,16.468925826056577,3.333333333333333,0.4714045207910317,malignant,1,0
LIDC-IDRI-0660,0,4,patches/LIDC-IDRI-0660_n04.npz,4,10.44458655471862,4.0,0.7071067811865476,malignant,1,0
LIDC-IDRI-0661,0,1,patches/LIDC-IDRI-0661_n01.npz,4,9.196891451617583,2.75,0.4330127018922193,benign,0,4
LIDC-IDRI-0661,0,3,patches/LIDC-IDRI-0661_n03.npz,3,6.053418886105097,2.333333333333333,0.4714045207910317,benign,0,4
LIDC-IDRI-0663,0,1,patches/LIDC-IDRI-0663_n01.npz,3,9.1710103324746,2.6666666666666665,0.4714045207910317,benign,0,0
LIDC-IDRI-0663,0,2,patches/LIDC-IDRI-0663_n02.npz,3,9.219791063261376,4.0,0.0,malignant,1,0
LIDC-IDRI-0671,0,2,patches/LIDC-IDRI-0671_n02.npz,4,14.06887599371533,3.75,0.4330127018922193,malignant,1,2
LIDC-IDRI-0671,0,3,patches/LIDC-IDRI-0671_n03.npz,4,19.71969012516953,4.25,0.82915619758885,malignant,1,2
LIDC-IDRI-0671,0,5,patches/LIDC-IDRI-0671_n05.npz,3,6.001314415016349,3.0,0.0,indeterminate,-1,2
LIDC-IDRI-0671,0,6,patches/LIDC-IDRI-0671_n06.npz,4,7.188209607336297,3.25,0.4330127018922193,malignant,1,2
LIDC-IDRI-0672,0,0,patches/LIDC-IDRI-0672_n00.npz,4,6.948114551161504,2.25,0.82915619758885,benign,0,4
LIDC-IDRI-0673,0,0,patches/LIDC-IDRI-0673_n00.npz,4,9.30979623797839,3.0,0.7071067811865476,indeterminate,-1,4
LIDC-IDRI-0673,0,1,patches/LIDC-IDRI-0673_n01.npz,4,9.42941315849476,2.75,0.4330127018922193,benign,0,4
LIDC-IDRI-0674,0,3,patches/LIDC-IDRI-0674_n03.npz,4,8.561236365281655,3.25,0.4330127018922193,malignant,1,2
LIDC-IDRI-0674,0,4,patches/LIDC-IDRI-0674_n04.npz,3,6.875246833381326,1.0,0.0,benign,0,2
LIDC-IDRI-0676,0,0,patches/LIDC-IDRI-0676_n00.npz,4,8.05816431116019,3.0,0.0,indeterminate,-1,3
LIDC-IDRI-0678,0,0,patches/LIDC-IDRI-0678_n00.npz,4,12.614265349883302,4.75,0.4330127018922193,malignant,1,4
LIDC-IDRI-0681,0,0,patches/LIDC-IDRI-0681_n00.npz,4,21.815009903115403,3.0,1.5811388300841898,indeterminate,-1,2
LIDC-IDRI-0682,0,0,patches/LIDC-IDRI-0682_n00.npz,3,11.587434087310266,3.333333333333333,0.9428090415820634,malignant,1,1
LIDC-IDRI-0684,0,0,patches/LIDC-IDRI-0684_n00.npz,3,6.829828919321291,3.0,0.816496580927726,indeterminate,-1,3
LIDC-IDRI-0686,0,3,patches/LIDC-IDRI-0686_n03.npz,3,8.611265051527296,3.6666666666666665,0.4714045207910317,malignant,1,4
LIDC-IDRI-0686,0,4,patches/LIDC-IDRI-0686_n04.npz,4,9.11883332476307,3.25,0.82915619758885,malignant,1,4
LIDC-IDRI-0686,0,5,patches/LIDC-IDRI-0686_n05.npz,4,9.824435050322707,2.75,0.82915619758885,benign,0,4
LIDC-IDRI-0686,0,7,patches/LIDC-IDRI-0686_n07.npz,3,9.154904480719049,3.333333333333333,0.4714045207910317,malignant,1,4
LIDC-IDRI-0686,0,8,patches/LIDC-IDRI-0686_n08.npz,3,10.44894341853518,3.333333333333333,0.4714045207910317,malignant,1,4
LIDC-IDRI-0686,0,11,patches/LIDC-IDRI-0686_n11.npz,4,14.903035255115954,3.25,0.82915619758885,malignant,1,4
LIDC-IDRI-0686,0,14,patches/LIDC-IDRI-0686_n14.npz,4,9.566814137249237,3.25,0.82915619758885,malignant,1,4
LIDC-IDRI-0686,0,15,patches/LIDC-IDRI-0686_n15.npz,4,10.68119981432666,3.25,0.82915619758885,malignant,1,4
LIDC-IDRI-0686,0,16,patches/LIDC-IDRI-0686_n16.npz,4,9.985269786976438,3.75,0.4330127018922193,malignant,1,4
LIDC-IDRI-0688,0,2,patches/LIDC-IDRI-0688_n02.npz,4,18.691131824597303,3.25,0.82915619758885,malignant,1,0
LIDC-IDRI-0692,0,0,patches/LIDC-IDRI-0692_n00.npz,3,5.915137541513456,3.0,0.0,indeterminate,-1,1
LIDC-IDRI-0694,0,0,patches/LIDC-IDRI-0694_n00.npz,4,8.289664543443056,3.0,0.7071067811865476,indeterminate,-1,4
LIDC-IDRI-0695,0,0,patches/LIDC-IDRI-0695_n00.npz,4,8.963004255132555,3.25,0.4330127018922193,malignant,1,3
LIDC-IDRI-0696,0,0,patches/LIDC-IDRI-0696_n00.npz,4,6.039128966500835,2.5,0.5,benign,0,3
LIDC-IDRI-0697,0,0,patches/LIDC-IDRI-0697_n00.npz,4,39.62516134864617,5.0,0.0,malignant,1,2
LIDC-IDRI-0698,0,0,patches/LIDC-IDRI-0698_n00.npz,3,15.940659841839231,4.333333333333333,0.9428090415820634,malignant,1,3
LIDC-IDRI-0698,0,1,patches/LIDC-IDRI-0698_n01.npz,4,26.182772685964903,4.75,0.4330127018922193,malignant,1,3
LIDC-IDRI-0699,0,0,patches/LIDC-IDRI-0699_n00.npz,4,8.341980198601032,3.25,0.4330127018922193,malignant,1,4
LIDC-IDRI-0700,0,0,patches/LIDC-IDRI-0700_n00.npz,3,8.598639612239467,2.333333333333333,1.247219128924647,benign,0,0
LIDC-IDRI-0701,0,3,patches/LIDC-IDRI-0701_n03.npz,3,30.424106976457335,4.333333333333333,0.9428090415820634,malignant,1,2
LIDC-IDRI-0701,0,4,patches/LIDC-IDRI-0701_n04.npz,4,10.993181133675726,3.0,0.7071067811865476,indeterminate,-1,2
LIDC-IDRI-0701,0,5,patches/LIDC-IDRI-0701_n05.npz,4,7.579748747643718,3.0,0.7071067811865476,indeterminate,-1,2
LIDC-IDRI-0702,0,4,patches/LIDC-IDRI-0702_n04.npz,3,35.304642639857896,4.666666666666667,0.4714045207910317,malignant,1,1
LIDC-IDRI-0703,0,0,patches/LIDC-IDRI-0703_n00.npz,3,9.624761818151567,2.6666666666666665,1.247219128924647,benign,0,4
LIDC-IDRI-0704,0,0,patches/LIDC-IDRI-0704_n00.npz,4,6.675433157146606,1.0,0.0,benign,0,0
LIDC-IDRI-0705,0,0,patches/LIDC-IDRI-0705_n00.npz,4,13.884014006973771,3.5,1.118033988749895,malignant,1,2
LIDC-IDRI-0705,0,1,patches/LIDC-IDRI-0705_n01.npz,4,10.2502808763684,2.75,0.4330127018922193,benign,0,2
LIDC-IDRI-0705,0,2,patches/LIDC-IDRI-0705_n02.npz,3,8.486894241994511,3.0,0.0,indeterminate,-1,2
LIDC-IDRI-0706,0,0,patches/LIDC-IDRI-0706_n00.npz,4,14.830387110004144,3.5,1.118033988749895,malignant,1,3
LIDC-IDRI-0707,0,2,patches/LIDC-IDRI-0707_n02.npz,4,7.292589667783723,2.5,0.8660254037844386,benign,0,2
LIDC-IDRI-0708,0,0,patches/LIDC-IDRI-0708_n00.npz,4,32.43414474791086,5.0,0.0,malignant,1,2
LIDC-IDRI-0708,0,1,patches/LIDC-IDRI-0708_n01.npz,4,6.100076447781765,1.0,0.0,benign,0,2
LIDC-IDRI-0709,0,1,patches/LIDC-IDRI-0709_n01.npz,4,26.11558386712174,4.5,0.5,malignant,1,3
LIDC-IDRI-0709,0,4,patches/LIDC-IDRI-0709_n04.npz,4,5.091650628432023,1.0,0.0,benign,0,3
LIDC-IDRI-0712,0,0,patches/LIDC-IDRI-0712_n00.npz,4,8.972502760992864,3.25,0.4330127018922193,malignant,1,4
LIDC-IDRI-0712,0,1,patches/LIDC-IDRI-0712_n01.npz,3,6.827741422417691,3.333333333333333,0.4714045207910317,malignant,1,4
LIDC-IDRI-0713,0,0,patches/LIDC-IDRI-0713_n00.npz,4,6.430490274772311,1.0,0.0,benign,0,4
LIDC-IDRI-0713,0,5,patches/LIDC-IDRI-0713_n05.npz,3,8.554823503279154,1.0,0.0,benign,0,4
LIDC-IDRI-0713,0,6,patches/LIDC-IDRI-0713_n06.npz,3,33.61890413545343,5.0,0.0,malignant,1,4
LIDC-IDRI-0715,0,0,patches/LIDC-IDRI-0715_n00.npz,3,35.04193256886157,4.666666666666667,0.4714045207910317,malignant,1,2
LIDC-IDRI-0717,0,0,patches/LIDC-IDRI-0717_n00.npz,4,10.866378601824657,1.0,0.0,benign,0,1
LIDC-IDRI-0719,0,0,patches/LIDC-IDRI-0719_n00.npz,4,20.733284112369123,3.75,1.299038105676658,malignant,1,1
LIDC-IDRI-0720,0,0,patches/LIDC-IDRI-0720_n00.npz,3,16.210419609628772,4.0,0.816496580927726,malignant,1,4
LIDC-IDRI-0720,0,2,patches/LIDC-IDRI-0720_n02.npz,4,7.1206902248088655,3.25,0.4330127018922193,malignant,1,4
LIDC-IDRI-0722,0,0,patches/LIDC-IDRI-0722_n00.npz,3,11.82378572956027,1.0,0.0,benign,0,4
LIDC-IDRI-0722,0,1,patches/LIDC-IDRI-0722_n01.npz,3,8.460806004188688,3.333333333333333,1.247219128924647,malignant,1,4
LIDC-IDRI-0722,0,2,patches/LIDC-IDRI-0722_n02.npz,3,10.779508508088016,3.0,0.816496580927726,indeterminate,-1,4
LIDC-IDRI-0723,0,0,patches/LIDC-IDRI-0723_n00.npz,4,7.517222228053221,3.0,0.7071067811865476,indeterminate,-1,2
LIDC-IDRI-0724,0,3,patches/LIDC-IDRI-0724_n03.npz,4,8.059500966408297,2.25,0.82915619758885,benign,0,1
LIDC-IDRI-0726,0,1,patches/LIDC-IDRI-0726_n01.npz,4,7.986557814062074,1.0,0.0,benign,0,0
LIDC-IDRI-0727,0,0,patches/LIDC-IDRI-0727_n00.npz,4,6.063060858505175,2.25,1.0897247358851685,benign,0,2
LIDC-IDRI-0728,0,0,patches/LIDC-IDRI-0728_n00.npz,3,8.308511642344875,3.0,0.816496580927726,indeterminate,-1,3
LIDC-IDRI-0729,0,0,patches/LIDC-IDRI-0729_n00.npz,4,5.766598466077188,2.5,0.5,benign,0,1
LIDC-IDRI-0730,0,0,patches/LIDC-IDRI-0730_n00.npz,4,6.41841496532931,3.5,0.5,malignant,1,0
LIDC-IDRI-0732,0,1,patches/LIDC-IDRI-0732_n01.npz,4,14.348440686006676,4.0,0.7071067811865476,malignant,1,0
LIDC-IDRI-0733,0,0,patches/LIDC-IDRI-0733_n00.npz,3,9.061594534644152,3.0,0.816496580927726,indeterminate,-1,0
LIDC-IDRI-0733,0,5,patches/LIDC-IDRI-0733_n05.npz,4,10.526848862545268,3.25,1.0897247358851685,malignant,1,0
LIDC-IDRI-0734,0,0,patches/LIDC-IDRI-0734_n00.npz,4,10.61172787304216,3.5,1.118033988749895,malignant,1,4
LIDC-IDRI-0735,0,1,patches/LIDC-IDRI-0735_n01.npz,4,5.542978969465596,2.5,0.5,benign,0,3
LIDC-IDRI-0736,0,0,patches/LIDC-IDRI-0736_n00.npz,3,5.349837452387605,3.333333333333333,0.4714045207910317,malignant,1,3
LIDC-IDRI-0739,0,0,patches/LIDC-IDRI-0739_n00.npz,3,6.02463980804863,2.6666666666666665,0.4714045207910317,benign,0,4
LIDC-IDRI-0740,0,0,patches/LIDC-IDRI-0740_n00.npz,4,10.754651910526263,4.25,0.82915619758885,malignant,1,1
LIDC-IDRI-0741,0,1,patches/LIDC-IDRI-0741_n01.npz,4,18.211846331479613,3.5,0.5,malignant,1,3
LIDC-IDRI-0741,0,2,patches/LIDC-IDRI-0741_n02.npz,4,11.142195048758856,2.75,0.4330127018922193,benign,0,3
LIDC-IDRI-0741,0,4,patches/LIDC-IDRI-0741_n04.npz,3,7.499003031020358,2.333333333333333,0.4714045207910317,benign,0,3
LIDC-IDRI-0742,0,5,patches/LIDC-IDRI-0742_n05.npz,3,5.614884556931583,2.6666666666666665,0.4714045207910317,benign,0,0
LIDC-IDRI-0742,0,9,patches/LIDC-IDRI-0742_n09.npz,3,9.367299988844112,3.333333333333333,0.4714045207910317,malignant,1,0
LIDC-IDRI-0742,0,11,patches/LIDC-IDRI-0742_n11.npz,3,6.112116779825475,2.6666666666666665,0.4714045207910317,benign,0,0
LIDC-IDRI-0743,0,1,patches/LIDC-IDRI-0743_n01.npz,3,6.076104677833707,2.6666666666666665,0.4714045207910317,benign,0,1
LIDC-IDRI-0744,0,0,patches/LIDC-IDRI-0744_n00.npz,4,11.127530507838497,3.0,0.0,indeterminate,-1,2
LIDC-IDRI-0748,0,2,patches/LIDC-IDRI-0748_n02.npz,4,6.066321924857331,2.25,0.4330127018922193,benign,0,0
LIDC-IDRI-0748,0,5,patches/LIDC-IDRI-0748_n05.npz,4,5.410505432083697,1.75,0.4330127018922193,benign,0,0
LIDC-IDRI-0748,0,6,patches/LIDC-IDRI-0748_n06.npz,3,4.723974958109161,2.0,0.0,benign,0,0
LIDC-IDRI-0749,0,0,patches/LIDC-IDRI-0749_n00.npz,4,11.376930018611946,1.0,0.0,benign,0,2
LIDC-IDRI-0749,0,1,patches/LIDC-IDRI-0749_n01.npz,4,8.110241233042398,3.5,1.118033988749895,malignant,1,2
LIDC-IDRI-0749,0,2,patches/LIDC-IDRI-0749_n02.npz,4,19.139770662086068,4.25,0.82915619758885,malignant,1,2
LIDC-IDRI-0749,0,4,patches/LIDC-IDRI-0749_n04.npz,4,20.204599118575025,4.25,0.82915619758885,malignant,1,2
LIDC-IDRI-0749,0,5,patches/LIDC-IDRI-0749_n05.npz,4,8.078818628042589,3.25,0.82915619758885,malignant,1,2
LIDC-IDRI-0751,0,0,patches/LIDC-IDRI-0751_n00.npz,4,31.79513880006487,4.0,1.224744871391589,malignant,1,0
LIDC-IDRI-0751,0,2,patches/LIDC-IDRI-0751_n02.npz,4,17.27721602184871,3.5,1.118033988749895,malignant,1,0
LIDC-IDRI-0751,0,3,patches/LIDC-IDRI-0751_n03.npz,4,11.053516948033757,2.5,0.5,benign,0,0
LIDC-IDRI-0751,0,4,patches/LIDC-IDRI-0751_n04.npz,4,7.495089510111698,2.25,0.4330127018922193,benign,0,0
LIDC-IDRI-0751,0,5,patches/LIDC-IDRI-0751_n05.npz,3,5.578077836375787,2.333333333333333,0.4714045207910317,benign,0,0
LIDC-IDRI-0751,0,6,patches/LIDC-IDRI-0751_n06.npz,4,36.58831838239375,4.0,1.224744871391589,malignant,1,0
LIDC-IDRI-0752,0,0,patches/LIDC-IDRI-0752_n00.npz,4,8.182238773662485,2.75,0.4330127018922193,benign,0,2
LIDC-IDRI-0752,0,1,patches/LIDC-IDRI-0752_n01.npz,3,16.561013129270346,3.6666666666666665,0.4714045207910317,malignant,1,2
LIDC-IDRI-0753,0,0,patches/LIDC-IDRI-0753_n00.npz,3,9.896710845217486,3.0,1.632993161855452,indeterminate,-1,3
LIDC-IDRI-0756,0,0,patches/LIDC-IDRI-0756_n00.npz,3,27.72226379736709,4.0,0.0,malignant,1,4
LIDC-IDRI-0759,0,1,patches/LIDC-IDRI-0759_n01.npz,4,10.23968357131016,3.75,0.4330127018922193,malignant,1,4
LIDC-IDRI-0759,0,4,patches/LIDC-IDRI-0759_n04.npz,4,6.833745592818888,2.75,0.4330127018922193,benign,0,4
LIDC-IDRI-0761,0,0,patches/LIDC-IDRI-0761_n00.npz,3,6.793811655151404,3.0,0.0,indeterminate,-1,3
LIDC-IDRI-0761,0,2,patches/LIDC-IDRI-0761_n02.npz,4,9.688368686677808,3.25,1.479019945774904,malignant,1,3
LIDC-IDRI-0762,0,4,patches/LIDC-IDRI-0762_n04.npz,3,7.221585427027784,3.0,0.816496580927726,indeterminate,-1,0
LIDC-IDRI-0763,0,1,patches/LIDC-IDRI-0763_n01.npz,4,5.668939619009638,2.5,1.118033988749895,benign,0,4
LIDC-IDRI-0766,0,0,patches/LIDC-IDRI-0766_n00.npz,4,20.63659842156765,3.0,2.0,indeterminate,-1,0
LIDC-IDRI-0768,0,0,patches/LIDC-IDRI-0768_n00.npz,4,12.86202472425306,3.5,0.5,malignant,1,1
LIDC-IDRI-0770,0,2,patches/LIDC-IDRI-0770_n02.npz,4,8.376718681308072,3.0,0.7071067811865476,indeterminate,-1,1
LIDC-IDRI-0770,0,3,patches/LIDC-IDRI-0770_n03.npz,4,9.292524675530329,3.0,0.0,indeterminate,-1,1
LIDC-IDRI-0770,0,4,patches/LIDC-IDRI-0770_n04.npz,4,12.827629430377304,3.5,0.5,malignant,1,1
LIDC-IDRI-0770,0,7,patches/LIDC-IDRI-0770_n07.npz,4,10.25048665120815,3.0,0.0,indeterminate,-1,1
LIDC-IDRI-0770,0,9,patches/LIDC-IDRI-0770_n09.npz,4,7.98970319242058,2.75,0.4330127018922193,benign,0,1
LIDC-IDRI-0771,0,0,patches/LIDC-IDRI-0771_n00.npz,4,8.027597365663748,2.75,0.82915619758885,benign,0,2
LIDC-IDRI-0772,0,0,patches/LIDC-IDRI-0772_n00.npz,3,41.06728798919397,4.666666666666667,0.4714045207910317,malignant,1,4
LIDC-IDRI-0772,0,1,patches/LIDC-IDRI-0772_n01.npz,4,28.446711851192624,4.75,0.4330127018922193,malignant,1,4
LIDC-IDRI-0773,0,4,patches/LIDC-IDRI-0773_n04.npz,4,9.180071031601576,2.25,0.4330127018922193,benign,0,0
LIDC-IDRI-0773,0,5,patches/LIDC-IDRI-0773_n05.npz,3,29.241643321439412,3.6666666666666665,0.9428090415820634,malignant,1,0
LIDC-IDRI-0775,0,0,patches/LIDC-IDRI-0775_n00.npz,3,5.989357739880483,3.6666666666666665,0.4714045207910317,malignant,1,4
LIDC-IDRI-0775,0,1,patches/LIDC-IDRI-0775_n01.npz,3,29.773078191019096,4.333333333333333,0.9428090415820634,malignant,1,4
LIDC-IDRI-0775,0,2,patches/LIDC-IDRI-0775_n02.npz,4,10.374423481670664,3.5,0.8660254037844386,malignant,1,4
LIDC-IDRI-0775,0,3,patches/LIDC-IDRI-0775_n03.npz,4,11.736260044578508,4.25,1.299038105676658,malignant,1,4
LIDC-IDRI-0775,0,4,patches/LIDC-IDRI-0775_n04.npz,3,9.559985894610504,2.6666666666666665,0.4714045207910317,benign,0,4
LIDC-IDRI-0775,0,6,patches/LIDC-IDRI-0775_n06.npz,4,10.39438663116712,3.0,0.7071067811865476,indeterminate,-1,4
LIDC-IDRI-0775,0,9,patches/LIDC-IDRI-0775_n09.npz,4,9.36723699071536,3.0,0.7071067811865476,indeterminate,-1,4
LIDC-IDRI-0776,0,0,patches/LIDC-IDRI-0776_n00.npz,3,12.92999757325766,3.333333333333333,0.9428090415820634,malignant,1,1
LIDC-IDRI-0776,0,2,patches/LIDC-IDRI-0776_n02.npz,4,18.198399554202805,4.25,0.82915619758885,malignant,1,1
LIDC-IDRI-0777,0,1,patches/LIDC-IDRI-0777_n01.npz,4,6.553750194190816,2.0,0.7071067811865476,benign,0,2
LIDC-IDRI-0777,0,2,patches/LIDC-IDRI-0777_n02.npz,3,8.559748605900834,2.6666666666666665,0.4714045207910317,benign,0,2
LIDC-IDRI-0777,0,3,patches/LIDC-IDRI-0777_n03.npz,3,9.703074042895391,2.333333333333333,0.4714045207910317,benign,0,2
LIDC-IDRI-0777,0,5,patches/LIDC-IDRI-0777_n05.npz,3,9.121894635332078,2.6666666666666665,0.4714045207910317,benign,0,2
LIDC-IDRI-0777,0,6,patches/LIDC-IDRI-0777_n06.npz,4,7.189630750684348,2.75,0.4330127018922193,benign,0,2
LIDC-IDRI-0779,0,0,patches/LIDC-IDRI-0779_n00.npz,3,6.156353918748831,3.0,0.0,indeterminate,-1,3
LIDC-IDRI-0785,0,0,patches/LIDC-IDRI-0785_n00.npz,4,7.623500685463828,1.5,0.5,benign,0,2
LIDC-IDRI-0785,0,1,patches/LIDC-IDRI-0785_n01.npz,4,6.795446127310719,2.75,0.4330127018922193,benign,0,2
LIDC-IDRI-0785,0,2,patches/LIDC-IDRI-0785_n02.npz,3,5.42872149506336,2.6666666666666665,0.4714045207910317,benign,0,2
LIDC-IDRI-0785,0,4,patches/LIDC-IDRI-0785_n04.npz,4,30.4099862996653,4.75,0.4330127018922193,malignant,1,2
LIDC-IDRI-0785,0,6,patches/LIDC-IDRI-0785_n06.npz,4,13.160741490803932,3.0,0.0,indeterminate,-1,2
LIDC-IDRI-0785,0,8,patches/LIDC-IDRI-0785_n08.npz,4,6.317482978855445,2.75,0.4330127018922193,benign,0,2
LIDC-IDRI-0788,0,0,patches/LIDC-IDRI-0788_n00.npz,4,5.915684205661088,2.25,0.82915619758885,benign,0,4
LIDC-IDRI-0788,0,3,patches/LIDC-IDRI-0788_n03.npz,4,13.33533660754363,3.75,0.82915619758885,malignant,1,4
LIDC-IDRI-0789,0,0,patches/LIDC-IDRI-0789_n00.npz,4,8.300976833272054,2.75,0.82915619758885,benign,0,0
LIDC-IDRI-0791,0,0,patches/LIDC-IDRI-0791_n00.npz,4,17.505724327036564,1.0,0.0,benign,0,2
LIDC-IDRI-0794,0,0,patches/LIDC-IDRI-0794_n00.npz,3,9.878778191310516,2.6666666666666665,0.9428090415820634,benign,0,4
LIDC-IDRI-0794,0,1,patches/LIDC-IDRI-0794_n01.npz,4,6.6751412078586325,3.0,1.0,indeterminate,-1,4
LIDC-IDRI-0795,0,0,patches/LIDC-IDRI-0795_n00.npz,4,8.428626532879042,2.25,0.82915619758885,benign,0,2
LIDC-IDRI-0796,0,0,patches/LIDC-IDRI-0796_n00.npz,4,33.07131803026549,5.0,0.0,malignant,1,1
LIDC-IDRI-0797,0,0,patches/LIDC-IDRI-0797_n00.npz,3,7.6577504419158275,2.0,0.0,benign,0,3
LIDC-IDRI-0798,0,0,patches/LIDC-IDRI-0798_n00.npz,3,8.882419637617067,2.333333333333333,0.4714045207910317,benign,0,0
LIDC-IDRI-0798,0,2,patches/LIDC-IDRI-0798_n02.npz,4,20.56830604469092,4.5,0.5,malignant,1,0
LIDC-IDRI-0799,0,0,patches/LIDC-IDRI-0799_n00.npz,4,8.432173096724068,4.0,0.7071067811865476,malignant,1,0
LIDC-IDRI-0800,0,0,patches/LIDC-IDRI-0800_n00.npz,3,4.764371623263775,2.0,0.816496580927726,benign,0,3
LIDC-IDRI-0800,0,1,patches/LIDC-IDRI-0800_n01.npz,4,11.24705094261692,2.5,1.6583123951777,benign,0,3
LIDC-IDRI-0801,0,1,patches/LIDC-IDRI-0801_n01.npz,4,8.65707618511099,1.0,0.0,benign,0,1
LIDC-IDRI-0803,0,0,patches/LIDC-IDRI-0803_n00.npz,4,5.342674205919588,2.75,0.4330127018922193,benign,0,0
LIDC-IDRI-0805,0,0,patches/LIDC-IDRI-0805_n00.npz,3,10.877554296733612,3.333333333333333,0.4714045207910317,malignant,1,1
LIDC-IDRI-0805,0,1,patches/LIDC-IDRI-0805_n01.npz,3,10.41366478127795,3.333333333333333,0.4714045207910317,malignant,1,1
LIDC-IDRI-0806,0,3,patches/LIDC-IDRI-0806_n03.npz,4,5.799047460123084,2.25,0.82915619758885,benign,0,0
LIDC-IDRI-0806,0,4,patches/LIDC-IDRI-0806_n04.npz,3,9.852406540743274,2.0,0.816496580927726,benign,0,0
LIDC-IDRI-0807,0,3,patches/LIDC-IDRI-0807_n03.npz,4,14.90535170138202,1.75,1.299038105676658,benign,0,2
LIDC-IDRI-0809,0,0,patches/LIDC-IDRI-0809_n00.npz,4,8.645587859957677,2.75,0.4330127018922193,benign,0,0
LIDC-IDRI-0810,0,1,patches/LIDC-IDRI-0810_n01.npz,4,6.294905814099153,2.75,0.82915619758885,benign,0,3
LIDC-IDRI-0810,0,2,patches/LIDC-IDRI-0810_n02.npz,4,9.69250448007417,3.25,0.82915619758885,malignant,1,3
LIDC-IDRI-0811,0,0,patches/LIDC-IDRI-0811_n00.npz,4,38.38961897957009,4.0,0.7071067811865476,malignant,1,3
LIDC-IDRI-0813,0,1,patches/LIDC-IDRI-0813_n01.npz,3,8.586677373313735,2.6666666666666665,1.247219128924647,benign,0,1
LIDC-IDRI-0814,0,0,patches/LIDC-IDRI-0814_n00.npz,3,6.804598002149334,2.333333333333333,0.4714045207910317,benign,0,4
LIDC-IDRI-0814,0,1,patches/LIDC-IDRI-0814_n01.npz,4,6.479939057583653,2.75,0.4330127018922193,benign,0,4
LIDC-IDRI-0816,0,0,patches/LIDC-IDRI-0816_n00.npz,3,4.888293666692697,2.6666666666666665,0.4714045207910317,benign,0,0
LIDC-IDRI-0816,0,1,patches/LIDC-IDRI-0816_n01.npz,3,13.541053716119412,3.333333333333333,0.4714045207910317,malignant,1,0
LIDC-IDRI-0819,0,1,patches/LIDC-IDRI-0819_n01.npz,3,5.374021245841459,1.3333333333333333,0.4714045207910317,benign,0,1
LIDC-IDRI-0819,0,2,patches/LIDC-IDRI-0819_n02.npz,4,22.45457191795485,4.5,0.8660254037844386,malignant,1,1
LIDC-IDRI-0820,0,3,patches/LIDC-IDRI-0820_n03.npz,3,8.603627955597451,3.6666666666666665,0.9428090415820634,malignant,1,2
LIDC-IDRI-0821,0,1,patches/LIDC-IDRI-0821_n01.npz,4,8.865950010132597,3.25,0.4330127018922193,malignant,1,3
LIDC-IDRI-0822,0,0,patches/LIDC-IDRI-0822_n00.npz,3,6.350180103070467,2.6666666666666665,0.4714045207910317,benign,0,4
LIDC-IDRI-0822,0,3,patches/LIDC-IDRI-0822_n03.npz,3,4.517077584981649,2.333333333333333,0.4714045207910317,benign,0,4
LIDC-IDRI-0822,0,5,patches/LIDC-IDRI-0822_n05.npz,4,6.344721381590444,1.25,0.4330127018922193,benign,0,4
LIDC-IDRI-0822,0,6,patches/LIDC-IDRI-0822_n06.npz,4,8.185113394628205,1.5,0.8660254037844386,benign,0,4
LIDC-IDRI-0825,0,0,patches/LIDC-IDRI-0825_n00.npz,3,10.314225761506496,1.0,0.0,benign,0,0
LIDC-IDRI-0826,0,0,patches/LIDC-IDRI-0826_n00.npz,3,13.133034057454068,3.333333333333333,0.9428090415820634,malignant,1,4
LIDC-IDRI-0826,0,1,patches/LIDC-IDRI-0826_n01.npz,3,11.165367578112592,4.0,0.816496580927726,malignant,1,4
LIDC-IDRI-0827,0,1,patches/LIDC-IDRI-0827_n01.npz,4,6.226732861556635,2.0,0.7071067811865476,benign,0,3
LIDC-IDRI-0827,0,2,patches/LIDC-IDRI-0827_n02.npz,3,6.746610091284954,2.6666666666666665,0.9428090415820634,benign,0,3
LIDC-IDRI-0827,0,3,patches/LIDC-IDRI-0827_n03.npz,4,10.123555488900484,3.0,0.7071067811865476,indeterminate,-1,3
LIDC-IDRI-0828,0,0,patches/LIDC-IDRI-0828_n00.npz,4,8.1676505479757,3.5,0.5,malignant,1,2
LIDC-IDRI-0829,0,0,patches/LIDC-IDRI-0829_n00.npz,3,34.235608591494376,4.333333333333333,0.9428090415820634,malignant,1,0
LIDC-IDRI-0832,0,1,patches/LIDC-IDRI-0832_n01.npz,4,5.7671828475305205,2.75,0.4330127018922193,benign,0,2
LIDC-IDRI-0834,0,2,patches/LIDC-IDRI-0834_n02.npz,3,6.848911980369711,2.6666666666666665,0.4714045207910317,benign,0,3
LIDC-IDRI-0835,0,0,patches/LIDC-IDRI-0835_n00.npz,4,6.834115645908186,3.0,0.7071067811865476,indeterminate,-1,4
LIDC-IDRI-0835,0,1,patches/LIDC-IDRI-0835_n01.npz,4,9.442543314082254,2.25,1.299038105676658,benign,0,4
LIDC-IDRI-0836,0,0,patches/LIDC-IDRI-0836_n00.npz,4,6.912139460549176,3.0,0.7071067811865476,indeterminate,-1,1
LIDC-IDRI-0837,0,1,patches/LIDC-IDRI-0837_n01.npz,4,5.710632846586393,2.5,0.5,benign,0,3
LIDC-IDRI-0837,0,2,patches/LIDC-IDRI-0837_n02.npz,3,15.945891689159629,3.333333333333333,1.247219128924647,malignant,1,3
LIDC-IDRI-0838,0,0,patches/LIDC-IDRI-0838_n00.npz,4,15.65896840730609,3.75,1.299038105676658,malignant,1,0
LIDC-IDRI-0838,0,1,patches/LIDC-IDRI-0838_n01.npz,4,6.484098349891905,2.25,0.82915619758885,benign,0,0
LIDC-IDRI-0838,0,2,patches/LIDC-IDRI-0838_n02.npz,3,6.980207861459635,2.333333333333333,0.9428090415820634,benign,0,0
LIDC-IDRI-0838,0,4,patches/LIDC-IDRI-0838_n04.npz,4,8.340991779590576,2.5,0.8660254037844386,benign,0,0
LIDC-IDRI-0843,0,1,patches/LIDC-IDRI-0843_n01.npz,3,7.968758949994519,1.0,0.0,benign,0,3
LIDC-IDRI-0843,0,2,patches/LIDC-IDRI-0843_n02.npz,4,10.431525333167048,2.75,0.4330127018922193,benign,0,3
LIDC-IDRI-0843,0,3,patches/LIDC-IDRI-0843_n03.npz,4,11.002590613600615,1.0,0.0,benign,0,3
LIDC-IDRI-0843,0,4,patches/LIDC-IDRI-0843_n04.npz,3,7.3431754582676305,3.0,0.0,indeterminate,-1,3
LIDC-IDRI-0843,0,5,patches/LIDC-IDRI-0843_n05.npz,4,12.638760695652444,1.0,0.0,benign,0,3
LIDC-IDRI-0844,0,1,patches/LIDC-IDRI-0844_n01.npz,3,14.549435677504649,4.666666666666667,0.4714045207910317,malignant,1,3
LIDC-IDRI-0844,0,2,patches/LIDC-IDRI-0844_n02.npz,3,6.687947608357486,2.6666666666666665,0.4714045207910317,benign,0,3
LIDC-IDRI-0845,0,0,patches/LIDC-IDRI-0845_n00.npz,4,9.157659806963329,3.0,0.7071067811865476,indeterminate,-1,4
LIDC-IDRI-0846,0,0,patches/LIDC-IDRI-0846_n00.npz,3,6.424853795875312,2.333333333333333,0.9428090415820634,benign,0,0
LIDC-IDRI-0846,0,1,patches/LIDC-IDRI-0846_n01.npz,3,5.596813460890864,2.6666666666666665,0.4714045207910317,benign,0,0
LIDC-IDRI-0848,0,0,patches/LIDC-IDRI-0848_n00.npz,3,6.76840198196956,3.0,0.816496580927726,indeterminate,-1,1
LIDC-IDRI-0849,0,1,patches/LIDC-IDRI-0849_n01.npz,4,6.549418208968202,2.5,0.5,benign,0,2
LIDC-IDRI-0849,0,4,patches/LIDC-IDRI-0849_n04.npz,4,6.851830582838637,1.5,0.8660254037844386,benign,0,2
LIDC-IDRI-0850,0,0,patches/LIDC-IDRI-0850_n00.npz,4,22.285499772889448,4.5,0.8660254037844386,malignant,1,1
LIDC-IDRI-0850,0,2,patches/LIDC-IDRI-0850_n02.npz,4,9.130791998120076,2.5,0.5,benign,0,1
LIDC-IDRI-0851,0,0,patches/LIDC-IDRI-0851_n00.npz,4,6.502363336747552,2.5,0.5,benign,0,0
LIDC-IDRI-0851,0,2,patches/LIDC-IDRI-0851_n02.npz,3,6.591673478243902,2.6666666666666665,0.4714045207910317,benign,0,0
LIDC-IDRI-0852,0,0,patches/LIDC-IDRI-0852_n00.npz,3,7.109375,2.333333333333333,0.4714045207910317,benign,0,0
LIDC-IDRI-0852,0,1,patches/LIDC-IDRI-0852_n01.npz,3,10.807225780070585,3.333333333333333,1.247219128924647,malignant,1,0
LIDC-IDRI-0854,0,1,patches/LIDC-IDRI-0854_n01.npz,3,8.195867241229498,2.333333333333333,0.4714045207910317,benign,0,3
LIDC-IDRI-0854,0,2,patches/LIDC-IDRI-0854_n02.npz,4,8.93381967096657,3.0,0.7071067811865476,indeterminate,-1,3
LIDC-IDRI-0854,0,3,patches/LIDC-IDRI-0854_n03.npz,3,6.571009312288882,2.0,0.0,benign,0,3
LIDC-IDRI-0855,0,0,patches/LIDC-IDRI-0855_n00.npz,4,11.62234541317817,2.75,0.4330127018922193,benign,0,0
LIDC-IDRI-0855,0,1,patches/LIDC-IDRI-0855_n01.npz,4,9.776171309041946,2.25,0.82915619758885,benign,0,0
LIDC-IDRI-0855,0,2,patches/LIDC-IDRI-0855_n02.npz,3,6.395777139619567,2.6666666666666665,0.4714045207910317,benign,0,0
LIDC-IDRI-0855,0,4,patches/LIDC-IDRI-0855_n04.npz,3,6.9087165860483895,2.6666666666666665,0.4714045207910317,benign,0,0
LIDC-IDRI-0855,0,8,patches/LIDC-IDRI-0855_n08.npz,3,5.309248426900287,2.6666666666666665,0.4714045207910317,benign,0,0
LIDC-IDRI-0855,0,9,patches/LIDC-IDRI-0855_n09.npz,3,6.6423639152843,2.6666666666666665,0.4714045207910317,benign,0,0
LIDC-IDRI-0855,0,11,patches/LIDC-IDRI-0855_n11.npz,3,5.635346422184444,2.6666666666666665,0.4714045207910317,benign,0,0
LIDC-IDRI-0855,0,14,patches/LIDC-IDRI-0855_n14.npz,3,5.5880820292288425,1.0,0.0,benign,0,0
LIDC-IDRI-0855,0,15,patches/LIDC-IDRI-0855_n15.npz,3,5.554498185987156,1.0,0.0,benign,0,0
LIDC-IDRI-0857,0,0,patches/LIDC-IDRI-0857_n00.npz,4,7.8735702877987475,2.5,1.118033988749895,benign,0,2
LIDC-IDRI-0858,0,1,patches/LIDC-IDRI-0858_n01.npz,4,11.029596216185038,3.25,0.4330127018922193,malignant,1,2
LIDC-IDRI-0858,0,2,patches/LIDC-IDRI-0858_n02.npz,4,10.63839545742846,1.0,0.0,benign,0,2
LIDC-IDRI-0858,0,4,patches/LIDC-IDRI-0858_n04.npz,3,7.104983003877586,2.6666666666666665,0.4714045207910317,benign,0,2
LIDC-IDRI-0858,0,6,patches/LIDC-IDRI-0858_n06.npz,4,9.166378685368002,3.25,0.4330127018922193,malignant,1,2
LIDC-IDRI-0858,0,8,patches/LIDC-IDRI-0858_n08.npz,3,6.172352226277286,2.6666666666666665,0.4714045207910317,benign,0,2
LIDC-IDRI-0858,0,10,patches/LIDC-IDRI-0858_n10.npz,4,12.122942618267135,3.25,0.82915619758885,malignant,1,2
LIDC-IDRI-0858,0,12,patches/LIDC-IDRI-0858_n12.npz,3,7.361408238366827,2.333333333333333,0.4714045207910317,benign,0,2
LIDC-IDRI-0859,0,0,patches/LIDC-IDRI-0859_n00.npz,3,6.141037194498433,2.6666666666666665,1.247219128924647,benign,0,3
LIDC-IDRI-0860,0,0,patches/LIDC-IDRI-0860_n00.npz,4,9.563973647338695,2.0,1.7320508075688772,benign,0,4
LIDC-IDRI-0860,0,1,patches/LIDC-IDRI-0860_n01.npz,4,11.306041932705591,3.25,0.82915619758885,malignant,1,4
LIDC-IDRI-0861,0,0,patches/LIDC-IDRI-0861_n00.npz,4,7.164492000256002,1.0,0.0,benign,0,1
LIDC-IDRI-0861,0,1,patches/LIDC-IDRI-0861_n01.npz,3,29.51245812325281,4.0,0.0,malignant,1,1
LIDC-IDRI-0863,0,0,patches/LIDC-IDRI-0863_n00.npz,3,11.028982880495754,3.333333333333333,0.9428090415820634,malignant,1,1
LIDC-IDRI-0866,0,0,patches/LIDC-IDRI-0866_n00.npz,4,8.930148273257046,2.5,0.8660254037844386,benign,0,1
LIDC-IDRI-0866,0,1,patches/LIDC-IDRI-0866_n01.npz,4,9.047147968138534,2.0,0.7071067811865476,benign,0,1
LIDC-IDRI-0866,0,2,patches/LIDC-IDRI-0866_n02.npz,4,8.098771156674092,2.75,1.0897247358851685,benign,0,1
LIDC-IDRI-0866,0,8,patches/LIDC-IDRI-0866_n08.npz,3,9.980792220007388,2.6666666666666665,0.4714045207910317,benign,0,1
LIDC-IDRI-0867,0,0,patches/LIDC-IDRI-0867_n00.npz,4,7.751249384474748,1.75,1.299038105676658,benign,0,0
LIDC-IDRI-0867,0,1,patches/LIDC-IDRI-0867_n01.npz,4,16.37493392169674,3.25,0.82915619758885,malignant,1,0
LIDC-IDRI-0868,0,0,patches/LIDC-IDRI-0868_n00.npz,3,6.146295967642842,2.6666666666666665,0.4714045207910317,benign,0,1
LIDC-IDRI-0868,0,1,patches/LIDC-IDRI-0868_n01.npz,3,5.598368292866391,3.0,0.0,indeterminate,-1,1
LIDC-IDRI-0869,0,1,patches/LIDC-IDRI-0869_n01.npz,4,25.8958487458266,4.0,1.224744871391589,malignant,1,2
LIDC-IDRI-0870,0,2,patches/LIDC-IDRI-0870_n02.npz,3,8.541310108522275,3.0,0.0,indeterminate,-1,1
LIDC-IDRI-0870,0,3,patches/LIDC-IDRI-0870_n03.npz,3,7.03277607918021,3.0,0.816496580927726,indeterminate,-1,1
LIDC-IDRI-0870,0,6,patches/LIDC-IDRI-0870_n06.npz,3,7.238775620106961,3.0,0.0,indeterminate,-1,1
LIDC-IDRI-0870,0,7,patches/LIDC-IDRI-0870_n07.npz,3,9.267519608619963,3.0,0.0,indeterminate,-1,1
LIDC-IDRI-0870,0,8,patches/LIDC-IDRI-0870_n08.npz,3,5.805250780794793,2.0,0.816496580927726,benign,0,1
LIDC-IDRI-0870,0,10,patches/LIDC-IDRI-0870_n10.npz,3,11.26773045497054,3.333333333333333,0.4714045207910317,malignant,1,1
LIDC-IDRI-0871,0,2,patches/LIDC-IDRI-0871_n02.npz,4,6.228242527368055,3.0,0.7071067811865476,indeterminate,-1,2
LIDC-IDRI-0871,0,3,patches/LIDC-IDRI-0871_n03.npz,3,5.125268937311229,2.333333333333333,0.4714045207910317,benign,0,2
LIDC-IDRI-0871,0,5,patches/LIDC-IDRI-0871_n05.npz,3,9.450955920096105,2.333333333333333,0.4714045207910317,benign,0,2
LIDC-IDRI-0871,0,6,patches/LIDC-IDRI-0871_n06.npz,4,6.91335124092511,3.0,0.0,indeterminate,-1,2
LIDC-IDRI-0871,0,7,patches/LIDC-IDRI-0871_n07.npz,4,9.125220810932174,2.25,0.4330127018922193,benign,0,2
LIDC-IDRI-0874,0,0,patches/LIDC-IDRI-0874_n00.npz,4,16.060387975436253,3.0,1.224744871391589,indeterminate,-1,3
LIDC-IDRI-0875,0,1,patches/LIDC-IDRI-0875_n01.npz,4,17.208263002077402,4.25,1.299038105676658,malignant,1,2
LIDC-IDRI-0879,0,0,patches/LIDC-IDRI-0879_n00.npz,4,18.47212216988494,1.75,1.299038105676658,benign,0,0
LIDC-IDRI-0879,0,7,patches/LIDC-IDRI-0879_n07.npz,4,12.957043933528755,2.25,0.82915619758885,benign,0,0
LIDC-IDRI-0880,0,2,patches/LIDC-IDRI-0880_n02.npz,4,10.220951047741233,2.5,0.5,benign,0,0
LIDC-IDRI-0882,0,0,patches/LIDC-IDRI-0882_n00.npz,4,9.18781486373136,2.75,0.4330127018922193,benign,0,4
LIDC-IDRI-0884,0,1,patches/LIDC-IDRI-0884_n01.npz,4,21.30152168055806,5.0,0.0,malignant,1,3
LIDC-IDRI-0886,0,1,patches/LIDC-IDRI-0886_n01.npz,4,8.520507979524401,2.75,1.299038105676658,benign,0,2
LIDC-IDRI-0886,0,2,patches/LIDC-IDRI-0886_n02.npz,4,16.253681132037872,4.0,0.7071067811865476,malignant,1,2
LIDC-IDRI-0888,0,0,patches/LIDC-IDRI-0888_n00.npz,3,13.83148154816796,3.6666666666666665,0.9428090415820634,malignant,1,1
LIDC-IDRI-0890,0,2,patches/LIDC-IDRI-0890_n02.npz,4,26.84485833376783,4.75,0.4330127018922193,malignant,1,3
LIDC-IDRI-0892,0,0,patches/LIDC-IDRI-0892_n00.npz,4,17.96696095889394,3.0,1.224744871391589,indeterminate,-1,4
LIDC-IDRI-0892,0,1,patches/LIDC-IDRI-0892_n01.npz,4,20.64792294002769,3.5,1.6583123951777,malignant,1,4
LIDC-IDRI-0892,0,2,patches/LIDC-IDRI-0892_n02.npz,4,15.927561884843884,3.25,1.479019945774904,malignant,1,4
LIDC-IDRI-0892,0,3,patches/LIDC-IDRI-0892_n03.npz,4,8.440515247033112,2.0,0.7071067811865476,benign,0,4
LIDC-IDRI-0893,0,1,patches/LIDC-IDRI-0893_n01.npz,4,24.621061806785875,4.25,0.82915619758885,malignant,1,4
LIDC-IDRI-0893,0,2,patches/LIDC-IDRI-0893_n02.npz,3,5.946427862759021,2.333333333333333,0.4714045207910317,benign,0,4
LIDC-IDRI-0894,0,2,patches/LIDC-IDRI-0894_n02.npz,4,5.700657694319967,3.0,0.0,indeterminate,-1,4
LIDC-IDRI-0894,0,4,patches/LIDC-IDRI-0894_n04.npz,4,8.692052031885469,3.25,0.4330127018922193,malignant,1,4
LIDC-IDRI-0895,0,2,patches/LIDC-IDRI-0895_n02.npz,4,13.097573928109876,4.5,0.5,malignant,1,2
LIDC-IDRI-0896,0,0,patches/LIDC-IDRI-0896_n00.npz,4,12.846423396982944,3.5,0.5,malignant,1,0
LIDC-IDRI-0896,0,1,patches/LIDC-IDRI-0896_n01.npz,3,7.48921016548062,3.0,0.0,indeterminate,-1,0
LIDC-IDRI-0898,0,2,patches/LIDC-IDRI-0898_n02.npz,4,7.697352611528833,3.5,1.118033988749895,malignant,1,1
LIDC-IDRI-0902,0,0,patches/LIDC-IDRI-0902_n00.npz,4,11.774629083233677,1.5,0.5,benign,0,1
LIDC-IDRI-0902,0,2,patches/LIDC-IDRI-0902_n02.npz,3,13.940932120746815,2.6666666666666665,0.4714045207910317,benign,0,1
LIDC-IDRI-0904,0,0,patches/LIDC-IDRI-0904_n00.npz,4,11.601770393671211,3.0,0.7071067811865476,indeterminate,-1,2
LIDC-IDRI-0904,0,2,patches/LIDC-IDRI-0904_n02.npz,3,11.709594402097975,3.6666666666666665,0.4714045207910317,malignant,1,2
LIDC-IDRI-0904,0,3,patches/LIDC-IDRI-0904_n03.npz,3,6.260704854476266,3.0,0.0,indeterminate,-1,2
LIDC-IDRI-0905,0,0,patches/LIDC-IDRI-0905_n00.npz,4,13.820808183129774,4.0,0.7071067811865476,malignant,1,2
LIDC-IDRI-0906,0,1,patches/LIDC-IDRI-0906_n01.npz,3,5.107378024995928,2.0,0.816496580927726,benign,0,0
LIDC-IDRI-0906,0,3,patches/LIDC-IDRI-0906_n03.npz,4,5.992542979644065,2.5,1.118033988749895,benign,0,0
LIDC-IDRI-0907,0,0,patches/LIDC-IDRI-0907_n00.npz,3,6.566253145398124,2.6666666666666665,0.4714045207910317,benign,0,0
LIDC-IDRI-0907,0,2,patches/LIDC-IDRI-0907_n02.npz,3,5.374549450795423,2.6666666666666665,0.4714045207910317,benign,0,0
LIDC-IDRI-0908,0,0,patches/LIDC-IDRI-0908_n00.npz,4,8.304337325771998,2.5,0.8660254037844386,benign,0,1
LIDC-IDRI-0910,0,0,patches/LIDC-IDRI-0910_n00.npz,4,33.368269995181315,3.5,1.118033988749895,malignant,1,1
LIDC-IDRI-0910,0,1,patches/LIDC-IDRI-0910_n01.npz,4,15.331819207973542,4.5,0.8660254037844386,malignant,1,1
LIDC-IDRI-0911,0,0,patches/LIDC-IDRI-0911_n00.npz,4,16.303979759894098,2.0,1.0,benign,0,4
LIDC-IDRI-0912,0,0,patches/LIDC-IDRI-0912_n00.npz,4,6.112716640051183,1.5,0.8660254037844386,benign,0,4
LIDC-IDRI-0912,0,1,patches/LIDC-IDRI-0912_n01.npz,3,5.819451114984783,2.6666666666666665,0.4714045207910317,benign,0,4
LIDC-IDRI-0912,0,2,patches/LIDC-IDRI-0912_n02.npz,4,11.061042790848532,3.5,0.5,malignant,1,4
LIDC-IDRI-0912,0,4,patches/LIDC-IDRI-0912_n04.npz,4,13.166368482687355,3.5,0.8660254037844386,malignant,1,4
LIDC-IDRI-0912,0,5,patches/LIDC-IDRI-0912_n05.npz,4,6.430335603461262,2.5,0.5,benign,0,4
LIDC-IDRI-0913,0,0,patches/LIDC-IDRI-0913_n00.npz,3,7.430716524289672,2.333333333333333,1.247219128924647,benign,0,2
LIDC-IDRI-0913,0,2,patches/LIDC-IDRI-0913_n02.npz,3,15.46999318597917,4.666666666666667,0.4714045207910317,malignant,1,2
LIDC-IDRI-0914,0,0,patches/LIDC-IDRI-0914_n00.npz,4,5.106706296008797,1.0,0.0,benign,0,0
LIDC-IDRI-0915,0,0,patches/LIDC-IDRI-0915_n00.npz,4,10.1348083308786,3.0,0.7071067811865476,indeterminate,-1,1
LIDC-IDRI-0916,0,0,patches/LIDC-IDRI-0916_n00.npz,4,6.626802931128417,3.0,0.0,indeterminate,-1,2
LIDC-IDRI-0916,0,1,patches/LIDC-IDRI-0916_n01.npz,3,5.242753207869197,1.6666666666666667,0.4714045207910317,benign,0,2
LIDC-IDRI-0916,0,2,patches/LIDC-IDRI-0916_n02.npz,3,5.477596333537363,2.333333333333333,0.4714045207910317,benign,0,2
LIDC-IDRI-0916,0,3,patches/LIDC-IDRI-0916_n03.npz,4,7.5763527936264,3.25,0.4330127018922193,malignant,1,2
LIDC-IDRI-0916,0,4,patches/LIDC-IDRI-0916_n04.npz,4,5.078921158506714,2.75,0.4330127018922193,benign,0,2
LIDC-IDRI-0916,0,7,patches/LIDC-IDRI-0916_n07.npz,3,7.098585293498118,1.6666666666666667,0.4714045207910317,benign,0,2
LIDC-IDRI-0917,0,0,patches/LIDC-IDRI-0917_n00.npz,3,7.264618549470913,3.0,0.816496580927726,indeterminate,-1,4
LIDC-IDRI-0917,0,2,patches/LIDC-IDRI-0917_n02.npz,3,6.498625243703683,2.6666666666666665,0.4714045207910317,benign,0,4
LIDC-IDRI-0919,0,0,patches/LIDC-IDRI-0919_n00.npz,4,15.511176922369105,4.25,0.82915619758885,malignant,1,2
LIDC-IDRI-0921,0,0,patches/LIDC-IDRI-0921_n00.npz,4,15.718601734930624,3.25,1.479019945774904,malignant,1,3
LIDC-IDRI-0921,0,3,patches/LIDC-IDRI-0921_n03.npz,3,31.73968306589769,3.6666666666666665,1.8856180831641267,malignant,1,3
LIDC-IDRI-0921,0,4,patches/LIDC-IDRI-0921_n04.npz,4,17.560138565510538,4.5,0.5,malignant,1,3
LIDC-IDRI-0923,0,0,patches/LIDC-IDRI-0923_n00.npz,4,9.365094402452268,2.75,0.82915619758885,benign,0,1
LIDC-IDRI-0924,0,0,patches/LIDC-IDRI-0924_n00.npz,3,9.038307801120933,3.0,0.816496580927726,indeterminate,-1,4
LIDC-IDRI-0925,0,0,patches/LIDC-IDRI-0925_n00.npz,4,17.105905967796463,4.5,0.5,malignant,1,0
LIDC-IDRI-0926,0,0,patches/LIDC-IDRI-0926_n00.npz,4,8.845422970933669,2.75,0.4330127018922193,benign,0,1
LIDC-IDRI-0928,0,0,patches/LIDC-IDRI-0928_n00.npz,4,5.632336260488383,3.25,0.4330127018922193,malignant,1,1
LIDC-IDRI-0929,0,0,patches/LIDC-IDRI-0929_n00.npz,4,6.409325674744974,1.0,0.0,benign,0,2
LIDC-IDRI-0933,0,3,patches/LIDC-IDRI-0933_n03.npz,3,6.577450858236444,2.6666666666666665,0.4714045207910317,benign,0,3
LIDC-IDRI-0933,0,4,patches/LIDC-IDRI-0933_n04.npz,3,8.548675344354857,1.0,0.0,benign,0,3
LIDC-IDRI-0933,0,5,patches/LIDC-IDRI-0933_n05.npz,3,19.05474073285969,1.0,0.0,benign,0,3
LIDC-IDRI-0935,0,0,patches/LIDC-IDRI-0935_n00.npz,4,10.864671911818965,1.0,0.0,benign,0,1
LIDC-IDRI-0936,0,0,patches/LIDC-IDRI-0936_n00.npz,4,16.70914171960789,4.0,1.224744871391589,malignant,1,4
LIDC-IDRI-0936,0,1,patches/LIDC-IDRI-0936_n01.npz,4,18.24785973906388,4.25,0.82915619758885,malignant,1,4
LIDC-IDRI-0938,0,0,patches/LIDC-IDRI-0938_n00.npz,4,14.761410674214012,4.5,0.8660254037844386,malignant,1,1
LIDC-IDRI-0939,0,2,patches/LIDC-IDRI-0939_n02.npz,4,17.490373947352502,3.75,1.299038105676658,malignant,1,0
LIDC-IDRI-0940,0,0,patches/LIDC-IDRI-0940_n00.npz,4,14.65748056308746,4.5,0.8660254037844386,malignant,1,3
LIDC-IDRI-0941,0,0,patches/LIDC-IDRI-0941_n00.npz,4,10.775097659526638,3.25,1.0897247358851685,malignant,1,2
LIDC-IDRI-0942,0,1,patches/LIDC-IDRI-0942_n01.npz,4,15.343845105208636,4.5,0.8660254037844386,malignant,1,4
LIDC-IDRI-0944,0,0,patches/LIDC-IDRI-0944_n00.npz,4,7.297835756490966,1.0,0.0,benign,0,4
LIDC-IDRI-0944,0,1,patches/LIDC-IDRI-0944_n01.npz,3,7.468181723710668,3.0,0.816496580927726,indeterminate,-1,4
LIDC-IDRI-0946,0,0,patches/LIDC-IDRI-0946_n00.npz,4,12.480773428874327,2.0,1.0,benign,0,0
LIDC-IDRI-0947,0,2,patches/LIDC-IDRI-0947_n02.npz,3,11.427561537030964,3.0,0.816496580927726,indeterminate,-1,1
LIDC-IDRI-0949,0,0,patches/LIDC-IDRI-0949_n00.npz,4,17.9386925715663,3.0,0.0,indeterminate,-1,2
LIDC-IDRI-0949,0,1,patches/LIDC-IDRI-0949_n01.npz,3,12.141655856845077,2.6666666666666665,1.247219128924647,benign,0,2
LIDC-IDRI-0951,0,0,patches/LIDC-IDRI-0951_n00.npz,4,18.770971697822816,1.75,1.299038105676658,benign,0,3
LIDC-IDRI-0953,0,0,patches/LIDC-IDRI-0953_n00.npz,3,7.772042131571836,3.333333333333333,0.4714045207910317,malignant,1,1
LIDC-IDRI-0956,0,0,patches/LIDC-IDRI-0956_n00.npz,4,6.320932276149331,3.25,0.4330127018922193,malignant,1,4
LIDC-IDRI-0956,0,1,patches/LIDC-IDRI-0956_n01.npz,4,6.358678281698299,1.0,0.0,benign,0,4
LIDC-IDRI-0956,0,2,patches/LIDC-IDRI-0956_n02.npz,4,7.315262847370913,1.0,0.0,benign,0,4
LIDC-IDRI-0957,0,0,patches/LIDC-IDRI-0957_n00.npz,3,6.46973965932764,2.6666666666666665,0.4714045207910317,benign,0,4
LIDC-IDRI-0957,0,1,patches/LIDC-IDRI-0957_n01.npz,3,6.424009322990698,2.333333333333333,0.4714045207910317,benign,0,4
LIDC-IDRI-0961,0,0,patches/LIDC-IDRI-0961_n00.npz,4,6.80934864100214,1.0,0.0,benign,0,0
LIDC-IDRI-0961,0,2,patches/LIDC-IDRI-0961_n02.npz,3,9.725063929699774,1.6666666666666667,0.4714045207910317,benign,0,0
LIDC-IDRI-0961,0,9,patches/LIDC-IDRI-0961_n09.npz,3,7.470903725779529,2.333333333333333,0.9428090415820634,benign,0,0
LIDC-IDRI-0962,0,0,patches/LIDC-IDRI-0962_n00.npz,4,11.410794314278691,3.25,0.82915619758885,malignant,1,2
LIDC-IDRI-0963,0,0,patches/LIDC-IDRI-0963_n00.npz,4,6.174941645354144,2.25,0.4330127018922193,benign,0,3
LIDC-IDRI-0965,0,0,patches/LIDC-IDRI-0965_n00.npz,4,19.670389502237494,4.0,0.7071067811865476,malignant,1,0
LIDC-IDRI-0966,0,0,patches/LIDC-IDRI-0966_n00.npz,3,6.721576564228253,1.6666666666666667,0.4714045207910317,benign,0,1
LIDC-IDRI-0966,0,1,patches/LIDC-IDRI-0966_n01.npz,4,9.332947350234749,3.5,1.118033988749895,malignant,1,1
LIDC-IDRI-0968,0,1,patches/LIDC-IDRI-0968_n01.npz,3,31.11149093217661,4.666666666666667,0.4714045207910317,malignant,1,3
LIDC-IDRI-0969,0,1,patches/LIDC-IDRI-0969_n01.npz,3,7.112312313236845,3.0,0.0,indeterminate,-1,4
LIDC-IDRI-0972,0,2,patches/LIDC-IDRI-0972_n02.npz,3,9.270169343672034,3.333333333333333,0.4714045207910317,malignant,1,4
LIDC-IDRI-0973,0,0,patches/LIDC-IDRI-0973_n00.npz,3,12.445651090125835,3.6666666666666665,0.9428090415820634,malignant,1,4
LIDC-IDRI-0973,0,1,patches/LIDC-IDRI-0973_n01.npz,3,12.448055158372332,2.6666666666666665,1.247219128924647,benign,0,4
LIDC-IDRI-0973,0,2,patches/LIDC-IDRI-0973_n02.npz,3,8.668051682012473,3.0,0.0,indeterminate,-1,4
LIDC-IDRI-0974,0,0,patches/LIDC-IDRI-0974_n00.npz,4,13.7638213482078,2.5,1.5,benign,0,2
LIDC-IDRI-0974,0,1,patches/LIDC-IDRI-0974_n01.npz,3,5.87910013755398,3.0,0.0,indeterminate,-1,2
LIDC-IDRI-0976,0,1,patches/LIDC-IDRI-0976_n01.npz,4,27.17098891674744,4.5,0.8660254037844386,malignant,1,3
LIDC-IDRI-0978,0,1,patches/LIDC-IDRI-0978_n01.npz,4,9.176392902077282,3.25,1.299038105676658,malignant,1,0
LIDC-IDRI-0978,0,4,patches/LIDC-IDRI-0978_n04.npz,4,10.67887463904034,3.5,1.118033988749895,malignant,1,0
LIDC-IDRI-0980,0,0,patches/LIDC-IDRI-0980_n00.npz,4,9.206429136987673,2.5,0.8660254037844386,benign,0,4
LIDC-IDRI-0980,0,2,patches/LIDC-IDRI-0980_n02.npz,3,15.290112118140248,4.666666666666667,0.4714045207910317,malignant,1,4
LIDC-IDRI-0982,0,0,patches/LIDC-IDRI-0982_n00.npz,4,6.706520808983278,2.5,1.118033988749895,benign,0,1
LIDC-IDRI-0984,0,0,patches/LIDC-IDRI-0984_n00.npz,3,5.566649335933036,3.333333333333333,0.4714045207910317,malignant,1,2
LIDC-IDRI-0985,0,0,patches/LIDC-IDRI-0985_n00.npz,4,7.724779168607648,2.5,1.118033988749895,benign,0,0
LIDC-IDRI-0987,0,0,patches/LIDC-IDRI-0987_n00.npz,4,6.060092918233385,2.0,0.7071067811865476,benign,0,0
LIDC-IDRI-0987,0,2,patches/LIDC-IDRI-0987_n02.npz,3,7.05629686902418,2.0,0.816496580927726,benign,0,0
LIDC-IDRI-0990,0,0,patches/LIDC-IDRI-0990_n00.npz,3,9.520915804077973,3.0,0.816496580927726,indeterminate,-1,0
LIDC-IDRI-0991,0,0,patches/LIDC-IDRI-0991_n00.npz,3,6.2692442597916616,3.0,0.0,indeterminate,-1,1
LIDC-IDRI-0993,0,0,patches/LIDC-IDRI-0993_n00.npz,3,14.92266606969022,1.0,0.0,benign,0,4
LIDC-IDRI-0994,0,1,patches/LIDC-IDRI-0994_n01.npz,4,10.28362199097361,3.0,1.0,indeterminate,-1,3
LIDC-IDRI-0994,0,3,patches/LIDC-IDRI-0994_n03.npz,3,18.908255203416388,3.0,0.816496580927726,indeterminate,-1,3
LIDC-IDRI-0994,0,4,patches/LIDC-IDRI-0994_n04.npz,3,25.25494513003049,5.0,0.0,malignant,1,3
LIDC-IDRI-0997,0,2,patches/LIDC-IDRI-0997_n02.npz,4,8.182602950879245,2.0,0.7071067811865476,benign,0,2
LIDC-IDRI-0997,0,3,patches/LIDC-IDRI-0997_n03.npz,4,6.883780194725988,1.0,0.0,benign,0,2
LIDC-IDRI-0998,0,5,patches/LIDC-IDRI-0998_n05.npz,4,12.38172873825254,3.75,1.299038105676658,malignant,1,0
LIDC-IDRI-0998,0,6,patches/LIDC-IDRI-0998_n06.npz,4,11.797067832008318,3.25,0.82915619758885,malignant,1,0
LIDC-IDRI-0998,0,7,patches/LIDC-IDRI-0998_n07.npz,4,9.402110130061327,3.0,0.7071067811865476,indeterminate,-1,0
LIDC-IDRI-0998,0,8,patches/LIDC-IDRI-0998_n08.npz,3,7.491591691487464,3.0,0.0,indeterminate,-1,0
LIDC-IDRI-0998,0,9,patches/LIDC-IDRI-0998_n09.npz,3,8.11927955529102,3.0,0.816496580927726,indeterminate,-1,0
LIDC-IDRI-0999,0,1,patches/LIDC-IDRI-0999_n01.npz,4,6.137159481119017,3.0,0.0,indeterminate,-1,1
LIDC-IDRI-0999,0,3,patches/LIDC-IDRI-0999_n03.npz,4,5.264120028888997,1.0,0.0,benign,0,1
LIDC-IDRI-1000,0,0,patches/LIDC-IDRI-1000_n00.npz,4,9.918120356969006,3.5,0.5,malignant,1,2
LIDC-IDRI-1000,0,2,patches/LIDC-IDRI-1000_n02.npz,4,6.480435912655973,2.5,0.5,benign,0,2
LIDC-IDRI-1000,0,3,patches/LIDC-IDRI-1000_n03.npz,3,18.231487278888054,2.333333333333333,1.8856180831641267,benign,0,2
LIDC-IDRI-1001,0,0,patches/LIDC-IDRI-1001_n00.npz,4,6.80860356403931,3.0,1.0,indeterminate,-1,0
LIDC-IDRI-1001,0,1,patches/LIDC-IDRI-1001_n01.npz,3,5.556285701720538,2.333333333333333,0.9428090415820634,benign,0,0
LIDC-IDRI-1002,0,0,patches/LIDC-IDRI-1002_n00.npz,4,18.803966777144275,3.75,1.299038105676658,malignant,1,0
LIDC-IDRI-1002,0,1,patches/LIDC-IDRI-1002_n01.npz,4,20.69516704686682,3.75,1.299038105676658,malignant,1,0
LIDC-IDRI-1002,0,2,patches/LIDC-IDRI-1002_n02.npz,4,20.645675170119684,4.25,0.82915619758885,malignant,1,0
LIDC-IDRI-1002,0,3,patches/LIDC-IDRI-1002_n03.npz,4,9.657725240910226,3.75,0.82915619758885,malignant,1,0
LIDC-IDRI-1003,0,1,patches/LIDC-IDRI-1003_n01.npz,3,6.794658155121881,2.0,0.816496580927726,benign,0,3
LIDC-IDRI-1003,0,2,patches/LIDC-IDRI-1003_n02.npz,3,10.632362049989972,2.333333333333333,0.4714045207910317,benign,0,3
LIDC-IDRI-1003,0,3,patches/LIDC-IDRI-1003_n03.npz,4,8.793313336568913,3.25,1.0897247358851685,malignant,1,3
LIDC-IDRI-1003,0,4,patches/LIDC-IDRI-1003_n04.npz,3,20.07565531784612,4.333333333333333,0.9428090415820634,malignant,1,3
LIDC-IDRI-1003,0,5,patches/LIDC-IDRI-1003_n05.npz,3,9.633630557776796,2.333333333333333,0.4714045207910317,benign,0,3
LIDC-IDRI-1004,0,0,patches/LIDC-IDRI-1004_n00.npz,4,4.987549653513954,2.25,0.4330127018922193,benign,0,3
LIDC-IDRI-1004,0,2,patches/LIDC-IDRI-1004_n02.npz,4,23.99923488946119,4.75,0.4330127018922193,malignant,1,3
LIDC-IDRI-1004,0,3,patches/LIDC-IDRI-1004_n03.npz,3,9.409052811031572,2.6666666666666665,0.4714045207910317,benign,0,3
LIDC-IDRI-1005,0,0,patches/LIDC-IDRI-1005_n00.npz,3,7.260634984719318,2.6666666666666665,0.4714045207910317,benign,0,3
LIDC-IDRI-1005,0,4,patches/LIDC-IDRI-1005_n04.npz,3,6.475448448852816,2.6666666666666665,0.4714045207910317,benign,0,3
LIDC-IDRI-1005,0,5,patches/LIDC-IDRI-1005_n05.npz,4,9.562468329989862,2.5,0.5,benign,0,3
LIDC-IDRI-1007,0,0,patches/LIDC-IDRI-1007_n00.npz,4,6.914614369149301,2.25,1.0897247358851685,benign,0,0
LIDC-IDRI-1007,0,1,patches/LIDC-IDRI-1007_n01.npz,3,42.09192359330651,5.0,0.0,malignant,1,0
LIDC-IDRI-1008,0,1,patches/LIDC-IDRI-1008_n01.npz,3,6.929138735859552,2.6666666666666665,0.4714045207910317,benign,0,1
LIDC-IDRI-1010,0,0,patches/LIDC-IDRI-1010_n00.npz,3,8.314055738283427,2.333333333333333,0.4714045207910317,benign,0,0
LIDC-IDRI-1011,0,0,patches/LIDC-IDRI-1011_n00.npz,4,28.67580489709698,3.5,0.5,malignant,1,2
LIDC-IDRI-1011,0,1,patches/LIDC-IDRI-1011_n01.npz,4,32.8592102048355,4.5,0.8660254037844386,malignant,1,2
LIDC-IDRI-1011,0,2,patches/LIDC-IDRI-1011_n02.npz,4,22.72165518102496,4.25,1.299038105676658,malignant,1,2
LIDC-IDRI-1012,0,0,patches/LIDC-IDRI-1012_n00.npz,4,9.267563364103658,2.0,0.0,benign,0,3
